timestamp, index, utilization.gpu [%], memory.used [MiB], memory.total [MiB]
2026/09/11 20:02:12.315, 0, 0 %, 0 MiB, 32607 MiB
2026/09/11 20:02:12.318, 1, 0 %, 0 MiB, 32607 MiB
2026/09/11 20:02:12.322, 2, 0 %, 0 MiB, 32607 MiB
2026/09/11 20:02:12.325, 3, 0 %, 0 MiB, 32607 MiB
2026/09/11 20:02:17.328, 0, 0 %, 3 MiB, 32607 MiB
2026/09/11 20:02:17.333, 1, 0 %, 3 MiB, 32607 MiB
2026/09/11 20:02:17.358, 2, 0 %, 3 MiB, 32607 MiB
2026/09/11 20:02:17.359, 3, 0 %, 3 MiB, 32607 MiB
2026/09/11 20:02:22.363, 0, 73 %, 3879 MiB, 32607 MiB
2026/09/11 20:02:22.364, 1, 81 %, 3987 MiB, 32607 MiB
2026/09/11 20:02:22.364, 2, 0 %, 4113 MiB, 32607 MiB
2026/09/11 20:02:22.364, 3, 83 %, 3739 MiB, 32607 MiB
2026/09/11 20:02:27.365, 0, 88 %, 4459 MiB, 32607 MiB
2026/09/11 20:02:27.365, 1, 100 %, 4507 MiB, 32607 MiB
2026/09/11 20:02:27.365, 2, 24 %, 4567 MiB, 32607 MiB
2026/09/11 20:02:27.365, 3, 79 %, 4507 MiB, 32607 MiB
2026/09/11 20:02:32.366, 0, 100 %, 4539 MiB, 32607 MiB
2026/09/11 20:02:32.366, 1, 100 %, 4507 MiB, 32607 MiB
2026/09/11 20:02:32.366, 2, 72 %, 4567 MiB, 32607 MiB
2026/09/11 20:02:32.367, 3, 31 %, 4507 MiB, 32607 MiB
2026/09/11 20:02:37.367, 0, 24 %, 4545 MiB, 32607 MiB
2026/09/11 20:02:37.367, 1, 100 %, 4507 MiB, 32607 MiB
2026/09/11 20:02:37.368, 2, 68 %, 4567 MiB, 32607 MiB
2026/09/11 20:02:37.368, 3, 83 %, 4507 MiB, 32607 MiB
2026/09/11 20:02:42.368, 0, 1 %, 4545 MiB, 32607 MiB
2026/09/11 20:02:42.369, 1, 91 %, 4567 MiB, 32607 MiB
2026/09/11 20:02:42.369, 2, 93 %, 4567 MiB, 32607 MiB
2026/09/11 20:02:42.369, 3, 10 %, 4507 MiB, 32607 MiB
2026/09/11 20:02:47.370, 0, 42 %, 4545 MiB, 32607 MiB
2026/09/11 20:02:47.370, 1, 84 %, 4567 MiB, 32607 MiB
2026/09/11 20:02:47.370, 2, 0 %, 4567 MiB, 32607 MiB
2026/09/11 20:02:47.370, 3, 12 %, 4507 MiB, 32607 MiB
2026/09/11 20:02:52.371, 0, 96 %, 4545 MiB, 32607 MiB
2026/09/11 20:02:52.371, 1, 93 %, 4567 MiB, 32607 MiB
2026/09/11 20:02:52.371, 2, 93 %, 4567 MiB, 32607 MiB
2026/09/11 20:02:52.372, 3, 0 %, 4507 MiB, 32607 MiB
2026/09/11 20:02:57.372, 0, 0 %, 4547 MiB, 32607 MiB
2026/09/11 20:02:57.373, 1, 72 %, 4567 MiB, 32607 MiB
2026/09/11 20:02:57.373, 2, 100 %, 4567 MiB, 32607 MiB
2026/09/11 20:02:57.373, 3, 91 %, 4507 MiB, 32607 MiB
2026/09/11 20:03:02.373, 0, 46 %, 4547 MiB, 32607 MiB
2026/09/11 20:03:02.374, 1, 0 %, 4567 MiB, 32607 MiB
2026/09/11 20:03:02.374, 2, 100 %, 4567 MiB, 32607 MiB
2026/09/11 20:03:02.374, 3, 100 %, 4507 MiB, 32607 MiB
2026/09/11 20:03:07.374, 0, 100 %, 4547 MiB, 32607 MiB
2026/09/11 20:03:07.375, 1, 86 %, 4567 MiB, 32607 MiB
2026/09/11 20:03:07.375, 2, 96 %, 4567 MiB, 32607 MiB
2026/09/11 20:03:07.375, 3, 25 %, 4547 MiB, 32607 MiB
2026/09/11 20:03:12.376, 0, 80 %, 4547 MiB, 32607 MiB
2026/09/11 20:03:12.376, 1, 95 %, 4567 MiB, 32607 MiB
2026/09/11 20:03:12.376, 2, 91 %, 4567 MiB, 32607 MiB
2026/09/11 20:03:12.377, 3, 92 %, 4547 MiB, 32607 MiB
2026/09/11 20:03:17.377, 0, 72 %, 4547 MiB, 32607 MiB
2026/09/11 20:03:17.377, 1, 94 %, 4567 MiB, 32607 MiB
2026/09/11 20:03:17.378, 2, 88 %, 4567 MiB, 32607 MiB
2026/09/11 20:03:17.378, 3, 36 %, 4547 MiB, 32607 MiB
2026/09/11 20:03:22.378, 0, 95 %, 4547 MiB, 32607 MiB
2026/09/11 20:03:22.379, 1, 100 %, 4567 MiB, 32607 MiB
2026/09/11 20:03:22.379, 2, 100 %, 4567 MiB, 32607 MiB
2026/09/11 20:03:22.379, 3, 90 %, 4547 MiB, 32607 MiB
2026/09/11 20:03:27.380, 0, 100 %, 4547 MiB, 32607 MiB
2026/09/11 20:03:27.380, 1, 36 %, 4567 MiB, 32607 MiB
2026/09/11 20:03:27.380, 2, 100 %, 4567 MiB, 32607 MiB
2026/09/11 20:03:27.380, 3, 100 %, 4547 MiB, 32607 MiB
2026/09/11 20:03:32.384, 0, 91 %, 4547 MiB, 32607 MiB
2026/09/11 20:03:32.385, 1, 38 %, 4567 MiB, 32607 MiB
2026/09/11 20:03:32.385, 2, 100 %, 4567 MiB, 32607 MiB
2026/09/11 20:03:32.385, 3, 59 %, 4547 MiB, 32607 MiB
2026/09/11 20:03:37.385, 0, 86 %, 4547 MiB, 32607 MiB
2026/09/11 20:03:37.386, 1, 91 %, 4567 MiB, 32607 MiB
2026/09/11 20:03:37.386, 2, 83 %, 4567 MiB, 32607 MiB
2026/09/11 20:03:37.386, 3, 76 %, 4547 MiB, 32607 MiB
2026/09/11 20:03:42.387, 0, 44 %, 4547 MiB, 32607 MiB
2026/09/11 20:03:42.387, 1, 27 %, 4567 MiB, 32607 MiB
2026/09/11 20:03:42.387, 2, 100 %, 4567 MiB, 32607 MiB
2026/09/11 20:03:42.387, 3, 100 %, 4547 MiB, 32607 MiB
2026/09/11 20:03:47.388, 0, 50 %, 4547 MiB, 32607 MiB
2026/09/11 20:03:47.388, 1, 45 %, 4567 MiB, 32607 MiB
2026/09/11 20:03:47.388, 2, 45 %, 4567 MiB, 32607 MiB
2026/09/11 20:03:47.389, 3, 84 %, 4547 MiB, 32607 MiB
2026/09/11 20:03:52.389, 0, 100 %, 4547 MiB, 32607 MiB
2026/09/11 20:03:52.389, 1, 89 %, 4567 MiB, 32607 MiB
2026/09/11 20:03:52.390, 2, 100 %, 4567 MiB, 32607 MiB
2026/09/11 20:03:52.390, 3, 14 %, 4547 MiB, 32607 MiB
2026/09/11 20:03:57.390, 0, 100 %, 4547 MiB, 32607 MiB
2026/09/11 20:03:57.391, 1, 100 %, 4567 MiB, 32607 MiB
2026/09/11 20:03:57.391, 2, 73 %, 4567 MiB, 32607 MiB
2026/09/11 20:03:57.391, 3, 17 %, 4547 MiB, 32607 MiB
2026/09/11 20:04:02.391, 0, 0 %, 4547 MiB, 32607 MiB
2026/09/11 20:04:02.392, 1, 85 %, 4567 MiB, 32607 MiB
2026/09/11 20:04:02.392, 2, 22 %, 4567 MiB, 32607 MiB
2026/09/11 20:04:02.392, 3, 100 %, 4547 MiB, 32607 MiB
2026/09/11 20:04:07.393, 0, 80 %, 4547 MiB, 32607 MiB
2026/09/11 20:04:07.393, 1, 62 %, 4567 MiB, 32607 MiB
2026/09/11 20:04:07.393, 2, 74 %, 4567 MiB, 32607 MiB
2026/09/11 20:04:07.393, 3, 74 %, 4547 MiB, 32607 MiB
2026/09/11 20:04:12.394, 0, 78 %, 4547 MiB, 32607 MiB
2026/09/11 20:04:12.394, 1, 84 %, 4567 MiB, 32607 MiB
2026/09/11 20:04:12.394, 2, 81 %, 4567 MiB, 32607 MiB
2026/09/11 20:04:12.394, 3, 74 %, 4547 MiB, 32607 MiB
2026/09/11 20:04:17.395, 0, 76 %, 4547 MiB, 32607 MiB
2026/09/11 20:04:17.395, 1, 72 %, 4567 MiB, 32607 MiB
2026/09/11 20:04:17.396, 2, 70 %, 4567 MiB, 32607 MiB
2026/09/11 20:04:17.396, 3, 69 %, 4547 MiB, 32607 MiB
2026/09/11 20:04:22.396, 0, 72 %, 4547 MiB, 32607 MiB
2026/09/11 20:04:22.397, 1, 76 %, 4567 MiB, 32607 MiB
2026/09/11 20:04:22.397, 2, 52 %, 4567 MiB, 32607 MiB
2026/09/11 20:04:22.397, 3, 76 %, 4547 MiB, 32607 MiB
2026/09/11 20:04:27.398, 0, 81 %, 4547 MiB, 32607 MiB
2026/09/11 20:04:27.398, 1, 69 %, 4567 MiB, 32607 MiB
2026/09/11 20:04:27.398, 2, 77 %, 4567 MiB, 32607 MiB
2026/09/11 20:04:27.399, 3, 75 %, 4547 MiB, 32607 MiB
2026/09/11 20:04:32.399, 0, 82 %, 4547 MiB, 32607 MiB
2026/09/11 20:04:32.399, 1, 75 %, 4567 MiB, 32607 MiB
2026/09/11 20:04:32.400, 2, 62 %, 4567 MiB, 32607 MiB
2026/09/11 20:04:32.400, 3, 71 %, 4547 MiB, 32607 MiB
2026/09/11 20:04:37.400, 0, 76 %, 4547 MiB, 32607 MiB
2026/09/11 20:04:37.401, 1, 78 %, 4567 MiB, 32607 MiB
2026/09/11 20:04:37.401, 2, 78 %, 4567 MiB, 32607 MiB
2026/09/11 20:04:37.401, 3, 83 %, 4547 MiB, 32607 MiB
2026/09/11 20:04:42.401, 0, 72 %, 4547 MiB, 32607 MiB
2026/09/11 20:04:42.402, 1, 70 %, 4567 MiB, 32607 MiB
2026/09/11 20:04:42.402, 2, 71 %, 4567 MiB, 32607 MiB
2026/09/11 20:04:42.402, 3, 74 %, 4547 MiB, 32607 MiB
2026/09/11 20:04:47.403, 0, 74 %, 4547 MiB, 32607 MiB
2026/09/11 20:04:47.403, 1, 66 %, 4567 MiB, 32607 MiB
2026/09/11 20:04:47.403, 2, 78 %, 4567 MiB, 32607 MiB
2026/09/11 20:04:47.403, 3, 65 %, 4549 MiB, 32607 MiB
2026/09/11 20:04:52.404, 0, 84 %, 4547 MiB, 32607 MiB
2026/09/11 20:04:52.404, 1, 72 %, 4567 MiB, 32607 MiB
2026/09/11 20:04:52.404, 2, 66 %, 4567 MiB, 32607 MiB
2026/09/11 20:04:52.404, 3, 65 %, 4549 MiB, 32607 MiB
2026/09/11 20:04:57.405, 0, 80 %, 4547 MiB, 32607 MiB
2026/09/11 20:04:57.405, 1, 46 %, 4567 MiB, 32607 MiB
2026/09/11 20:04:57.405, 2, 79 %, 4567 MiB, 32607 MiB
2026/09/11 20:04:57.406, 3, 76 %, 4549 MiB, 32607 MiB
2026/09/11 20:05:02.406, 0, 84 %, 4547 MiB, 32607 MiB
2026/09/11 20:05:02.406, 1, 72 %, 4567 MiB, 32607 MiB
2026/09/11 20:05:02.407, 2, 78 %, 4567 MiB, 32607 MiB
2026/09/11 20:05:02.407, 3, 73 %, 4549 MiB, 32607 MiB
2026/09/11 20:05:07.407, 0, 62 %, 4547 MiB, 32607 MiB
2026/09/11 20:05:07.407, 1, 71 %, 4567 MiB, 32607 MiB
2026/09/11 20:05:07.408, 2, 77 %, 4567 MiB, 32607 MiB
2026/09/11 20:05:07.408, 3, 71 %, 4549 MiB, 32607 MiB
2026/09/11 20:05:12.408, 0, 74 %, 4547 MiB, 32607 MiB
2026/09/11 20:05:12.409, 1, 76 %, 4567 MiB, 32607 MiB
2026/09/11 20:05:12.409, 2, 67 %, 4567 MiB, 32607 MiB
2026/09/11 20:05:12.409, 3, 75 %, 4549 MiB, 32607 MiB
2026/09/11 20:05:17.410, 0, 77 %, 4547 MiB, 32607 MiB
2026/09/11 20:05:17.410, 1, 63 %, 4567 MiB, 32607 MiB
2026/09/11 20:05:17.410, 2, 70 %, 4567 MiB, 32607 MiB
2026/09/11 20:05:17.410, 3, 66 %, 4549 MiB, 32607 MiB
2026/09/11 20:05:22.411, 0, 74 %, 4547 MiB, 32607 MiB
2026/09/11 20:05:22.411, 1, 78 %, 4567 MiB, 32607 MiB
2026/09/11 20:05:22.411, 2, 75 %, 4567 MiB, 32607 MiB
2026/09/11 20:05:22.412, 3, 81 %, 4549 MiB, 32607 MiB
2026/09/11 20:05:27.412, 0, 62 %, 4547 MiB, 32607 MiB
2026/09/11 20:05:27.412, 1, 69 %, 4567 MiB, 32607 MiB
2026/09/11 20:05:27.413, 2, 74 %, 4567 MiB, 32607 MiB
2026/09/11 20:05:27.413, 3, 64 %, 4549 MiB, 32607 MiB
2026/09/11 20:05:32.413, 0, 74 %, 4547 MiB, 32607 MiB
2026/09/11 20:05:32.414, 1, 53 %, 4567 MiB, 32607 MiB
2026/09/11 20:05:32.414, 2, 83 %, 4567 MiB, 32607 MiB
2026/09/11 20:05:32.415, 3, 68 %, 4549 MiB, 32607 MiB
2026/09/11 20:05:37.415, 0, 74 %, 4547 MiB, 32607 MiB
2026/09/11 20:05:37.415, 1, 64 %, 4567 MiB, 32607 MiB
2026/09/11 20:05:37.416, 2, 63 %, 4567 MiB, 32607 MiB
2026/09/11 20:05:37.416, 3, 70 %, 4549 MiB, 32607 MiB
2026/09/11 20:05:42.416, 0, 61 %, 4547 MiB, 32607 MiB
2026/09/11 20:05:42.417, 1, 69 %, 4567 MiB, 32607 MiB
2026/09/11 20:05:42.417, 2, 73 %, 4567 MiB, 32607 MiB
2026/09/11 20:05:42.417, 3, 63 %, 4549 MiB, 32607 MiB
2026/09/11 20:05:47.418, 0, 73 %, 4547 MiB, 32607 MiB
2026/09/11 20:05:47.418, 1, 81 %, 4567 MiB, 32607 MiB
2026/09/11 20:05:47.418, 2, 71 %, 4567 MiB, 32607 MiB
2026/09/11 20:05:47.418, 3, 71 %, 4549 MiB, 32607 MiB
2026/09/11 20:05:52.419, 0, 0 %, 4547 MiB, 32607 MiB
2026/09/11 20:05:52.419, 1, 100 %, 4567 MiB, 32607 MiB
2026/09/11 20:05:52.419, 2, 100 %, 4567 MiB, 32607 MiB
2026/09/11 20:05:52.420, 3, 100 %, 4549 MiB, 32607 MiB
2026/09/11 20:05:57.420, 0, 72 %, 4547 MiB, 32607 MiB
2026/09/11 20:05:57.420, 1, 62 %, 4567 MiB, 32607 MiB
2026/09/11 20:05:57.421, 2, 71 %, 4567 MiB, 32607 MiB
2026/09/11 20:05:57.421, 3, 80 %, 4549 MiB, 32607 MiB
2026/09/11 20:06:02.421, 0, 63 %, 4547 MiB, 32607 MiB
2026/09/11 20:06:02.422, 1, 72 %, 4567 MiB, 32607 MiB
2026/09/11 20:06:02.422, 2, 66 %, 4567 MiB, 32607 MiB
2026/09/11 20:06:02.422, 3, 72 %, 4549 MiB, 32607 MiB
2026/09/11 20:06:07.423, 0, 73 %, 4547 MiB, 32607 MiB
2026/09/11 20:06:07.423, 1, 73 %, 4567 MiB, 32607 MiB
2026/09/11 20:06:07.423, 2, 77 %, 4567 MiB, 32607 MiB
2026/09/11 20:06:07.423, 3, 73 %, 4549 MiB, 32607 MiB
2026/09/11 20:06:12.424, 0, 66 %, 4547 MiB, 32607 MiB
2026/09/11 20:06:12.424, 1, 62 %, 4567 MiB, 32607 MiB
2026/09/11 20:06:12.424, 2, 82 %, 4567 MiB, 32607 MiB
2026/09/11 20:06:12.425, 3, 82 %, 4549 MiB, 32607 MiB
2026/09/11 20:06:17.425, 0, 76 %, 4547 MiB, 32607 MiB
2026/09/11 20:06:17.425, 1, 80 %, 4567 MiB, 32607 MiB
2026/09/11 20:06:17.426, 2, 81 %, 4567 MiB, 32607 MiB
2026/09/11 20:06:17.426, 3, 74 %, 4549 MiB, 32607 MiB
2026/09/11 20:06:22.426, 0, 77 %, 4547 MiB, 32607 MiB
2026/09/11 20:06:22.427, 1, 66 %, 4567 MiB, 32607 MiB
2026/09/11 20:06:22.427, 2, 73 %, 4567 MiB, 32607 MiB
2026/09/11 20:06:22.427, 3, 78 %, 4549 MiB, 32607 MiB
2026/09/11 20:06:27.428, 0, 76 %, 4547 MiB, 32607 MiB
2026/09/11 20:06:27.428, 1, 73 %, 4567 MiB, 32607 MiB
2026/09/11 20:06:27.428, 2, 76 %, 4567 MiB, 32607 MiB
2026/09/11 20:06:27.428, 3, 60 %, 4549 MiB, 32607 MiB
2026/09/11 20:06:32.429, 0, 6 %, 4547 MiB, 32607 MiB
2026/09/11 20:06:32.429, 1, 100 %, 4567 MiB, 32607 MiB
2026/09/11 20:06:32.430, 2, 100 %, 4567 MiB, 32607 MiB
2026/09/11 20:06:32.430, 3, 100 %, 4549 MiB, 32607 MiB
2026/09/11 20:06:37.430, 0, 0 %, 4547 MiB, 32607 MiB
2026/09/11 20:06:37.430, 1, 100 %, 4567 MiB, 32607 MiB
2026/09/11 20:06:37.431, 2, 100 %, 4567 MiB, 32607 MiB
2026/09/11 20:06:37.431, 3, 100 %, 4549 MiB, 32607 MiB
2026/09/11 20:06:42.431, 0, 2 %, 4547 MiB, 32607 MiB
2026/09/11 20:06:42.432, 1, 100 %, 4567 MiB, 32607 MiB
2026/09/11 20:06:42.432, 2, 100 %, 4567 MiB, 32607 MiB
2026/09/11 20:06:42.432, 3, 100 %, 4549 MiB, 32607 MiB
2026/09/11 20:06:47.432, 0, 0 %, 4547 MiB, 32607 MiB
2026/09/11 20:06:47.433, 1, 100 %, 4567 MiB, 32607 MiB
2026/09/11 20:06:47.433, 2, 100 %, 4567 MiB, 32607 MiB
2026/09/11 20:06:47.433, 3, 100 %, 4549 MiB, 32607 MiB
2026/09/11 20:06:52.433, 0, 5 %, 4547 MiB, 32607 MiB
2026/09/11 20:06:52.434, 1, 100 %, 4567 MiB, 32607 MiB
2026/09/11 20:06:52.434, 2, 100 %, 4567 MiB, 32607 MiB
2026/09/11 20:06:52.434, 3, 100 %, 4549 MiB, 32607 MiB
2026/09/11 20:06:57.434, 0, 0 %, 4547 MiB, 32607 MiB
2026/09/11 20:06:57.435, 1, 100 %, 4567 MiB, 32607 MiB
2026/09/11 20:06:57.435, 2, 100 %, 4567 MiB, 32607 MiB
2026/09/11 20:06:57.435, 3, 100 %, 4549 MiB, 32607 MiB
2026/09/11 20:07:02.435, 0, 7 %, 4547 MiB, 32607 MiB
2026/09/11 20:07:02.436, 1, 100 %, 4567 MiB, 32607 MiB
2026/09/11 20:07:02.436, 2, 100 %, 4567 MiB, 32607 MiB
2026/09/11 20:07:02.436, 3, 100 %, 4549 MiB, 32607 MiB
2026/09/11 20:07:07.436, 0, 0 %, 4547 MiB, 32607 MiB
2026/09/11 20:07:07.437, 1, 100 %, 4567 MiB, 32607 MiB
2026/09/11 20:07:07.437, 2, 100 %, 4567 MiB, 32607 MiB
2026/09/11 20:07:07.437, 3, 100 %, 4549 MiB, 32607 MiB
2026/09/11 20:07:12.438, 0, 9 %, 4547 MiB, 32607 MiB
2026/09/11 20:07:12.438, 1, 100 %, 4567 MiB, 32607 MiB
2026/09/11 20:07:12.438, 2, 100 %, 4567 MiB, 32607 MiB
2026/09/11 20:07:12.438, 3, 100 %, 4549 MiB, 32607 MiB
2026/09/11 20:07:17.439, 0, 0 %, 4547 MiB, 32607 MiB
2026/09/11 20:07:17.439, 1, 100 %, 4567 MiB, 32607 MiB
2026/09/11 20:07:17.439, 2, 100 %, 4567 MiB, 32607 MiB
2026/09/11 20:07:17.439, 3, 100 %, 4549 MiB, 32607 MiB
2026/09/11 20:07:22.440, 0, 0 %, 4547 MiB, 32607 MiB
2026/09/11 20:07:22.440, 1, 100 %, 4567 MiB, 32607 MiB
2026/09/11 20:07:22.440, 2, 100 %, 4567 MiB, 32607 MiB
2026/09/11 20:07:22.440, 3, 100 %, 4549 MiB, 32607 MiB
2026/09/11 20:07:27.441, 0, 0 %, 4547 MiB, 32607 MiB
2026/09/11 20:07:27.441, 1, 100 %, 4567 MiB, 32607 MiB
2026/09/11 20:07:27.441, 2, 100 %, 4567 MiB, 32607 MiB
2026/09/11 20:07:27.442, 3, 100 %, 4549 MiB, 32607 MiB
2026/09/11 20:07:32.442, 0, 0 %, 4547 MiB, 32607 MiB
2026/09/11 20:07:32.442, 1, 100 %, 4567 MiB, 32607 MiB
2026/09/11 20:07:32.442, 2, 100 %, 4567 MiB, 32607 MiB
2026/09/11 20:07:32.443, 3, 100 %, 4549 MiB, 32607 MiB
2026/09/11 20:07:37.443, 0, 6 %, 4547 MiB, 32607 MiB
2026/09/11 20:07:37.443, 1, 100 %, 4567 MiB, 32607 MiB
2026/09/11 20:07:37.443, 2, 100 %, 4567 MiB, 32607 MiB
2026/09/11 20:07:37.444, 3, 100 %, 4549 MiB, 32607 MiB
2026/09/11 20:07:42.444, 0, 0 %, 4547 MiB, 32607 MiB
2026/09/11 20:07:42.444, 1, 100 %, 4567 MiB, 32607 MiB
2026/09/11 20:07:42.445, 2, 100 %, 4567 MiB, 32607 MiB
2026/09/11 20:07:42.445, 3, 100 %, 4549 MiB, 32607 MiB
2026/09/11 20:07:47.445, 0, 0 %, 4547 MiB, 32607 MiB
2026/09/11 20:07:47.445, 1, 100 %, 4567 MiB, 32607 MiB
2026/09/11 20:07:47.446, 2, 100 %, 4567 MiB, 32607 MiB
2026/09/11 20:07:47.446, 3, 100 %, 4549 MiB, 32607 MiB
2026/09/11 20:07:52.446, 0, 0 %, 4547 MiB, 32607 MiB
2026/09/11 20:07:52.446, 1, 100 %, 4567 MiB, 32607 MiB
2026/09/11 20:07:52.447, 2, 100 %, 4567 MiB, 32607 MiB
2026/09/11 20:07:52.447, 3, 100 %, 4549 MiB, 32607 MiB
2026/09/11 20:07:57.447, 0, 77 %, 4547 MiB, 32607 MiB
2026/09/11 20:07:57.448, 1, 67 %, 4567 MiB, 32607 MiB
2026/09/11 20:07:57.448, 2, 79 %, 4567 MiB, 32607 MiB
2026/09/11 20:07:57.448, 3, 73 %, 4549 MiB, 32607 MiB
2026/09/11 20:08:02.448, 0, 76 %, 4547 MiB, 32607 MiB
2026/09/11 20:08:02.449, 1, 72 %, 4567 MiB, 32607 MiB
2026/09/11 20:08:02.449, 2, 65 %, 4567 MiB, 32607 MiB
2026/09/11 20:08:02.449, 3, 77 %, 4549 MiB, 32607 MiB
2026/09/11 20:08:07.450, 0, 75 %, 4547 MiB, 32607 MiB
2026/09/11 20:08:07.450, 1, 73 %, 4567 MiB, 32607 MiB
2026/09/11 20:08:07.450, 2, 65 %, 4567 MiB, 32607 MiB
2026/09/11 20:08:07.450, 3, 70 %, 4549 MiB, 32607 MiB
2026/09/11 20:08:12.451, 0, 76 %, 4547 MiB, 32607 MiB
2026/09/11 20:08:12.451, 1, 81 %, 4567 MiB, 32607 MiB
2026/09/11 20:08:12.451, 2, 68 %, 4567 MiB, 32607 MiB
2026/09/11 20:08:12.452, 3, 64 %, 4549 MiB, 32607 MiB
2026/09/11 20:08:17.452, 0, 77 %, 4547 MiB, 32607 MiB
2026/09/11 20:08:17.452, 1, 77 %, 4567 MiB, 32607 MiB
2026/09/11 20:08:17.453, 2, 71 %, 4567 MiB, 32607 MiB
2026/09/11 20:08:17.453, 3, 80 %, 4549 MiB, 32607 MiB
2026/09/11 20:08:22.454, 0, 84 %, 4547 MiB, 32607 MiB
2026/09/11 20:08:22.454, 1, 77 %, 4567 MiB, 32607 MiB
2026/09/11 20:08:22.454, 2, 83 %, 4567 MiB, 32607 MiB
2026/09/11 20:08:22.454, 3, 43 %, 4549 MiB, 32607 MiB
2026/09/11 20:08:27.455, 0, 77 %, 4547 MiB, 32607 MiB
2026/09/11 20:08:27.455, 1, 71 %, 4567 MiB, 32607 MiB
2026/09/11 20:08:27.455, 2, 66 %, 4567 MiB, 32607 MiB
2026/09/11 20:08:27.456, 3, 77 %, 4549 MiB, 32607 MiB
2026/09/11 20:08:32.456, 0, 80 %, 4547 MiB, 32607 MiB
2026/09/11 20:08:32.456, 1, 65 %, 4567 MiB, 32607 MiB
2026/09/11 20:08:32.457, 2, 63 %, 4567 MiB, 32607 MiB
2026/09/11 20:08:32.457, 3, 61 %, 4549 MiB, 32607 MiB
2026/09/11 20:08:37.457, 0, 73 %, 4547 MiB, 32607 MiB
2026/09/11 20:08:37.458, 1, 88 %, 4567 MiB, 32607 MiB
2026/09/11 20:08:37.458, 2, 74 %, 4567 MiB, 32607 MiB
2026/09/11 20:08:37.458, 3, 79 %, 4549 MiB, 32607 MiB
2026/09/11 20:08:42.459, 0, 83 %, 4547 MiB, 32607 MiB
2026/09/11 20:08:42.459, 1, 72 %, 4567 MiB, 32607 MiB
2026/09/11 20:08:42.459, 2, 69 %, 4567 MiB, 32607 MiB
2026/09/11 20:08:42.459, 3, 79 %, 4549 MiB, 32607 MiB
2026/09/11 20:08:47.460, 0, 63 %, 4547 MiB, 32607 MiB
2026/09/11 20:08:47.460, 1, 50 %, 4567 MiB, 32607 MiB
2026/09/11 20:08:47.460, 2, 70 %, 4567 MiB, 32607 MiB
2026/09/11 20:08:47.461, 3, 73 %, 4549 MiB, 32607 MiB
2026/09/11 20:08:52.461, 0, 73 %, 4547 MiB, 32607 MiB
2026/09/11 20:08:52.462, 1, 59 %, 4567 MiB, 32607 MiB
2026/09/11 20:08:52.462, 2, 80 %, 4567 MiB, 32607 MiB
2026/09/11 20:08:52.462, 3, 72 %, 4549 MiB, 32607 MiB
2026/09/11 20:08:57.463, 0, 79 %, 4547 MiB, 32607 MiB
2026/09/11 20:08:57.463, 1, 79 %, 4567 MiB, 32607 MiB
2026/09/11 20:08:57.464, 2, 71 %, 4567 MiB, 32607 MiB
2026/09/11 20:08:57.464, 3, 79 %, 4549 MiB, 32607 MiB
2026/09/11 20:09:02.464, 0, 67 %, 4547 MiB, 32607 MiB
2026/09/11 20:09:02.465, 1, 67 %, 4567 MiB, 32607 MiB
2026/09/11 20:09:02.465, 2, 68 %, 4567 MiB, 32607 MiB
2026/09/11 20:09:02.465, 3, 78 %, 4549 MiB, 32607 MiB
2026/09/11 20:09:07.466, 0, 83 %, 4547 MiB, 32607 MiB
2026/09/11 20:09:07.466, 1, 57 %, 4567 MiB, 32607 MiB
2026/09/11 20:09:07.466, 2, 81 %, 4567 MiB, 32607 MiB
2026/09/11 20:09:07.466, 3, 65 %, 4549 MiB, 32607 MiB
2026/09/11 20:09:12.467, 0, 82 %, 4547 MiB, 32607 MiB
2026/09/11 20:09:12.467, 1, 79 %, 4567 MiB, 32607 MiB
2026/09/11 20:09:12.467, 2, 61 %, 4567 MiB, 32607 MiB
2026/09/11 20:09:12.468, 3, 52 %, 4549 MiB, 32607 MiB
2026/09/11 20:09:17.468, 0, 81 %, 4547 MiB, 32607 MiB
2026/09/11 20:09:17.468, 1, 66 %, 4567 MiB, 32607 MiB
2026/09/11 20:09:17.469, 2, 71 %, 4567 MiB, 32607 MiB
2026/09/11 20:09:17.469, 3, 78 %, 4549 MiB, 32607 MiB
2026/09/11 20:09:22.469, 0, 82 %, 4547 MiB, 32607 MiB
2026/09/11 20:09:22.469, 1, 77 %, 4567 MiB, 32607 MiB
2026/09/11 20:09:22.470, 2, 68 %, 4567 MiB, 32607 MiB
2026/09/11 20:09:22.470, 3, 70 %, 4549 MiB, 32607 MiB
2026/09/11 20:09:27.470, 0, 74 %, 4547 MiB, 32607 MiB
2026/09/11 20:09:27.471, 1, 67 %, 4567 MiB, 32607 MiB
2026/09/11 20:09:27.471, 2, 66 %, 4567 MiB, 32607 MiB
2026/09/11 20:09:27.471, 3, 67 %, 4549 MiB, 32607 MiB
2026/09/11 20:09:32.472, 0, 78 %, 4547 MiB, 32607 MiB
2026/09/11 20:09:32.472, 1, 52 %, 4567 MiB, 32607 MiB
2026/09/11 20:09:32.472, 2, 76 %, 4567 MiB, 32607 MiB
2026/09/11 20:09:32.472, 3, 81 %, 4549 MiB, 32607 MiB
2026/09/11 20:09:37.473, 0, 75 %, 4547 MiB, 32607 MiB
2026/09/11 20:09:37.473, 1, 77 %, 4567 MiB, 32607 MiB
2026/09/11 20:09:37.474, 2, 68 %, 4567 MiB, 32607 MiB
2026/09/11 20:09:37.474, 3, 73 %, 4549 MiB, 32607 MiB
2026/09/11 20:09:42.474, 0, 71 %, 4547 MiB, 32607 MiB
2026/09/11 20:09:42.475, 1, 78 %, 4567 MiB, 32607 MiB
2026/09/11 20:09:42.475, 2, 63 %, 4567 MiB, 32607 MiB
2026/09/11 20:09:42.475, 3, 75 %, 4549 MiB, 32607 MiB
2026/09/11 20:09:47.476, 0, 81 %, 4547 MiB, 32607 MiB
2026/09/11 20:09:47.476, 1, 78 %, 4567 MiB, 32607 MiB
2026/09/11 20:09:47.476, 2, 78 %, 4567 MiB, 32607 MiB
2026/09/11 20:09:47.476, 3, 69 %, 4549 MiB, 32607 MiB
2026/09/11 20:09:52.477, 0, 82 %, 4547 MiB, 32607 MiB
2026/09/11 20:09:52.477, 1, 71 %, 4567 MiB, 32607 MiB
2026/09/11 20:09:52.477, 2, 80 %, 4567 MiB, 32607 MiB
2026/09/11 20:09:52.478, 3, 80 %, 4549 MiB, 32607 MiB
2026/09/11 20:09:57.478, 0, 81 %, 4547 MiB, 32607 MiB
2026/09/11 20:09:57.478, 1, 76 %, 4567 MiB, 32607 MiB
2026/09/11 20:09:57.479, 2, 74 %, 4567 MiB, 32607 MiB
2026/09/11 20:09:57.479, 3, 86 %, 4549 MiB, 32607 MiB
2026/09/11 20:10:02.479, 0, 81 %, 4547 MiB, 32607 MiB
2026/09/11 20:10:02.480, 1, 83 %, 4567 MiB, 32607 MiB
2026/09/11 20:10:02.480, 2, 70 %, 4567 MiB, 32607 MiB
2026/09/11 20:10:02.480, 3, 71 %, 4549 MiB, 32607 MiB
2026/09/11 20:10:07.481, 0, 59 %, 4547 MiB, 32607 MiB
2026/09/11 20:10:07.481, 1, 84 %, 4567 MiB, 32607 MiB
2026/09/11 20:10:07.481, 2, 64 %, 4567 MiB, 32607 MiB
2026/09/11 20:10:07.481, 3, 62 %, 4549 MiB, 32607 MiB
2026/09/11 20:10:12.482, 0, 65 %, 4547 MiB, 32607 MiB
2026/09/11 20:10:12.482, 1, 81 %, 4567 MiB, 32607 MiB
2026/09/11 20:10:12.483, 2, 73 %, 4567 MiB, 32607 MiB
2026/09/11 20:10:12.483, 3, 75 %, 4549 MiB, 32607 MiB
2026/09/11 20:10:17.483, 0, 71 %, 4547 MiB, 32607 MiB
2026/09/11 20:10:17.484, 1, 77 %, 4567 MiB, 32607 MiB
2026/09/11 20:10:17.484, 2, 77 %, 4567 MiB, 32607 MiB
2026/09/11 20:10:17.484, 3, 77 %, 4549 MiB, 32607 MiB
2026/09/11 20:10:22.485, 0, 63 %, 4547 MiB, 32607 MiB
2026/09/11 20:10:22.485, 1, 83 %, 4567 MiB, 32607 MiB
2026/09/11 20:10:22.485, 2, 76 %, 4567 MiB, 32607 MiB
2026/09/11 20:10:22.485, 3, 72 %, 4549 MiB, 32607 MiB
2026/09/11 20:10:27.486, 0, 75 %, 4547 MiB, 32607 MiB
2026/09/11 20:10:27.486, 1, 68 %, 4567 MiB, 32607 MiB
2026/09/11 20:10:27.486, 2, 82 %, 4567 MiB, 32607 MiB
2026/09/11 20:10:27.486, 3, 68 %, 4549 MiB, 32607 MiB
2026/09/11 20:10:32.487, 0, 74 %, 4547 MiB, 32607 MiB
2026/09/11 20:10:32.487, 1, 72 %, 4567 MiB, 32607 MiB
2026/09/11 20:10:32.488, 2, 74 %, 4567 MiB, 32607 MiB
2026/09/11 20:10:32.488, 3, 70 %, 4549 MiB, 32607 MiB
2026/09/11 20:10:37.488, 0, 82 %, 4547 MiB, 32607 MiB
2026/09/11 20:10:37.489, 1, 68 %, 4567 MiB, 32607 MiB
2026/09/11 20:10:37.489, 2, 81 %, 4567 MiB, 32607 MiB
2026/09/11 20:10:37.489, 3, 80 %, 4549 MiB, 32607 MiB
2026/09/11 20:10:42.490, 0, 70 %, 4547 MiB, 32607 MiB
2026/09/11 20:10:42.490, 1, 74 %, 4567 MiB, 32607 MiB
2026/09/11 20:10:42.490, 2, 73 %, 4567 MiB, 32607 MiB
2026/09/11 20:10:42.490, 3, 76 %, 4549 MiB, 32607 MiB
2026/09/11 20:10:47.491, 0, 74 %, 4547 MiB, 32607 MiB
2026/09/11 20:10:47.491, 1, 79 %, 4567 MiB, 32607 MiB
2026/09/11 20:10:47.491, 2, 74 %, 4567 MiB, 32607 MiB
2026/09/11 20:10:47.491, 3, 83 %, 4549 MiB, 32607 MiB
2026/09/11 20:10:52.492, 0, 67 %, 4547 MiB, 32607 MiB
2026/09/11 20:10:52.492, 1, 100 %, 4567 MiB, 32607 MiB
2026/09/11 20:10:52.492, 2, 100 %, 4567 MiB, 32607 MiB
2026/09/11 20:10:52.493, 3, 100 %, 4549 MiB, 32607 MiB
2026/09/11 20:10:57.493, 0, 0 %, 4547 MiB, 32607 MiB
2026/09/11 20:10:57.493, 1, 100 %, 4567 MiB, 32607 MiB
2026/09/11 20:10:57.494, 2, 100 %, 4567 MiB, 32607 MiB
2026/09/11 20:10:57.494, 3, 100 %, 4549 MiB, 32607 MiB
2026/09/11 20:11:02.494, 0, 70 %, 4547 MiB, 32607 MiB
2026/09/11 20:11:02.495, 1, 74 %, 4567 MiB, 32607 MiB
2026/09/11 20:11:02.495, 2, 55 %, 4567 MiB, 32607 MiB
2026/09/11 20:11:02.495, 3, 77 %, 4549 MiB, 32607 MiB
2026/09/11 20:11:07.495, 0, 77 %, 4547 MiB, 32607 MiB
2026/09/11 20:11:07.499, 1, 76 %, 4567 MiB, 32607 MiB
2026/09/11 20:11:07.499, 2, 77 %, 4567 MiB, 32607 MiB
2026/09/11 20:11:07.500, 3, 77 %, 4549 MiB, 32607 MiB
2026/09/11 20:11:12.501, 0, 74 %, 4547 MiB, 32607 MiB
2026/09/11 20:11:12.501, 1, 69 %, 4567 MiB, 32607 MiB
2026/09/11 20:11:12.501, 2, 76 %, 4567 MiB, 32607 MiB
2026/09/11 20:11:12.501, 3, 80 %, 4549 MiB, 32607 MiB
2026/09/11 20:11:17.502, 0, 79 %, 4547 MiB, 32607 MiB
2026/09/11 20:11:17.502, 1, 61 %, 4567 MiB, 32607 MiB
2026/09/11 20:11:17.502, 2, 81 %, 4567 MiB, 32607 MiB
2026/09/11 20:11:17.503, 3, 81 %, 4549 MiB, 32607 MiB
2026/09/11 20:11:22.503, 0, 76 %, 4547 MiB, 32607 MiB
2026/09/11 20:11:22.504, 1, 53 %, 4567 MiB, 32607 MiB
2026/09/11 20:11:22.504, 2, 63 %, 4567 MiB, 32607 MiB
2026/09/11 20:11:22.504, 3, 69 %, 4549 MiB, 32607 MiB
2026/09/11 20:11:27.505, 0, 63 %, 4547 MiB, 32607 MiB
2026/09/11 20:11:27.505, 1, 75 %, 4567 MiB, 32607 MiB
2026/09/11 20:11:27.505, 2, 80 %, 4567 MiB, 32607 MiB
2026/09/11 20:11:27.505, 3, 76 %, 4549 MiB, 32607 MiB
2026/09/11 20:11:32.506, 0, 66 %, 4547 MiB, 32607 MiB
2026/09/11 20:11:32.506, 1, 69 %, 4567 MiB, 32607 MiB
2026/09/11 20:11:32.506, 2, 75 %, 4567 MiB, 32607 MiB
2026/09/11 20:11:32.507, 3, 78 %, 4549 MiB, 32607 MiB
2026/09/11 20:11:37.507, 0, 81 %, 4547 MiB, 32607 MiB
2026/09/11 20:11:37.507, 1, 76 %, 4567 MiB, 32607 MiB
2026/09/11 20:11:37.508, 2, 75 %, 4567 MiB, 32607 MiB
2026/09/11 20:11:37.508, 3, 71 %, 4549 MiB, 32607 MiB
2026/09/11 20:11:42.508, 0, 72 %, 4547 MiB, 32607 MiB
2026/09/11 20:11:42.509, 1, 63 %, 4567 MiB, 32607 MiB
2026/09/11 20:11:42.509, 2, 58 %, 4567 MiB, 32607 MiB
2026/09/11 20:11:42.509, 3, 76 %, 4549 MiB, 32607 MiB
2026/09/11 20:11:47.510, 0, 82 %, 4547 MiB, 32607 MiB
2026/09/11 20:11:47.510, 1, 81 %, 4567 MiB, 32607 MiB
2026/09/11 20:11:47.510, 2, 71 %, 4567 MiB, 32607 MiB
2026/09/11 20:11:47.510, 3, 67 %, 4549 MiB, 32607 MiB
2026/09/11 20:11:52.511, 0, 68 %, 4547 MiB, 32607 MiB
2026/09/11 20:11:52.511, 1, 74 %, 4567 MiB, 32607 MiB
2026/09/11 20:11:52.511, 2, 74 %, 4567 MiB, 32607 MiB
2026/09/11 20:11:52.512, 3, 77 %, 4549 MiB, 32607 MiB
2026/09/11 20:11:57.512, 0, 79 %, 4547 MiB, 32607 MiB
2026/09/11 20:11:57.512, 1, 77 %, 4567 MiB, 32607 MiB
2026/09/11 20:11:57.513, 2, 69 %, 4567 MiB, 32607 MiB
2026/09/11 20:11:57.513, 3, 68 %, 4549 MiB, 32607 MiB
2026/09/11 20:12:02.513, 0, 74 %, 4547 MiB, 32607 MiB
2026/09/11 20:12:02.514, 1, 69 %, 4567 MiB, 32607 MiB
2026/09/11 20:12:02.514, 2, 84 %, 4567 MiB, 32607 MiB
2026/09/11 20:12:02.514, 3, 84 %, 4549 MiB, 32607 MiB
2026/09/11 20:12:07.515, 0, 67 %, 4547 MiB, 32607 MiB
2026/09/11 20:12:07.515, 1, 75 %, 4567 MiB, 32607 MiB
2026/09/11 20:12:07.515, 2, 55 %, 4567 MiB, 32607 MiB
2026/09/11 20:12:07.515, 3, 64 %, 4549 MiB, 32607 MiB
2026/09/11 20:12:12.516, 0, 67 %, 4547 MiB, 32607 MiB
2026/09/11 20:12:12.516, 1, 63 %, 4567 MiB, 32607 MiB
2026/09/11 20:12:12.516, 2, 66 %, 4567 MiB, 32607 MiB
2026/09/11 20:12:12.516, 3, 84 %, 4549 MiB, 32607 MiB
2026/09/11 20:12:17.517, 0, 72 %, 4547 MiB, 32607 MiB
2026/09/11 20:12:17.517, 1, 72 %, 4567 MiB, 32607 MiB
2026/09/11 20:12:17.517, 2, 87 %, 4567 MiB, 32607 MiB
2026/09/11 20:12:17.518, 3, 73 %, 4549 MiB, 32607 MiB
2026/09/11 20:12:22.518, 0, 80 %, 4547 MiB, 32607 MiB
2026/09/11 20:12:22.518, 1, 69 %, 4567 MiB, 32607 MiB
2026/09/11 20:12:22.519, 2, 65 %, 4567 MiB, 32607 MiB
2026/09/11 20:12:22.519, 3, 80 %, 4549 MiB, 32607 MiB
2026/09/11 20:12:27.519, 0, 70 %, 4547 MiB, 32607 MiB
2026/09/11 20:12:27.520, 1, 67 %, 4567 MiB, 32607 MiB
2026/09/11 20:12:27.520, 2, 74 %, 4567 MiB, 32607 MiB
2026/09/11 20:12:27.520, 3, 76 %, 4549 MiB, 32607 MiB
2026/09/11 20:12:32.521, 0, 63 %, 4547 MiB, 32607 MiB
2026/09/11 20:12:32.521, 1, 58 %, 4567 MiB, 32607 MiB
2026/09/11 20:12:32.521, 2, 55 %, 4567 MiB, 32607 MiB
2026/09/11 20:12:32.521, 3, 63 %, 4549 MiB, 32607 MiB
2026/09/11 20:12:37.522, 0, 75 %, 4547 MiB, 32607 MiB
2026/09/11 20:12:37.522, 1, 67 %, 4567 MiB, 32607 MiB
2026/09/11 20:12:37.522, 2, 60 %, 4567 MiB, 32607 MiB
2026/09/11 20:12:37.522, 3, 65 %, 4549 MiB, 32607 MiB
2026/09/11 20:12:42.523, 0, 82 %, 4547 MiB, 32607 MiB
2026/09/11 20:12:42.523, 1, 70 %, 4567 MiB, 32607 MiB
2026/09/11 20:12:42.523, 2, 66 %, 4567 MiB, 32607 MiB
2026/09/11 20:12:42.524, 3, 76 %, 4549 MiB, 32607 MiB
2026/09/11 20:12:47.524, 0, 73 %, 4547 MiB, 32607 MiB
2026/09/11 20:12:47.524, 1, 68 %, 4567 MiB, 32607 MiB
2026/09/11 20:12:47.525, 2, 72 %, 4567 MiB, 32607 MiB
2026/09/11 20:12:47.525, 3, 71 %, 4549 MiB, 32607 MiB
2026/09/11 20:12:52.525, 0, 60 %, 4547 MiB, 32607 MiB
2026/09/11 20:12:52.526, 1, 72 %, 4567 MiB, 32607 MiB
2026/09/11 20:12:52.526, 2, 77 %, 4567 MiB, 32607 MiB
2026/09/11 20:12:52.526, 3, 74 %, 4549 MiB, 32607 MiB
2026/09/11 20:12:57.527, 0, 84 %, 4547 MiB, 32607 MiB
2026/09/11 20:12:57.527, 1, 77 %, 4567 MiB, 32607 MiB
2026/09/11 20:12:57.527, 2, 73 %, 4567 MiB, 32607 MiB
2026/09/11 20:12:57.527, 3, 48 %, 4549 MiB, 32607 MiB
2026/09/11 20:13:02.528, 0, 79 %, 4547 MiB, 32607 MiB
2026/09/11 20:13:02.528, 1, 70 %, 4567 MiB, 32607 MiB
2026/09/11 20:13:02.528, 2, 59 %, 4567 MiB, 32607 MiB
2026/09/11 20:13:02.528, 3, 65 %, 4549 MiB, 32607 MiB
2026/09/11 20:13:07.529, 0, 75 %, 4547 MiB, 32607 MiB
2026/09/11 20:13:07.529, 1, 72 %, 4567 MiB, 32607 MiB
2026/09/11 20:13:07.529, 2, 73 %, 4567 MiB, 32607 MiB
2026/09/11 20:13:07.529, 3, 77 %, 4549 MiB, 32607 MiB
2026/09/11 20:13:12.530, 0, 82 %, 4547 MiB, 32607 MiB
2026/09/11 20:13:12.530, 1, 83 %, 4567 MiB, 32607 MiB
2026/09/11 20:13:12.530, 2, 63 %, 4567 MiB, 32607 MiB
2026/09/11 20:13:12.531, 3, 78 %, 4549 MiB, 32607 MiB
2026/09/11 20:13:17.531, 0, 72 %, 4547 MiB, 32607 MiB
2026/09/11 20:13:17.531, 1, 75 %, 4567 MiB, 32607 MiB
2026/09/11 20:13:17.532, 2, 64 %, 4567 MiB, 32607 MiB
2026/09/11 20:13:17.532, 3, 76 %, 4549 MiB, 32607 MiB
2026/09/11 20:13:22.532, 0, 79 %, 4547 MiB, 32607 MiB
2026/09/11 20:13:22.533, 1, 75 %, 4567 MiB, 32607 MiB
2026/09/11 20:13:22.533, 2, 77 %, 4567 MiB, 32607 MiB
2026/09/11 20:13:22.533, 3, 66 %, 4549 MiB, 32607 MiB
2026/09/11 20:13:27.534, 0, 67 %, 4547 MiB, 32607 MiB
2026/09/11 20:13:27.534, 1, 73 %, 4567 MiB, 32607 MiB
2026/09/11 20:13:27.534, 2, 73 %, 4567 MiB, 32607 MiB
2026/09/11 20:13:27.534, 3, 70 %, 4549 MiB, 32607 MiB
2026/09/11 20:13:32.535, 0, 77 %, 4547 MiB, 32607 MiB
2026/09/11 20:13:32.535, 1, 69 %, 4567 MiB, 32607 MiB
2026/09/11 20:13:32.535, 2, 67 %, 4567 MiB, 32607 MiB
2026/09/11 20:13:32.536, 3, 75 %, 4549 MiB, 32607 MiB
2026/09/11 20:13:37.536, 0, 77 %, 4547 MiB, 32607 MiB
2026/09/11 20:13:37.536, 1, 67 %, 4567 MiB, 32607 MiB
2026/09/11 20:13:37.537, 2, 74 %, 4567 MiB, 32607 MiB
2026/09/11 20:13:37.537, 3, 69 %, 4549 MiB, 32607 MiB
2026/09/11 20:13:42.537, 0, 76 %, 4547 MiB, 32607 MiB
2026/09/11 20:13:42.538, 1, 66 %, 4567 MiB, 32607 MiB
2026/09/11 20:13:42.538, 2, 59 %, 4567 MiB, 32607 MiB
2026/09/11 20:13:42.538, 3, 63 %, 4549 MiB, 32607 MiB
2026/09/11 20:13:47.539, 0, 72 %, 4547 MiB, 32607 MiB
2026/09/11 20:13:47.539, 1, 81 %, 4567 MiB, 32607 MiB
2026/09/11 20:13:47.539, 2, 64 %, 4567 MiB, 32607 MiB
2026/09/11 20:13:47.539, 3, 75 %, 4549 MiB, 32607 MiB
2026/09/11 20:13:52.540, 0, 69 %, 4547 MiB, 32607 MiB
2026/09/11 20:13:52.540, 1, 74 %, 4567 MiB, 32607 MiB
2026/09/11 20:13:52.541, 2, 60 %, 4567 MiB, 32607 MiB
2026/09/11 20:13:52.541, 3, 74 %, 4549 MiB, 32607 MiB
2026/09/11 20:13:57.541, 0, 66 %, 4547 MiB, 32607 MiB
2026/09/11 20:13:57.541, 1, 100 %, 4567 MiB, 32607 MiB
2026/09/11 20:13:57.542, 2, 100 %, 4567 MiB, 32607 MiB
2026/09/11 20:13:57.542, 3, 100 %, 4549 MiB, 32607 MiB
2026/09/11 20:14:02.542, 0, 73 %, 4547 MiB, 32607 MiB
2026/09/11 20:14:02.543, 1, 72 %, 4567 MiB, 32607 MiB
2026/09/11 20:14:02.543, 2, 71 %, 4567 MiB, 32607 MiB
2026/09/11 20:14:02.543, 3, 100 %, 4549 MiB, 32607 MiB
2026/09/11 20:14:07.544, 0, 75 %, 4547 MiB, 32607 MiB
2026/09/11 20:14:07.544, 1, 68 %, 4567 MiB, 32607 MiB
2026/09/11 20:14:07.544, 2, 51 %, 4567 MiB, 32607 MiB
2026/09/11 20:14:07.544, 3, 61 %, 4549 MiB, 32607 MiB
2026/09/11 20:14:12.545, 0, 81 %, 4547 MiB, 32607 MiB
2026/09/11 20:14:12.545, 1, 67 %, 4567 MiB, 32607 MiB
2026/09/11 20:14:12.545, 2, 67 %, 4567 MiB, 32607 MiB
2026/09/11 20:14:12.546, 3, 62 %, 4549 MiB, 32607 MiB
2026/09/11 20:14:17.546, 0, 63 %, 4547 MiB, 32607 MiB
2026/09/11 20:14:17.547, 1, 64 %, 4567 MiB, 32607 MiB
2026/09/11 20:14:17.547, 2, 72 %, 4567 MiB, 32607 MiB
2026/09/11 20:14:17.547, 3, 62 %, 4549 MiB, 32607 MiB
2026/09/11 20:14:22.548, 0, 73 %, 4547 MiB, 32607 MiB
2026/09/11 20:14:22.548, 1, 77 %, 4567 MiB, 32607 MiB
2026/09/11 20:14:22.548, 2, 76 %, 4567 MiB, 32607 MiB
2026/09/11 20:14:22.548, 3, 77 %, 4549 MiB, 32607 MiB
2026/09/11 20:14:27.549, 0, 63 %, 4547 MiB, 32607 MiB
2026/09/11 20:14:27.549, 1, 74 %, 4567 MiB, 32607 MiB
2026/09/11 20:14:27.549, 2, 76 %, 4567 MiB, 32607 MiB
2026/09/11 20:14:27.549, 3, 68 %, 4549 MiB, 32607 MiB
2026/09/11 20:14:32.550, 0, 76 %, 4547 MiB, 32607 MiB
2026/09/11 20:14:32.550, 1, 76 %, 4567 MiB, 32607 MiB
2026/09/11 20:14:32.550, 2, 72 %, 4567 MiB, 32607 MiB
2026/09/11 20:14:32.551, 3, 73 %, 4549 MiB, 32607 MiB
2026/09/11 20:14:37.551, 0, 0 %, 4547 MiB, 32607 MiB
2026/09/11 20:14:37.551, 1, 100 %, 4567 MiB, 32607 MiB
2026/09/11 20:14:37.552, 2, 100 %, 4567 MiB, 32607 MiB
2026/09/11 20:14:37.552, 3, 77 %, 4549 MiB, 32607 MiB
2026/09/11 20:14:42.552, 0, 83 %, 4547 MiB, 32607 MiB
2026/09/11 20:14:42.552, 1, 76 %, 4567 MiB, 32607 MiB
2026/09/11 20:14:42.553, 2, 80 %, 4567 MiB, 32607 MiB
2026/09/11 20:14:42.553, 3, 71 %, 4549 MiB, 32607 MiB
2026/09/11 20:14:47.553, 0, 76 %, 4547 MiB, 32607 MiB
2026/09/11 20:14:47.554, 1, 80 %, 4567 MiB, 32607 MiB
2026/09/11 20:14:47.554, 2, 73 %, 4567 MiB, 32607 MiB
2026/09/11 20:14:47.554, 3, 78 %, 4549 MiB, 32607 MiB
2026/09/11 20:14:52.555, 0, 66 %, 4547 MiB, 32607 MiB
2026/09/11 20:14:52.555, 1, 71 %, 4567 MiB, 32607 MiB
2026/09/11 20:14:52.555, 2, 56 %, 4567 MiB, 32607 MiB
2026/09/11 20:14:52.555, 3, 74 %, 4549 MiB, 32607 MiB
2026/09/11 20:14:57.556, 0, 75 %, 4547 MiB, 32607 MiB
2026/09/11 20:14:57.556, 1, 81 %, 4567 MiB, 32607 MiB
2026/09/11 20:14:57.556, 2, 58 %, 4567 MiB, 32607 MiB
2026/09/11 20:14:57.556, 3, 71 %, 4549 MiB, 32607 MiB
2026/09/11 20:15:02.557, 0, 68 %, 4547 MiB, 32607 MiB
2026/09/11 20:15:02.557, 1, 73 %, 4567 MiB, 32607 MiB
2026/09/11 20:15:02.557, 2, 79 %, 4567 MiB, 32607 MiB
2026/09/11 20:15:02.557, 3, 79 %, 4549 MiB, 32607 MiB
2026/09/11 20:15:07.558, 0, 75 %, 4547 MiB, 32607 MiB
2026/09/11 20:15:07.558, 1, 62 %, 4567 MiB, 32607 MiB
2026/09/11 20:15:07.558, 2, 71 %, 4567 MiB, 32607 MiB
2026/09/11 20:15:07.558, 3, 67 %, 4549 MiB, 32607 MiB
2026/09/11 20:15:12.559, 0, 77 %, 4547 MiB, 32607 MiB
2026/09/11 20:15:12.559, 1, 67 %, 4567 MiB, 32607 MiB
2026/09/11 20:15:12.559, 2, 57 %, 4567 MiB, 32607 MiB
2026/09/11 20:15:12.559, 3, 72 %, 4549 MiB, 32607 MiB
2026/09/11 20:15:17.560, 0, 61 %, 4547 MiB, 32607 MiB
2026/09/11 20:15:17.560, 1, 75 %, 4567 MiB, 32607 MiB
2026/09/11 20:15:17.560, 2, 74 %, 4567 MiB, 32607 MiB
2026/09/11 20:15:17.560, 3, 73 %, 4549 MiB, 32607 MiB
2026/09/11 20:15:22.561, 0, 85 %, 4547 MiB, 32607 MiB
2026/09/11 20:15:22.561, 1, 83 %, 4567 MiB, 32607 MiB
2026/09/11 20:15:22.561, 2, 74 %, 4567 MiB, 32607 MiB
2026/09/11 20:15:22.561, 3, 73 %, 4549 MiB, 32607 MiB
2026/09/11 20:15:27.562, 0, 66 %, 4547 MiB, 32607 MiB
2026/09/11 20:15:27.562, 1, 83 %, 4567 MiB, 32607 MiB
2026/09/11 20:15:27.563, 2, 80 %, 4567 MiB, 32607 MiB
2026/09/11 20:15:27.563, 3, 80 %, 4549 MiB, 32607 MiB
2026/09/11 20:15:32.563, 0, 73 %, 4547 MiB, 32607 MiB
2026/09/11 20:15:32.563, 1, 77 %, 4567 MiB, 32607 MiB
2026/09/11 20:15:32.564, 2, 70 %, 4567 MiB, 32607 MiB
2026/09/11 20:15:32.564, 3, 71 %, 4549 MiB, 32607 MiB
2026/09/11 20:15:37.564, 0, 76 %, 4547 MiB, 32607 MiB
2026/09/11 20:15:37.569, 1, 70 %, 4567 MiB, 32607 MiB
2026/09/11 20:15:37.569, 2, 68 %, 4567 MiB, 32607 MiB
2026/09/11 20:15:37.570, 3, 85 %, 4549 MiB, 32607 MiB
2026/09/11 20:15:42.570, 0, 74 %, 4547 MiB, 32607 MiB
2026/09/11 20:15:42.571, 1, 68 %, 4567 MiB, 32607 MiB
2026/09/11 20:15:42.571, 2, 82 %, 4567 MiB, 32607 MiB
2026/09/11 20:15:42.571, 3, 67 %, 4549 MiB, 32607 MiB
2026/09/11 20:15:47.572, 0, 83 %, 4547 MiB, 32607 MiB
2026/09/11 20:15:47.572, 1, 79 %, 4567 MiB, 32607 MiB
2026/09/11 20:15:47.572, 2, 67 %, 4567 MiB, 32607 MiB
2026/09/11 20:15:47.572, 3, 77 %, 4549 MiB, 32607 MiB
2026/09/11 20:15:52.573, 0, 62 %, 4547 MiB, 32607 MiB
2026/09/11 20:15:52.573, 1, 77 %, 4567 MiB, 32607 MiB
2026/09/11 20:15:52.573, 2, 62 %, 4567 MiB, 32607 MiB
2026/09/11 20:15:52.573, 3, 72 %, 4549 MiB, 32607 MiB
2026/09/11 20:15:57.574, 0, 68 %, 4547 MiB, 32607 MiB
2026/09/11 20:15:57.574, 1, 70 %, 4567 MiB, 32607 MiB
2026/09/11 20:15:57.574, 2, 71 %, 4567 MiB, 32607 MiB
2026/09/11 20:15:57.575, 3, 71 %, 4549 MiB, 32607 MiB
2026/09/11 20:16:02.575, 0, 79 %, 4547 MiB, 32607 MiB
2026/09/11 20:16:02.575, 1, 78 %, 4567 MiB, 32607 MiB
2026/09/11 20:16:02.576, 2, 75 %, 4567 MiB, 32607 MiB
2026/09/11 20:16:02.576, 3, 83 %, 4549 MiB, 32607 MiB
2026/09/11 20:16:07.576, 0, 70 %, 4547 MiB, 32607 MiB
2026/09/11 20:16:07.577, 1, 60 %, 4567 MiB, 32607 MiB
2026/09/11 20:16:07.577, 2, 65 %, 4567 MiB, 32607 MiB
2026/09/11 20:16:07.577, 3, 65 %, 4549 MiB, 32607 MiB
2026/09/11 20:16:12.577, 0, 85 %, 4547 MiB, 32607 MiB
2026/09/11 20:16:12.578, 1, 77 %, 4567 MiB, 32607 MiB
2026/09/11 20:16:12.578, 2, 73 %, 4567 MiB, 32607 MiB
2026/09/11 20:16:12.578, 3, 65 %, 4549 MiB, 32607 MiB
2026/09/11 20:16:17.578, 0, 72 %, 4547 MiB, 32607 MiB
2026/09/11 20:16:17.579, 1, 67 %, 4567 MiB, 32607 MiB
2026/09/11 20:16:17.579, 2, 75 %, 4567 MiB, 32607 MiB
2026/09/11 20:16:17.579, 3, 75 %, 4549 MiB, 32607 MiB
2026/09/11 20:16:22.580, 0, 69 %, 4547 MiB, 32607 MiB
2026/09/11 20:16:22.580, 1, 72 %, 4567 MiB, 32607 MiB
2026/09/11 20:16:22.580, 2, 77 %, 4567 MiB, 32607 MiB
2026/09/11 20:16:22.580, 3, 74 %, 4549 MiB, 32607 MiB
2026/09/11 20:16:27.581, 0, 74 %, 4547 MiB, 32607 MiB
2026/09/11 20:16:27.581, 1, 68 %, 4567 MiB, 32607 MiB
2026/09/11 20:16:27.582, 2, 78 %, 4567 MiB, 32607 MiB
2026/09/11 20:16:27.582, 3, 77 %, 4549 MiB, 32607 MiB
2026/09/11 20:16:32.582, 0, 70 %, 4547 MiB, 32607 MiB
2026/09/11 20:16:32.583, 1, 62 %, 4567 MiB, 32607 MiB
2026/09/11 20:16:32.583, 2, 72 %, 4567 MiB, 32607 MiB
2026/09/11 20:16:32.583, 3, 83 %, 4549 MiB, 32607 MiB
2026/09/11 20:16:37.583, 0, 59 %, 4547 MiB, 32607 MiB
2026/09/11 20:16:37.584, 1, 58 %, 4567 MiB, 32607 MiB
2026/09/11 20:16:37.584, 2, 57 %, 4567 MiB, 32607 MiB
2026/09/11 20:16:37.584, 3, 73 %, 4549 MiB, 32607 MiB
2026/09/11 20:16:42.585, 0, 61 %, 4547 MiB, 32607 MiB
2026/09/11 20:16:42.585, 1, 74 %, 4567 MiB, 32607 MiB
2026/09/11 20:16:42.585, 2, 61 %, 4567 MiB, 32607 MiB
2026/09/11 20:16:42.585, 3, 76 %, 4549 MiB, 32607 MiB
2026/09/11 20:16:47.586, 0, 77 %, 4547 MiB, 32607 MiB
2026/09/11 20:16:47.586, 1, 61 %, 4567 MiB, 32607 MiB
2026/09/11 20:16:47.586, 2, 58 %, 4567 MiB, 32607 MiB
2026/09/11 20:16:47.586, 3, 69 %, 4549 MiB, 32607 MiB
2026/09/11 20:16:52.587, 0, 58 %, 4547 MiB, 32607 MiB
2026/09/11 20:16:52.587, 1, 81 %, 4567 MiB, 32607 MiB
2026/09/11 20:16:52.587, 2, 63 %, 4567 MiB, 32607 MiB
2026/09/11 20:16:52.587, 3, 73 %, 4549 MiB, 32607 MiB
2026/09/11 20:16:57.588, 0, 82 %, 4547 MiB, 32607 MiB
2026/09/11 20:16:57.588, 1, 72 %, 4567 MiB, 32607 MiB
2026/09/11 20:16:57.588, 2, 71 %, 4567 MiB, 32607 MiB
2026/09/11 20:16:57.589, 3, 69 %, 4549 MiB, 32607 MiB
2026/09/11 20:17:02.589, 0, 68 %, 4547 MiB, 32607 MiB
2026/09/11 20:17:02.589, 1, 100 %, 4567 MiB, 32607 MiB
2026/09/11 20:17:02.590, 2, 100 %, 4567 MiB, 32607 MiB
2026/09/11 20:17:02.590, 3, 100 %, 4549 MiB, 32607 MiB
2026/09/11 20:17:07.590, 0, 83 %, 4547 MiB, 32607 MiB
2026/09/11 20:17:07.591, 1, 67 %, 4567 MiB, 32607 MiB
2026/09/11 20:17:07.591, 2, 71 %, 4567 MiB, 32607 MiB
2026/09/11 20:17:07.591, 3, 72 %, 4549 MiB, 32607 MiB
2026/09/11 20:17:12.591, 0, 85 %, 4547 MiB, 32607 MiB
2026/09/11 20:17:12.592, 1, 48 %, 4567 MiB, 32607 MiB
2026/09/11 20:17:12.592, 2, 62 %, 4567 MiB, 32607 MiB
2026/09/11 20:17:12.592, 3, 63 %, 4549 MiB, 32607 MiB
2026/09/11 20:17:17.593, 0, 78 %, 4547 MiB, 32607 MiB
2026/09/11 20:17:17.593, 1, 72 %, 4567 MiB, 32607 MiB
2026/09/11 20:17:17.593, 2, 76 %, 4567 MiB, 32607 MiB
2026/09/11 20:17:17.593, 3, 75 %, 4549 MiB, 32607 MiB
2026/09/11 20:17:22.594, 0, 66 %, 4547 MiB, 32607 MiB
2026/09/11 20:17:22.594, 1, 75 %, 4567 MiB, 32607 MiB
2026/09/11 20:17:22.594, 2, 79 %, 4567 MiB, 32607 MiB
2026/09/11 20:17:22.594, 3, 74 %, 4549 MiB, 32607 MiB
2026/09/11 20:17:27.595, 0, 77 %, 4547 MiB, 32607 MiB
2026/09/11 20:17:27.595, 1, 78 %, 4567 MiB, 32607 MiB
2026/09/11 20:17:27.595, 2, 78 %, 4567 MiB, 32607 MiB
2026/09/11 20:17:27.596, 3, 63 %, 4549 MiB, 32607 MiB
2026/09/11 20:17:32.596, 0, 78 %, 4547 MiB, 32607 MiB
2026/09/11 20:17:32.596, 1, 82 %, 4567 MiB, 32607 MiB
2026/09/11 20:17:32.597, 2, 82 %, 4567 MiB, 32607 MiB
2026/09/11 20:17:32.597, 3, 63 %, 4549 MiB, 32607 MiB
2026/09/11 20:17:37.597, 0, 76 %, 4547 MiB, 32607 MiB
2026/09/11 20:17:37.598, 1, 79 %, 4567 MiB, 32607 MiB
2026/09/11 20:17:37.598, 2, 78 %, 4567 MiB, 32607 MiB
2026/09/11 20:17:37.598, 3, 76 %, 4549 MiB, 32607 MiB
2026/09/11 20:17:42.599, 0, 0 %, 4547 MiB, 32607 MiB
2026/09/11 20:17:42.599, 1, 74 %, 4569 MiB, 32607 MiB
2026/09/11 20:17:42.599, 2, 71 %, 4567 MiB, 32607 MiB
2026/09/11 20:17:42.599, 3, 58 %, 4549 MiB, 32607 MiB
2026/09/11 20:17:47.600, 0, 75 %, 4547 MiB, 32607 MiB
2026/09/11 20:17:47.600, 1, 81 %, 4569 MiB, 32607 MiB
2026/09/11 20:17:47.601, 2, 72 %, 4567 MiB, 32607 MiB
2026/09/11 20:17:47.601, 3, 65 %, 4549 MiB, 32607 MiB
2026/09/11 20:17:52.601, 0, 75 %, 4547 MiB, 32607 MiB
2026/09/11 20:17:52.602, 1, 71 %, 4569 MiB, 32607 MiB
2026/09/11 20:17:52.602, 2, 67 %, 4567 MiB, 32607 MiB
2026/09/11 20:17:52.602, 3, 75 %, 4549 MiB, 32607 MiB
2026/09/11 20:17:57.603, 0, 68 %, 4547 MiB, 32607 MiB
2026/09/11 20:17:57.603, 1, 77 %, 4569 MiB, 32607 MiB
2026/09/11 20:17:57.603, 2, 65 %, 4567 MiB, 32607 MiB
2026/09/11 20:17:57.603, 3, 80 %, 4549 MiB, 32607 MiB
2026/09/11 20:18:02.604, 0, 83 %, 4547 MiB, 32607 MiB
2026/09/11 20:18:02.604, 1, 69 %, 4569 MiB, 32607 MiB
2026/09/11 20:18:02.605, 2, 61 %, 4567 MiB, 32607 MiB
2026/09/11 20:18:02.605, 3, 81 %, 4549 MiB, 32607 MiB
2026/09/11 20:18:07.605, 0, 64 %, 4547 MiB, 32607 MiB
2026/09/11 20:18:07.606, 1, 60 %, 4569 MiB, 32607 MiB
2026/09/11 20:18:07.606, 2, 69 %, 4567 MiB, 32607 MiB
2026/09/11 20:18:07.606, 3, 70 %, 4549 MiB, 32607 MiB
2026/09/11 20:18:12.606, 0, 82 %, 4547 MiB, 32607 MiB
2026/09/11 20:18:12.607, 1, 83 %, 4569 MiB, 32607 MiB
2026/09/11 20:18:12.607, 2, 70 %, 4567 MiB, 32607 MiB
2026/09/11 20:18:12.607, 3, 79 %, 4549 MiB, 32607 MiB
2026/09/11 20:18:17.608, 0, 57 %, 4547 MiB, 32607 MiB
2026/09/11 20:18:17.608, 1, 82 %, 4569 MiB, 32607 MiB
2026/09/11 20:18:17.608, 2, 74 %, 4567 MiB, 32607 MiB
2026/09/11 20:18:17.609, 3, 73 %, 4549 MiB, 32607 MiB
2026/09/11 20:18:22.609, 0, 81 %, 4547 MiB, 32607 MiB
2026/09/11 20:18:22.609, 1, 75 %, 4569 MiB, 32607 MiB
2026/09/11 20:18:22.610, 2, 72 %, 4567 MiB, 32607 MiB
2026/09/11 20:18:22.610, 3, 81 %, 4549 MiB, 32607 MiB
2026/09/11 20:18:27.610, 0, 70 %, 4547 MiB, 32607 MiB
2026/09/11 20:18:27.611, 1, 74 %, 4569 MiB, 32607 MiB
2026/09/11 20:18:27.611, 2, 79 %, 4567 MiB, 32607 MiB
2026/09/11 20:18:27.611, 3, 64 %, 4549 MiB, 32607 MiB
2026/09/11 20:18:32.612, 0, 67 %, 4547 MiB, 32607 MiB
2026/09/11 20:18:32.612, 1, 71 %, 4569 MiB, 32607 MiB
2026/09/11 20:18:32.612, 2, 75 %, 4567 MiB, 32607 MiB
2026/09/11 20:18:32.612, 3, 77 %, 4549 MiB, 32607 MiB
2026/09/11 20:18:37.613, 0, 71 %, 4547 MiB, 32607 MiB
2026/09/11 20:18:37.613, 1, 75 %, 4569 MiB, 32607 MiB
2026/09/11 20:18:37.613, 2, 67 %, 4567 MiB, 32607 MiB
2026/09/11 20:18:37.614, 3, 61 %, 4549 MiB, 32607 MiB
2026/09/11 20:18:42.614, 0, 67 %, 4547 MiB, 32607 MiB
2026/09/11 20:18:42.614, 1, 78 %, 4569 MiB, 32607 MiB
2026/09/11 20:18:42.615, 2, 77 %, 4567 MiB, 32607 MiB
2026/09/11 20:18:42.615, 3, 77 %, 4549 MiB, 32607 MiB
2026/09/11 20:18:47.615, 0, 70 %, 4547 MiB, 32607 MiB
2026/09/11 20:18:47.616, 1, 77 %, 4569 MiB, 32607 MiB
2026/09/11 20:18:47.616, 2, 55 %, 4567 MiB, 32607 MiB
2026/09/11 20:18:47.616, 3, 65 %, 4549 MiB, 32607 MiB
2026/09/11 20:18:52.617, 0, 73 %, 4547 MiB, 32607 MiB
2026/09/11 20:18:52.617, 1, 72 %, 4569 MiB, 32607 MiB
2026/09/11 20:18:52.617, 2, 71 %, 4567 MiB, 32607 MiB
2026/09/11 20:18:52.617, 3, 69 %, 4549 MiB, 32607 MiB
2026/09/11 20:18:57.618, 0, 67 %, 4547 MiB, 32607 MiB
2026/09/11 20:18:57.618, 1, 69 %, 4569 MiB, 32607 MiB
2026/09/11 20:18:57.618, 2, 65 %, 4567 MiB, 32607 MiB
2026/09/11 20:18:57.619, 3, 80 %, 4549 MiB, 32607 MiB
2026/09/11 20:19:02.619, 0, 72 %, 4547 MiB, 32607 MiB
2026/09/11 20:19:02.619, 1, 69 %, 4569 MiB, 32607 MiB
2026/09/11 20:19:02.620, 2, 66 %, 4567 MiB, 32607 MiB
2026/09/11 20:19:02.620, 3, 82 %, 4549 MiB, 32607 MiB
2026/09/11 20:19:07.620, 0, 70 %, 4547 MiB, 32607 MiB
2026/09/11 20:19:07.621, 1, 73 %, 4569 MiB, 32607 MiB
2026/09/11 20:19:07.621, 2, 72 %, 4567 MiB, 32607 MiB
2026/09/11 20:19:07.621, 3, 77 %, 4549 MiB, 32607 MiB
2026/09/11 20:19:12.621, 0, 84 %, 4547 MiB, 32607 MiB
2026/09/11 20:19:12.622, 1, 75 %, 4569 MiB, 32607 MiB
2026/09/11 20:19:12.622, 2, 72 %, 4567 MiB, 32607 MiB
2026/09/11 20:19:12.622, 3, 63 %, 4549 MiB, 32607 MiB
2026/09/11 20:19:17.622, 0, 77 %, 4547 MiB, 32607 MiB
2026/09/11 20:19:17.623, 1, 76 %, 4569 MiB, 32607 MiB
2026/09/11 20:19:17.623, 2, 76 %, 4567 MiB, 32607 MiB
2026/09/11 20:19:17.623, 3, 67 %, 4549 MiB, 32607 MiB
2026/09/11 20:19:22.624, 0, 73 %, 4547 MiB, 32607 MiB
2026/09/11 20:19:22.624, 1, 74 %, 4569 MiB, 32607 MiB
2026/09/11 20:19:22.624, 2, 68 %, 4567 MiB, 32607 MiB
2026/09/11 20:19:22.625, 3, 85 %, 4549 MiB, 32607 MiB
2026/09/11 20:19:27.625, 0, 83 %, 4547 MiB, 32607 MiB
2026/09/11 20:19:27.626, 1, 69 %, 4569 MiB, 32607 MiB
2026/09/11 20:19:27.626, 2, 79 %, 4567 MiB, 32607 MiB
2026/09/11 20:19:27.626, 3, 81 %, 4549 MiB, 32607 MiB
2026/09/11 20:19:32.627, 0, 83 %, 4547 MiB, 32607 MiB
2026/09/11 20:19:32.627, 1, 68 %, 4569 MiB, 32607 MiB
2026/09/11 20:19:32.627, 2, 74 %, 4567 MiB, 32607 MiB
2026/09/11 20:19:32.627, 3, 73 %, 4549 MiB, 32607 MiB
2026/09/11 20:19:37.628, 0, 71 %, 4547 MiB, 32607 MiB
2026/09/11 20:19:37.628, 1, 73 %, 4569 MiB, 32607 MiB
2026/09/11 20:19:37.628, 2, 66 %, 4567 MiB, 32607 MiB
2026/09/11 20:19:37.629, 3, 78 %, 4549 MiB, 32607 MiB
2026/09/11 20:19:42.629, 0, 83 %, 4547 MiB, 32607 MiB
2026/09/11 20:19:42.630, 1, 65 %, 4569 MiB, 32607 MiB
2026/09/11 20:19:42.630, 2, 53 %, 4567 MiB, 32607 MiB
2026/09/11 20:19:42.630, 3, 66 %, 4549 MiB, 32607 MiB
2026/09/11 20:19:47.630, 0, 83 %, 4547 MiB, 32607 MiB
2026/09/11 20:19:47.631, 1, 75 %, 4569 MiB, 32607 MiB
2026/09/11 20:19:47.631, 2, 77 %, 4567 MiB, 32607 MiB
2026/09/11 20:19:47.631, 3, 77 %, 4549 MiB, 32607 MiB
2026/09/11 20:19:52.632, 0, 76 %, 4547 MiB, 32607 MiB
2026/09/11 20:19:52.632, 1, 71 %, 4569 MiB, 32607 MiB
2026/09/11 20:19:52.632, 2, 69 %, 4567 MiB, 32607 MiB
2026/09/11 20:19:52.632, 3, 81 %, 4549 MiB, 32607 MiB
2026/09/11 20:19:57.633, 0, 69 %, 4547 MiB, 32607 MiB
2026/09/11 20:19:57.633, 1, 74 %, 4569 MiB, 32607 MiB
2026/09/11 20:19:57.634, 2, 62 %, 4567 MiB, 32607 MiB
2026/09/11 20:19:57.634, 3, 73 %, 4549 MiB, 32607 MiB
2026/09/11 20:20:02.634, 0, 73 %, 4547 MiB, 32607 MiB
2026/09/11 20:20:02.635, 1, 72 %, 4569 MiB, 32607 MiB
2026/09/11 20:20:02.635, 2, 74 %, 4567 MiB, 32607 MiB
2026/09/11 20:20:02.635, 3, 72 %, 4549 MiB, 32607 MiB
2026/09/11 20:20:07.636, 0, 54 %, 4547 MiB, 32607 MiB
2026/09/11 20:20:07.636, 1, 100 %, 4569 MiB, 32607 MiB
2026/09/11 20:20:07.636, 2, 100 %, 4567 MiB, 32607 MiB
2026/09/11 20:20:07.636, 3, 100 %, 4549 MiB, 32607 MiB
2026/09/11 20:20:12.637, 0, 0 %, 4547 MiB, 32607 MiB
2026/09/11 20:20:12.637, 1, 100 %, 4569 MiB, 32607 MiB
2026/09/11 20:20:12.637, 2, 100 %, 4567 MiB, 32607 MiB
2026/09/11 20:20:12.637, 3, 100 %, 4549 MiB, 32607 MiB
2026/09/11 20:20:17.638, 0, 72 %, 4547 MiB, 32607 MiB
2026/09/11 20:20:17.638, 1, 70 %, 4569 MiB, 32607 MiB
2026/09/11 20:20:17.639, 2, 69 %, 4567 MiB, 32607 MiB
2026/09/11 20:20:17.639, 3, 73 %, 4549 MiB, 32607 MiB
2026/09/11 20:20:22.639, 0, 48 %, 4547 MiB, 32607 MiB
2026/09/11 20:20:22.640, 1, 67 %, 4569 MiB, 32607 MiB
2026/09/11 20:20:22.640, 2, 68 %, 4567 MiB, 32607 MiB
2026/09/11 20:20:22.640, 3, 81 %, 4549 MiB, 32607 MiB
2026/09/11 20:20:27.641, 0, 79 %, 4547 MiB, 32607 MiB
2026/09/11 20:20:27.641, 1, 83 %, 4569 MiB, 32607 MiB
2026/09/11 20:20:27.641, 2, 82 %, 4567 MiB, 32607 MiB
2026/09/11 20:20:27.641, 3, 81 %, 4549 MiB, 32607 MiB
2026/09/11 20:20:32.642, 0, 79 %, 4547 MiB, 32607 MiB
2026/09/11 20:20:32.642, 1, 68 %, 4569 MiB, 32607 MiB
2026/09/11 20:20:32.642, 2, 69 %, 4567 MiB, 32607 MiB
2026/09/11 20:20:32.643, 3, 69 %, 4549 MiB, 32607 MiB
2026/09/11 20:20:37.643, 0, 75 %, 4547 MiB, 32607 MiB
2026/09/11 20:20:37.643, 1, 68 %, 4569 MiB, 32607 MiB
2026/09/11 20:20:37.644, 2, 68 %, 4567 MiB, 32607 MiB
2026/09/11 20:20:37.644, 3, 76 %, 4549 MiB, 32607 MiB
2026/09/11 20:20:42.644, 0, 73 %, 4547 MiB, 32607 MiB
2026/09/11 20:20:42.645, 1, 80 %, 4569 MiB, 32607 MiB
2026/09/11 20:20:42.645, 2, 69 %, 4567 MiB, 32607 MiB
2026/09/11 20:20:42.645, 3, 75 %, 4549 MiB, 32607 MiB
2026/09/11 20:20:47.646, 0, 81 %, 4547 MiB, 32607 MiB
2026/09/11 20:20:47.646, 1, 81 %, 4569 MiB, 32607 MiB
2026/09/11 20:20:47.646, 2, 74 %, 4567 MiB, 32607 MiB
2026/09/11 20:20:47.647, 3, 56 %, 4549 MiB, 32607 MiB
2026/09/11 20:20:52.647, 0, 65 %, 4547 MiB, 32607 MiB
2026/09/11 20:20:52.648, 1, 70 %, 4569 MiB, 32607 MiB
2026/09/11 20:20:52.648, 2, 77 %, 4567 MiB, 32607 MiB
2026/09/11 20:20:52.648, 3, 74 %, 4549 MiB, 32607 MiB
2026/09/11 20:20:57.649, 0, 76 %, 4547 MiB, 32607 MiB
2026/09/11 20:20:57.649, 1, 77 %, 4569 MiB, 32607 MiB
2026/09/11 20:20:57.649, 2, 76 %, 4567 MiB, 32607 MiB
2026/09/11 20:20:57.649, 3, 64 %, 4549 MiB, 32607 MiB
2026/09/11 20:21:02.650, 0, 75 %, 4547 MiB, 32607 MiB
2026/09/11 20:21:02.650, 1, 67 %, 4569 MiB, 32607 MiB
2026/09/11 20:21:02.650, 2, 62 %, 4567 MiB, 32607 MiB
2026/09/11 20:21:02.650, 3, 73 %, 4549 MiB, 32607 MiB
2026/09/11 20:21:07.651, 0, 73 %, 4547 MiB, 32607 MiB
2026/09/11 20:21:07.651, 1, 76 %, 4569 MiB, 32607 MiB
2026/09/11 20:21:07.651, 2, 78 %, 4567 MiB, 32607 MiB
2026/09/11 20:21:07.651, 3, 62 %, 4549 MiB, 32607 MiB
2026/09/11 20:21:12.652, 0, 84 %, 4547 MiB, 32607 MiB
2026/09/11 20:21:12.652, 1, 72 %, 4569 MiB, 32607 MiB
2026/09/11 20:21:12.653, 2, 81 %, 4567 MiB, 32607 MiB
2026/09/11 20:21:12.653, 3, 82 %, 4549 MiB, 32607 MiB
2026/09/11 20:21:17.653, 0, 83 %, 4547 MiB, 32607 MiB
2026/09/11 20:21:17.654, 1, 74 %, 4569 MiB, 32607 MiB
2026/09/11 20:21:17.654, 2, 70 %, 4567 MiB, 32607 MiB
2026/09/11 20:21:17.654, 3, 66 %, 4549 MiB, 32607 MiB
2026/09/11 20:21:22.655, 0, 78 %, 4547 MiB, 32607 MiB
2026/09/11 20:21:22.655, 1, 76 %, 4569 MiB, 32607 MiB
2026/09/11 20:21:22.655, 2, 73 %, 4567 MiB, 32607 MiB
2026/09/11 20:21:22.655, 3, 86 %, 4549 MiB, 32607 MiB
2026/09/11 20:21:27.656, 0, 76 %, 4547 MiB, 32607 MiB
2026/09/11 20:21:27.656, 1, 76 %, 4569 MiB, 32607 MiB
2026/09/11 20:21:27.656, 2, 72 %, 4567 MiB, 32607 MiB
2026/09/11 20:21:27.656, 3, 76 %, 4549 MiB, 32607 MiB
2026/09/11 20:21:32.657, 0, 67 %, 4547 MiB, 32607 MiB
2026/09/11 20:21:32.657, 1, 82 %, 4569 MiB, 32607 MiB
2026/09/11 20:21:32.658, 2, 78 %, 4567 MiB, 32607 MiB
2026/09/11 20:21:32.658, 3, 79 %, 4549 MiB, 32607 MiB
2026/09/11 20:21:37.658, 0, 76 %, 4547 MiB, 32607 MiB
2026/09/11 20:21:37.659, 1, 69 %, 4569 MiB, 32607 MiB
2026/09/11 20:21:37.659, 2, 78 %, 4567 MiB, 32607 MiB
2026/09/11 20:21:37.659, 3, 74 %, 4549 MiB, 32607 MiB
2026/09/11 20:21:42.660, 0, 71 %, 4547 MiB, 32607 MiB
2026/09/11 20:21:42.661, 1, 72 %, 4569 MiB, 32607 MiB
2026/09/11 20:21:42.662, 2, 73 %, 4567 MiB, 32607 MiB
2026/09/11 20:21:42.662, 3, 69 %, 4549 MiB, 32607 MiB
2026/09/11 20:21:47.663, 0, 85 %, 4547 MiB, 32607 MiB
2026/09/11 20:21:47.663, 1, 82 %, 4569 MiB, 32607 MiB
2026/09/11 20:21:47.663, 2, 75 %, 4567 MiB, 32607 MiB
2026/09/11 20:21:47.663, 3, 78 %, 4549 MiB, 32607 MiB
2026/09/11 20:21:52.664, 0, 83 %, 4547 MiB, 32607 MiB
2026/09/11 20:21:52.664, 1, 72 %, 4569 MiB, 32607 MiB
2026/09/11 20:21:52.664, 2, 79 %, 4567 MiB, 32607 MiB
2026/09/11 20:21:52.665, 3, 69 %, 4549 MiB, 32607 MiB
2026/09/11 20:21:57.665, 0, 77 %, 4547 MiB, 32607 MiB
2026/09/11 20:21:57.665, 1, 81 %, 4569 MiB, 32607 MiB
2026/09/11 20:21:57.666, 2, 78 %, 4567 MiB, 32607 MiB
2026/09/11 20:21:57.666, 3, 81 %, 4549 MiB, 32607 MiB
2026/09/11 20:22:02.666, 0, 72 %, 4547 MiB, 32607 MiB
2026/09/11 20:22:02.667, 1, 67 %, 4569 MiB, 32607 MiB
2026/09/11 20:22:02.667, 2, 69 %, 4567 MiB, 32607 MiB
2026/09/11 20:22:02.667, 3, 67 %, 4549 MiB, 32607 MiB
2026/09/11 20:22:07.668, 0, 72 %, 4547 MiB, 32607 MiB
2026/09/11 20:22:07.668, 1, 77 %, 4569 MiB, 32607 MiB
2026/09/11 20:22:07.668, 2, 73 %, 4567 MiB, 32607 MiB
2026/09/11 20:22:07.668, 3, 76 %, 4549 MiB, 32607 MiB
2026/09/11 20:22:12.669, 0, 75 %, 4547 MiB, 32607 MiB
2026/09/11 20:22:12.669, 1, 73 %, 4569 MiB, 32607 MiB
2026/09/11 20:22:12.669, 2, 72 %, 4567 MiB, 32607 MiB
2026/09/11 20:22:12.669, 3, 64 %, 4549 MiB, 32607 MiB
2026/09/11 20:22:17.670, 0, 72 %, 4547 MiB, 32607 MiB
2026/09/11 20:22:17.670, 1, 73 %, 4569 MiB, 32607 MiB
2026/09/11 20:22:17.670, 2, 76 %, 4567 MiB, 32607 MiB
2026/09/11 20:22:17.671, 3, 77 %, 4549 MiB, 32607 MiB
2026/09/11 20:22:22.671, 0, 71 %, 4547 MiB, 32607 MiB
2026/09/11 20:22:22.671, 1, 83 %, 4569 MiB, 32607 MiB
2026/09/11 20:22:22.672, 2, 76 %, 4567 MiB, 32607 MiB
2026/09/11 20:22:22.672, 3, 82 %, 4549 MiB, 32607 MiB
2026/09/11 20:22:27.672, 0, 84 %, 4547 MiB, 32607 MiB
2026/09/11 20:22:27.673, 1, 80 %, 4569 MiB, 32607 MiB
2026/09/11 20:22:27.673, 2, 69 %, 4567 MiB, 32607 MiB
2026/09/11 20:22:27.673, 3, 70 %, 4549 MiB, 32607 MiB
2026/09/11 20:22:32.673, 0, 64 %, 4547 MiB, 32607 MiB
2026/09/11 20:22:32.674, 1, 75 %, 4569 MiB, 32607 MiB
2026/09/11 20:22:32.674, 2, 75 %, 4567 MiB, 32607 MiB
2026/09/11 20:22:32.674, 3, 77 %, 4549 MiB, 32607 MiB
2026/09/11 20:22:37.675, 0, 0 %, 4547 MiB, 32607 MiB
2026/09/11 20:22:37.675, 1, 100 %, 4569 MiB, 32607 MiB
2026/09/11 20:22:37.675, 2, 83 %, 4567 MiB, 32607 MiB
2026/09/11 20:22:37.675, 3, 68 %, 4549 MiB, 32607 MiB
2026/09/11 20:22:42.676, 0, 67 %, 4547 MiB, 32607 MiB
2026/09/11 20:22:42.676, 1, 62 %, 4569 MiB, 32607 MiB
2026/09/11 20:22:42.676, 2, 72 %, 4567 MiB, 32607 MiB
2026/09/11 20:22:42.676, 3, 73 %, 4549 MiB, 32607 MiB
2026/09/11 20:22:47.677, 0, 71 %, 4547 MiB, 32607 MiB
2026/09/11 20:22:47.677, 1, 71 %, 4569 MiB, 32607 MiB
2026/09/11 20:22:47.677, 2, 74 %, 4567 MiB, 32607 MiB
2026/09/11 20:22:47.678, 3, 79 %, 4549 MiB, 32607 MiB
2026/09/11 20:22:52.678, 0, 80 %, 4547 MiB, 32607 MiB
2026/09/11 20:22:52.679, 1, 72 %, 4569 MiB, 32607 MiB
2026/09/11 20:22:52.679, 2, 74 %, 4567 MiB, 32607 MiB
2026/09/11 20:22:52.679, 3, 71 %, 4549 MiB, 32607 MiB
2026/09/11 20:22:57.680, 0, 80 %, 4547 MiB, 32607 MiB
2026/09/11 20:22:57.680, 1, 69 %, 4569 MiB, 32607 MiB
2026/09/11 20:22:57.680, 2, 69 %, 4567 MiB, 32607 MiB
2026/09/11 20:22:57.680, 3, 80 %, 4549 MiB, 32607 MiB
2026/09/11 20:23:02.681, 0, 68 %, 4547 MiB, 32607 MiB
2026/09/11 20:23:02.681, 1, 73 %, 4569 MiB, 32607 MiB
2026/09/11 20:23:02.681, 2, 67 %, 4567 MiB, 32607 MiB
2026/09/11 20:23:02.681, 3, 68 %, 4549 MiB, 32607 MiB
2026/09/11 20:23:07.682, 0, 78 %, 4547 MiB, 32607 MiB
2026/09/11 20:23:07.682, 1, 66 %, 4569 MiB, 32607 MiB
2026/09/11 20:23:07.682, 2, 75 %, 4567 MiB, 32607 MiB
2026/09/11 20:23:07.683, 3, 76 %, 4549 MiB, 32607 MiB
2026/09/11 20:23:12.683, 0, 76 %, 4547 MiB, 32607 MiB
2026/09/11 20:23:12.683, 1, 70 %, 4569 MiB, 32607 MiB
2026/09/11 20:23:12.684, 2, 75 %, 4567 MiB, 32607 MiB
2026/09/11 20:23:12.684, 3, 70 %, 4549 MiB, 32607 MiB
2026/09/11 20:23:17.684, 0, 36 %, 4547 MiB, 32607 MiB
2026/09/11 20:23:17.684, 1, 100 %, 4569 MiB, 32607 MiB
2026/09/11 20:23:17.685, 2, 100 %, 4567 MiB, 32607 MiB
2026/09/11 20:23:17.685, 3, 100 %, 4549 MiB, 32607 MiB
2026/09/11 20:23:22.685, 0, 88 %, 4547 MiB, 32607 MiB
2026/09/11 20:23:22.685, 1, 68 %, 4569 MiB, 32607 MiB
2026/09/11 20:23:22.686, 2, 69 %, 4567 MiB, 32607 MiB
2026/09/11 20:23:22.686, 3, 81 %, 4549 MiB, 32607 MiB
2026/09/11 20:23:27.686, 0, 76 %, 4547 MiB, 32607 MiB
2026/09/11 20:23:27.687, 1, 78 %, 4569 MiB, 32607 MiB
2026/09/11 20:23:27.687, 2, 76 %, 4567 MiB, 32607 MiB
2026/09/11 20:23:27.687, 3, 80 %, 4549 MiB, 32607 MiB
2026/09/11 20:23:32.687, 0, 72 %, 4547 MiB, 32607 MiB
2026/09/11 20:23:32.688, 1, 75 %, 4569 MiB, 32607 MiB
2026/09/11 20:23:32.688, 2, 69 %, 4567 MiB, 32607 MiB
2026/09/11 20:23:32.688, 3, 76 %, 4549 MiB, 32607 MiB
2026/09/11 20:23:37.688, 0, 79 %, 4547 MiB, 32607 MiB
2026/09/11 20:23:37.689, 1, 77 %, 4569 MiB, 32607 MiB
2026/09/11 20:23:37.689, 2, 81 %, 4567 MiB, 32607 MiB
2026/09/11 20:23:37.689, 3, 68 %, 4549 MiB, 32607 MiB
2026/09/11 20:23:42.690, 0, 79 %, 4547 MiB, 32607 MiB
2026/09/11 20:23:42.690, 1, 71 %, 4569 MiB, 32607 MiB
2026/09/11 20:23:42.690, 2, 70 %, 4567 MiB, 32607 MiB
2026/09/11 20:23:42.690, 3, 81 %, 4549 MiB, 32607 MiB
2026/09/11 20:23:47.691, 0, 76 %, 4547 MiB, 32607 MiB
2026/09/11 20:23:47.691, 1, 62 %, 4569 MiB, 32607 MiB
2026/09/11 20:23:47.691, 2, 73 %, 4567 MiB, 32607 MiB
2026/09/11 20:23:47.691, 3, 72 %, 4549 MiB, 32607 MiB
2026/09/11 20:23:52.692, 0, 77 %, 4547 MiB, 32607 MiB
2026/09/11 20:23:52.692, 1, 78 %, 4569 MiB, 32607 MiB
2026/09/11 20:23:52.692, 2, 56 %, 4567 MiB, 32607 MiB
2026/09/11 20:23:52.693, 3, 67 %, 4549 MiB, 32607 MiB
2026/09/11 20:23:57.693, 0, 69 %, 4547 MiB, 32607 MiB
2026/09/11 20:23:57.693, 1, 74 %, 4569 MiB, 32607 MiB
2026/09/11 20:23:57.694, 2, 40 %, 4567 MiB, 32607 MiB
2026/09/11 20:23:57.694, 3, 61 %, 4549 MiB, 32607 MiB
2026/09/11 20:24:02.694, 0, 81 %, 4547 MiB, 32607 MiB
2026/09/11 20:24:02.695, 1, 74 %, 4569 MiB, 32607 MiB
2026/09/11 20:24:02.695, 2, 65 %, 4567 MiB, 32607 MiB
2026/09/11 20:24:02.695, 3, 73 %, 4549 MiB, 32607 MiB
2026/09/11 20:24:07.696, 0, 74 %, 4547 MiB, 32607 MiB
2026/09/11 20:24:07.696, 1, 76 %, 4569 MiB, 32607 MiB
2026/09/11 20:24:07.696, 2, 72 %, 4567 MiB, 32607 MiB
2026/09/11 20:24:07.696, 3, 73 %, 4549 MiB, 32607 MiB
2026/09/11 20:24:12.697, 0, 80 %, 4547 MiB, 32607 MiB
2026/09/11 20:24:12.697, 1, 66 %, 4569 MiB, 32607 MiB
2026/09/11 20:24:12.698, 2, 83 %, 4567 MiB, 32607 MiB
2026/09/11 20:24:12.698, 3, 79 %, 4549 MiB, 32607 MiB
2026/09/11 20:24:17.698, 0, 83 %, 4547 MiB, 32607 MiB
2026/09/11 20:24:17.699, 1, 72 %, 4569 MiB, 32607 MiB
2026/09/11 20:24:17.699, 2, 68 %, 4567 MiB, 32607 MiB
2026/09/11 20:24:17.699, 3, 79 %, 4549 MiB, 32607 MiB
2026/09/11 20:24:22.700, 0, 76 %, 4547 MiB, 32607 MiB
2026/09/11 20:24:22.700, 1, 71 %, 4569 MiB, 32607 MiB
2026/09/11 20:24:22.700, 2, 72 %, 4567 MiB, 32607 MiB
2026/09/11 20:24:22.700, 3, 78 %, 4549 MiB, 32607 MiB
2026/09/11 20:24:27.701, 0, 83 %, 4547 MiB, 32607 MiB
2026/09/11 20:24:27.701, 1, 74 %, 4569 MiB, 32607 MiB
2026/09/11 20:24:27.701, 2, 72 %, 4567 MiB, 32607 MiB
2026/09/11 20:24:27.702, 3, 71 %, 4549 MiB, 32607 MiB
2026/09/11 20:24:32.702, 0, 0 %, 4547 MiB, 32607 MiB
2026/09/11 20:24:32.702, 1, 37 %, 4569 MiB, 32607 MiB
2026/09/11 20:24:32.703, 2, 64 %, 4567 MiB, 32607 MiB
2026/09/11 20:24:32.703, 3, 75 %, 4549 MiB, 32607 MiB
2026/09/11 20:24:37.703, 0, 73 %, 4547 MiB, 32607 MiB
2026/09/11 20:24:37.704, 1, 76 %, 4569 MiB, 32607 MiB
2026/09/11 20:24:37.704, 2, 65 %, 4567 MiB, 32607 MiB
2026/09/11 20:24:37.704, 3, 77 %, 4549 MiB, 32607 MiB
2026/09/11 20:24:42.704, 0, 68 %, 4547 MiB, 32607 MiB
2026/09/11 20:24:42.705, 1, 79 %, 4569 MiB, 32607 MiB
2026/09/11 20:24:42.705, 2, 60 %, 4567 MiB, 32607 MiB
2026/09/11 20:24:42.705, 3, 76 %, 4549 MiB, 32607 MiB
2026/09/11 20:24:47.706, 0, 75 %, 4547 MiB, 32607 MiB
2026/09/11 20:24:47.706, 1, 64 %, 4569 MiB, 32607 MiB
2026/09/11 20:24:47.706, 2, 70 %, 4567 MiB, 32607 MiB
2026/09/11 20:24:47.706, 3, 74 %, 4549 MiB, 32607 MiB
2026/09/11 20:24:52.707, 0, 82 %, 4547 MiB, 32607 MiB
2026/09/11 20:24:52.707, 1, 70 %, 4569 MiB, 32607 MiB
2026/09/11 20:24:52.707, 2, 74 %, 4567 MiB, 32607 MiB
2026/09/11 20:24:52.707, 3, 75 %, 4549 MiB, 32607 MiB
2026/09/11 20:24:57.708, 0, 75 %, 4547 MiB, 32607 MiB
2026/09/11 20:24:57.708, 1, 81 %, 4569 MiB, 32607 MiB
2026/09/11 20:24:57.708, 2, 72 %, 4567 MiB, 32607 MiB
2026/09/11 20:24:57.709, 3, 68 %, 4549 MiB, 32607 MiB
2026/09/11 20:25:02.709, 0, 77 %, 4547 MiB, 32607 MiB
2026/09/11 20:25:02.710, 1, 68 %, 4569 MiB, 32607 MiB
2026/09/11 20:25:02.710, 2, 66 %, 4567 MiB, 32607 MiB
2026/09/11 20:25:02.710, 3, 64 %, 4549 MiB, 32607 MiB
2026/09/11 20:25:07.710, 0, 82 %, 4547 MiB, 32607 MiB
2026/09/11 20:25:07.711, 1, 51 %, 4569 MiB, 32607 MiB
2026/09/11 20:25:07.711, 2, 75 %, 4567 MiB, 32607 MiB
2026/09/11 20:25:07.711, 3, 75 %, 4549 MiB, 32607 MiB
2026/09/11 20:25:12.712, 0, 74 %, 4547 MiB, 32607 MiB
2026/09/11 20:25:12.712, 1, 78 %, 4569 MiB, 32607 MiB
2026/09/11 20:25:12.712, 2, 65 %, 4567 MiB, 32607 MiB
2026/09/11 20:25:12.712, 3, 83 %, 4549 MiB, 32607 MiB
2026/09/11 20:25:17.713, 0, 83 %, 4547 MiB, 32607 MiB
2026/09/11 20:25:17.713, 1, 88 %, 4569 MiB, 32607 MiB
2026/09/11 20:25:17.713, 2, 70 %, 4567 MiB, 32607 MiB
2026/09/11 20:25:17.713, 3, 66 %, 4549 MiB, 32607 MiB
2026/09/11 20:25:22.714, 0, 74 %, 4547 MiB, 32607 MiB
2026/09/11 20:25:22.714, 1, 63 %, 4569 MiB, 32607 MiB
2026/09/11 20:25:22.714, 2, 78 %, 4567 MiB, 32607 MiB
2026/09/11 20:25:22.715, 3, 74 %, 4549 MiB, 32607 MiB
2026/09/11 20:25:27.715, 0, 80 %, 4547 MiB, 32607 MiB
2026/09/11 20:25:27.715, 1, 54 %, 4569 MiB, 32607 MiB
2026/09/11 20:25:27.716, 2, 69 %, 4567 MiB, 32607 MiB
2026/09/11 20:25:27.716, 3, 69 %, 4549 MiB, 32607 MiB
2026/09/11 20:25:32.716, 0, 71 %, 4547 MiB, 32607 MiB
2026/09/11 20:25:32.717, 1, 68 %, 4569 MiB, 32607 MiB
2026/09/11 20:25:32.717, 2, 62 %, 4567 MiB, 32607 MiB
2026/09/11 20:25:32.717, 3, 71 %, 4549 MiB, 32607 MiB
2026/09/11 20:25:37.718, 0, 66 %, 4547 MiB, 32607 MiB
2026/09/11 20:25:37.718, 1, 53 %, 4569 MiB, 32607 MiB
2026/09/11 20:25:37.718, 2, 77 %, 4567 MiB, 32607 MiB
2026/09/11 20:25:37.718, 3, 79 %, 4549 MiB, 32607 MiB
2026/09/11 20:25:42.719, 0, 78 %, 4547 MiB, 32607 MiB
2026/09/11 20:25:42.719, 1, 75 %, 4569 MiB, 32607 MiB
2026/09/11 20:25:42.719, 2, 79 %, 4567 MiB, 32607 MiB
2026/09/11 20:25:42.719, 3, 76 %, 4549 MiB, 32607 MiB
2026/09/11 20:25:47.720, 0, 71 %, 4547 MiB, 32607 MiB
2026/09/11 20:25:47.720, 1, 76 %, 4569 MiB, 32607 MiB
2026/09/11 20:25:47.720, 2, 63 %, 4567 MiB, 32607 MiB
2026/09/11 20:25:47.721, 3, 73 %, 4549 MiB, 32607 MiB
2026/09/11 20:25:52.721, 0, 71 %, 4547 MiB, 32607 MiB
2026/09/11 20:25:52.722, 1, 53 %, 4569 MiB, 32607 MiB
2026/09/11 20:25:52.722, 2, 79 %, 4567 MiB, 32607 MiB
2026/09/11 20:25:52.722, 3, 64 %, 4549 MiB, 32607 MiB
2026/09/11 20:25:57.722, 0, 72 %, 4547 MiB, 32607 MiB
2026/09/11 20:25:57.723, 1, 74 %, 4569 MiB, 32607 MiB
2026/09/11 20:25:57.723, 2, 83 %, 4567 MiB, 32607 MiB
2026/09/11 20:25:57.723, 3, 81 %, 4549 MiB, 32607 MiB
2026/09/11 20:26:02.724, 0, 78 %, 4547 MiB, 32607 MiB
2026/09/11 20:26:02.724, 1, 67 %, 4569 MiB, 32607 MiB
2026/09/11 20:26:02.724, 2, 62 %, 4567 MiB, 32607 MiB
2026/09/11 20:26:02.724, 3, 74 %, 4549 MiB, 32607 MiB
2026/09/11 20:26:07.725, 0, 80 %, 4547 MiB, 32607 MiB
2026/09/11 20:26:07.725, 1, 68 %, 4569 MiB, 32607 MiB
2026/09/11 20:26:07.725, 2, 78 %, 4567 MiB, 32607 MiB
2026/09/11 20:26:07.725, 3, 81 %, 4549 MiB, 32607 MiB
2026/09/11 20:26:12.726, 0, 77 %, 4547 MiB, 32607 MiB
2026/09/11 20:26:12.726, 1, 75 %, 4569 MiB, 32607 MiB
2026/09/11 20:26:12.726, 2, 57 %, 4567 MiB, 32607 MiB
2026/09/11 20:26:12.726, 3, 70 %, 4549 MiB, 32607 MiB
2026/09/11 20:26:17.727, 0, 75 %, 4547 MiB, 32607 MiB
2026/09/11 20:26:17.727, 1, 71 %, 4569 MiB, 32607 MiB
2026/09/11 20:26:17.727, 2, 70 %, 4567 MiB, 32607 MiB
2026/09/11 20:26:17.728, 3, 68 %, 4549 MiB, 32607 MiB
2026/09/11 20:26:22.728, 0, 62 %, 4547 MiB, 32607 MiB
2026/09/11 20:26:22.728, 1, 100 %, 4569 MiB, 32607 MiB
2026/09/11 20:26:22.729, 2, 100 %, 4567 MiB, 32607 MiB
2026/09/11 20:26:22.729, 3, 100 %, 4549 MiB, 32607 MiB
2026/09/11 20:26:27.729, 0, 76 %, 4547 MiB, 32607 MiB
2026/09/11 20:26:27.730, 1, 65 %, 4569 MiB, 32607 MiB
2026/09/11 20:26:27.730, 2, 88 %, 4567 MiB, 32607 MiB
2026/09/11 20:26:27.730, 3, 100 %, 4549 MiB, 32607 MiB
2026/09/11 20:26:32.731, 0, 74 %, 4547 MiB, 32607 MiB
2026/09/11 20:26:32.731, 1, 69 %, 4569 MiB, 32607 MiB
2026/09/11 20:26:32.731, 2, 71 %, 4567 MiB, 32607 MiB
2026/09/11 20:26:32.732, 3, 72 %, 4549 MiB, 32607 MiB
2026/09/11 20:26:37.732, 0, 68 %, 4547 MiB, 32607 MiB
2026/09/11 20:26:37.732, 1, 94 %, 4569 MiB, 32607 MiB
2026/09/11 20:26:37.733, 2, 82 %, 4567 MiB, 32607 MiB
2026/09/11 20:26:37.733, 3, 49 %, 4549 MiB, 32607 MiB
2026/09/11 20:26:42.733, 0, 65 %, 4547 MiB, 32607 MiB
2026/09/11 20:26:42.734, 1, 78 %, 4569 MiB, 32607 MiB
2026/09/11 20:26:42.734, 2, 71 %, 4567 MiB, 32607 MiB
2026/09/11 20:26:42.734, 3, 57 %, 4549 MiB, 32607 MiB
2026/09/11 20:26:47.735, 0, 70 %, 4547 MiB, 32607 MiB
2026/09/11 20:26:47.735, 1, 74 %, 4569 MiB, 32607 MiB
2026/09/11 20:26:47.735, 2, 68 %, 4567 MiB, 32607 MiB
2026/09/11 20:26:47.735, 3, 81 %, 4549 MiB, 32607 MiB
2026/09/11 20:26:52.736, 0, 73 %, 4547 MiB, 32607 MiB
2026/09/11 20:26:52.736, 1, 64 %, 4569 MiB, 32607 MiB
2026/09/11 20:26:52.737, 2, 82 %, 4567 MiB, 32607 MiB
2026/09/11 20:26:52.737, 3, 71 %, 4549 MiB, 32607 MiB
2026/09/11 20:26:57.737, 0, 81 %, 4547 MiB, 32607 MiB
2026/09/11 20:26:57.738, 1, 71 %, 4569 MiB, 32607 MiB
2026/09/11 20:26:57.738, 2, 65 %, 4567 MiB, 32607 MiB
2026/09/11 20:26:57.738, 3, 73 %, 4549 MiB, 32607 MiB
2026/09/11 20:27:02.739, 0, 0 %, 4547 MiB, 32607 MiB
2026/09/11 20:27:02.739, 1, 81 %, 4569 MiB, 32607 MiB
2026/09/11 20:27:02.739, 2, 61 %, 4567 MiB, 32607 MiB
2026/09/11 20:27:02.739, 3, 56 %, 4549 MiB, 32607 MiB
2026/09/11 20:27:07.740, 0, 87 %, 4547 MiB, 32607 MiB
2026/09/11 20:27:07.740, 1, 80 %, 4569 MiB, 32607 MiB
2026/09/11 20:27:07.740, 2, 66 %, 4567 MiB, 32607 MiB
2026/09/11 20:27:07.740, 3, 66 %, 4549 MiB, 32607 MiB
2026/09/11 20:27:12.741, 0, 64 %, 4547 MiB, 32607 MiB
2026/09/11 20:27:12.741, 1, 80 %, 4569 MiB, 32607 MiB
2026/09/11 20:27:12.741, 2, 66 %, 4567 MiB, 32607 MiB
2026/09/11 20:27:12.741, 3, 81 %, 4549 MiB, 32607 MiB
2026/09/11 20:27:17.742, 0, 75 %, 4547 MiB, 32607 MiB
2026/09/11 20:27:17.742, 1, 73 %, 4569 MiB, 32607 MiB
2026/09/11 20:27:17.742, 2, 78 %, 4567 MiB, 32607 MiB
2026/09/11 20:27:17.743, 3, 79 %, 4549 MiB, 32607 MiB
2026/09/11 20:27:22.743, 0, 68 %, 4547 MiB, 32607 MiB
2026/09/11 20:27:22.743, 1, 71 %, 4569 MiB, 32607 MiB
2026/09/11 20:27:22.744, 2, 67 %, 4567 MiB, 32607 MiB
2026/09/11 20:27:22.744, 3, 79 %, 4549 MiB, 32607 MiB
2026/09/11 20:27:27.744, 0, 71 %, 4547 MiB, 32607 MiB
2026/09/11 20:27:27.745, 1, 81 %, 4569 MiB, 32607 MiB
2026/09/11 20:27:27.745, 2, 72 %, 4567 MiB, 32607 MiB
2026/09/11 20:27:27.745, 3, 71 %, 4549 MiB, 32607 MiB
2026/09/11 20:27:32.746, 0, 76 %, 4547 MiB, 32607 MiB
2026/09/11 20:27:32.746, 1, 63 %, 4569 MiB, 32607 MiB
2026/09/11 20:27:32.746, 2, 75 %, 4567 MiB, 32607 MiB
2026/09/11 20:27:32.746, 3, 79 %, 4549 MiB, 32607 MiB
2026/09/11 20:27:37.747, 0, 78 %, 4547 MiB, 32607 MiB
2026/09/11 20:27:37.747, 1, 75 %, 4569 MiB, 32607 MiB
2026/09/11 20:27:37.748, 2, 72 %, 4567 MiB, 32607 MiB
2026/09/11 20:27:37.748, 3, 62 %, 4549 MiB, 32607 MiB
2026/09/11 20:27:42.748, 0, 80 %, 4547 MiB, 32607 MiB
2026/09/11 20:27:42.749, 1, 76 %, 4569 MiB, 32607 MiB
2026/09/11 20:27:42.749, 2, 81 %, 4567 MiB, 32607 MiB
2026/09/11 20:27:42.749, 3, 77 %, 4549 MiB, 32607 MiB
2026/09/11 20:27:47.749, 0, 69 %, 4547 MiB, 32607 MiB
2026/09/11 20:27:47.750, 1, 76 %, 4569 MiB, 32607 MiB
2026/09/11 20:27:47.750, 2, 79 %, 4567 MiB, 32607 MiB
2026/09/11 20:27:47.750, 3, 81 %, 4549 MiB, 32607 MiB
2026/09/11 20:27:52.751, 0, 83 %, 4547 MiB, 32607 MiB
2026/09/11 20:27:52.751, 1, 69 %, 4569 MiB, 32607 MiB
2026/09/11 20:27:52.751, 2, 59 %, 4567 MiB, 32607 MiB
2026/09/11 20:27:52.751, 3, 69 %, 4549 MiB, 32607 MiB
2026/09/11 20:27:57.752, 0, 79 %, 4547 MiB, 32607 MiB
2026/09/11 20:27:57.752, 1, 67 %, 4569 MiB, 32607 MiB
2026/09/11 20:27:57.752, 2, 64 %, 4567 MiB, 32607 MiB
2026/09/11 20:27:57.753, 3, 70 %, 4549 MiB, 32607 MiB
2026/09/11 20:28:02.753, 0, 68 %, 4547 MiB, 32607 MiB
2026/09/11 20:28:02.753, 1, 72 %, 4569 MiB, 32607 MiB
2026/09/11 20:28:02.754, 2, 72 %, 4567 MiB, 32607 MiB
2026/09/11 20:28:02.754, 3, 68 %, 4549 MiB, 32607 MiB
2026/09/11 20:28:07.754, 0, 72 %, 4547 MiB, 32607 MiB
2026/09/11 20:28:07.755, 1, 66 %, 4569 MiB, 32607 MiB
2026/09/11 20:28:07.755, 2, 70 %, 4567 MiB, 32607 MiB
2026/09/11 20:28:07.755, 3, 71 %, 4549 MiB, 32607 MiB
2026/09/11 20:28:12.756, 0, 79 %, 4547 MiB, 32607 MiB
2026/09/11 20:28:12.756, 1, 80 %, 4569 MiB, 32607 MiB
2026/09/11 20:28:12.756, 2, 75 %, 4567 MiB, 32607 MiB
2026/09/11 20:28:12.756, 3, 64 %, 4549 MiB, 32607 MiB
2026/09/11 20:28:17.757, 0, 74 %, 4547 MiB, 32607 MiB
2026/09/11 20:28:17.757, 1, 80 %, 4569 MiB, 32607 MiB
2026/09/11 20:28:17.757, 2, 86 %, 4567 MiB, 32607 MiB
2026/09/11 20:28:17.757, 3, 83 %, 4549 MiB, 32607 MiB
2026/09/11 20:28:22.758, 0, 67 %, 4547 MiB, 32607 MiB
2026/09/11 20:28:22.758, 1, 78 %, 4569 MiB, 32607 MiB
2026/09/11 20:28:22.758, 2, 79 %, 4567 MiB, 32607 MiB
2026/09/11 20:28:22.759, 3, 69 %, 4549 MiB, 32607 MiB
2026/09/11 20:28:27.759, 0, 82 %, 4547 MiB, 32607 MiB
2026/09/11 20:28:27.759, 1, 78 %, 4569 MiB, 32607 MiB
2026/09/11 20:28:27.760, 2, 64 %, 4567 MiB, 32607 MiB
2026/09/11 20:28:27.760, 3, 70 %, 4549 MiB, 32607 MiB
2026/09/11 20:28:32.760, 0, 72 %, 4547 MiB, 32607 MiB
2026/09/11 20:28:32.761, 1, 77 %, 4569 MiB, 32607 MiB
2026/09/11 20:28:32.761, 2, 61 %, 4567 MiB, 32607 MiB
2026/09/11 20:28:32.761, 3, 79 %, 4549 MiB, 32607 MiB
2026/09/11 20:28:37.762, 0, 76 %, 4547 MiB, 32607 MiB
2026/09/11 20:28:37.764, 1, 69 %, 4569 MiB, 32607 MiB
2026/09/11 20:28:37.764, 2, 57 %, 4567 MiB, 32607 MiB
2026/09/11 20:28:37.765, 3, 78 %, 4549 MiB, 32607 MiB
2026/09/11 20:28:42.765, 0, 73 %, 4547 MiB, 32607 MiB
2026/09/11 20:28:42.766, 1, 74 %, 4569 MiB, 32607 MiB
2026/09/11 20:28:42.766, 2, 68 %, 4567 MiB, 32607 MiB
2026/09/11 20:28:42.766, 3, 72 %, 4549 MiB, 32607 MiB
2026/09/11 20:28:47.767, 0, 74 %, 4547 MiB, 32607 MiB
2026/09/11 20:28:47.767, 1, 60 %, 4569 MiB, 32607 MiB
2026/09/11 20:28:47.767, 2, 68 %, 4567 MiB, 32607 MiB
2026/09/11 20:28:47.768, 3, 75 %, 4549 MiB, 32607 MiB
2026/09/11 20:28:52.768, 0, 67 %, 4547 MiB, 32607 MiB
2026/09/11 20:28:52.768, 1, 73 %, 4569 MiB, 32607 MiB
2026/09/11 20:28:52.769, 2, 63 %, 4567 MiB, 32607 MiB
2026/09/11 20:28:52.769, 3, 69 %, 4549 MiB, 32607 MiB
2026/09/11 20:28:57.769, 0, 80 %, 4547 MiB, 32607 MiB
2026/09/11 20:28:57.770, 1, 82 %, 4569 MiB, 32607 MiB
2026/09/11 20:28:57.770, 2, 69 %, 4567 MiB, 32607 MiB
2026/09/11 20:28:57.770, 3, 82 %, 4549 MiB, 32607 MiB
2026/09/11 20:29:02.771, 0, 71 %, 4547 MiB, 32607 MiB
2026/09/11 20:29:02.771, 1, 77 %, 4569 MiB, 32607 MiB
2026/09/11 20:29:02.771, 2, 60 %, 4567 MiB, 32607 MiB
2026/09/11 20:29:02.771, 3, 69 %, 4549 MiB, 32607 MiB
2026/09/11 20:29:07.772, 0, 80 %, 4547 MiB, 32607 MiB
2026/09/11 20:29:07.772, 1, 70 %, 4569 MiB, 32607 MiB
2026/09/11 20:29:07.772, 2, 80 %, 4567 MiB, 32607 MiB
2026/09/11 20:29:07.773, 3, 65 %, 4549 MiB, 32607 MiB
2026/09/11 20:29:12.773, 0, 69 %, 4547 MiB, 32607 MiB
2026/09/11 20:29:12.774, 1, 79 %, 4569 MiB, 32607 MiB
2026/09/11 20:29:12.774, 2, 79 %, 4567 MiB, 32607 MiB
2026/09/11 20:29:12.774, 3, 77 %, 4549 MiB, 32607 MiB
2026/09/11 20:29:17.775, 0, 70 %, 4547 MiB, 32607 MiB
2026/09/11 20:29:17.775, 1, 82 %, 4569 MiB, 32607 MiB
2026/09/11 20:29:17.775, 2, 68 %, 4567 MiB, 32607 MiB
2026/09/11 20:29:17.775, 3, 70 %, 4549 MiB, 32607 MiB
2026/09/11 20:29:22.776, 0, 85 %, 4547 MiB, 32607 MiB
2026/09/11 20:29:22.776, 1, 75 %, 4569 MiB, 32607 MiB
2026/09/11 20:29:22.776, 2, 76 %, 4567 MiB, 32607 MiB
2026/09/11 20:29:22.777, 3, 57 %, 4549 MiB, 32607 MiB
2026/09/11 20:29:27.777, 0, 67 %, 4547 MiB, 32607 MiB
2026/09/11 20:29:27.777, 1, 100 %, 4569 MiB, 32607 MiB
2026/09/11 20:29:27.778, 2, 100 %, 4567 MiB, 32607 MiB
2026/09/11 20:29:27.778, 3, 100 %, 4549 MiB, 32607 MiB
2026/09/11 20:29:32.778, 0, 74 %, 4547 MiB, 32607 MiB
2026/09/11 20:29:32.779, 1, 100 %, 4569 MiB, 32607 MiB
2026/09/11 20:29:32.779, 2, 100 %, 4567 MiB, 32607 MiB
2026/09/11 20:29:32.779, 3, 100 %, 4549 MiB, 32607 MiB
2026/09/11 20:29:37.780, 0, 87 %, 4547 MiB, 32607 MiB
2026/09/11 20:29:37.780, 1, 77 %, 4569 MiB, 32607 MiB
2026/09/11 20:29:37.780, 2, 79 %, 4567 MiB, 32607 MiB
2026/09/11 20:29:37.780, 3, 82 %, 4549 MiB, 32607 MiB
2026/09/11 20:29:42.781, 0, 76 %, 4547 MiB, 32607 MiB
2026/09/11 20:29:42.781, 1, 78 %, 4569 MiB, 32607 MiB
2026/09/11 20:29:42.781, 2, 59 %, 4567 MiB, 32607 MiB
2026/09/11 20:29:42.781, 3, 85 %, 4549 MiB, 32607 MiB
2026/09/11 20:29:47.782, 0, 71 %, 4547 MiB, 32607 MiB
2026/09/11 20:29:47.782, 1, 72 %, 4569 MiB, 32607 MiB
2026/09/11 20:29:47.782, 2, 75 %, 4567 MiB, 32607 MiB
2026/09/11 20:29:47.783, 3, 76 %, 4549 MiB, 32607 MiB
2026/09/11 20:29:52.783, 0, 64 %, 4547 MiB, 32607 MiB
2026/09/11 20:29:52.783, 1, 58 %, 4569 MiB, 32607 MiB
2026/09/11 20:29:52.784, 2, 75 %, 4567 MiB, 32607 MiB
2026/09/11 20:29:52.784, 3, 72 %, 4549 MiB, 32607 MiB
2026/09/11 20:29:57.784, 0, 76 %, 4547 MiB, 32607 MiB
2026/09/11 20:29:57.785, 1, 73 %, 4569 MiB, 32607 MiB
2026/09/11 20:29:57.785, 2, 66 %, 4567 MiB, 32607 MiB
2026/09/11 20:29:57.785, 3, 75 %, 4549 MiB, 32607 MiB
2026/09/11 20:30:02.785, 0, 82 %, 4547 MiB, 32607 MiB
2026/09/11 20:30:02.786, 1, 71 %, 4569 MiB, 32607 MiB
2026/09/11 20:30:02.786, 2, 69 %, 4567 MiB, 32607 MiB
2026/09/11 20:30:02.786, 3, 74 %, 4549 MiB, 32607 MiB
2026/09/11 20:30:07.787, 0, 0 %, 4547 MiB, 32607 MiB
2026/09/11 20:30:07.787, 1, 89 %, 4569 MiB, 32607 MiB
2026/09/11 20:30:07.787, 2, 72 %, 4567 MiB, 32607 MiB
2026/09/11 20:30:07.787, 3, 73 %, 4549 MiB, 32607 MiB
2026/09/11 20:30:12.788, 0, 77 %, 4547 MiB, 32607 MiB
2026/09/11 20:30:12.788, 1, 68 %, 4569 MiB, 32607 MiB
2026/09/11 20:30:12.788, 2, 78 %, 4567 MiB, 32607 MiB
2026/09/11 20:30:12.789, 3, 80 %, 4549 MiB, 32607 MiB
2026/09/11 20:30:17.789, 0, 73 %, 4547 MiB, 32607 MiB
2026/09/11 20:30:17.789, 1, 78 %, 4569 MiB, 32607 MiB
2026/09/11 20:30:17.790, 2, 80 %, 4567 MiB, 32607 MiB
2026/09/11 20:30:17.790, 3, 72 %, 4549 MiB, 32607 MiB
2026/09/11 20:30:22.790, 0, 72 %, 4547 MiB, 32607 MiB
2026/09/11 20:30:22.791, 1, 62 %, 4569 MiB, 32607 MiB
2026/09/11 20:30:22.791, 2, 72 %, 4567 MiB, 32607 MiB
2026/09/11 20:30:22.791, 3, 59 %, 4549 MiB, 32607 MiB
2026/09/11 20:30:27.791, 0, 61 %, 4547 MiB, 32607 MiB
2026/09/11 20:30:27.792, 1, 83 %, 4569 MiB, 32607 MiB
2026/09/11 20:30:27.792, 2, 76 %, 4567 MiB, 32607 MiB
2026/09/11 20:30:27.792, 3, 84 %, 4549 MiB, 32607 MiB
2026/09/11 20:30:32.793, 0, 82 %, 4547 MiB, 32607 MiB
2026/09/11 20:30:32.793, 1, 73 %, 4569 MiB, 32607 MiB
2026/09/11 20:30:32.793, 2, 73 %, 4567 MiB, 32607 MiB
2026/09/11 20:30:32.793, 3, 72 %, 4549 MiB, 32607 MiB
2026/09/11 20:30:37.794, 0, 82 %, 4547 MiB, 32607 MiB
2026/09/11 20:30:37.794, 1, 76 %, 4569 MiB, 32607 MiB
2026/09/11 20:30:37.794, 2, 77 %, 4567 MiB, 32607 MiB
2026/09/11 20:30:37.795, 3, 77 %, 4549 MiB, 32607 MiB
2026/09/11 20:30:42.795, 0, 81 %, 4547 MiB, 32607 MiB
2026/09/11 20:30:42.795, 1, 79 %, 4569 MiB, 32607 MiB
2026/09/11 20:30:42.796, 2, 54 %, 4567 MiB, 32607 MiB
2026/09/11 20:30:42.796, 3, 82 %, 4549 MiB, 32607 MiB
2026/09/11 20:30:47.796, 0, 60 %, 4547 MiB, 32607 MiB
2026/09/11 20:30:47.797, 1, 68 %, 4569 MiB, 32607 MiB
2026/09/11 20:30:47.797, 2, 75 %, 4567 MiB, 32607 MiB
2026/09/11 20:30:47.797, 3, 70 %, 4549 MiB, 32607 MiB
2026/09/11 20:30:52.797, 0, 64 %, 4547 MiB, 32607 MiB
2026/09/11 20:30:52.798, 1, 77 %, 4569 MiB, 32607 MiB
2026/09/11 20:30:52.798, 2, 66 %, 4567 MiB, 32607 MiB
2026/09/11 20:30:52.798, 3, 79 %, 4549 MiB, 32607 MiB
2026/09/11 20:30:57.799, 0, 71 %, 4547 MiB, 32607 MiB
2026/09/11 20:30:57.799, 1, 72 %, 4569 MiB, 32607 MiB
2026/09/11 20:30:57.799, 2, 83 %, 4567 MiB, 32607 MiB
2026/09/11 20:30:57.799, 3, 82 %, 4549 MiB, 32607 MiB
2026/09/11 20:31:02.800, 0, 73 %, 4547 MiB, 32607 MiB
2026/09/11 20:31:02.800, 1, 74 %, 4569 MiB, 32607 MiB
2026/09/11 20:31:02.800, 2, 78 %, 4567 MiB, 32607 MiB
2026/09/11 20:31:02.801, 3, 67 %, 4549 MiB, 32607 MiB
2026/09/11 20:31:07.801, 0, 77 %, 4547 MiB, 32607 MiB
2026/09/11 20:31:07.801, 1, 79 %, 4569 MiB, 32607 MiB
2026/09/11 20:31:07.802, 2, 69 %, 4567 MiB, 32607 MiB
2026/09/11 20:31:07.802, 3, 81 %, 4549 MiB, 32607 MiB
2026/09/11 20:31:12.802, 0, 78 %, 4547 MiB, 32607 MiB
2026/09/11 20:31:12.803, 1, 68 %, 4569 MiB, 32607 MiB
2026/09/11 20:31:12.803, 2, 76 %, 4567 MiB, 32607 MiB
2026/09/11 20:31:12.803, 3, 67 %, 4549 MiB, 32607 MiB
2026/09/11 20:31:17.804, 0, 75 %, 4547 MiB, 32607 MiB
2026/09/11 20:31:17.804, 1, 54 %, 4569 MiB, 32607 MiB
2026/09/11 20:31:17.804, 2, 81 %, 4567 MiB, 32607 MiB
2026/09/11 20:31:17.804, 3, 64 %, 4549 MiB, 32607 MiB
2026/09/11 20:31:22.805, 0, 72 %, 4547 MiB, 32607 MiB
2026/09/11 20:31:22.805, 1, 77 %, 4569 MiB, 32607 MiB
2026/09/11 20:31:22.806, 2, 74 %, 4567 MiB, 32607 MiB
2026/09/11 20:31:22.806, 3, 76 %, 4549 MiB, 32607 MiB
2026/09/11 20:31:27.806, 0, 79 %, 4547 MiB, 32607 MiB
2026/09/11 20:31:27.807, 1, 69 %, 4569 MiB, 32607 MiB
2026/09/11 20:31:27.807, 2, 74 %, 4567 MiB, 32607 MiB
2026/09/11 20:31:27.807, 3, 70 %, 4549 MiB, 32607 MiB
2026/09/11 20:31:32.807, 0, 80 %, 4547 MiB, 32607 MiB
2026/09/11 20:31:32.808, 1, 78 %, 4569 MiB, 32607 MiB
2026/09/11 20:31:32.808, 2, 68 %, 4567 MiB, 32607 MiB
2026/09/11 20:31:32.808, 3, 80 %, 4549 MiB, 32607 MiB
2026/09/11 20:31:37.809, 0, 85 %, 4547 MiB, 32607 MiB
2026/09/11 20:31:37.809, 1, 67 %, 4569 MiB, 32607 MiB
2026/09/11 20:31:37.809, 2, 78 %, 4567 MiB, 32607 MiB
2026/09/11 20:31:37.810, 3, 74 %, 4549 MiB, 32607 MiB
2026/09/11 20:31:42.810, 0, 76 %, 4547 MiB, 32607 MiB
2026/09/11 20:31:42.810, 1, 79 %, 4569 MiB, 32607 MiB
2026/09/11 20:31:42.811, 2, 62 %, 4567 MiB, 32607 MiB
2026/09/11 20:31:42.811, 3, 62 %, 4549 MiB, 32607 MiB
2026/09/11 20:31:47.811, 0, 79 %, 4547 MiB, 32607 MiB
2026/09/11 20:31:47.812, 1, 65 %, 4569 MiB, 32607 MiB
2026/09/11 20:31:47.812, 2, 75 %, 4567 MiB, 32607 MiB
2026/09/11 20:31:47.812, 3, 73 %, 4549 MiB, 32607 MiB
2026/09/11 20:31:52.813, 0, 77 %, 4547 MiB, 32607 MiB
2026/09/11 20:31:52.813, 1, 71 %, 4569 MiB, 32607 MiB
2026/09/11 20:31:52.813, 2, 78 %, 4567 MiB, 32607 MiB
2026/09/11 20:31:52.813, 3, 81 %, 4549 MiB, 32607 MiB
2026/09/11 20:31:57.814, 0, 74 %, 4547 MiB, 32607 MiB
2026/09/11 20:31:57.814, 1, 65 %, 4569 MiB, 32607 MiB
2026/09/11 20:31:57.815, 2, 73 %, 4567 MiB, 32607 MiB
2026/09/11 20:31:57.815, 3, 80 %, 4549 MiB, 32607 MiB
2026/09/11 20:32:02.815, 0, 70 %, 4547 MiB, 32607 MiB
2026/09/11 20:32:02.816, 1, 74 %, 4569 MiB, 32607 MiB
2026/09/11 20:32:02.816, 2, 80 %, 4567 MiB, 32607 MiB
2026/09/11 20:32:02.816, 3, 76 %, 4549 MiB, 32607 MiB
2026/09/11 20:32:07.816, 0, 60 %, 4547 MiB, 32607 MiB
2026/09/11 20:32:07.817, 1, 62 %, 4569 MiB, 32607 MiB
2026/09/11 20:32:07.817, 2, 72 %, 4567 MiB, 32607 MiB
2026/09/11 20:32:07.817, 3, 75 %, 4549 MiB, 32607 MiB
2026/09/11 20:32:12.818, 0, 82 %, 4547 MiB, 32607 MiB
2026/09/11 20:32:12.818, 1, 80 %, 4569 MiB, 32607 MiB
2026/09/11 20:32:12.818, 2, 73 %, 4567 MiB, 32607 MiB
2026/09/11 20:32:12.818, 3, 73 %, 4549 MiB, 32607 MiB
2026/09/11 20:32:17.819, 0, 71 %, 4547 MiB, 32607 MiB
2026/09/11 20:32:17.819, 1, 62 %, 4569 MiB, 32607 MiB
2026/09/11 20:32:17.819, 2, 64 %, 4567 MiB, 32607 MiB
2026/09/11 20:32:17.819, 3, 77 %, 4549 MiB, 32607 MiB
2026/09/11 20:32:22.820, 0, 80 %, 4547 MiB, 32607 MiB
2026/09/11 20:32:22.820, 1, 79 %, 4569 MiB, 32607 MiB
2026/09/11 20:32:22.820, 2, 56 %, 4567 MiB, 32607 MiB
2026/09/11 20:32:22.821, 3, 72 %, 4549 MiB, 32607 MiB
2026/09/11 20:32:27.821, 0, 72 %, 4547 MiB, 32607 MiB
2026/09/11 20:32:27.821, 1, 65 %, 4569 MiB, 32607 MiB
2026/09/11 20:32:27.822, 2, 80 %, 4567 MiB, 32607 MiB
2026/09/11 20:32:27.822, 3, 83 %, 4549 MiB, 32607 MiB
2026/09/11 20:32:32.822, 0, 67 %, 4547 MiB, 32607 MiB
2026/09/11 20:32:32.823, 1, 100 %, 4569 MiB, 32607 MiB
2026/09/11 20:32:32.823, 2, 100 %, 4567 MiB, 32607 MiB
2026/09/11 20:32:32.823, 3, 100 %, 4549 MiB, 32607 MiB
2026/09/11 20:32:37.823, 0, 0 %, 4547 MiB, 32607 MiB
2026/09/11 20:32:37.824, 1, 100 %, 4569 MiB, 32607 MiB
2026/09/11 20:32:37.824, 2, 100 %, 4567 MiB, 32607 MiB
2026/09/11 20:32:37.824, 3, 100 %, 4549 MiB, 32607 MiB
2026/09/11 20:32:42.824, 0, 77 %, 4547 MiB, 32607 MiB
2026/09/11 20:32:42.825, 1, 63 %, 4569 MiB, 32607 MiB
2026/09/11 20:32:42.825, 2, 68 %, 4567 MiB, 32607 MiB
2026/09/11 20:32:42.825, 3, 76 %, 4549 MiB, 32607 MiB
2026/09/11 20:32:47.826, 0, 81 %, 4547 MiB, 32607 MiB
2026/09/11 20:32:47.826, 1, 65 %, 4569 MiB, 32607 MiB
2026/09/11 20:32:47.826, 2, 77 %, 4567 MiB, 32607 MiB
2026/09/11 20:32:47.826, 3, 63 %, 4549 MiB, 32607 MiB
2026/09/11 20:32:52.827, 0, 68 %, 4547 MiB, 32607 MiB
2026/09/11 20:32:52.827, 1, 77 %, 4569 MiB, 32607 MiB
2026/09/11 20:32:52.827, 2, 54 %, 4567 MiB, 32607 MiB
2026/09/11 20:32:52.827, 3, 69 %, 4549 MiB, 32607 MiB
2026/09/11 20:32:57.828, 0, 73 %, 4547 MiB, 32607 MiB
2026/09/11 20:32:57.828, 1, 74 %, 4569 MiB, 32607 MiB
2026/09/11 20:32:57.828, 2, 72 %, 4567 MiB, 32607 MiB
2026/09/11 20:32:57.828, 3, 72 %, 4549 MiB, 32607 MiB
2026/09/11 20:33:02.829, 0, 77 %, 4547 MiB, 32607 MiB
2026/09/11 20:33:02.829, 1, 69 %, 4569 MiB, 32607 MiB
2026/09/11 20:33:02.829, 2, 81 %, 4567 MiB, 32607 MiB
2026/09/11 20:33:02.830, 3, 78 %, 4549 MiB, 32607 MiB
2026/09/11 20:33:07.830, 0, 73 %, 4547 MiB, 32607 MiB
2026/09/11 20:33:07.830, 1, 60 %, 4569 MiB, 32607 MiB
2026/09/11 20:33:07.831, 2, 83 %, 4567 MiB, 32607 MiB
2026/09/11 20:33:07.831, 3, 77 %, 4549 MiB, 32607 MiB
2026/09/11 20:33:12.831, 0, 79 %, 4547 MiB, 32607 MiB
2026/09/11 20:33:12.831, 1, 83 %, 4569 MiB, 32607 MiB
2026/09/11 20:33:12.832, 2, 80 %, 4567 MiB, 32607 MiB
2026/09/11 20:33:12.832, 3, 81 %, 4549 MiB, 32607 MiB
2026/09/11 20:33:17.832, 0, 73 %, 4547 MiB, 32607 MiB
2026/09/11 20:33:17.833, 1, 70 %, 4569 MiB, 32607 MiB
2026/09/11 20:33:17.833, 2, 68 %, 4567 MiB, 32607 MiB
2026/09/11 20:33:17.833, 3, 67 %, 4549 MiB, 32607 MiB
2026/09/11 20:33:22.834, 0, 76 %, 4547 MiB, 32607 MiB
2026/09/11 20:33:22.834, 1, 82 %, 4569 MiB, 32607 MiB
2026/09/11 20:33:22.834, 2, 79 %, 4567 MiB, 32607 MiB
2026/09/11 20:33:22.835, 3, 76 %, 4549 MiB, 32607 MiB
2026/09/11 20:33:27.835, 0, 77 %, 4547 MiB, 32607 MiB
2026/09/11 20:33:27.836, 1, 74 %, 4569 MiB, 32607 MiB
2026/09/11 20:33:27.836, 2, 68 %, 4567 MiB, 32607 MiB
2026/09/11 20:33:27.836, 3, 73 %, 4549 MiB, 32607 MiB
2026/09/11 20:33:32.837, 0, 79 %, 4547 MiB, 32607 MiB
2026/09/11 20:33:32.837, 1, 62 %, 4569 MiB, 32607 MiB
2026/09/11 20:33:32.837, 2, 56 %, 4567 MiB, 32607 MiB
2026/09/11 20:33:32.837, 3, 66 %, 4549 MiB, 32607 MiB
2026/09/11 20:33:37.838, 0, 67 %, 4547 MiB, 32607 MiB
2026/09/11 20:33:37.838, 1, 78 %, 4569 MiB, 32607 MiB
2026/09/11 20:33:37.838, 2, 83 %, 4567 MiB, 32607 MiB
2026/09/11 20:33:37.839, 3, 83 %, 4549 MiB, 32607 MiB
2026/09/11 20:33:42.840, 0, 79 %, 4547 MiB, 32607 MiB
2026/09/11 20:33:42.840, 1, 70 %, 4569 MiB, 32607 MiB
2026/09/11 20:33:42.840, 2, 70 %, 4567 MiB, 32607 MiB
2026/09/11 20:33:42.840, 3, 80 %, 4549 MiB, 32607 MiB
2026/09/11 20:33:47.841, 0, 67 %, 4547 MiB, 32607 MiB
2026/09/11 20:33:47.841, 1, 61 %, 4569 MiB, 32607 MiB
2026/09/11 20:33:47.841, 2, 70 %, 4567 MiB, 32607 MiB
2026/09/11 20:33:47.841, 3, 77 %, 4549 MiB, 32607 MiB
2026/09/11 20:33:52.842, 0, 84 %, 4547 MiB, 32607 MiB
2026/09/11 20:33:52.842, 1, 77 %, 4569 MiB, 32607 MiB
2026/09/11 20:33:52.842, 2, 67 %, 4567 MiB, 32607 MiB
2026/09/11 20:33:52.842, 3, 75 %, 4549 MiB, 32607 MiB
2026/09/11 20:33:57.843, 0, 83 %, 4547 MiB, 32607 MiB
2026/09/11 20:33:57.843, 1, 67 %, 4569 MiB, 32607 MiB
2026/09/11 20:33:57.843, 2, 74 %, 4567 MiB, 32607 MiB
2026/09/11 20:33:57.843, 3, 76 %, 4549 MiB, 32607 MiB
2026/09/11 20:34:02.844, 0, 64 %, 4547 MiB, 32607 MiB
2026/09/11 20:34:02.844, 1, 75 %, 4569 MiB, 32607 MiB
2026/09/11 20:34:02.844, 2, 71 %, 4567 MiB, 32607 MiB
2026/09/11 20:34:02.844, 3, 73 %, 4549 MiB, 32607 MiB
2026/09/11 20:34:07.845, 0, 77 %, 4547 MiB, 32607 MiB
2026/09/11 20:34:07.845, 1, 69 %, 4569 MiB, 32607 MiB
2026/09/11 20:34:07.845, 2, 70 %, 4567 MiB, 32607 MiB
2026/09/11 20:34:07.846, 3, 83 %, 4549 MiB, 32607 MiB
2026/09/11 20:34:12.846, 0, 76 %, 4547 MiB, 32607 MiB
2026/09/11 20:34:12.846, 1, 73 %, 4569 MiB, 32607 MiB
2026/09/11 20:34:12.846, 2, 79 %, 4567 MiB, 32607 MiB
2026/09/11 20:34:12.847, 3, 71 %, 4549 MiB, 32607 MiB
2026/09/11 20:34:17.847, 0, 79 %, 4547 MiB, 32607 MiB
2026/09/11 20:34:17.848, 1, 63 %, 4569 MiB, 32607 MiB
2026/09/11 20:34:17.848, 2, 68 %, 4567 MiB, 32607 MiB
2026/09/11 20:34:17.848, 3, 77 %, 4549 MiB, 32607 MiB
2026/09/11 20:34:22.848, 0, 82 %, 4547 MiB, 32607 MiB
2026/09/11 20:34:22.849, 1, 78 %, 4569 MiB, 32607 MiB
2026/09/11 20:34:22.849, 2, 64 %, 4567 MiB, 32607 MiB
2026/09/11 20:34:22.849, 3, 63 %, 4549 MiB, 32607 MiB
2026/09/11 20:34:27.850, 0, 73 %, 4547 MiB, 32607 MiB
2026/09/11 20:34:27.850, 1, 82 %, 4569 MiB, 32607 MiB
2026/09/11 20:34:27.850, 2, 61 %, 4567 MiB, 32607 MiB
2026/09/11 20:34:27.850, 3, 56 %, 4549 MiB, 32607 MiB
2026/09/11 20:34:32.851, 0, 59 %, 4547 MiB, 32607 MiB
2026/09/11 20:34:32.851, 1, 77 %, 4569 MiB, 32607 MiB
2026/09/11 20:34:32.851, 2, 83 %, 4567 MiB, 32607 MiB
2026/09/11 20:34:32.852, 3, 84 %, 4549 MiB, 32607 MiB
2026/09/11 20:34:37.852, 0, 83 %, 4547 MiB, 32607 MiB
2026/09/11 20:34:37.853, 1, 65 %, 4569 MiB, 32607 MiB
2026/09/11 20:34:37.853, 2, 82 %, 4567 MiB, 32607 MiB
2026/09/11 20:34:37.853, 3, 72 %, 4549 MiB, 32607 MiB
2026/09/11 20:34:42.854, 0, 75 %, 4547 MiB, 32607 MiB
2026/09/11 20:34:42.854, 1, 70 %, 4569 MiB, 32607 MiB
2026/09/11 20:34:42.854, 2, 76 %, 4567 MiB, 32607 MiB
2026/09/11 20:34:42.854, 3, 70 %, 4549 MiB, 32607 MiB
2026/09/11 20:34:47.855, 0, 74 %, 4547 MiB, 32607 MiB
2026/09/11 20:34:47.855, 1, 63 %, 4569 MiB, 32607 MiB
2026/09/11 20:34:47.855, 2, 54 %, 4567 MiB, 32607 MiB
2026/09/11 20:34:47.856, 3, 66 %, 4549 MiB, 32607 MiB
2026/09/11 20:34:52.856, 0, 80 %, 4547 MiB, 32607 MiB
2026/09/11 20:34:52.857, 1, 80 %, 4569 MiB, 32607 MiB
2026/09/11 20:34:52.857, 2, 67 %, 4567 MiB, 32607 MiB
2026/09/11 20:34:52.857, 3, 75 %, 4549 MiB, 32607 MiB
2026/09/11 20:34:57.857, 0, 78 %, 4547 MiB, 32607 MiB
2026/09/11 20:34:57.858, 1, 66 %, 4569 MiB, 32607 MiB
2026/09/11 20:34:57.858, 2, 69 %, 4567 MiB, 32607 MiB
2026/09/11 20:34:57.858, 3, 67 %, 4549 MiB, 32607 MiB
2026/09/11 20:35:02.859, 0, 85 %, 4547 MiB, 32607 MiB
2026/09/11 20:35:02.859, 1, 78 %, 4569 MiB, 32607 MiB
2026/09/11 20:35:02.859, 2, 80 %, 4567 MiB, 32607 MiB
2026/09/11 20:35:02.859, 3, 65 %, 4549 MiB, 32607 MiB
2026/09/11 20:35:07.860, 0, 75 %, 4547 MiB, 32607 MiB
2026/09/11 20:35:07.860, 1, 68 %, 4569 MiB, 32607 MiB
2026/09/11 20:35:07.860, 2, 73 %, 4567 MiB, 32607 MiB
2026/09/11 20:35:07.861, 3, 77 %, 4549 MiB, 32607 MiB
2026/09/11 20:35:12.861, 0, 79 %, 4547 MiB, 32607 MiB
2026/09/11 20:35:12.861, 1, 87 %, 4569 MiB, 32607 MiB
2026/09/11 20:35:12.862, 2, 63 %, 4567 MiB, 32607 MiB
2026/09/11 20:35:12.862, 3, 67 %, 4549 MiB, 32607 MiB
2026/09/11 20:35:17.862, 0, 71 %, 4547 MiB, 32607 MiB
2026/09/11 20:35:17.863, 1, 62 %, 4569 MiB, 32607 MiB
2026/09/11 20:35:17.863, 2, 73 %, 4567 MiB, 32607 MiB
2026/09/11 20:35:17.863, 3, 69 %, 4549 MiB, 32607 MiB
2026/09/11 20:35:22.864, 0, 66 %, 4547 MiB, 32607 MiB
2026/09/11 20:35:22.864, 1, 71 %, 4569 MiB, 32607 MiB
2026/09/11 20:35:22.864, 2, 70 %, 4567 MiB, 32607 MiB
2026/09/11 20:35:22.864, 3, 77 %, 4549 MiB, 32607 MiB
2026/09/11 20:35:27.865, 0, 70 %, 4547 MiB, 32607 MiB
2026/09/11 20:35:27.865, 1, 75 %, 4569 MiB, 32607 MiB
2026/09/11 20:35:27.866, 2, 70 %, 4567 MiB, 32607 MiB
2026/09/11 20:35:27.866, 3, 73 %, 4549 MiB, 32607 MiB
2026/09/11 20:35:32.866, 0, 76 %, 4547 MiB, 32607 MiB
2026/09/11 20:35:32.866, 1, 72 %, 4569 MiB, 32607 MiB
2026/09/11 20:35:32.867, 2, 78 %, 4567 MiB, 32607 MiB
2026/09/11 20:35:32.867, 3, 82 %, 4549 MiB, 32607 MiB
2026/09/11 20:35:37.867, 0, 36 %, 4547 MiB, 32607 MiB
2026/09/11 20:35:37.868, 1, 100 %, 4569 MiB, 32607 MiB
2026/09/11 20:35:37.868, 2, 100 %, 4567 MiB, 32607 MiB
2026/09/11 20:35:37.868, 3, 100 %, 4549 MiB, 32607 MiB
2026/09/11 20:35:42.868, 0, 0 %, 4547 MiB, 32607 MiB
2026/09/11 20:35:42.869, 1, 100 %, 4569 MiB, 32607 MiB
2026/09/11 20:35:42.869, 2, 100 %, 4567 MiB, 32607 MiB
2026/09/11 20:35:42.869, 3, 100 %, 4549 MiB, 32607 MiB
2026/09/11 20:35:47.870, 0, 74 %, 4547 MiB, 32607 MiB
2026/09/11 20:35:47.870, 1, 82 %, 4569 MiB, 32607 MiB
2026/09/11 20:35:47.870, 2, 81 %, 4567 MiB, 32607 MiB
2026/09/11 20:35:47.870, 3, 78 %, 4549 MiB, 32607 MiB
2026/09/11 20:35:52.871, 0, 66 %, 4547 MiB, 32607 MiB
2026/09/11 20:35:52.873, 1, 61 %, 4569 MiB, 32607 MiB
2026/09/11 20:35:52.873, 2, 71 %, 4567 MiB, 32607 MiB
2026/09/11 20:35:52.873, 3, 74 %, 4549 MiB, 32607 MiB
2026/09/11 20:35:57.874, 0, 76 %, 4547 MiB, 32607 MiB
2026/09/11 20:35:57.874, 1, 75 %, 4569 MiB, 32607 MiB
2026/09/11 20:35:57.874, 2, 65 %, 4567 MiB, 32607 MiB
2026/09/11 20:35:57.874, 3, 67 %, 4549 MiB, 32607 MiB
2026/09/11 20:36:02.875, 0, 79 %, 4547 MiB, 32607 MiB
2026/09/11 20:36:02.875, 1, 75 %, 4569 MiB, 32607 MiB
2026/09/11 20:36:02.875, 2, 72 %, 4567 MiB, 32607 MiB
2026/09/11 20:36:02.875, 3, 61 %, 4549 MiB, 32607 MiB
2026/09/11 20:36:07.876, 0, 74 %, 4547 MiB, 32607 MiB
2026/09/11 20:36:07.876, 1, 78 %, 4569 MiB, 32607 MiB
2026/09/11 20:36:07.877, 2, 70 %, 4567 MiB, 32607 MiB
2026/09/11 20:36:07.877, 3, 81 %, 4549 MiB, 32607 MiB
2026/09/11 20:36:12.877, 0, 79 %, 4547 MiB, 32607 MiB
2026/09/11 20:36:12.878, 1, 80 %, 4569 MiB, 32607 MiB
2026/09/11 20:36:12.878, 2, 73 %, 4567 MiB, 32607 MiB
2026/09/11 20:36:12.878, 3, 73 %, 4549 MiB, 32607 MiB
2026/09/11 20:36:17.879, 0, 62 %, 4547 MiB, 32607 MiB
2026/09/11 20:36:17.879, 1, 81 %, 4569 MiB, 32607 MiB
2026/09/11 20:36:17.879, 2, 69 %, 4567 MiB, 32607 MiB
2026/09/11 20:36:17.879, 3, 69 %, 4549 MiB, 32607 MiB
2026/09/11 20:36:22.880, 0, 72 %, 4547 MiB, 32607 MiB
2026/09/11 20:36:22.880, 1, 68 %, 4569 MiB, 32607 MiB
2026/09/11 20:36:22.880, 2, 72 %, 4567 MiB, 32607 MiB
2026/09/11 20:36:22.880, 3, 73 %, 4549 MiB, 32607 MiB
2026/09/11 20:36:27.881, 0, 58 %, 4547 MiB, 32607 MiB
2026/09/11 20:36:27.881, 1, 73 %, 4569 MiB, 32607 MiB
2026/09/11 20:36:27.881, 2, 65 %, 4567 MiB, 32607 MiB
2026/09/11 20:36:27.882, 3, 72 %, 4549 MiB, 32607 MiB
2026/09/11 20:36:32.882, 0, 69 %, 4547 MiB, 32607 MiB
2026/09/11 20:36:32.882, 1, 75 %, 4569 MiB, 32607 MiB
2026/09/11 20:36:32.883, 2, 70 %, 4567 MiB, 32607 MiB
2026/09/11 20:36:32.883, 3, 62 %, 4549 MiB, 32607 MiB
2026/09/11 20:36:37.883, 0, 69 %, 4547 MiB, 32607 MiB
2026/09/11 20:36:37.884, 1, 60 %, 4569 MiB, 32607 MiB
2026/09/11 20:36:37.884, 2, 71 %, 4567 MiB, 32607 MiB
2026/09/11 20:36:37.884, 3, 70 %, 4549 MiB, 32607 MiB
2026/09/11 20:36:42.885, 0, 69 %, 4547 MiB, 32607 MiB
2026/09/11 20:36:42.885, 1, 67 %, 4569 MiB, 32607 MiB
2026/09/11 20:36:42.885, 2, 79 %, 4567 MiB, 32607 MiB
2026/09/11 20:36:42.885, 3, 69 %, 4549 MiB, 32607 MiB
2026/09/11 20:36:47.886, 0, 76 %, 4547 MiB, 32607 MiB
2026/09/11 20:36:47.886, 1, 65 %, 4569 MiB, 32607 MiB
2026/09/11 20:36:47.886, 2, 77 %, 4567 MiB, 32607 MiB
2026/09/11 20:36:47.886, 3, 83 %, 4549 MiB, 32607 MiB
2026/09/11 20:36:52.887, 0, 85 %, 4547 MiB, 32607 MiB
2026/09/11 20:36:52.887, 1, 71 %, 4569 MiB, 32607 MiB
2026/09/11 20:36:52.887, 2, 69 %, 4567 MiB, 32607 MiB
2026/09/11 20:36:52.888, 3, 83 %, 4549 MiB, 32607 MiB
2026/09/11 20:36:57.888, 0, 78 %, 4547 MiB, 32607 MiB
2026/09/11 20:36:57.888, 1, 79 %, 4569 MiB, 32607 MiB
2026/09/11 20:36:57.889, 2, 48 %, 4567 MiB, 32607 MiB
2026/09/11 20:36:57.889, 3, 72 %, 4549 MiB, 32607 MiB
2026/09/11 20:37:02.889, 0, 79 %, 4547 MiB, 32607 MiB
2026/09/11 20:37:02.890, 1, 65 %, 4569 MiB, 32607 MiB
2026/09/11 20:37:02.890, 2, 75 %, 4567 MiB, 32607 MiB
2026/09/11 20:37:02.890, 3, 79 %, 4549 MiB, 32607 MiB
2026/09/11 20:37:07.891, 0, 75 %, 4547 MiB, 32607 MiB
2026/09/11 20:37:07.891, 1, 57 %, 4569 MiB, 32607 MiB
2026/09/11 20:37:07.891, 2, 75 %, 4567 MiB, 32607 MiB
2026/09/11 20:37:07.891, 3, 71 %, 4549 MiB, 32607 MiB
2026/09/11 20:37:12.892, 0, 80 %, 4547 MiB, 32607 MiB
2026/09/11 20:37:12.892, 1, 55 %, 4569 MiB, 32607 MiB
2026/09/11 20:37:12.892, 2, 63 %, 4567 MiB, 32607 MiB
2026/09/11 20:37:12.893, 3, 72 %, 4549 MiB, 32607 MiB
2026/09/11 20:37:17.893, 0, 75 %, 4547 MiB, 32607 MiB
2026/09/11 20:37:17.894, 1, 71 %, 4569 MiB, 32607 MiB
2026/09/11 20:37:17.894, 2, 67 %, 4567 MiB, 32607 MiB
2026/09/11 20:37:17.894, 3, 71 %, 4549 MiB, 32607 MiB
2026/09/11 20:37:22.894, 0, 72 %, 4547 MiB, 32607 MiB
2026/09/11 20:37:22.895, 1, 79 %, 4569 MiB, 32607 MiB
2026/09/11 20:37:22.895, 2, 81 %, 4567 MiB, 32607 MiB
2026/09/11 20:37:22.895, 3, 78 %, 4549 MiB, 32607 MiB
2026/09/11 20:37:27.896, 0, 69 %, 4547 MiB, 32607 MiB
2026/09/11 20:37:27.896, 1, 78 %, 4569 MiB, 32607 MiB
2026/09/11 20:37:27.896, 2, 69 %, 4567 MiB, 32607 MiB
2026/09/11 20:37:27.896, 3, 57 %, 4549 MiB, 32607 MiB
2026/09/11 20:37:32.897, 0, 72 %, 4547 MiB, 32607 MiB
2026/09/11 20:37:32.897, 1, 71 %, 4569 MiB, 32607 MiB
2026/09/11 20:37:32.897, 2, 76 %, 4567 MiB, 32607 MiB
2026/09/11 20:37:32.898, 3, 74 %, 4549 MiB, 32607 MiB
2026/09/11 20:37:37.898, 0, 72 %, 4547 MiB, 32607 MiB
2026/09/11 20:37:37.898, 1, 73 %, 4569 MiB, 32607 MiB
2026/09/11 20:37:37.899, 2, 79 %, 4567 MiB, 32607 MiB
2026/09/11 20:37:37.899, 3, 77 %, 4549 MiB, 32607 MiB
2026/09/11 20:37:42.899, 0, 61 %, 4547 MiB, 32607 MiB
2026/09/11 20:37:42.900, 1, 70 %, 4569 MiB, 32607 MiB
2026/09/11 20:37:42.900, 2, 73 %, 4567 MiB, 32607 MiB
2026/09/11 20:37:42.900, 3, 73 %, 4549 MiB, 32607 MiB
2026/09/11 20:37:47.900, 0, 82 %, 4547 MiB, 32607 MiB
2026/09/11 20:37:47.901, 1, 68 %, 4569 MiB, 32607 MiB
2026/09/11 20:37:47.901, 2, 60 %, 4567 MiB, 32607 MiB
2026/09/11 20:37:47.901, 3, 70 %, 4549 MiB, 32607 MiB
2026/09/11 20:37:52.901, 0, 82 %, 4547 MiB, 32607 MiB
2026/09/11 20:37:52.902, 1, 69 %, 4569 MiB, 32607 MiB
2026/09/11 20:37:52.902, 2, 73 %, 4567 MiB, 32607 MiB
2026/09/11 20:37:52.902, 3, 80 %, 4549 MiB, 32607 MiB
2026/09/11 20:37:57.903, 0, 80 %, 4547 MiB, 32607 MiB
2026/09/11 20:37:57.903, 1, 70 %, 4569 MiB, 32607 MiB
2026/09/11 20:37:57.903, 2, 62 %, 4567 MiB, 32607 MiB
2026/09/11 20:37:57.903, 3, 83 %, 4549 MiB, 32607 MiB
2026/09/11 20:38:02.904, 0, 75 %, 4547 MiB, 32607 MiB
2026/09/11 20:38:02.904, 1, 73 %, 4569 MiB, 32607 MiB
2026/09/11 20:38:02.904, 2, 82 %, 4567 MiB, 32607 MiB
2026/09/11 20:38:02.904, 3, 77 %, 4549 MiB, 32607 MiB
2026/09/11 20:38:07.905, 0, 0 %, 4547 MiB, 32607 MiB
2026/09/11 20:38:07.905, 1, 100 %, 4569 MiB, 32607 MiB
2026/09/11 20:38:07.906, 2, 100 %, 4567 MiB, 32607 MiB
2026/09/11 20:38:07.906, 3, 100 %, 4549 MiB, 32607 MiB
2026/09/11 20:38:12.906, 0, 75 %, 4547 MiB, 32607 MiB
2026/09/11 20:38:12.907, 1, 82 %, 4569 MiB, 32607 MiB
2026/09/11 20:38:12.907, 2, 76 %, 4567 MiB, 32607 MiB
2026/09/11 20:38:12.907, 3, 79 %, 4549 MiB, 32607 MiB
2026/09/11 20:38:17.907, 0, 75 %, 4547 MiB, 32607 MiB
2026/09/11 20:38:17.908, 1, 64 %, 4569 MiB, 32607 MiB
2026/09/11 20:38:17.908, 2, 64 %, 4567 MiB, 32607 MiB
2026/09/11 20:38:17.908, 3, 67 %, 4549 MiB, 32607 MiB
2026/09/11 20:38:22.909, 0, 69 %, 4547 MiB, 32607 MiB
2026/09/11 20:38:22.909, 1, 64 %, 4569 MiB, 32607 MiB
2026/09/11 20:38:22.909, 2, 74 %, 4567 MiB, 32607 MiB
2026/09/11 20:38:22.909, 3, 69 %, 4549 MiB, 32607 MiB
2026/09/11 20:38:27.910, 0, 83 %, 4547 MiB, 32607 MiB
2026/09/11 20:38:27.910, 1, 61 %, 4569 MiB, 32607 MiB
2026/09/11 20:38:27.910, 2, 74 %, 4567 MiB, 32607 MiB
2026/09/11 20:38:27.911, 3, 65 %, 4549 MiB, 32607 MiB
2026/09/11 20:38:32.911, 0, 79 %, 4547 MiB, 32607 MiB
2026/09/11 20:38:32.911, 1, 73 %, 4569 MiB, 32607 MiB
2026/09/11 20:38:32.912, 2, 57 %, 4567 MiB, 32607 MiB
2026/09/11 20:38:32.912, 3, 68 %, 4549 MiB, 32607 MiB
2026/09/11 20:38:37.912, 0, 73 %, 4547 MiB, 32607 MiB
2026/09/11 20:38:37.912, 1, 74 %, 4569 MiB, 32607 MiB
2026/09/11 20:38:37.913, 2, 80 %, 4567 MiB, 32607 MiB
2026/09/11 20:38:37.913, 3, 83 %, 4549 MiB, 32607 MiB
2026/09/11 20:38:42.913, 0, 71 %, 4547 MiB, 32607 MiB
2026/09/11 20:38:42.914, 1, 82 %, 4569 MiB, 32607 MiB
2026/09/11 20:38:42.914, 2, 67 %, 4567 MiB, 32607 MiB
2026/09/11 20:38:42.914, 3, 84 %, 4549 MiB, 32607 MiB
2026/09/11 20:38:47.914, 0, 63 %, 4547 MiB, 32607 MiB
2026/09/11 20:38:47.915, 1, 100 %, 4569 MiB, 32607 MiB
2026/09/11 20:38:47.915, 2, 100 %, 4567 MiB, 32607 MiB
2026/09/11 20:38:47.915, 3, 100 %, 4549 MiB, 32607 MiB
2026/09/11 20:38:52.915, 0, 77 %, 4547 MiB, 32607 MiB
2026/09/11 20:38:52.916, 1, 81 %, 4569 MiB, 32607 MiB
2026/09/11 20:38:52.916, 2, 62 %, 4567 MiB, 32607 MiB
2026/09/11 20:38:52.916, 3, 74 %, 4549 MiB, 32607 MiB
2026/09/11 20:38:57.916, 0, 76 %, 4547 MiB, 32607 MiB
2026/09/11 20:38:57.917, 1, 72 %, 4569 MiB, 32607 MiB
2026/09/11 20:38:57.917, 2, 78 %, 4567 MiB, 32607 MiB
2026/09/11 20:38:57.917, 3, 82 %, 4549 MiB, 32607 MiB
2026/09/11 20:39:02.918, 0, 82 %, 4547 MiB, 32607 MiB
2026/09/11 20:39:02.918, 1, 79 %, 4569 MiB, 32607 MiB
2026/09/11 20:39:02.918, 2, 58 %, 4567 MiB, 32607 MiB
2026/09/11 20:39:02.918, 3, 80 %, 4549 MiB, 32607 MiB
2026/09/11 20:39:07.919, 0, 74 %, 4547 MiB, 32607 MiB
2026/09/11 20:39:07.919, 1, 74 %, 4569 MiB, 32607 MiB
2026/09/11 20:39:07.919, 2, 67 %, 4567 MiB, 32607 MiB
2026/09/11 20:39:07.919, 3, 79 %, 4549 MiB, 32607 MiB
2026/09/11 20:39:12.920, 0, 76 %, 4547 MiB, 32607 MiB
2026/09/11 20:39:12.920, 1, 72 %, 4569 MiB, 32607 MiB
2026/09/11 20:39:12.920, 2, 65 %, 4567 MiB, 32607 MiB
2026/09/11 20:39:12.921, 3, 77 %, 4549 MiB, 32607 MiB
2026/09/11 20:39:17.921, 0, 74 %, 4547 MiB, 32607 MiB
2026/09/11 20:39:17.921, 1, 50 %, 4569 MiB, 32607 MiB
2026/09/11 20:39:17.922, 2, 72 %, 4567 MiB, 32607 MiB
2026/09/11 20:39:17.922, 3, 80 %, 4549 MiB, 32607 MiB
2026/09/11 20:39:22.922, 0, 75 %, 4547 MiB, 32607 MiB
2026/09/11 20:39:22.923, 1, 74 %, 4569 MiB, 32607 MiB
2026/09/11 20:39:22.923, 2, 73 %, 4567 MiB, 32607 MiB
2026/09/11 20:39:22.923, 3, 70 %, 4549 MiB, 32607 MiB
2026/09/11 20:39:27.924, 0, 69 %, 4547 MiB, 32607 MiB
2026/09/11 20:39:27.924, 1, 69 %, 4569 MiB, 32607 MiB
2026/09/11 20:39:27.924, 2, 71 %, 4567 MiB, 32607 MiB
2026/09/11 20:39:27.924, 3, 70 %, 4549 MiB, 32607 MiB
2026/09/11 20:39:32.925, 0, 65 %, 4547 MiB, 32607 MiB
2026/09/11 20:39:32.925, 1, 70 %, 4569 MiB, 32607 MiB
2026/09/11 20:39:32.925, 2, 77 %, 4567 MiB, 32607 MiB
2026/09/11 20:39:32.926, 3, 59 %, 4549 MiB, 32607 MiB
2026/09/11 20:39:37.926, 0, 70 %, 4547 MiB, 32607 MiB
2026/09/11 20:39:37.926, 1, 54 %, 4569 MiB, 32607 MiB
2026/09/11 20:39:37.926, 2, 74 %, 4567 MiB, 32607 MiB
2026/09/11 20:39:37.927, 3, 79 %, 4549 MiB, 32607 MiB
2026/09/11 20:39:42.927, 0, 63 %, 4547 MiB, 32607 MiB
2026/09/11 20:39:42.928, 1, 74 %, 4569 MiB, 32607 MiB
2026/09/11 20:39:42.928, 2, 73 %, 4567 MiB, 32607 MiB
2026/09/11 20:39:42.928, 3, 75 %, 4549 MiB, 32607 MiB
2026/09/11 20:39:47.928, 0, 78 %, 4547 MiB, 32607 MiB
2026/09/11 20:39:47.929, 1, 73 %, 4569 MiB, 32607 MiB
2026/09/11 20:39:47.929, 2, 67 %, 4567 MiB, 32607 MiB
2026/09/11 20:39:47.929, 3, 74 %, 4549 MiB, 32607 MiB
2026/09/11 20:39:52.930, 0, 84 %, 4547 MiB, 32607 MiB
2026/09/11 20:39:52.932, 1, 76 %, 4569 MiB, 32607 MiB
2026/09/11 20:39:52.933, 2, 78 %, 4567 MiB, 32607 MiB
2026/09/11 20:39:52.933, 3, 64 %, 4549 MiB, 32607 MiB
2026/09/11 20:39:57.933, 0, 76 %, 4547 MiB, 32607 MiB
2026/09/11 20:39:57.934, 1, 69 %, 4569 MiB, 32607 MiB
2026/09/11 20:39:57.934, 2, 76 %, 4567 MiB, 32607 MiB
2026/09/11 20:39:57.934, 3, 77 %, 4549 MiB, 32607 MiB
2026/09/11 20:40:02.934, 0, 78 %, 4547 MiB, 32607 MiB
2026/09/11 20:40:02.935, 1, 76 %, 4569 MiB, 32607 MiB
2026/09/11 20:40:02.935, 2, 73 %, 4567 MiB, 32607 MiB
2026/09/11 20:40:02.935, 3, 80 %, 4549 MiB, 32607 MiB
2026/09/11 20:40:07.936, 0, 65 %, 4547 MiB, 32607 MiB
2026/09/11 20:40:07.936, 1, 68 %, 4569 MiB, 32607 MiB
2026/09/11 20:40:07.936, 2, 63 %, 4567 MiB, 32607 MiB
2026/09/11 20:40:07.936, 3, 77 %, 4549 MiB, 32607 MiB
2026/09/11 20:40:12.937, 0, 77 %, 4547 MiB, 32607 MiB
2026/09/11 20:40:12.937, 1, 77 %, 4569 MiB, 32607 MiB
2026/09/11 20:40:12.937, 2, 79 %, 4567 MiB, 32607 MiB
2026/09/11 20:40:12.938, 3, 62 %, 4549 MiB, 32607 MiB
2026/09/11 20:40:17.938, 0, 78 %, 4547 MiB, 32607 MiB
2026/09/11 20:40:17.938, 1, 63 %, 4569 MiB, 32607 MiB
2026/09/11 20:40:17.939, 2, 67 %, 4567 MiB, 32607 MiB
2026/09/11 20:40:17.939, 3, 71 %, 4549 MiB, 32607 MiB
2026/09/11 20:40:22.939, 0, 67 %, 4547 MiB, 32607 MiB
2026/09/11 20:40:22.940, 1, 71 %, 4569 MiB, 32607 MiB
2026/09/11 20:40:22.940, 2, 56 %, 4567 MiB, 32607 MiB
2026/09/11 20:40:22.940, 3, 74 %, 4549 MiB, 32607 MiB
2026/09/11 20:40:27.941, 0, 72 %, 4547 MiB, 32607 MiB
2026/09/11 20:40:27.941, 1, 73 %, 4569 MiB, 32607 MiB
2026/09/11 20:40:27.941, 2, 56 %, 4567 MiB, 32607 MiB
2026/09/11 20:40:27.942, 3, 80 %, 4549 MiB, 32607 MiB
2026/09/11 20:40:32.942, 0, 72 %, 4547 MiB, 32607 MiB
2026/09/11 20:40:32.942, 1, 81 %, 4569 MiB, 32607 MiB
2026/09/11 20:40:32.943, 2, 75 %, 4567 MiB, 32607 MiB
2026/09/11 20:40:32.943, 3, 72 %, 4549 MiB, 32607 MiB
2026/09/11 20:40:37.943, 0, 67 %, 4547 MiB, 32607 MiB
2026/09/11 20:40:37.944, 1, 65 %, 4569 MiB, 32607 MiB
2026/09/11 20:40:37.944, 2, 72 %, 4567 MiB, 32607 MiB
2026/09/11 20:40:37.944, 3, 76 %, 4549 MiB, 32607 MiB
2026/09/11 20:40:42.944, 0, 74 %, 4547 MiB, 32607 MiB
2026/09/11 20:40:42.945, 1, 73 %, 4569 MiB, 32607 MiB
2026/09/11 20:40:42.945, 2, 73 %, 4567 MiB, 32607 MiB
2026/09/11 20:40:42.945, 3, 68 %, 4549 MiB, 32607 MiB
2026/09/11 20:40:47.946, 0, 72 %, 4547 MiB, 32607 MiB
2026/09/11 20:40:47.946, 1, 60 %, 4569 MiB, 32607 MiB
2026/09/11 20:40:47.946, 2, 53 %, 4567 MiB, 32607 MiB
2026/09/11 20:40:47.946, 3, 72 %, 4549 MiB, 32607 MiB
2026/09/11 20:40:52.947, 0, 72 %, 4547 MiB, 32607 MiB
2026/09/11 20:40:52.947, 1, 75 %, 4569 MiB, 32607 MiB
2026/09/11 20:40:52.947, 2, 63 %, 4567 MiB, 32607 MiB
2026/09/11 20:40:52.947, 3, 73 %, 4549 MiB, 32607 MiB
2026/09/11 20:40:57.948, 0, 82 %, 4547 MiB, 32607 MiB
2026/09/11 20:40:57.948, 1, 82 %, 4569 MiB, 32607 MiB
2026/09/11 20:40:57.949, 2, 75 %, 4567 MiB, 32607 MiB
2026/09/11 20:40:57.949, 3, 82 %, 4549 MiB, 32607 MiB
2026/09/11 20:41:02.949, 0, 66 %, 4547 MiB, 32607 MiB
2026/09/11 20:41:02.950, 1, 78 %, 4569 MiB, 32607 MiB
2026/09/11 20:41:02.950, 2, 78 %, 4567 MiB, 32607 MiB
2026/09/11 20:41:02.950, 3, 78 %, 4549 MiB, 32607 MiB
2026/09/11 20:41:07.950, 0, 69 %, 4547 MiB, 32607 MiB
2026/09/11 20:41:07.951, 1, 80 %, 4569 MiB, 32607 MiB
2026/09/11 20:41:07.951, 2, 80 %, 4567 MiB, 32607 MiB
2026/09/11 20:41:07.951, 3, 73 %, 4549 MiB, 32607 MiB
2026/09/11 20:41:12.952, 0, 77 %, 4547 MiB, 32607 MiB
2026/09/11 20:41:12.952, 1, 82 %, 4569 MiB, 32607 MiB
2026/09/11 20:41:12.952, 2, 74 %, 4567 MiB, 32607 MiB
2026/09/11 20:41:12.952, 3, 77 %, 4549 MiB, 32607 MiB
2026/09/11 20:41:17.953, 0, 76 %, 4547 MiB, 32607 MiB
2026/09/11 20:41:17.953, 1, 72 %, 4569 MiB, 32607 MiB
2026/09/11 20:41:17.953, 2, 72 %, 4567 MiB, 32607 MiB
2026/09/11 20:41:17.954, 3, 82 %, 4549 MiB, 32607 MiB
2026/09/11 20:41:22.954, 0, 74 %, 4547 MiB, 32607 MiB
2026/09/11 20:41:22.954, 1, 80 %, 4569 MiB, 32607 MiB
2026/09/11 20:41:22.955, 2, 80 %, 4567 MiB, 32607 MiB
2026/09/11 20:41:22.955, 3, 81 %, 4549 MiB, 32607 MiB
2026/09/11 20:41:27.955, 0, 68 %, 4547 MiB, 32607 MiB
2026/09/11 20:41:27.956, 1, 71 %, 4569 MiB, 32607 MiB
2026/09/11 20:41:27.956, 2, 74 %, 4567 MiB, 32607 MiB
2026/09/11 20:41:27.956, 3, 73 %, 4549 MiB, 32607 MiB
2026/09/11 20:41:32.956, 0, 71 %, 4547 MiB, 32607 MiB
2026/09/11 20:41:32.957, 1, 78 %, 4569 MiB, 32607 MiB
2026/09/11 20:41:32.957, 2, 61 %, 4567 MiB, 32607 MiB
2026/09/11 20:41:32.957, 3, 69 %, 4549 MiB, 32607 MiB
2026/09/11 20:41:37.958, 0, 67 %, 4547 MiB, 32607 MiB
2026/09/11 20:41:37.958, 1, 76 %, 4569 MiB, 32607 MiB
2026/09/11 20:41:37.958, 2, 72 %, 4567 MiB, 32607 MiB
2026/09/11 20:41:37.958, 3, 74 %, 4549 MiB, 32607 MiB
2026/09/11 20:41:42.959, 0, 80 %, 4547 MiB, 32607 MiB
2026/09/11 20:41:42.959, 1, 79 %, 4569 MiB, 32607 MiB
2026/09/11 20:41:42.959, 2, 76 %, 4567 MiB, 32607 MiB
2026/09/11 20:41:42.959, 3, 77 %, 4549 MiB, 32607 MiB
2026/09/11 20:41:47.960, 0, 65 %, 4547 MiB, 32607 MiB
2026/09/11 20:41:47.960, 1, 100 %, 4569 MiB, 32607 MiB
2026/09/11 20:41:47.960, 2, 100 %, 4567 MiB, 32607 MiB
2026/09/11 20:41:47.960, 3, 100 %, 4549 MiB, 32607 MiB
2026/09/11 20:41:52.961, 0, 3 %, 4547 MiB, 32607 MiB
2026/09/11 20:41:52.961, 1, 100 %, 4569 MiB, 32607 MiB
2026/09/11 20:41:52.961, 2, 100 %, 4567 MiB, 32607 MiB
2026/09/11 20:41:52.962, 3, 100 %, 4549 MiB, 32607 MiB
2026/09/11 20:41:57.962, 0, 70 %, 4547 MiB, 32607 MiB
2026/09/11 20:41:57.962, 1, 77 %, 4569 MiB, 32607 MiB
2026/09/11 20:41:57.963, 2, 78 %, 4567 MiB, 32607 MiB
2026/09/11 20:41:57.963, 3, 65 %, 4549 MiB, 32607 MiB
2026/09/11 20:42:02.963, 0, 69 %, 4547 MiB, 32607 MiB
2026/09/11 20:42:02.964, 1, 55 %, 4569 MiB, 32607 MiB
2026/09/11 20:42:02.964, 2, 78 %, 4567 MiB, 32607 MiB
2026/09/11 20:42:02.964, 3, 70 %, 4549 MiB, 32607 MiB
2026/09/11 20:42:07.964, 0, 67 %, 4547 MiB, 32607 MiB
2026/09/11 20:42:07.965, 1, 77 %, 4569 MiB, 32607 MiB
2026/09/11 20:42:07.965, 2, 75 %, 4567 MiB, 32607 MiB
2026/09/11 20:42:07.965, 3, 71 %, 4549 MiB, 32607 MiB
2026/09/11 20:42:12.966, 0, 71 %, 4547 MiB, 32607 MiB
2026/09/11 20:42:12.966, 1, 77 %, 4569 MiB, 32607 MiB
2026/09/11 20:42:12.966, 2, 61 %, 4567 MiB, 32607 MiB
2026/09/11 20:42:12.966, 3, 71 %, 4549 MiB, 32607 MiB
2026/09/11 20:42:17.967, 0, 75 %, 4547 MiB, 32607 MiB
2026/09/11 20:42:17.967, 1, 79 %, 4569 MiB, 32607 MiB
2026/09/11 20:42:17.967, 2, 81 %, 4567 MiB, 32607 MiB
2026/09/11 20:42:17.968, 3, 78 %, 4549 MiB, 32607 MiB
2026/09/11 20:42:22.968, 0, 74 %, 4547 MiB, 32607 MiB
2026/09/11 20:42:22.968, 1, 79 %, 4569 MiB, 32607 MiB
2026/09/11 20:42:22.969, 2, 82 %, 4567 MiB, 32607 MiB
2026/09/11 20:42:22.969, 3, 72 %, 4549 MiB, 32607 MiB
2026/09/11 20:42:27.969, 0, 0 %, 4547 MiB, 32607 MiB
2026/09/11 20:42:27.970, 1, 73 %, 4569 MiB, 32607 MiB
2026/09/11 20:42:27.970, 2, 74 %, 4567 MiB, 32607 MiB
2026/09/11 20:42:27.970, 3, 80 %, 4549 MiB, 32607 MiB
2026/09/11 20:42:32.971, 0, 79 %, 4547 MiB, 32607 MiB
2026/09/11 20:42:32.971, 1, 73 %, 4569 MiB, 32607 MiB
2026/09/11 20:42:32.971, 2, 75 %, 4567 MiB, 32607 MiB
2026/09/11 20:42:32.971, 3, 61 %, 4549 MiB, 32607 MiB
2026/09/11 20:42:37.972, 0, 84 %, 4547 MiB, 32607 MiB
2026/09/11 20:42:37.972, 1, 78 %, 4569 MiB, 32607 MiB
2026/09/11 20:42:37.972, 2, 76 %, 4567 MiB, 32607 MiB
2026/09/11 20:42:37.972, 3, 66 %, 4549 MiB, 32607 MiB
2026/09/11 20:42:42.973, 0, 67 %, 4547 MiB, 32607 MiB
2026/09/11 20:42:42.973, 1, 77 %, 4569 MiB, 32607 MiB
2026/09/11 20:42:42.973, 2, 76 %, 4567 MiB, 32607 MiB
2026/09/11 20:42:42.974, 3, 82 %, 4549 MiB, 32607 MiB
2026/09/11 20:42:47.974, 0, 67 %, 4547 MiB, 32607 MiB
2026/09/11 20:42:47.974, 1, 72 %, 4569 MiB, 32607 MiB
2026/09/11 20:42:47.975, 2, 75 %, 4567 MiB, 32607 MiB
2026/09/11 20:42:47.975, 3, 66 %, 4549 MiB, 32607 MiB
2026/09/11 20:42:52.975, 0, 78 %, 4547 MiB, 32607 MiB
2026/09/11 20:42:52.976, 1, 75 %, 4569 MiB, 32607 MiB
2026/09/11 20:42:52.976, 2, 75 %, 4567 MiB, 32607 MiB
2026/09/11 20:42:52.976, 3, 82 %, 4549 MiB, 32607 MiB
2026/09/11 20:42:57.977, 0, 69 %, 4547 MiB, 32607 MiB
2026/09/11 20:42:57.977, 1, 82 %, 4569 MiB, 32607 MiB
2026/09/11 20:42:57.977, 2, 70 %, 4567 MiB, 32607 MiB
2026/09/11 20:42:57.977, 3, 79 %, 4549 MiB, 32607 MiB
2026/09/11 20:43:02.978, 0, 71 %, 4547 MiB, 32607 MiB
2026/09/11 20:43:02.978, 1, 78 %, 4569 MiB, 32607 MiB
2026/09/11 20:43:02.978, 2, 68 %, 4567 MiB, 32607 MiB
2026/09/11 20:43:02.978, 3, 74 %, 4549 MiB, 32607 MiB
2026/09/11 20:43:07.979, 0, 78 %, 4547 MiB, 32607 MiB
2026/09/11 20:43:07.979, 1, 69 %, 4569 MiB, 32607 MiB
2026/09/11 20:43:07.979, 2, 58 %, 4567 MiB, 32607 MiB
2026/09/11 20:43:07.980, 3, 85 %, 4549 MiB, 32607 MiB
2026/09/11 20:43:12.980, 0, 76 %, 4547 MiB, 32607 MiB
2026/09/11 20:43:12.980, 1, 79 %, 4569 MiB, 32607 MiB
2026/09/11 20:43:12.981, 2, 79 %, 4567 MiB, 32607 MiB
2026/09/11 20:43:12.981, 3, 80 %, 4549 MiB, 32607 MiB
2026/09/11 20:43:17.981, 0, 74 %, 4547 MiB, 32607 MiB
2026/09/11 20:43:17.982, 1, 77 %, 4569 MiB, 32607 MiB
2026/09/11 20:43:17.982, 2, 76 %, 4567 MiB, 32607 MiB
2026/09/11 20:43:17.982, 3, 83 %, 4549 MiB, 32607 MiB
2026/09/11 20:43:22.983, 0, 75 %, 4547 MiB, 32607 MiB
2026/09/11 20:43:22.983, 1, 73 %, 4569 MiB, 32607 MiB
2026/09/11 20:43:22.983, 2, 83 %, 4567 MiB, 32607 MiB
2026/09/11 20:43:22.983, 3, 74 %, 4549 MiB, 32607 MiB
2026/09/11 20:43:27.984, 0, 77 %, 4547 MiB, 32607 MiB
2026/09/11 20:43:27.984, 1, 77 %, 4569 MiB, 32607 MiB
2026/09/11 20:43:27.984, 2, 74 %, 4567 MiB, 32607 MiB
2026/09/11 20:43:27.985, 3, 71 %, 4549 MiB, 32607 MiB
2026/09/11 20:43:32.985, 0, 68 %, 4547 MiB, 32607 MiB
2026/09/11 20:43:32.985, 1, 80 %, 4569 MiB, 32607 MiB
2026/09/11 20:43:32.986, 2, 76 %, 4567 MiB, 32607 MiB
2026/09/11 20:43:32.986, 3, 79 %, 4549 MiB, 32607 MiB
2026/09/11 20:43:37.986, 0, 71 %, 4547 MiB, 32607 MiB
2026/09/11 20:43:37.987, 1, 67 %, 4569 MiB, 32607 MiB
2026/09/11 20:43:37.987, 2, 79 %, 4567 MiB, 32607 MiB
2026/09/11 20:43:37.987, 3, 76 %, 4549 MiB, 32607 MiB
2026/09/11 20:43:42.987, 0, 69 %, 4547 MiB, 32607 MiB
2026/09/11 20:43:42.988, 1, 75 %, 4569 MiB, 32607 MiB
2026/09/11 20:43:42.988, 2, 79 %, 4567 MiB, 32607 MiB
2026/09/11 20:43:42.988, 3, 79 %, 4549 MiB, 32607 MiB
2026/09/11 20:43:47.989, 0, 68 %, 4547 MiB, 32607 MiB
2026/09/11 20:43:47.989, 1, 73 %, 4569 MiB, 32607 MiB
2026/09/11 20:43:47.989, 2, 81 %, 4567 MiB, 32607 MiB
2026/09/11 20:43:47.990, 3, 75 %, 4549 MiB, 32607 MiB
2026/09/11 20:43:52.990, 0, 69 %, 4547 MiB, 32607 MiB
2026/09/11 20:43:52.990, 1, 80 %, 4569 MiB, 32607 MiB
2026/09/11 20:43:52.991, 2, 79 %, 4567 MiB, 32607 MiB
2026/09/11 20:43:52.991, 3, 69 %, 4549 MiB, 32607 MiB
2026/09/11 20:43:57.991, 0, 81 %, 4547 MiB, 32607 MiB
2026/09/11 20:43:57.992, 1, 69 %, 4569 MiB, 32607 MiB
2026/09/11 20:43:57.992, 2, 70 %, 4567 MiB, 32607 MiB
2026/09/11 20:43:57.992, 3, 78 %, 4549 MiB, 32607 MiB
2026/09/11 20:44:02.992, 0, 78 %, 4547 MiB, 32607 MiB
2026/09/11 20:44:02.993, 1, 59 %, 4569 MiB, 32607 MiB
2026/09/11 20:44:02.993, 2, 73 %, 4567 MiB, 32607 MiB
2026/09/11 20:44:02.993, 3, 72 %, 4549 MiB, 32607 MiB
2026/09/11 20:44:07.994, 0, 77 %, 4547 MiB, 32607 MiB
2026/09/11 20:44:07.994, 1, 79 %, 4569 MiB, 32607 MiB
2026/09/11 20:44:07.994, 2, 71 %, 4567 MiB, 32607 MiB
2026/09/11 20:44:07.994, 3, 85 %, 4549 MiB, 32607 MiB
2026/09/11 20:44:12.995, 0, 58 %, 4547 MiB, 32607 MiB
2026/09/11 20:44:12.995, 1, 70 %, 4569 MiB, 32607 MiB
2026/09/11 20:44:12.995, 2, 76 %, 4567 MiB, 32607 MiB
2026/09/11 20:44:12.996, 3, 80 %, 4549 MiB, 32607 MiB
2026/09/11 20:44:17.996, 0, 73 %, 4547 MiB, 32607 MiB
2026/09/11 20:44:17.996, 1, 74 %, 4569 MiB, 32607 MiB
2026/09/11 20:44:17.996, 2, 79 %, 4567 MiB, 32607 MiB
2026/09/11 20:44:17.997, 3, 71 %, 4549 MiB, 32607 MiB
2026/09/11 20:44:22.997, 0, 72 %, 4547 MiB, 32607 MiB
2026/09/11 20:44:22.997, 1, 78 %, 4569 MiB, 32607 MiB
2026/09/11 20:44:22.998, 2, 71 %, 4567 MiB, 32607 MiB
2026/09/11 20:44:22.998, 3, 77 %, 4549 MiB, 32607 MiB
2026/09/11 20:44:27.998, 0, 67 %, 4547 MiB, 32607 MiB
2026/09/11 20:44:27.999, 1, 59 %, 4569 MiB, 32607 MiB
2026/09/11 20:44:27.999, 2, 68 %, 4567 MiB, 32607 MiB
2026/09/11 20:44:27.999, 3, 70 %, 4549 MiB, 32607 MiB
2026/09/11 20:44:33.000, 0, 77 %, 4547 MiB, 32607 MiB
2026/09/11 20:44:33.000, 1, 82 %, 4569 MiB, 32607 MiB
2026/09/11 20:44:33.000, 2, 71 %, 4567 MiB, 32607 MiB
2026/09/11 20:44:33.000, 3, 66 %, 4549 MiB, 32607 MiB
2026/09/11 20:44:38.001, 0, 83 %, 4547 MiB, 32607 MiB
2026/09/11 20:44:38.001, 1, 70 %, 4569 MiB, 32607 MiB
2026/09/11 20:44:38.001, 2, 64 %, 4567 MiB, 32607 MiB
2026/09/11 20:44:38.002, 3, 72 %, 4549 MiB, 32607 MiB
2026/09/11 20:44:43.002, 0, 83 %, 4547 MiB, 32607 MiB
2026/09/11 20:44:43.002, 1, 82 %, 4569 MiB, 32607 MiB
2026/09/11 20:44:43.003, 2, 82 %, 4567 MiB, 32607 MiB
2026/09/11 20:44:43.003, 3, 78 %, 4549 MiB, 32607 MiB
2026/09/11 20:44:48.003, 0, 82 %, 4547 MiB, 32607 MiB
2026/09/11 20:44:48.004, 1, 81 %, 4569 MiB, 32607 MiB
2026/09/11 20:44:48.004, 2, 73 %, 4567 MiB, 32607 MiB
2026/09/11 20:44:48.004, 3, 80 %, 4549 MiB, 32607 MiB
2026/09/11 20:44:53.005, 0, 69 %, 4547 MiB, 32607 MiB
2026/09/11 20:44:53.005, 1, 100 %, 4569 MiB, 32607 MiB
2026/09/11 20:44:53.005, 2, 100 %, 4567 MiB, 32607 MiB
2026/09/11 20:44:53.006, 3, 100 %, 4549 MiB, 32607 MiB
2026/09/11 20:44:58.006, 0, 75 %, 4547 MiB, 32607 MiB
2026/09/11 20:44:58.006, 1, 77 %, 4569 MiB, 32607 MiB
2026/09/11 20:44:58.007, 2, 79 %, 4567 MiB, 32607 MiB
2026/09/11 20:44:58.007, 3, 75 %, 4549 MiB, 32607 MiB
2026/09/11 20:45:03.007, 0, 71 %, 4547 MiB, 32607 MiB
2026/09/11 20:45:03.008, 1, 80 %, 4569 MiB, 32607 MiB
2026/09/11 20:45:03.008, 2, 82 %, 4567 MiB, 32607 MiB
2026/09/11 20:45:03.008, 3, 60 %, 4549 MiB, 32607 MiB
2026/09/11 20:45:08.008, 0, 77 %, 4547 MiB, 32607 MiB
2026/09/11 20:45:08.009, 1, 66 %, 4569 MiB, 32607 MiB
2026/09/11 20:45:08.009, 2, 68 %, 4567 MiB, 32607 MiB
2026/09/11 20:45:08.009, 3, 76 %, 4549 MiB, 32607 MiB
2026/09/11 20:45:13.009, 0, 77 %, 4547 MiB, 32607 MiB
2026/09/11 20:45:13.010, 1, 72 %, 4569 MiB, 32607 MiB
2026/09/11 20:45:13.010, 2, 72 %, 4567 MiB, 32607 MiB
2026/09/11 20:45:13.010, 3, 72 %, 4549 MiB, 32607 MiB
2026/09/11 20:45:18.011, 0, 74 %, 4547 MiB, 32607 MiB
2026/09/11 20:45:18.011, 1, 83 %, 4569 MiB, 32607 MiB
2026/09/11 20:45:18.011, 2, 75 %, 4567 MiB, 32607 MiB
2026/09/11 20:45:18.011, 3, 73 %, 4549 MiB, 32607 MiB
2026/09/11 20:45:23.012, 0, 75 %, 4547 MiB, 32607 MiB
2026/09/11 20:45:23.012, 1, 56 %, 4569 MiB, 32607 MiB
2026/09/11 20:45:23.012, 2, 47 %, 4567 MiB, 32607 MiB
2026/09/11 20:45:23.013, 3, 84 %, 4549 MiB, 32607 MiB
2026/09/11 20:45:28.013, 0, 76 %, 4547 MiB, 32607 MiB
2026/09/11 20:45:28.014, 1, 68 %, 4569 MiB, 32607 MiB
2026/09/11 20:45:28.014, 2, 75 %, 4567 MiB, 32607 MiB
2026/09/11 20:45:28.014, 3, 63 %, 4549 MiB, 32607 MiB
2026/09/11 20:45:33.014, 0, 83 %, 4547 MiB, 32607 MiB
2026/09/11 20:45:33.015, 1, 73 %, 4569 MiB, 32607 MiB
2026/09/11 20:45:33.015, 2, 59 %, 4567 MiB, 32607 MiB
2026/09/11 20:45:33.015, 3, 75 %, 4549 MiB, 32607 MiB
2026/09/11 20:45:38.016, 0, 75 %, 4547 MiB, 32607 MiB
2026/09/11 20:45:38.016, 1, 69 %, 4569 MiB, 32607 MiB
2026/09/11 20:45:38.016, 2, 71 %, 4567 MiB, 32607 MiB
2026/09/11 20:45:38.017, 3, 80 %, 4549 MiB, 32607 MiB
2026/09/11 20:45:43.017, 0, 76 %, 4547 MiB, 32607 MiB
2026/09/11 20:45:43.017, 1, 70 %, 4569 MiB, 32607 MiB
2026/09/11 20:45:43.018, 2, 78 %, 4567 MiB, 32607 MiB
2026/09/11 20:45:43.018, 3, 72 %, 4549 MiB, 32607 MiB
2026/09/11 20:45:48.018, 0, 64 %, 4547 MiB, 32607 MiB
2026/09/11 20:45:48.019, 1, 84 %, 4569 MiB, 32607 MiB
2026/09/11 20:45:48.019, 2, 75 %, 4567 MiB, 32607 MiB
2026/09/11 20:45:48.019, 3, 77 %, 4549 MiB, 32607 MiB
2026/09/11 20:45:53.020, 0, 68 %, 4547 MiB, 32607 MiB
2026/09/11 20:45:53.020, 1, 81 %, 4569 MiB, 32607 MiB
2026/09/11 20:45:53.020, 2, 74 %, 4567 MiB, 32607 MiB
2026/09/11 20:45:53.020, 3, 73 %, 4549 MiB, 32607 MiB
2026/09/11 20:45:58.021, 0, 81 %, 4547 MiB, 32607 MiB
2026/09/11 20:45:58.021, 1, 85 %, 4569 MiB, 32607 MiB
2026/09/11 20:45:58.022, 2, 83 %, 4567 MiB, 32607 MiB
2026/09/11 20:45:58.022, 3, 71 %, 4549 MiB, 32607 MiB
2026/09/11 20:46:03.022, 0, 82 %, 4547 MiB, 32607 MiB
2026/09/11 20:46:03.023, 1, 81 %, 4569 MiB, 32607 MiB
2026/09/11 20:46:03.023, 2, 79 %, 4567 MiB, 32607 MiB
2026/09/11 20:46:03.023, 3, 74 %, 4549 MiB, 32607 MiB
2026/09/11 20:46:08.023, 0, 77 %, 4547 MiB, 32607 MiB
2026/09/11 20:46:08.024, 1, 71 %, 4569 MiB, 32607 MiB
2026/09/11 20:46:08.024, 2, 62 %, 4567 MiB, 32607 MiB
2026/09/11 20:46:08.024, 3, 74 %, 4549 MiB, 32607 MiB
2026/09/11 20:46:13.025, 0, 73 %, 4547 MiB, 32607 MiB
2026/09/11 20:46:13.025, 1, 80 %, 4569 MiB, 32607 MiB
2026/09/11 20:46:13.025, 2, 76 %, 4567 MiB, 32607 MiB
2026/09/11 20:46:13.025, 3, 63 %, 4549 MiB, 32607 MiB
2026/09/11 20:46:18.026, 0, 71 %, 4547 MiB, 32607 MiB
2026/09/11 20:46:18.026, 1, 68 %, 4569 MiB, 32607 MiB
2026/09/11 20:46:18.026, 2, 77 %, 4567 MiB, 32607 MiB
2026/09/11 20:46:18.026, 3, 73 %, 4549 MiB, 32607 MiB
2026/09/11 20:46:23.027, 0, 68 %, 4547 MiB, 32607 MiB
2026/09/11 20:46:23.027, 1, 78 %, 4569 MiB, 32607 MiB
2026/09/11 20:46:23.027, 2, 61 %, 4567 MiB, 32607 MiB
2026/09/11 20:46:23.028, 3, 79 %, 4549 MiB, 32607 MiB
2026/09/11 20:46:28.028, 0, 73 %, 4547 MiB, 32607 MiB
2026/09/11 20:46:28.028, 1, 75 %, 4569 MiB, 32607 MiB
2026/09/11 20:46:28.029, 2, 62 %, 4567 MiB, 32607 MiB
2026/09/11 20:46:28.029, 3, 60 %, 4549 MiB, 32607 MiB
2026/09/11 20:46:33.029, 0, 84 %, 4547 MiB, 32607 MiB
2026/09/11 20:46:33.030, 1, 71 %, 4569 MiB, 32607 MiB
2026/09/11 20:46:33.030, 2, 77 %, 4567 MiB, 32607 MiB
2026/09/11 20:46:33.030, 3, 64 %, 4549 MiB, 32607 MiB
2026/09/11 20:46:38.031, 0, 72 %, 4547 MiB, 32607 MiB
2026/09/11 20:46:38.031, 1, 67 %, 4569 MiB, 32607 MiB
2026/09/11 20:46:38.031, 2, 64 %, 4567 MiB, 32607 MiB
2026/09/11 20:46:38.031, 3, 62 %, 4549 MiB, 32607 MiB
2026/09/11 20:46:43.032, 0, 85 %, 4547 MiB, 32607 MiB
2026/09/11 20:46:43.032, 1, 50 %, 4569 MiB, 32607 MiB
2026/09/11 20:46:43.032, 2, 51 %, 4567 MiB, 32607 MiB
2026/09/11 20:46:43.033, 3, 100 %, 4549 MiB, 32607 MiB
2026/09/11 20:46:48.033, 0, 76 %, 4547 MiB, 32607 MiB
2026/09/11 20:46:48.033, 1, 79 %, 4569 MiB, 32607 MiB
2026/09/11 20:46:48.034, 2, 71 %, 4567 MiB, 32607 MiB
2026/09/11 20:46:48.034, 3, 67 %, 4549 MiB, 32607 MiB
2026/09/11 20:46:53.034, 0, 74 %, 4547 MiB, 32607 MiB
2026/09/11 20:46:53.035, 1, 69 %, 4569 MiB, 32607 MiB
2026/09/11 20:46:53.035, 2, 69 %, 4567 MiB, 32607 MiB
2026/09/11 20:46:53.035, 3, 70 %, 4549 MiB, 32607 MiB
2026/09/11 20:46:58.036, 0, 72 %, 4547 MiB, 32607 MiB
2026/09/11 20:46:58.036, 1, 61 %, 4569 MiB, 32607 MiB
2026/09/11 20:46:58.036, 2, 59 %, 4567 MiB, 32607 MiB
2026/09/11 20:46:58.036, 3, 77 %, 4549 MiB, 32607 MiB
2026/09/11 20:47:03.037, 0, 80 %, 4547 MiB, 32607 MiB
2026/09/11 20:47:03.037, 1, 76 %, 4569 MiB, 32607 MiB
2026/09/11 20:47:03.037, 2, 79 %, 4567 MiB, 32607 MiB
2026/09/11 20:47:03.037, 3, 74 %, 4549 MiB, 32607 MiB
2026/09/11 20:47:08.038, 0, 73 %, 4547 MiB, 32607 MiB
2026/09/11 20:47:08.039, 1, 73 %, 4569 MiB, 32607 MiB
2026/09/11 20:47:08.039, 2, 68 %, 4567 MiB, 32607 MiB
2026/09/11 20:47:08.039, 3, 81 %, 4549 MiB, 32607 MiB
2026/09/11 20:47:13.040, 0, 78 %, 4547 MiB, 32607 MiB
2026/09/11 20:47:13.040, 1, 80 %, 4569 MiB, 32607 MiB
2026/09/11 20:47:13.040, 2, 61 %, 4567 MiB, 32607 MiB
2026/09/11 20:47:13.040, 3, 77 %, 4549 MiB, 32607 MiB
2026/09/11 20:47:18.041, 0, 0 %, 4547 MiB, 32607 MiB
2026/09/11 20:47:18.041, 1, 100 %, 4569 MiB, 32607 MiB
2026/09/11 20:47:18.041, 2, 100 %, 4567 MiB, 32607 MiB
2026/09/11 20:47:18.042, 3, 76 %, 4549 MiB, 32607 MiB
2026/09/11 20:47:23.042, 0, 75 %, 4547 MiB, 32607 MiB
2026/09/11 20:47:23.043, 1, 73 %, 4569 MiB, 32607 MiB
2026/09/11 20:47:23.043, 2, 80 %, 4567 MiB, 32607 MiB
2026/09/11 20:47:23.043, 3, 76 %, 4549 MiB, 32607 MiB
2026/09/11 20:47:28.043, 0, 80 %, 4547 MiB, 32607 MiB
2026/09/11 20:47:28.044, 1, 60 %, 4569 MiB, 32607 MiB
2026/09/11 20:47:28.044, 2, 71 %, 4567 MiB, 32607 MiB
2026/09/11 20:47:28.044, 3, 79 %, 4549 MiB, 32607 MiB
2026/09/11 20:47:33.045, 0, 80 %, 4547 MiB, 32607 MiB
2026/09/11 20:47:33.045, 1, 60 %, 4569 MiB, 32607 MiB
2026/09/11 20:47:33.045, 2, 70 %, 4567 MiB, 32607 MiB
2026/09/11 20:47:33.045, 3, 67 %, 4549 MiB, 32607 MiB
2026/09/11 20:47:38.046, 0, 74 %, 4547 MiB, 32607 MiB
2026/09/11 20:47:38.046, 1, 87 %, 4569 MiB, 32607 MiB
2026/09/11 20:47:38.046, 2, 78 %, 4567 MiB, 32607 MiB
2026/09/11 20:47:38.046, 3, 72 %, 4549 MiB, 32607 MiB
2026/09/11 20:47:43.047, 0, 74 %, 4547 MiB, 32607 MiB
2026/09/11 20:47:43.047, 1, 83 %, 4569 MiB, 32607 MiB
2026/09/11 20:47:43.047, 2, 72 %, 4567 MiB, 32607 MiB
2026/09/11 20:47:43.048, 3, 75 %, 4549 MiB, 32607 MiB
2026/09/11 20:47:48.048, 0, 71 %, 4547 MiB, 32607 MiB
2026/09/11 20:47:48.048, 1, 62 %, 4569 MiB, 32607 MiB
2026/09/11 20:47:48.049, 2, 65 %, 4567 MiB, 32607 MiB
2026/09/11 20:47:48.049, 3, 72 %, 4549 MiB, 32607 MiB
2026/09/11 20:47:53.049, 0, 76 %, 4547 MiB, 32607 MiB
2026/09/11 20:47:53.050, 1, 72 %, 4569 MiB, 32607 MiB
2026/09/11 20:47:53.050, 2, 60 %, 4567 MiB, 32607 MiB
2026/09/11 20:47:53.050, 3, 73 %, 4549 MiB, 32607 MiB
2026/09/11 20:47:58.051, 0, 16 %, 4547 MiB, 32607 MiB
2026/09/11 20:47:58.051, 1, 100 %, 4569 MiB, 32607 MiB
2026/09/11 20:47:58.051, 2, 100 %, 4567 MiB, 32607 MiB
2026/09/11 20:47:58.051, 3, 100 %, 4549 MiB, 32607 MiB
2026/09/11 20:48:03.052, 0, 66 %, 4547 MiB, 32607 MiB
2026/09/11 20:48:03.052, 1, 58 %, 4569 MiB, 32607 MiB
2026/09/11 20:48:03.053, 2, 73 %, 4567 MiB, 32607 MiB
2026/09/11 20:48:03.053, 3, 57 %, 4549 MiB, 32607 MiB
2026/09/11 20:48:08.053, 0, 72 %, 4547 MiB, 32607 MiB
2026/09/11 20:48:08.054, 1, 67 %, 4569 MiB, 32607 MiB
2026/09/11 20:48:08.054, 2, 62 %, 4567 MiB, 32607 MiB
2026/09/11 20:48:08.054, 3, 69 %, 4549 MiB, 32607 MiB
2026/09/11 20:48:13.054, 0, 75 %, 4547 MiB, 32607 MiB
2026/09/11 20:48:13.055, 1, 80 %, 4569 MiB, 32607 MiB
2026/09/11 20:48:13.055, 2, 72 %, 4567 MiB, 32607 MiB
2026/09/11 20:48:13.055, 3, 73 %, 4549 MiB, 32607 MiB
2026/09/11 20:48:18.056, 0, 69 %, 4547 MiB, 32607 MiB
2026/09/11 20:48:18.056, 1, 76 %, 4569 MiB, 32607 MiB
2026/09/11 20:48:18.056, 2, 65 %, 4567 MiB, 32607 MiB
2026/09/11 20:48:18.057, 3, 71 %, 4549 MiB, 32607 MiB
2026/09/11 20:48:23.057, 0, 85 %, 4547 MiB, 32607 MiB
2026/09/11 20:48:23.058, 1, 78 %, 4569 MiB, 32607 MiB
2026/09/11 20:48:23.058, 2, 66 %, 4567 MiB, 32607 MiB
2026/09/11 20:48:23.058, 3, 81 %, 4549 MiB, 32607 MiB
2026/09/11 20:48:28.059, 0, 75 %, 4547 MiB, 32607 MiB
2026/09/11 20:48:28.059, 1, 73 %, 4569 MiB, 32607 MiB
2026/09/11 20:48:28.059, 2, 80 %, 4567 MiB, 32607 MiB
2026/09/11 20:48:28.059, 3, 76 %, 4549 MiB, 32607 MiB
2026/09/11 20:48:33.060, 0, 71 %, 4547 MiB, 32607 MiB
2026/09/11 20:48:33.060, 1, 55 %, 4569 MiB, 32607 MiB
2026/09/11 20:48:33.061, 2, 46 %, 4567 MiB, 32607 MiB
2026/09/11 20:48:33.061, 3, 75 %, 4549 MiB, 32607 MiB
2026/09/11 20:48:38.061, 0, 72 %, 4547 MiB, 32607 MiB
2026/09/11 20:48:38.062, 1, 73 %, 4569 MiB, 32607 MiB
2026/09/11 20:48:38.062, 2, 72 %, 4567 MiB, 32607 MiB
2026/09/11 20:48:38.062, 3, 79 %, 4549 MiB, 32607 MiB
2026/09/11 20:48:43.062, 0, 70 %, 4547 MiB, 32607 MiB
2026/09/11 20:48:43.063, 1, 82 %, 4569 MiB, 32607 MiB
2026/09/11 20:48:43.063, 2, 64 %, 4567 MiB, 32607 MiB
2026/09/11 20:48:43.063, 3, 79 %, 4549 MiB, 32607 MiB
2026/09/11 20:48:48.064, 0, 64 %, 4547 MiB, 32607 MiB
2026/09/11 20:48:48.064, 1, 73 %, 4569 MiB, 32607 MiB
2026/09/11 20:48:48.064, 2, 84 %, 4567 MiB, 32607 MiB
2026/09/11 20:48:48.064, 3, 74 %, 4549 MiB, 32607 MiB
2026/09/11 20:48:53.065, 0, 67 %, 4547 MiB, 32607 MiB
2026/09/11 20:48:53.065, 1, 67 %, 4569 MiB, 32607 MiB
2026/09/11 20:48:53.065, 2, 65 %, 4567 MiB, 32607 MiB
2026/09/11 20:48:53.066, 3, 83 %, 4549 MiB, 32607 MiB
2026/09/11 20:48:58.066, 0, 75 %, 4547 MiB, 32607 MiB
2026/09/11 20:48:58.066, 1, 82 %, 4569 MiB, 32607 MiB
2026/09/11 20:48:58.067, 2, 68 %, 4567 MiB, 32607 MiB
2026/09/11 20:48:58.067, 3, 76 %, 4549 MiB, 32607 MiB
2026/09/11 20:49:03.067, 0, 79 %, 4547 MiB, 32607 MiB
2026/09/11 20:49:03.068, 1, 63 %, 4569 MiB, 32607 MiB
2026/09/11 20:49:03.068, 2, 66 %, 4567 MiB, 32607 MiB
2026/09/11 20:49:03.068, 3, 75 %, 4549 MiB, 32607 MiB
2026/09/11 20:49:08.069, 0, 72 %, 4547 MiB, 32607 MiB
2026/09/11 20:49:08.069, 1, 75 %, 4569 MiB, 32607 MiB
2026/09/11 20:49:08.069, 2, 73 %, 4567 MiB, 32607 MiB
2026/09/11 20:49:08.069, 3, 81 %, 4549 MiB, 32607 MiB
2026/09/11 20:49:13.070, 0, 84 %, 4547 MiB, 32607 MiB
2026/09/11 20:49:13.070, 1, 78 %, 4569 MiB, 32607 MiB
2026/09/11 20:49:13.070, 2, 71 %, 4567 MiB, 32607 MiB
2026/09/11 20:49:13.071, 3, 81 %, 4549 MiB, 32607 MiB
2026/09/11 20:49:18.071, 0, 68 %, 4547 MiB, 32607 MiB
2026/09/11 20:49:18.071, 1, 65 %, 4569 MiB, 32607 MiB
2026/09/11 20:49:18.072, 2, 82 %, 4567 MiB, 32607 MiB
2026/09/11 20:49:18.072, 3, 81 %, 4549 MiB, 32607 MiB
2026/09/11 20:49:23.073, 0, 57 %, 4547 MiB, 32607 MiB
2026/09/11 20:49:23.073, 1, 58 %, 4569 MiB, 32607 MiB
2026/09/11 20:49:23.073, 2, 69 %, 4567 MiB, 32607 MiB
2026/09/11 20:49:23.073, 3, 70 %, 4549 MiB, 32607 MiB
2026/09/11 20:49:28.074, 0, 83 %, 4547 MiB, 32607 MiB
2026/09/11 20:49:28.074, 1, 73 %, 4569 MiB, 32607 MiB
2026/09/11 20:49:28.074, 2, 69 %, 4567 MiB, 32607 MiB
2026/09/11 20:49:28.074, 3, 72 %, 4549 MiB, 32607 MiB
2026/09/11 20:49:33.075, 0, 72 %, 4547 MiB, 32607 MiB
2026/09/11 20:49:33.075, 1, 70 %, 4569 MiB, 32607 MiB
2026/09/11 20:49:33.075, 2, 76 %, 4567 MiB, 32607 MiB
2026/09/11 20:49:33.076, 3, 80 %, 4549 MiB, 32607 MiB
2026/09/11 20:49:38.076, 0, 76 %, 4547 MiB, 32607 MiB
2026/09/11 20:49:38.076, 1, 69 %, 4569 MiB, 32607 MiB
2026/09/11 20:49:38.077, 2, 82 %, 4567 MiB, 32607 MiB
2026/09/11 20:49:38.077, 3, 69 %, 4549 MiB, 32607 MiB
2026/09/11 20:49:43.077, 0, 78 %, 4547 MiB, 32607 MiB
2026/09/11 20:49:43.078, 1, 60 %, 4569 MiB, 32607 MiB
2026/09/11 20:49:43.078, 2, 61 %, 4567 MiB, 32607 MiB
2026/09/11 20:49:43.078, 3, 81 %, 4549 MiB, 32607 MiB
2026/09/11 20:49:48.079, 0, 65 %, 4547 MiB, 32607 MiB
2026/09/11 20:49:48.079, 1, 77 %, 4569 MiB, 32607 MiB
2026/09/11 20:49:48.079, 2, 77 %, 4567 MiB, 32607 MiB
2026/09/11 20:49:48.079, 3, 81 %, 4549 MiB, 32607 MiB
2026/09/11 20:49:53.080, 0, 65 %, 4547 MiB, 32607 MiB
2026/09/11 20:49:53.080, 1, 75 %, 4569 MiB, 32607 MiB
2026/09/11 20:49:53.081, 2, 70 %, 4567 MiB, 32607 MiB
2026/09/11 20:49:53.081, 3, 70 %, 4549 MiB, 32607 MiB
2026/09/11 20:49:58.081, 0, 80 %, 4547 MiB, 32607 MiB
2026/09/11 20:49:58.082, 1, 77 %, 4569 MiB, 32607 MiB
2026/09/11 20:49:58.082, 2, 75 %, 4567 MiB, 32607 MiB
2026/09/11 20:49:58.082, 3, 73 %, 4549 MiB, 32607 MiB
2026/09/11 20:50:03.083, 0, 77 %, 4547 MiB, 32607 MiB
2026/09/11 20:50:03.083, 1, 66 %, 4569 MiB, 32607 MiB
2026/09/11 20:50:03.083, 2, 66 %, 4567 MiB, 32607 MiB
2026/09/11 20:50:03.084, 3, 64 %, 4549 MiB, 32607 MiB
2026/09/11 20:50:08.084, 0, 77 %, 4547 MiB, 32607 MiB
2026/09/11 20:50:08.084, 1, 71 %, 4569 MiB, 32607 MiB
2026/09/11 20:50:08.085, 2, 68 %, 4567 MiB, 32607 MiB
2026/09/11 20:50:08.085, 3, 77 %, 4549 MiB, 32607 MiB
2026/09/11 20:50:13.085, 0, 68 %, 4547 MiB, 32607 MiB
2026/09/11 20:50:13.086, 1, 80 %, 4569 MiB, 32607 MiB
2026/09/11 20:50:13.086, 2, 53 %, 4567 MiB, 32607 MiB
2026/09/11 20:50:13.086, 3, 67 %, 4549 MiB, 32607 MiB
2026/09/11 20:50:18.087, 0, 82 %, 4547 MiB, 32607 MiB
2026/09/11 20:50:18.087, 1, 62 %, 4569 MiB, 32607 MiB
2026/09/11 20:50:18.087, 2, 62 %, 4567 MiB, 32607 MiB
2026/09/11 20:50:18.087, 3, 61 %, 4549 MiB, 32607 MiB
2026/09/11 20:50:23.088, 0, 78 %, 4547 MiB, 32607 MiB
2026/09/11 20:50:23.088, 1, 72 %, 4569 MiB, 32607 MiB
2026/09/11 20:50:23.088, 2, 84 %, 4567 MiB, 32607 MiB
2026/09/11 20:50:23.089, 3, 80 %, 4549 MiB, 32607 MiB
2026/09/11 20:50:28.089, 0, 71 %, 4547 MiB, 32607 MiB
2026/09/11 20:50:28.089, 1, 69 %, 4569 MiB, 32607 MiB
2026/09/11 20:50:28.090, 2, 82 %, 4567 MiB, 32607 MiB
2026/09/11 20:50:28.090, 3, 77 %, 4549 MiB, 32607 MiB
2026/09/11 20:50:33.090, 0, 80 %, 4547 MiB, 32607 MiB
2026/09/11 20:50:33.091, 1, 71 %, 4569 MiB, 32607 MiB
2026/09/11 20:50:33.091, 2, 81 %, 4567 MiB, 32607 MiB
2026/09/11 20:50:33.091, 3, 77 %, 4549 MiB, 32607 MiB
2026/09/11 20:50:38.092, 0, 74 %, 4547 MiB, 32607 MiB
2026/09/11 20:50:38.092, 1, 81 %, 4569 MiB, 32607 MiB
2026/09/11 20:50:38.092, 2, 73 %, 4567 MiB, 32607 MiB
2026/09/11 20:50:38.092, 3, 78 %, 4549 MiB, 32607 MiB
2026/09/11 20:50:43.093, 0, 77 %, 4547 MiB, 32607 MiB
2026/09/11 20:50:43.093, 1, 68 %, 4569 MiB, 32607 MiB
2026/09/11 20:50:43.093, 2, 63 %, 4567 MiB, 32607 MiB
2026/09/11 20:50:43.094, 3, 79 %, 4549 MiB, 32607 MiB
2026/09/11 20:50:48.094, 0, 75 %, 4547 MiB, 32607 MiB
2026/09/11 20:50:48.095, 1, 73 %, 4569 MiB, 32607 MiB
2026/09/11 20:50:48.095, 2, 76 %, 4567 MiB, 32607 MiB
2026/09/11 20:50:48.095, 3, 76 %, 4549 MiB, 32607 MiB
2026/09/11 20:50:53.095, 0, 69 %, 4547 MiB, 32607 MiB
2026/09/11 20:50:53.096, 1, 80 %, 4569 MiB, 32607 MiB
2026/09/11 20:50:53.096, 2, 64 %, 4567 MiB, 32607 MiB
2026/09/11 20:50:53.096, 3, 74 %, 4549 MiB, 32607 MiB
2026/09/11 20:50:58.097, 0, 40 %, 4547 MiB, 32607 MiB
2026/09/11 20:50:58.097, 1, 100 %, 4569 MiB, 32607 MiB
2026/09/11 20:50:58.097, 2, 100 %, 4567 MiB, 32607 MiB
2026/09/11 20:50:58.098, 3, 100 %, 4549 MiB, 32607 MiB
2026/09/11 20:51:03.098, 0, 0 %, 4547 MiB, 32607 MiB
2026/09/11 20:51:03.098, 1, 100 %, 4569 MiB, 32607 MiB
2026/09/11 20:51:03.098, 2, 100 %, 4567 MiB, 32607 MiB
2026/09/11 20:51:03.099, 3, 100 %, 4549 MiB, 32607 MiB
2026/09/11 20:51:08.099, 0, 64 %, 4547 MiB, 32607 MiB
2026/09/11 20:51:08.099, 1, 74 %, 4569 MiB, 32607 MiB
2026/09/11 20:51:08.100, 2, 69 %, 4567 MiB, 32607 MiB
2026/09/11 20:51:08.100, 3, 67 %, 4549 MiB, 32607 MiB
2026/09/11 20:51:13.100, 0, 80 %, 4547 MiB, 32607 MiB
2026/09/11 20:51:13.101, 1, 62 %, 4569 MiB, 32607 MiB
2026/09/11 20:51:13.101, 2, 77 %, 4567 MiB, 32607 MiB
2026/09/11 20:51:13.101, 3, 74 %, 4549 MiB, 32607 MiB
2026/09/11 20:51:18.101, 0, 73 %, 4547 MiB, 32607 MiB
2026/09/11 20:51:18.102, 1, 62 %, 4569 MiB, 32607 MiB
2026/09/11 20:51:18.102, 2, 60 %, 4567 MiB, 32607 MiB
2026/09/11 20:51:18.102, 3, 75 %, 4549 MiB, 32607 MiB
2026/09/11 20:51:23.103, 0, 64 %, 4547 MiB, 32607 MiB
2026/09/11 20:51:23.103, 1, 75 %, 4569 MiB, 32607 MiB
2026/09/11 20:51:23.103, 2, 66 %, 4567 MiB, 32607 MiB
2026/09/11 20:51:23.103, 3, 78 %, 4549 MiB, 32607 MiB
2026/09/11 20:51:28.104, 0, 68 %, 4547 MiB, 32607 MiB
2026/09/11 20:51:28.104, 1, 70 %, 4569 MiB, 32607 MiB
2026/09/11 20:51:28.104, 2, 75 %, 4567 MiB, 32607 MiB
2026/09/11 20:51:28.104, 3, 76 %, 4549 MiB, 32607 MiB
2026/09/11 20:51:33.105, 0, 78 %, 4547 MiB, 32607 MiB
2026/09/11 20:51:33.105, 1, 69 %, 4569 MiB, 32607 MiB
2026/09/11 20:51:33.105, 2, 62 %, 4567 MiB, 32607 MiB
2026/09/11 20:51:33.105, 3, 61 %, 4549 MiB, 32607 MiB
2026/09/11 20:51:38.106, 0, 74 %, 4547 MiB, 32607 MiB
2026/09/11 20:51:38.106, 1, 73 %, 4569 MiB, 32607 MiB
2026/09/11 20:51:38.106, 2, 71 %, 4567 MiB, 32607 MiB
2026/09/11 20:51:38.107, 3, 78 %, 4549 MiB, 32607 MiB
2026/09/11 20:51:43.107, 0, 65 %, 4547 MiB, 32607 MiB
2026/09/11 20:51:43.108, 1, 76 %, 4569 MiB, 32607 MiB
2026/09/11 20:51:43.108, 2, 71 %, 4567 MiB, 32607 MiB
2026/09/11 20:51:43.108, 3, 83 %, 4549 MiB, 32607 MiB
2026/09/11 20:51:48.108, 0, 76 %, 4547 MiB, 32607 MiB
2026/09/11 20:51:48.109, 1, 56 %, 4569 MiB, 32607 MiB
2026/09/11 20:51:48.109, 2, 80 %, 4567 MiB, 32607 MiB
2026/09/11 20:51:48.109, 3, 77 %, 4549 MiB, 32607 MiB
2026/09/11 20:51:53.110, 0, 73 %, 4547 MiB, 32607 MiB
2026/09/11 20:51:53.110, 1, 82 %, 4569 MiB, 32607 MiB
2026/09/11 20:51:53.110, 2, 78 %, 4567 MiB, 32607 MiB
2026/09/11 20:51:53.110, 3, 69 %, 4549 MiB, 32607 MiB
2026/09/11 20:51:58.111, 0, 77 %, 4547 MiB, 32607 MiB
2026/09/11 20:51:58.111, 1, 63 %, 4569 MiB, 32607 MiB
2026/09/11 20:51:58.111, 2, 59 %, 4567 MiB, 32607 MiB
2026/09/11 20:51:58.111, 3, 74 %, 4549 MiB, 32607 MiB
2026/09/11 20:52:03.112, 0, 68 %, 4547 MiB, 32607 MiB
2026/09/11 20:52:03.112, 1, 77 %, 4569 MiB, 32607 MiB
2026/09/11 20:52:03.112, 2, 75 %, 4567 MiB, 32607 MiB
2026/09/11 20:52:03.112, 3, 79 %, 4549 MiB, 32607 MiB
2026/09/11 20:52:08.113, 0, 0 %, 4547 MiB, 32607 MiB
2026/09/11 20:52:08.113, 1, 54 %, 4569 MiB, 32607 MiB
2026/09/11 20:52:08.113, 2, 67 %, 4567 MiB, 32607 MiB
2026/09/11 20:52:08.114, 3, 71 %, 4549 MiB, 32607 MiB
2026/09/11 20:52:13.114, 0, 68 %, 4547 MiB, 32607 MiB
2026/09/11 20:52:13.114, 1, 81 %, 4569 MiB, 32607 MiB
2026/09/11 20:52:13.115, 2, 63 %, 4567 MiB, 32607 MiB
2026/09/11 20:52:13.115, 3, 46 %, 4549 MiB, 32607 MiB
2026/09/11 20:52:18.115, 0, 0 %, 4547 MiB, 32607 MiB
2026/09/11 20:52:18.116, 1, 100 %, 4569 MiB, 32607 MiB
2026/09/11 20:52:18.116, 2, 100 %, 4567 MiB, 32607 MiB
2026/09/11 20:52:18.116, 3, 100 %, 4549 MiB, 32607 MiB
2026/09/11 20:52:23.116, 0, 80 %, 4547 MiB, 32607 MiB
2026/09/11 20:52:23.117, 1, 79 %, 4569 MiB, 32607 MiB
2026/09/11 20:52:23.117, 2, 69 %, 4567 MiB, 32607 MiB
2026/09/11 20:52:23.117, 3, 66 %, 4549 MiB, 32607 MiB
2026/09/11 20:52:28.118, 0, 74 %, 4547 MiB, 32607 MiB
2026/09/11 20:52:28.118, 1, 77 %, 4569 MiB, 32607 MiB
2026/09/11 20:52:28.118, 2, 67 %, 4567 MiB, 32607 MiB
2026/09/11 20:52:28.118, 3, 69 %, 4549 MiB, 32607 MiB
2026/09/11 20:52:33.119, 0, 61 %, 4547 MiB, 32607 MiB
2026/09/11 20:52:33.119, 1, 72 %, 4569 MiB, 32607 MiB
2026/09/11 20:52:33.120, 2, 86 %, 4567 MiB, 32607 MiB
2026/09/11 20:52:33.120, 3, 83 %, 4549 MiB, 32607 MiB
2026/09/11 20:52:38.120, 0, 77 %, 4547 MiB, 32607 MiB
2026/09/11 20:52:38.121, 1, 81 %, 4569 MiB, 32607 MiB
2026/09/11 20:52:38.121, 2, 79 %, 4567 MiB, 32607 MiB
2026/09/11 20:52:38.121, 3, 76 %, 4549 MiB, 32607 MiB
2026/09/11 20:52:43.122, 0, 82 %, 4547 MiB, 32607 MiB
2026/09/11 20:52:43.122, 1, 81 %, 4569 MiB, 32607 MiB
2026/09/11 20:52:43.122, 2, 77 %, 4567 MiB, 32607 MiB
2026/09/11 20:52:43.122, 3, 74 %, 4549 MiB, 32607 MiB
2026/09/11 20:52:48.123, 0, 72 %, 4547 MiB, 32607 MiB
2026/09/11 20:52:48.123, 1, 75 %, 4569 MiB, 32607 MiB
2026/09/11 20:52:48.123, 2, 73 %, 4567 MiB, 32607 MiB
2026/09/11 20:52:48.123, 3, 69 %, 4549 MiB, 32607 MiB
2026/09/11 20:52:53.124, 0, 76 %, 4547 MiB, 32607 MiB
2026/09/11 20:52:53.124, 1, 67 %, 4569 MiB, 32607 MiB
2026/09/11 20:52:53.125, 2, 51 %, 4567 MiB, 32607 MiB
2026/09/11 20:52:53.125, 3, 48 %, 4549 MiB, 32607 MiB
2026/09/11 20:52:58.125, 0, 71 %, 4547 MiB, 32607 MiB
2026/09/11 20:52:58.126, 1, 74 %, 4569 MiB, 32607 MiB
2026/09/11 20:52:58.126, 2, 75 %, 4567 MiB, 32607 MiB
2026/09/11 20:52:58.126, 3, 80 %, 4549 MiB, 32607 MiB
2026/09/11 20:53:03.126, 0, 80 %, 4547 MiB, 32607 MiB
2026/09/11 20:53:03.127, 1, 65 %, 4569 MiB, 32607 MiB
2026/09/11 20:53:03.127, 2, 72 %, 4567 MiB, 32607 MiB
2026/09/11 20:53:03.127, 3, 70 %, 4549 MiB, 32607 MiB
2026/09/11 20:53:08.128, 0, 77 %, 4547 MiB, 32607 MiB
2026/09/11 20:53:08.128, 1, 66 %, 4569 MiB, 32607 MiB
2026/09/11 20:53:08.128, 2, 76 %, 4567 MiB, 32607 MiB
2026/09/11 20:53:08.129, 3, 74 %, 4549 MiB, 32607 MiB
2026/09/11 20:53:13.129, 0, 81 %, 4547 MiB, 32607 MiB
2026/09/11 20:53:13.130, 1, 86 %, 4569 MiB, 32607 MiB
2026/09/11 20:53:13.130, 2, 64 %, 4567 MiB, 32607 MiB
2026/09/11 20:53:13.130, 3, 72 %, 4549 MiB, 32607 MiB
2026/09/11 20:53:18.131, 0, 69 %, 4547 MiB, 32607 MiB
2026/09/11 20:53:18.131, 1, 67 %, 4569 MiB, 32607 MiB
2026/09/11 20:53:18.131, 2, 58 %, 4567 MiB, 32607 MiB
2026/09/11 20:53:18.131, 3, 79 %, 4549 MiB, 32607 MiB
2026/09/11 20:53:23.132, 0, 81 %, 4547 MiB, 32607 MiB
2026/09/11 20:53:23.132, 1, 67 %, 4569 MiB, 32607 MiB
2026/09/11 20:53:23.132, 2, 75 %, 4567 MiB, 32607 MiB
2026/09/11 20:53:23.133, 3, 77 %, 4549 MiB, 32607 MiB
2026/09/11 20:53:28.133, 0, 71 %, 4547 MiB, 32607 MiB
2026/09/11 20:53:28.133, 1, 80 %, 4569 MiB, 32607 MiB
2026/09/11 20:53:28.134, 2, 61 %, 4567 MiB, 32607 MiB
2026/09/11 20:53:28.134, 3, 66 %, 4549 MiB, 32607 MiB
2026/09/11 20:53:33.134, 0, 71 %, 4547 MiB, 32607 MiB
2026/09/11 20:53:33.135, 1, 77 %, 4569 MiB, 32607 MiB
2026/09/11 20:53:33.135, 2, 75 %, 4567 MiB, 32607 MiB
2026/09/11 20:53:33.135, 3, 76 %, 4549 MiB, 32607 MiB
2026/09/11 20:53:38.135, 0, 73 %, 4547 MiB, 32607 MiB
2026/09/11 20:53:38.136, 1, 78 %, 4569 MiB, 32607 MiB
2026/09/11 20:53:38.136, 2, 54 %, 4567 MiB, 32607 MiB
2026/09/11 20:53:38.136, 3, 78 %, 4549 MiB, 32607 MiB
2026/09/11 20:53:43.137, 0, 82 %, 4547 MiB, 32607 MiB
2026/09/11 20:53:43.137, 1, 72 %, 4569 MiB, 32607 MiB
2026/09/11 20:53:43.137, 2, 60 %, 4567 MiB, 32607 MiB
2026/09/11 20:53:43.138, 3, 72 %, 4549 MiB, 32607 MiB
2026/09/11 20:53:48.138, 0, 79 %, 4547 MiB, 32607 MiB
2026/09/11 20:53:48.138, 1, 71 %, 4569 MiB, 32607 MiB
2026/09/11 20:53:48.139, 2, 70 %, 4567 MiB, 32607 MiB
2026/09/11 20:53:48.139, 3, 76 %, 4549 MiB, 32607 MiB
2026/09/11 20:53:53.139, 0, 75 %, 4547 MiB, 32607 MiB
2026/09/11 20:53:53.140, 1, 68 %, 4569 MiB, 32607 MiB
2026/09/11 20:53:53.140, 2, 60 %, 4567 MiB, 32607 MiB
2026/09/11 20:53:53.140, 3, 62 %, 4549 MiB, 32607 MiB
2026/09/11 20:53:58.141, 0, 77 %, 4547 MiB, 32607 MiB
2026/09/11 20:53:58.141, 1, 76 %, 4569 MiB, 32607 MiB
2026/09/11 20:53:58.141, 2, 72 %, 4567 MiB, 32607 MiB
2026/09/11 20:53:58.141, 3, 73 %, 4549 MiB, 32607 MiB
2026/09/11 20:54:03.142, 0, 82 %, 4547 MiB, 32607 MiB
2026/09/11 20:54:03.142, 1, 74 %, 4569 MiB, 32607 MiB
2026/09/11 20:54:03.142, 2, 74 %, 4567 MiB, 32607 MiB
2026/09/11 20:54:03.143, 3, 69 %, 4549 MiB, 32607 MiB
2026/09/11 20:54:08.143, 0, 57 %, 4547 MiB, 32607 MiB
2026/09/11 20:54:08.143, 1, 100 %, 4569 MiB, 32607 MiB
2026/09/11 20:54:08.144, 2, 100 %, 4567 MiB, 32607 MiB
2026/09/11 20:54:08.144, 3, 100 %, 4549 MiB, 32607 MiB
2026/09/11 20:54:13.144, 0, 69 %, 4547 MiB, 32607 MiB
2026/09/11 20:54:13.145, 1, 25 %, 4569 MiB, 32607 MiB
2026/09/11 20:54:13.145, 2, 73 %, 4567 MiB, 32607 MiB
2026/09/11 20:54:13.145, 3, 73 %, 4549 MiB, 32607 MiB
2026/09/11 20:54:18.146, 0, 84 %, 4547 MiB, 32607 MiB
2026/09/11 20:54:18.146, 1, 75 %, 4569 MiB, 32607 MiB
2026/09/11 20:54:18.146, 2, 88 %, 4567 MiB, 32607 MiB
2026/09/11 20:54:18.146, 3, 82 %, 4549 MiB, 32607 MiB
2026/09/11 20:54:23.147, 0, 79 %, 4547 MiB, 32607 MiB
2026/09/11 20:54:23.147, 1, 77 %, 4569 MiB, 32607 MiB
2026/09/11 20:54:23.147, 2, 52 %, 4567 MiB, 32607 MiB
2026/09/11 20:54:23.148, 3, 62 %, 4549 MiB, 32607 MiB
2026/09/11 20:54:28.148, 0, 76 %, 4547 MiB, 32607 MiB
2026/09/11 20:54:28.148, 1, 72 %, 4569 MiB, 32607 MiB
2026/09/11 20:54:28.149, 2, 72 %, 4567 MiB, 32607 MiB
2026/09/11 20:54:28.149, 3, 75 %, 4549 MiB, 32607 MiB
2026/09/11 20:54:33.149, 0, 67 %, 4547 MiB, 32607 MiB
2026/09/11 20:54:33.150, 1, 81 %, 4569 MiB, 32607 MiB
2026/09/11 20:54:33.150, 2, 66 %, 4567 MiB, 32607 MiB
2026/09/11 20:54:33.150, 3, 74 %, 4549 MiB, 32607 MiB
2026/09/11 20:54:38.151, 0, 70 %, 4547 MiB, 32607 MiB
2026/09/11 20:54:38.151, 1, 81 %, 4569 MiB, 32607 MiB
2026/09/11 20:54:38.151, 2, 69 %, 4567 MiB, 32607 MiB
2026/09/11 20:54:38.151, 3, 76 %, 4549 MiB, 32607 MiB
2026/09/11 20:54:43.152, 0, 83 %, 4547 MiB, 32607 MiB
2026/09/11 20:54:43.152, 1, 79 %, 4569 MiB, 32607 MiB
2026/09/11 20:54:43.152, 2, 80 %, 4567 MiB, 32607 MiB
2026/09/11 20:54:43.153, 3, 76 %, 4549 MiB, 32607 MiB
2026/09/11 20:54:48.153, 0, 70 %, 4547 MiB, 32607 MiB
2026/09/11 20:54:48.153, 1, 71 %, 4569 MiB, 32607 MiB
2026/09/11 20:54:48.154, 2, 68 %, 4567 MiB, 32607 MiB
2026/09/11 20:54:48.154, 3, 72 %, 4549 MiB, 32607 MiB
2026/09/11 20:54:53.154, 0, 80 %, 4547 MiB, 32607 MiB
2026/09/11 20:54:53.155, 1, 81 %, 4569 MiB, 32607 MiB
2026/09/11 20:54:53.155, 2, 73 %, 4567 MiB, 32607 MiB
2026/09/11 20:54:53.155, 3, 67 %, 4549 MiB, 32607 MiB
2026/09/11 20:54:58.155, 0, 58 %, 4547 MiB, 32607 MiB
2026/09/11 20:54:58.156, 1, 74 %, 4569 MiB, 32607 MiB
2026/09/11 20:54:58.156, 2, 64 %, 4567 MiB, 32607 MiB
2026/09/11 20:54:58.156, 3, 67 %, 4549 MiB, 32607 MiB
2026/09/11 20:55:03.157, 0, 70 %, 4547 MiB, 32607 MiB
2026/09/11 20:55:03.157, 1, 60 %, 4569 MiB, 32607 MiB
2026/09/11 20:55:03.157, 2, 74 %, 4567 MiB, 32607 MiB
2026/09/11 20:55:03.157, 3, 73 %, 4549 MiB, 32607 MiB
2026/09/11 20:55:08.158, 0, 77 %, 4547 MiB, 32607 MiB
2026/09/11 20:55:08.158, 1, 69 %, 4569 MiB, 32607 MiB
2026/09/11 20:55:08.158, 2, 72 %, 4567 MiB, 32607 MiB
2026/09/11 20:55:08.159, 3, 59 %, 4549 MiB, 32607 MiB
2026/09/11 20:55:13.159, 0, 75 %, 4547 MiB, 32607 MiB
2026/09/11 20:55:13.160, 1, 73 %, 4569 MiB, 32607 MiB
2026/09/11 20:55:13.160, 2, 80 %, 4567 MiB, 32607 MiB
2026/09/11 20:55:13.160, 3, 76 %, 4549 MiB, 32607 MiB
2026/09/11 20:55:18.160, 0, 73 %, 4547 MiB, 32607 MiB
2026/09/11 20:55:18.161, 1, 78 %, 4569 MiB, 32607 MiB
2026/09/11 20:55:18.161, 2, 74 %, 4567 MiB, 32607 MiB
2026/09/11 20:55:18.161, 3, 74 %, 4549 MiB, 32607 MiB
2026/09/11 20:55:23.162, 0, 0 %, 4547 MiB, 32607 MiB
2026/09/11 20:55:23.162, 1, 100 %, 4569 MiB, 32607 MiB
2026/09/11 20:55:23.162, 2, 86 %, 4567 MiB, 32607 MiB
2026/09/11 20:55:23.163, 3, 82 %, 4549 MiB, 32607 MiB
2026/09/11 20:55:28.163, 0, 71 %, 4547 MiB, 32607 MiB
2026/09/11 20:55:28.163, 1, 74 %, 4569 MiB, 32607 MiB
2026/09/11 20:55:28.164, 2, 75 %, 4567 MiB, 32607 MiB
2026/09/11 20:55:28.164, 3, 66 %, 4549 MiB, 32607 MiB
2026/09/11 20:55:33.164, 0, 82 %, 4547 MiB, 32607 MiB
2026/09/11 20:55:33.165, 1, 82 %, 4569 MiB, 32607 MiB
2026/09/11 20:55:33.165, 2, 73 %, 4567 MiB, 32607 MiB
2026/09/11 20:55:33.165, 3, 77 %, 4549 MiB, 32607 MiB
2026/09/11 20:55:38.166, 0, 82 %, 4547 MiB, 32607 MiB
2026/09/11 20:55:38.166, 1, 73 %, 4569 MiB, 32607 MiB
2026/09/11 20:55:38.166, 2, 51 %, 4567 MiB, 32607 MiB
2026/09/11 20:55:38.166, 3, 70 %, 4549 MiB, 32607 MiB
2026/09/11 20:55:43.167, 0, 80 %, 4547 MiB, 32607 MiB
2026/09/11 20:55:43.167, 1, 62 %, 4569 MiB, 32607 MiB
2026/09/11 20:55:43.167, 2, 73 %, 4567 MiB, 32607 MiB
2026/09/11 20:55:43.167, 3, 75 %, 4549 MiB, 32607 MiB
2026/09/11 20:55:48.168, 0, 81 %, 4547 MiB, 32607 MiB
2026/09/11 20:55:48.168, 1, 73 %, 4569 MiB, 32607 MiB
2026/09/11 20:55:48.168, 2, 67 %, 4567 MiB, 32607 MiB
2026/09/11 20:55:48.169, 3, 80 %, 4549 MiB, 32607 MiB
2026/09/11 20:55:53.169, 0, 75 %, 4547 MiB, 32607 MiB
2026/09/11 20:55:53.170, 1, 77 %, 4569 MiB, 32607 MiB
2026/09/11 20:55:53.170, 2, 78 %, 4567 MiB, 32607 MiB
2026/09/11 20:55:53.170, 3, 82 %, 4549 MiB, 32607 MiB
2026/09/11 20:55:58.171, 0, 81 %, 4547 MiB, 32607 MiB
2026/09/11 20:55:58.173, 1, 80 %, 4569 MiB, 32607 MiB
2026/09/11 20:55:58.173, 2, 77 %, 4567 MiB, 32607 MiB
2026/09/11 20:55:58.173, 3, 77 %, 4549 MiB, 32607 MiB
2026/09/11 20:56:03.174, 0, 69 %, 4547 MiB, 32607 MiB
2026/09/11 20:56:03.174, 1, 74 %, 4569 MiB, 32607 MiB
2026/09/11 20:56:03.174, 2, 78 %, 4567 MiB, 32607 MiB
2026/09/11 20:56:03.175, 3, 66 %, 4549 MiB, 32607 MiB
2026/09/11 20:56:08.175, 0, 74 %, 4547 MiB, 32607 MiB
2026/09/11 20:56:08.175, 1, 77 %, 4569 MiB, 32607 MiB
2026/09/11 20:56:08.176, 2, 78 %, 4567 MiB, 32607 MiB
2026/09/11 20:56:08.176, 3, 67 %, 4549 MiB, 32607 MiB
2026/09/11 20:56:13.176, 0, 76 %, 4547 MiB, 32607 MiB
2026/09/11 20:56:13.177, 1, 80 %, 4569 MiB, 32607 MiB
2026/09/11 20:56:13.177, 2, 83 %, 4567 MiB, 32607 MiB
2026/09/11 20:56:13.177, 3, 73 %, 4549 MiB, 32607 MiB
2026/09/11 20:56:18.178, 0, 69 %, 4547 MiB, 32607 MiB
2026/09/11 20:56:18.178, 1, 33 %, 4569 MiB, 32607 MiB
2026/09/11 20:56:18.178, 2, 81 %, 4567 MiB, 32607 MiB
2026/09/11 20:56:18.178, 3, 84 %, 4549 MiB, 32607 MiB
2026/09/11 20:56:23.179, 0, 66 %, 4547 MiB, 32607 MiB
2026/09/11 20:56:23.179, 1, 71 %, 4569 MiB, 32607 MiB
2026/09/11 20:56:23.179, 2, 80 %, 4567 MiB, 32607 MiB
2026/09/11 20:56:23.179, 3, 80 %, 4549 MiB, 32607 MiB
2026/09/11 20:56:28.180, 0, 84 %, 4547 MiB, 32607 MiB
2026/09/11 20:56:28.180, 1, 81 %, 4569 MiB, 32607 MiB
2026/09/11 20:56:28.180, 2, 59 %, 4567 MiB, 32607 MiB
2026/09/11 20:56:28.181, 3, 63 %, 4549 MiB, 32607 MiB
2026/09/11 20:56:33.181, 0, 82 %, 4547 MiB, 32607 MiB
2026/09/11 20:56:33.181, 1, 75 %, 4569 MiB, 32607 MiB
2026/09/11 20:56:33.182, 2, 64 %, 4567 MiB, 32607 MiB
2026/09/11 20:56:33.182, 3, 74 %, 4549 MiB, 32607 MiB
2026/09/11 20:56:38.182, 0, 71 %, 4547 MiB, 32607 MiB
2026/09/11 20:56:38.183, 1, 71 %, 4569 MiB, 32607 MiB
2026/09/11 20:56:38.183, 2, 74 %, 4567 MiB, 32607 MiB
2026/09/11 20:56:38.183, 3, 65 %, 4549 MiB, 32607 MiB
2026/09/11 20:56:43.184, 0, 73 %, 4547 MiB, 32607 MiB
2026/09/11 20:56:43.184, 1, 69 %, 4569 MiB, 32607 MiB
2026/09/11 20:56:43.184, 2, 71 %, 4567 MiB, 32607 MiB
2026/09/11 20:56:43.184, 3, 78 %, 4549 MiB, 32607 MiB
2026/09/11 20:56:48.185, 0, 63 %, 4547 MiB, 32607 MiB
2026/09/11 20:56:48.185, 1, 82 %, 4569 MiB, 32607 MiB
2026/09/11 20:56:48.185, 2, 65 %, 4567 MiB, 32607 MiB
2026/09/11 20:56:48.186, 3, 70 %, 4549 MiB, 32607 MiB
2026/09/11 20:56:53.186, 0, 77 %, 4547 MiB, 32607 MiB
2026/09/11 20:56:53.186, 1, 84 %, 4569 MiB, 32607 MiB
2026/09/11 20:56:53.187, 2, 72 %, 4567 MiB, 32607 MiB
2026/09/11 20:56:53.187, 3, 76 %, 4549 MiB, 32607 MiB
2026/09/11 20:56:58.187, 0, 76 %, 4547 MiB, 32607 MiB
2026/09/11 20:56:58.188, 1, 79 %, 4569 MiB, 32607 MiB
2026/09/11 20:56:58.188, 2, 69 %, 4567 MiB, 32607 MiB
2026/09/11 20:56:58.188, 3, 74 %, 4549 MiB, 32607 MiB
2026/09/11 20:57:03.189, 0, 85 %, 4547 MiB, 32607 MiB
2026/09/11 20:57:03.189, 1, 69 %, 4569 MiB, 32607 MiB
2026/09/11 20:57:03.189, 2, 69 %, 4567 MiB, 32607 MiB
2026/09/11 20:57:03.189, 3, 71 %, 4549 MiB, 32607 MiB
2026/09/11 20:57:08.190, 0, 83 %, 4547 MiB, 32607 MiB
2026/09/11 20:57:08.190, 1, 61 %, 4569 MiB, 32607 MiB
2026/09/11 20:57:08.191, 2, 71 %, 4567 MiB, 32607 MiB
2026/09/11 20:57:08.191, 3, 68 %, 4549 MiB, 32607 MiB
2026/09/11 20:57:13.191, 0, 67 %, 4547 MiB, 32607 MiB
2026/09/11 20:57:13.192, 1, 100 %, 4569 MiB, 32607 MiB
2026/09/11 20:57:13.192, 2, 100 %, 4567 MiB, 32607 MiB
2026/09/11 20:57:13.192, 3, 100 %, 4549 MiB, 32607 MiB
2026/09/11 20:57:18.192, 0, 75 %, 4547 MiB, 32607 MiB
2026/09/11 20:57:18.193, 1, 73 %, 4569 MiB, 32607 MiB
2026/09/11 20:57:18.193, 2, 77 %, 4567 MiB, 32607 MiB
2026/09/11 20:57:18.193, 3, 82 %, 4549 MiB, 32607 MiB
2026/09/11 20:57:23.194, 0, 76 %, 4547 MiB, 32607 MiB
2026/09/11 20:57:23.194, 1, 81 %, 4569 MiB, 32607 MiB
2026/09/11 20:57:23.194, 2, 67 %, 4567 MiB, 32607 MiB
2026/09/11 20:57:23.194, 3, 73 %, 4549 MiB, 32607 MiB
2026/09/11 20:57:28.195, 0, 79 %, 4547 MiB, 32607 MiB
2026/09/11 20:57:28.195, 1, 81 %, 4569 MiB, 32607 MiB
2026/09/11 20:57:28.195, 2, 71 %, 4567 MiB, 32607 MiB
2026/09/11 20:57:28.195, 3, 73 %, 4549 MiB, 32607 MiB
2026/09/11 20:57:33.196, 0, 61 %, 4547 MiB, 32607 MiB
2026/09/11 20:57:33.196, 1, 73 %, 4569 MiB, 32607 MiB
2026/09/11 20:57:33.196, 2, 83 %, 4567 MiB, 32607 MiB
2026/09/11 20:57:33.196, 3, 80 %, 4549 MiB, 32607 MiB
2026/09/11 20:57:38.197, 0, 69 %, 4547 MiB, 32607 MiB
2026/09/11 20:57:38.197, 1, 78 %, 4569 MiB, 32607 MiB
2026/09/11 20:57:38.198, 2, 79 %, 4567 MiB, 32607 MiB
2026/09/11 20:57:38.198, 3, 86 %, 4549 MiB, 32607 MiB
2026/09/11 20:57:43.198, 0, 72 %, 4547 MiB, 32607 MiB
2026/09/11 20:57:43.198, 1, 78 %, 4569 MiB, 32607 MiB
2026/09/11 20:57:43.199, 2, 73 %, 4567 MiB, 32607 MiB
2026/09/11 20:57:43.199, 3, 68 %, 4549 MiB, 32607 MiB
2026/09/11 20:57:48.199, 0, 79 %, 4547 MiB, 32607 MiB
2026/09/11 20:57:48.200, 1, 83 %, 4569 MiB, 32607 MiB
2026/09/11 20:57:48.200, 2, 75 %, 4567 MiB, 32607 MiB
2026/09/11 20:57:48.200, 3, 69 %, 4549 MiB, 32607 MiB
2026/09/11 20:57:53.200, 0, 0 %, 4547 MiB, 32607 MiB
2026/09/11 20:57:53.201, 1, 100 %, 4569 MiB, 32607 MiB
2026/09/11 20:57:53.201, 2, 100 %, 4567 MiB, 32607 MiB
2026/09/11 20:57:53.201, 3, 100 %, 4549 MiB, 32607 MiB
2026/09/11 20:57:58.202, 0, 70 %, 4547 MiB, 32607 MiB
2026/09/11 20:57:58.202, 1, 79 %, 4569 MiB, 32607 MiB
2026/09/11 20:57:58.202, 2, 61 %, 4567 MiB, 32607 MiB
2026/09/11 20:57:58.202, 3, 77 %, 4549 MiB, 32607 MiB
2026/09/11 20:58:03.203, 0, 70 %, 4547 MiB, 32607 MiB
2026/09/11 20:58:03.203, 1, 60 %, 4569 MiB, 32607 MiB
2026/09/11 20:58:03.203, 2, 55 %, 4567 MiB, 32607 MiB
2026/09/11 20:58:03.204, 3, 61 %, 4549 MiB, 32607 MiB
2026/09/11 20:58:08.204, 0, 73 %, 4547 MiB, 32607 MiB
2026/09/11 20:58:08.204, 1, 81 %, 4569 MiB, 32607 MiB
2026/09/11 20:58:08.205, 2, 66 %, 4567 MiB, 32607 MiB
2026/09/11 20:58:08.205, 3, 79 %, 4549 MiB, 32607 MiB
2026/09/11 20:58:13.206, 0, 69 %, 4547 MiB, 32607 MiB
2026/09/11 20:58:13.206, 1, 78 %, 4569 MiB, 32607 MiB
2026/09/11 20:58:13.206, 2, 78 %, 4567 MiB, 32607 MiB
2026/09/11 20:58:13.206, 3, 78 %, 4549 MiB, 32607 MiB
2026/09/11 20:58:18.207, 0, 70 %, 4547 MiB, 32607 MiB
2026/09/11 20:58:18.207, 1, 72 %, 4569 MiB, 32607 MiB
2026/09/11 20:58:18.208, 2, 74 %, 4567 MiB, 32607 MiB
2026/09/11 20:58:18.208, 3, 73 %, 4549 MiB, 32607 MiB
2026/09/11 20:58:23.208, 0, 79 %, 4547 MiB, 32607 MiB
2026/09/11 20:58:23.209, 1, 79 %, 4569 MiB, 32607 MiB
2026/09/11 20:58:23.209, 2, 81 %, 4567 MiB, 32607 MiB
2026/09/11 20:58:23.209, 3, 84 %, 4549 MiB, 32607 MiB
2026/09/11 20:58:28.209, 0, 65 %, 4547 MiB, 32607 MiB
2026/09/11 20:58:28.210, 1, 78 %, 4569 MiB, 32607 MiB
2026/09/11 20:58:28.210, 2, 76 %, 4567 MiB, 32607 MiB
2026/09/11 20:58:28.210, 3, 76 %, 4549 MiB, 32607 MiB
2026/09/11 20:58:33.211, 0, 69 %, 4547 MiB, 32607 MiB
2026/09/11 20:58:33.211, 1, 68 %, 4569 MiB, 32607 MiB
2026/09/11 20:58:33.211, 2, 57 %, 4567 MiB, 32607 MiB
2026/09/11 20:58:33.212, 3, 72 %, 4549 MiB, 32607 MiB
2026/09/11 20:58:38.212, 0, 71 %, 4547 MiB, 32607 MiB
2026/09/11 20:58:38.212, 1, 75 %, 4569 MiB, 32607 MiB
2026/09/11 20:58:38.213, 2, 68 %, 4567 MiB, 32607 MiB
2026/09/11 20:58:38.213, 3, 82 %, 4549 MiB, 32607 MiB
2026/09/11 20:58:43.213, 0, 78 %, 4547 MiB, 32607 MiB
2026/09/11 20:58:43.214, 1, 61 %, 4569 MiB, 32607 MiB
2026/09/11 20:58:43.214, 2, 74 %, 4567 MiB, 32607 MiB
2026/09/11 20:58:43.214, 3, 73 %, 4549 MiB, 32607 MiB
2026/09/11 20:58:48.214, 0, 82 %, 4547 MiB, 32607 MiB
2026/09/11 20:58:48.215, 1, 65 %, 4569 MiB, 32607 MiB
2026/09/11 20:58:48.215, 2, 39 %, 4567 MiB, 32607 MiB
2026/09/11 20:58:48.215, 3, 67 %, 4549 MiB, 32607 MiB
2026/09/11 20:58:53.216, 0, 73 %, 4547 MiB, 32607 MiB
2026/09/11 20:58:53.216, 1, 75 %, 4569 MiB, 32607 MiB
2026/09/11 20:58:53.216, 2, 71 %, 4567 MiB, 32607 MiB
2026/09/11 20:58:53.216, 3, 67 %, 4549 MiB, 32607 MiB
2026/09/11 20:58:58.217, 0, 71 %, 4547 MiB, 32607 MiB
2026/09/11 20:58:58.217, 1, 81 %, 4569 MiB, 32607 MiB
2026/09/11 20:58:58.218, 2, 75 %, 4567 MiB, 32607 MiB
2026/09/11 20:58:58.218, 3, 75 %, 4549 MiB, 32607 MiB
2026/09/11 20:59:03.218, 0, 75 %, 4547 MiB, 32607 MiB
2026/09/11 20:59:03.219, 1, 65 %, 4569 MiB, 32607 MiB
2026/09/11 20:59:03.219, 2, 71 %, 4567 MiB, 32607 MiB
2026/09/11 20:59:03.219, 3, 76 %, 4549 MiB, 32607 MiB
2026/09/11 20:59:08.220, 0, 72 %, 4547 MiB, 32607 MiB
2026/09/11 20:59:08.220, 1, 70 %, 4569 MiB, 32607 MiB
2026/09/11 20:59:08.220, 2, 51 %, 4567 MiB, 32607 MiB
2026/09/11 20:59:08.220, 3, 72 %, 4549 MiB, 32607 MiB
2026/09/11 20:59:13.221, 0, 69 %, 4547 MiB, 32607 MiB
2026/09/11 20:59:13.221, 1, 76 %, 4569 MiB, 32607 MiB
2026/09/11 20:59:13.221, 2, 74 %, 4567 MiB, 32607 MiB
2026/09/11 20:59:13.222, 3, 80 %, 4549 MiB, 32607 MiB
2026/09/11 20:59:18.222, 0, 75 %, 4547 MiB, 32607 MiB
2026/09/11 20:59:18.222, 1, 80 %, 4569 MiB, 32607 MiB
2026/09/11 20:59:18.223, 2, 68 %, 4567 MiB, 32607 MiB
2026/09/11 20:59:18.223, 3, 79 %, 4549 MiB, 32607 MiB
2026/09/11 20:59:23.223, 0, 72 %, 4547 MiB, 32607 MiB
2026/09/11 20:59:23.224, 1, 72 %, 4569 MiB, 32607 MiB
2026/09/11 20:59:23.224, 2, 75 %, 4567 MiB, 32607 MiB
2026/09/11 20:59:23.224, 3, 72 %, 4549 MiB, 32607 MiB
2026/09/11 20:59:28.225, 0, 64 %, 4547 MiB, 32607 MiB
2026/09/11 20:59:28.225, 1, 65 %, 4569 MiB, 32607 MiB
2026/09/11 20:59:28.225, 2, 70 %, 4567 MiB, 32607 MiB
2026/09/11 20:59:28.225, 3, 78 %, 4549 MiB, 32607 MiB
2026/09/11 20:59:33.226, 0, 72 %, 4547 MiB, 32607 MiB
2026/09/11 20:59:33.226, 1, 66 %, 4569 MiB, 32607 MiB
2026/09/11 20:59:33.226, 2, 71 %, 4567 MiB, 32607 MiB
2026/09/11 20:59:33.226, 3, 69 %, 4549 MiB, 32607 MiB
2026/09/11 20:59:38.227, 0, 75 %, 4547 MiB, 32607 MiB
2026/09/11 20:59:38.227, 1, 83 %, 4569 MiB, 32607 MiB
2026/09/11 20:59:38.227, 2, 70 %, 4567 MiB, 32607 MiB
2026/09/11 20:59:38.228, 3, 78 %, 4549 MiB, 32607 MiB
2026/09/11 20:59:43.228, 0, 76 %, 4547 MiB, 32607 MiB
2026/09/11 20:59:43.228, 1, 62 %, 4569 MiB, 32607 MiB
2026/09/11 20:59:43.229, 2, 70 %, 4567 MiB, 32607 MiB
2026/09/11 20:59:43.229, 3, 78 %, 4549 MiB, 32607 MiB
2026/09/11 20:59:48.229, 0, 64 %, 4547 MiB, 32607 MiB
2026/09/11 20:59:48.230, 1, 73 %, 4569 MiB, 32607 MiB
2026/09/11 20:59:48.230, 2, 72 %, 4567 MiB, 32607 MiB
2026/09/11 20:59:48.230, 3, 80 %, 4549 MiB, 32607 MiB
2026/09/11 20:59:53.230, 0, 75 %, 4547 MiB, 32607 MiB
2026/09/11 20:59:53.231, 1, 76 %, 4569 MiB, 32607 MiB
2026/09/11 20:59:53.231, 2, 79 %, 4567 MiB, 32607 MiB
2026/09/11 20:59:53.231, 3, 82 %, 4549 MiB, 32607 MiB
2026/09/11 20:59:58.232, 0, 78 %, 4547 MiB, 32607 MiB
2026/09/11 20:59:58.232, 1, 69 %, 4569 MiB, 32607 MiB
2026/09/11 20:59:58.232, 2, 75 %, 4567 MiB, 32607 MiB
2026/09/11 20:59:58.232, 3, 73 %, 4549 MiB, 32607 MiB
2026/09/11 21:00:03.233, 0, 83 %, 4547 MiB, 32607 MiB
2026/09/11 21:00:03.233, 1, 75 %, 4569 MiB, 32607 MiB
2026/09/11 21:00:03.233, 2, 65 %, 4567 MiB, 32607 MiB
2026/09/11 21:00:03.233, 3, 73 %, 4549 MiB, 32607 MiB
2026/09/11 21:00:08.234, 0, 67 %, 4547 MiB, 32607 MiB
2026/09/11 21:00:08.234, 1, 76 %, 4569 MiB, 32607 MiB
2026/09/11 21:00:08.234, 2, 76 %, 4567 MiB, 32607 MiB
2026/09/11 21:00:08.235, 3, 69 %, 4549 MiB, 32607 MiB
2026/09/11 21:00:13.235, 0, 75 %, 4547 MiB, 32607 MiB
2026/09/11 21:00:13.235, 1, 69 %, 4569 MiB, 32607 MiB
2026/09/11 21:00:13.236, 2, 84 %, 4567 MiB, 32607 MiB
2026/09/11 21:00:13.236, 3, 78 %, 4549 MiB, 32607 MiB
2026/09/11 21:00:18.236, 0, 67 %, 4547 MiB, 32607 MiB
2026/09/11 21:00:18.236, 1, 100 %, 4569 MiB, 32607 MiB
2026/09/11 21:00:18.237, 2, 100 %, 4567 MiB, 32607 MiB
2026/09/11 21:00:18.237, 3, 100 %, 4549 MiB, 32607 MiB
2026/09/11 21:00:23.237, 0, 81 %, 4547 MiB, 32607 MiB
2026/09/11 21:00:23.238, 1, 69 %, 4569 MiB, 32607 MiB
2026/09/11 21:00:23.238, 2, 74 %, 4567 MiB, 32607 MiB
2026/09/11 21:00:23.238, 3, 74 %, 4549 MiB, 32607 MiB
2026/09/11 21:00:28.238, 0, 77 %, 4547 MiB, 32607 MiB
2026/09/11 21:00:28.239, 1, 73 %, 4569 MiB, 32607 MiB
2026/09/11 21:00:28.239, 2, 82 %, 4567 MiB, 32607 MiB
2026/09/11 21:00:28.239, 3, 29 %, 4549 MiB, 32607 MiB
2026/09/11 21:00:33.240, 0, 74 %, 4547 MiB, 32607 MiB
2026/09/11 21:00:33.240, 1, 77 %, 4569 MiB, 32607 MiB
2026/09/11 21:00:33.240, 2, 75 %, 4567 MiB, 32607 MiB
2026/09/11 21:00:33.240, 3, 71 %, 4549 MiB, 32607 MiB
2026/09/11 21:00:38.241, 0, 78 %, 4547 MiB, 32607 MiB
2026/09/11 21:00:38.241, 1, 70 %, 4569 MiB, 32607 MiB
2026/09/11 21:00:38.242, 2, 73 %, 4567 MiB, 32607 MiB
2026/09/11 21:00:38.242, 3, 81 %, 4549 MiB, 32607 MiB
2026/09/11 21:00:43.242, 0, 80 %, 4547 MiB, 32607 MiB
2026/09/11 21:00:43.243, 1, 67 %, 4569 MiB, 32607 MiB
2026/09/11 21:00:43.243, 2, 80 %, 4567 MiB, 32607 MiB
2026/09/11 21:00:43.243, 3, 79 %, 4549 MiB, 32607 MiB
2026/09/11 21:00:48.243, 0, 81 %, 4547 MiB, 32607 MiB
2026/09/11 21:00:48.244, 1, 72 %, 4569 MiB, 32607 MiB
2026/09/11 21:00:48.244, 2, 71 %, 4567 MiB, 32607 MiB
2026/09/11 21:00:48.244, 3, 74 %, 4549 MiB, 32607 MiB
2026/09/11 21:00:53.245, 0, 69 %, 4547 MiB, 32607 MiB
2026/09/11 21:00:53.245, 1, 60 %, 4569 MiB, 32607 MiB
2026/09/11 21:00:53.245, 2, 82 %, 4567 MiB, 32607 MiB
2026/09/11 21:00:53.245, 3, 69 %, 4549 MiB, 32607 MiB
2026/09/11 21:00:58.246, 0, 78 %, 4547 MiB, 32607 MiB
2026/09/11 21:00:58.246, 1, 76 %, 4569 MiB, 32607 MiB
2026/09/11 21:00:58.246, 2, 81 %, 4567 MiB, 32607 MiB
2026/09/11 21:00:58.247, 3, 100 %, 4549 MiB, 32607 MiB
2026/09/11 21:01:03.247, 0, 76 %, 4547 MiB, 32607 MiB
2026/09/11 21:01:03.248, 1, 76 %, 4569 MiB, 32607 MiB
2026/09/11 21:01:03.248, 2, 75 %, 4567 MiB, 32607 MiB
2026/09/11 21:01:03.248, 3, 65 %, 4549 MiB, 32607 MiB
2026/09/11 21:01:08.248, 0, 75 %, 4547 MiB, 32607 MiB
2026/09/11 21:01:08.249, 1, 79 %, 4569 MiB, 32607 MiB
2026/09/11 21:01:08.249, 2, 88 %, 4567 MiB, 32607 MiB
2026/09/11 21:01:08.249, 3, 71 %, 4549 MiB, 32607 MiB
2026/09/11 21:01:13.250, 0, 85 %, 4547 MiB, 32607 MiB
2026/09/11 21:01:13.250, 1, 79 %, 4569 MiB, 32607 MiB
2026/09/11 21:01:13.250, 2, 74 %, 4567 MiB, 32607 MiB
2026/09/11 21:01:13.250, 3, 80 %, 4549 MiB, 32607 MiB
2026/09/11 21:01:18.251, 0, 74 %, 4547 MiB, 32607 MiB
2026/09/11 21:01:18.251, 1, 75 %, 4569 MiB, 32607 MiB
2026/09/11 21:01:18.251, 2, 69 %, 4567 MiB, 32607 MiB
2026/09/11 21:01:18.252, 3, 76 %, 4549 MiB, 32607 MiB
2026/09/11 21:01:23.252, 0, 73 %, 4547 MiB, 32607 MiB
2026/09/11 21:01:23.252, 1, 82 %, 4569 MiB, 32607 MiB
2026/09/11 21:01:23.253, 2, 70 %, 4567 MiB, 32607 MiB
2026/09/11 21:01:23.253, 3, 55 %, 4549 MiB, 32607 MiB
2026/09/11 21:01:28.253, 0, 72 %, 4547 MiB, 32607 MiB
2026/09/11 21:01:28.254, 1, 71 %, 4569 MiB, 32607 MiB
2026/09/11 21:01:28.254, 2, 67 %, 4567 MiB, 32607 MiB
2026/09/11 21:01:28.254, 3, 78 %, 4549 MiB, 32607 MiB
2026/09/11 21:01:33.255, 0, 78 %, 4547 MiB, 32607 MiB
2026/09/11 21:01:33.255, 1, 78 %, 4569 MiB, 32607 MiB
2026/09/11 21:01:33.255, 2, 81 %, 4567 MiB, 32607 MiB
2026/09/11 21:01:33.255, 3, 77 %, 4549 MiB, 32607 MiB
2026/09/11 21:01:38.256, 0, 72 %, 4547 MiB, 32607 MiB
2026/09/11 21:01:38.256, 1, 64 %, 4569 MiB, 32607 MiB
2026/09/11 21:01:38.256, 2, 79 %, 4567 MiB, 32607 MiB
2026/09/11 21:01:38.257, 3, 79 %, 4549 MiB, 32607 MiB
2026/09/11 21:01:43.257, 0, 80 %, 4547 MiB, 32607 MiB
2026/09/11 21:01:43.257, 1, 67 %, 4569 MiB, 32607 MiB
2026/09/11 21:01:43.258, 2, 84 %, 4567 MiB, 32607 MiB
2026/09/11 21:01:43.258, 3, 78 %, 4549 MiB, 32607 MiB
2026/09/11 21:01:48.258, 0, 75 %, 4547 MiB, 32607 MiB
2026/09/11 21:01:48.259, 1, 64 %, 4569 MiB, 32607 MiB
2026/09/11 21:01:48.259, 2, 76 %, 4567 MiB, 32607 MiB
2026/09/11 21:01:48.259, 3, 80 %, 4549 MiB, 32607 MiB
2026/09/11 21:01:53.260, 0, 83 %, 4547 MiB, 32607 MiB
2026/09/11 21:01:53.260, 1, 63 %, 4569 MiB, 32607 MiB
2026/09/11 21:01:53.260, 2, 85 %, 4567 MiB, 32607 MiB
2026/09/11 21:01:53.260, 3, 76 %, 4549 MiB, 32607 MiB
2026/09/11 21:01:58.261, 0, 74 %, 4547 MiB, 32607 MiB
2026/09/11 21:01:58.261, 1, 72 %, 4569 MiB, 32607 MiB
2026/09/11 21:01:58.261, 2, 77 %, 4567 MiB, 32607 MiB
2026/09/11 21:01:58.262, 3, 83 %, 4549 MiB, 32607 MiB
2026/09/11 21:02:03.262, 0, 74 %, 4547 MiB, 32607 MiB
2026/09/11 21:02:03.262, 1, 74 %, 4569 MiB, 32607 MiB
2026/09/11 21:02:03.263, 2, 79 %, 4567 MiB, 32607 MiB
2026/09/11 21:02:03.263, 3, 66 %, 4549 MiB, 32607 MiB
2026/09/11 21:02:08.263, 0, 71 %, 4547 MiB, 32607 MiB
2026/09/11 21:02:08.263, 1, 69 %, 4569 MiB, 32607 MiB
2026/09/11 21:02:08.264, 2, 69 %, 4567 MiB, 32607 MiB
2026/09/11 21:02:08.264, 3, 66 %, 4549 MiB, 32607 MiB
2026/09/11 21:02:13.264, 0, 69 %, 4547 MiB, 32607 MiB
2026/09/11 21:02:13.265, 1, 76 %, 4569 MiB, 32607 MiB
2026/09/11 21:02:13.265, 2, 60 %, 4567 MiB, 32607 MiB
2026/09/11 21:02:13.265, 3, 72 %, 4549 MiB, 32607 MiB
2026/09/11 21:02:18.266, 0, 71 %, 4547 MiB, 32607 MiB
2026/09/11 21:02:18.266, 1, 83 %, 4569 MiB, 32607 MiB
2026/09/11 21:02:18.266, 2, 72 %, 4567 MiB, 32607 MiB
2026/09/11 21:02:18.266, 3, 70 %, 4549 MiB, 32607 MiB
2026/09/11 21:02:23.267, 0, 66 %, 4547 MiB, 32607 MiB
2026/09/11 21:02:23.267, 1, 82 %, 4569 MiB, 32607 MiB
2026/09/11 21:02:23.267, 2, 66 %, 4567 MiB, 32607 MiB
2026/09/11 21:02:23.267, 3, 67 %, 4549 MiB, 32607 MiB
2026/09/11 21:02:28.268, 0, 75 %, 4547 MiB, 32607 MiB
2026/09/11 21:02:28.268, 1, 77 %, 4569 MiB, 32607 MiB
2026/09/11 21:02:28.268, 2, 73 %, 4567 MiB, 32607 MiB
2026/09/11 21:02:28.269, 3, 65 %, 4549 MiB, 32607 MiB
2026/09/11 21:02:33.269, 0, 73 %, 4547 MiB, 32607 MiB
2026/09/11 21:02:33.269, 1, 80 %, 4569 MiB, 32607 MiB
2026/09/11 21:02:33.270, 2, 82 %, 4567 MiB, 32607 MiB
2026/09/11 21:02:33.270, 3, 82 %, 4549 MiB, 32607 MiB
2026/09/11 21:02:38.270, 0, 78 %, 4547 MiB, 32607 MiB
2026/09/11 21:02:38.271, 1, 80 %, 4569 MiB, 32607 MiB
2026/09/11 21:02:38.271, 2, 76 %, 4567 MiB, 32607 MiB
2026/09/11 21:02:38.271, 3, 77 %, 4549 MiB, 32607 MiB
2026/09/11 21:02:43.272, 0, 74 %, 4547 MiB, 32607 MiB
2026/09/11 21:02:43.272, 1, 78 %, 4569 MiB, 32607 MiB
2026/09/11 21:02:43.272, 2, 64 %, 4567 MiB, 32607 MiB
2026/09/11 21:02:43.272, 3, 54 %, 4549 MiB, 32607 MiB
2026/09/11 21:02:48.273, 0, 77 %, 4547 MiB, 32607 MiB
2026/09/11 21:02:48.273, 1, 60 %, 4569 MiB, 32607 MiB
2026/09/11 21:02:48.273, 2, 69 %, 4567 MiB, 32607 MiB
2026/09/11 21:02:48.274, 3, 75 %, 4549 MiB, 32607 MiB
2026/09/11 21:02:53.274, 0, 81 %, 4547 MiB, 32607 MiB
2026/09/11 21:02:53.274, 1, 70 %, 4569 MiB, 32607 MiB
2026/09/11 21:02:53.275, 2, 80 %, 4567 MiB, 32607 MiB
2026/09/11 21:02:53.275, 3, 76 %, 4549 MiB, 32607 MiB
2026/09/11 21:02:58.275, 0, 76 %, 4547 MiB, 32607 MiB
2026/09/11 21:02:58.276, 1, 77 %, 4569 MiB, 32607 MiB
2026/09/11 21:02:58.276, 2, 67 %, 4567 MiB, 32607 MiB
2026/09/11 21:02:58.276, 3, 65 %, 4549 MiB, 32607 MiB
2026/09/11 21:03:03.277, 0, 84 %, 4547 MiB, 32607 MiB
2026/09/11 21:03:03.277, 1, 70 %, 4569 MiB, 32607 MiB
2026/09/11 21:03:03.277, 2, 77 %, 4567 MiB, 32607 MiB
2026/09/11 21:03:03.277, 3, 63 %, 4549 MiB, 32607 MiB
2026/09/11 21:03:08.278, 0, 69 %, 4547 MiB, 32607 MiB
2026/09/11 21:03:08.278, 1, 76 %, 4569 MiB, 32607 MiB
2026/09/11 21:03:08.279, 2, 72 %, 4567 MiB, 32607 MiB
2026/09/11 21:03:08.279, 3, 57 %, 4549 MiB, 32607 MiB
2026/09/11 21:03:13.279, 0, 86 %, 4547 MiB, 32607 MiB
2026/09/11 21:03:13.279, 1, 77 %, 4569 MiB, 32607 MiB
2026/09/11 21:03:13.280, 2, 71 %, 4567 MiB, 32607 MiB
2026/09/11 21:03:13.280, 3, 74 %, 4549 MiB, 32607 MiB
2026/09/11 21:03:18.280, 0, 78 %, 4547 MiB, 32607 MiB
2026/09/11 21:03:18.281, 1, 69 %, 4569 MiB, 32607 MiB
2026/09/11 21:03:18.281, 2, 75 %, 4567 MiB, 32607 MiB
2026/09/11 21:03:18.281, 3, 59 %, 4549 MiB, 32607 MiB
2026/09/11 21:03:23.281, 0, 67 %, 4547 MiB, 32607 MiB
2026/09/11 21:03:23.282, 1, 100 %, 4569 MiB, 32607 MiB
2026/09/11 21:03:23.282, 2, 100 %, 4567 MiB, 32607 MiB
2026/09/11 21:03:23.282, 3, 100 %, 4549 MiB, 32607 MiB
2026/09/11 21:03:28.283, 0, 75 %, 4547 MiB, 32607 MiB
2026/09/11 21:03:28.283, 1, 78 %, 4569 MiB, 32607 MiB
2026/09/11 21:03:28.283, 2, 76 %, 4567 MiB, 32607 MiB
2026/09/11 21:03:28.283, 3, 69 %, 4549 MiB, 32607 MiB
2026/09/11 21:03:33.284, 0, 66 %, 4547 MiB, 32607 MiB
2026/09/11 21:03:33.284, 1, 62 %, 4569 MiB, 32607 MiB
2026/09/11 21:03:33.285, 2, 63 %, 4567 MiB, 32607 MiB
2026/09/11 21:03:33.285, 3, 73 %, 4549 MiB, 32607 MiB
2026/09/11 21:03:38.285, 0, 64 %, 4547 MiB, 32607 MiB
2026/09/11 21:03:38.286, 1, 77 %, 4569 MiB, 32607 MiB
2026/09/11 21:03:38.286, 2, 70 %, 4567 MiB, 32607 MiB
2026/09/11 21:03:38.286, 3, 75 %, 4549 MiB, 32607 MiB
2026/09/11 21:03:43.286, 0, 83 %, 4547 MiB, 32607 MiB
2026/09/11 21:03:43.287, 1, 66 %, 4569 MiB, 32607 MiB
2026/09/11 21:03:43.287, 2, 71 %, 4567 MiB, 32607 MiB
2026/09/11 21:03:43.287, 3, 66 %, 4549 MiB, 32607 MiB
2026/09/11 21:03:48.287, 0, 77 %, 4547 MiB, 32607 MiB
2026/09/11 21:03:48.288, 1, 72 %, 4569 MiB, 32607 MiB
2026/09/11 21:03:48.288, 2, 69 %, 4567 MiB, 32607 MiB
2026/09/11 21:03:48.288, 3, 76 %, 4549 MiB, 32607 MiB
2026/09/11 21:03:53.289, 0, 80 %, 4547 MiB, 32607 MiB
2026/09/11 21:03:53.289, 1, 67 %, 4569 MiB, 32607 MiB
2026/09/11 21:03:53.289, 2, 76 %, 4567 MiB, 32607 MiB
2026/09/11 21:03:53.290, 3, 79 %, 4549 MiB, 32607 MiB
2026/09/11 21:03:58.290, 0, 75 %, 4547 MiB, 32607 MiB
2026/09/11 21:03:58.290, 1, 72 %, 4569 MiB, 32607 MiB
2026/09/11 21:03:58.291, 2, 67 %, 4567 MiB, 32607 MiB
2026/09/11 21:03:58.291, 3, 67 %, 4549 MiB, 32607 MiB
2026/09/11 21:04:03.291, 0, 82 %, 4547 MiB, 32607 MiB
2026/09/11 21:04:03.292, 1, 71 %, 4569 MiB, 32607 MiB
2026/09/11 21:04:03.292, 2, 70 %, 4567 MiB, 32607 MiB
2026/09/11 21:04:03.292, 3, 57 %, 4549 MiB, 32607 MiB
2026/09/11 21:04:08.293, 0, 75 %, 4547 MiB, 32607 MiB
2026/09/11 21:04:08.293, 1, 75 %, 4569 MiB, 32607 MiB
2026/09/11 21:04:08.293, 2, 71 %, 4567 MiB, 32607 MiB
2026/09/11 21:04:08.293, 3, 72 %, 4549 MiB, 32607 MiB
2026/09/11 21:04:13.294, 0, 73 %, 4547 MiB, 32607 MiB
2026/09/11 21:04:13.294, 1, 81 %, 4569 MiB, 32607 MiB
2026/09/11 21:04:13.294, 2, 74 %, 4567 MiB, 32607 MiB
2026/09/11 21:04:13.295, 3, 80 %, 4549 MiB, 32607 MiB
2026/09/11 21:04:18.295, 0, 71 %, 4547 MiB, 32607 MiB
2026/09/11 21:04:18.295, 1, 78 %, 4569 MiB, 32607 MiB
2026/09/11 21:04:18.296, 2, 76 %, 4567 MiB, 32607 MiB
2026/09/11 21:04:18.296, 3, 71 %, 4549 MiB, 32607 MiB
2026/09/11 21:04:23.296, 0, 76 %, 4547 MiB, 32607 MiB
2026/09/11 21:04:23.297, 1, 70 %, 4569 MiB, 32607 MiB
2026/09/11 21:04:23.297, 2, 73 %, 4567 MiB, 32607 MiB
2026/09/11 21:04:23.297, 3, 83 %, 4549 MiB, 32607 MiB
2026/09/11 21:04:28.297, 0, 78 %, 4547 MiB, 32607 MiB
2026/09/11 21:04:28.298, 1, 57 %, 4569 MiB, 32607 MiB
2026/09/11 21:04:28.298, 2, 75 %, 4567 MiB, 32607 MiB
2026/09/11 21:04:28.298, 3, 77 %, 4549 MiB, 32607 MiB
2026/09/11 21:04:33.299, 0, 78 %, 4547 MiB, 32607 MiB
2026/09/11 21:04:33.299, 1, 74 %, 4569 MiB, 32607 MiB
2026/09/11 21:04:33.299, 2, 70 %, 4567 MiB, 32607 MiB
2026/09/11 21:04:33.299, 3, 75 %, 4549 MiB, 32607 MiB
2026/09/11 21:04:38.300, 0, 69 %, 4547 MiB, 32607 MiB
2026/09/11 21:04:38.300, 1, 78 %, 4569 MiB, 32607 MiB
2026/09/11 21:04:38.300, 2, 82 %, 4567 MiB, 32607 MiB
2026/09/11 21:04:38.301, 3, 75 %, 4549 MiB, 32607 MiB
2026/09/11 21:04:43.301, 0, 56 %, 4547 MiB, 32607 MiB
2026/09/11 21:04:43.301, 1, 75 %, 4569 MiB, 32607 MiB
2026/09/11 21:04:43.302, 2, 74 %, 4567 MiB, 32607 MiB
2026/09/11 21:04:43.302, 3, 79 %, 4549 MiB, 32607 MiB
2026/09/11 21:04:48.302, 0, 72 %, 4547 MiB, 32607 MiB
2026/09/11 21:04:48.308, 1, 81 %, 4569 MiB, 32607 MiB
2026/09/11 21:04:48.310, 2, 71 %, 4567 MiB, 32607 MiB
2026/09/11 21:04:48.310, 3, 73 %, 4549 MiB, 32607 MiB
2026/09/11 21:04:53.311, 0, 72 %, 4547 MiB, 32607 MiB
2026/09/11 21:04:53.311, 1, 83 %, 4569 MiB, 32607 MiB
2026/09/11 21:04:53.311, 2, 60 %, 4567 MiB, 32607 MiB
2026/09/11 21:04:53.311, 3, 67 %, 4549 MiB, 32607 MiB
2026/09/11 21:04:58.312, 0, 79 %, 4547 MiB, 32607 MiB
2026/09/11 21:04:58.312, 1, 80 %, 4569 MiB, 32607 MiB
2026/09/11 21:04:58.312, 2, 67 %, 4567 MiB, 32607 MiB
2026/09/11 21:04:58.313, 3, 73 %, 4549 MiB, 32607 MiB
2026/09/11 21:05:03.313, 0, 72 %, 4547 MiB, 32607 MiB
2026/09/11 21:05:03.313, 1, 59 %, 4569 MiB, 32607 MiB
2026/09/11 21:05:03.314, 2, 75 %, 4567 MiB, 32607 MiB
2026/09/11 21:05:03.314, 3, 72 %, 4549 MiB, 32607 MiB
2026/09/11 21:05:08.314, 0, 72 %, 4547 MiB, 32607 MiB
2026/09/11 21:05:08.315, 1, 77 %, 4569 MiB, 32607 MiB
2026/09/11 21:05:08.315, 2, 76 %, 4567 MiB, 32607 MiB
2026/09/11 21:05:08.315, 3, 82 %, 4549 MiB, 32607 MiB
2026/09/11 21:05:13.316, 0, 0 %, 4547 MiB, 32607 MiB
2026/09/11 21:05:13.316, 1, 100 %, 4569 MiB, 32607 MiB
2026/09/11 21:05:13.316, 2, 100 %, 4567 MiB, 32607 MiB
2026/09/11 21:05:13.316, 3, 100 %, 4549 MiB, 32607 MiB
2026/09/11 21:05:18.317, 0, 66 %, 4547 MiB, 32607 MiB
2026/09/11 21:05:18.317, 1, 71 %, 4569 MiB, 32607 MiB
2026/09/11 21:05:18.317, 2, 69 %, 4567 MiB, 32607 MiB
2026/09/11 21:05:18.317, 3, 76 %, 4549 MiB, 32607 MiB
2026/09/11 21:05:23.318, 0, 78 %, 4547 MiB, 32607 MiB
2026/09/11 21:05:23.318, 1, 80 %, 4569 MiB, 32607 MiB
2026/09/11 21:05:23.318, 2, 73 %, 4567 MiB, 32607 MiB
2026/09/11 21:05:23.319, 3, 67 %, 4549 MiB, 32607 MiB
2026/09/11 21:05:28.319, 0, 82 %, 4547 MiB, 32607 MiB
2026/09/11 21:05:28.320, 1, 71 %, 4569 MiB, 32607 MiB
2026/09/11 21:05:28.320, 2, 72 %, 4567 MiB, 32607 MiB
2026/09/11 21:05:28.320, 3, 69 %, 4549 MiB, 32607 MiB
2026/09/11 21:05:33.320, 0, 69 %, 4547 MiB, 32607 MiB
2026/09/11 21:05:33.321, 1, 82 %, 4569 MiB, 32607 MiB
2026/09/11 21:05:33.321, 2, 66 %, 4567 MiB, 32607 MiB
2026/09/11 21:05:33.321, 3, 68 %, 4549 MiB, 32607 MiB
2026/09/11 21:05:38.322, 0, 64 %, 4547 MiB, 32607 MiB
2026/09/11 21:05:38.322, 1, 75 %, 4569 MiB, 32607 MiB
2026/09/11 21:05:38.322, 2, 72 %, 4567 MiB, 32607 MiB
2026/09/11 21:05:38.322, 3, 73 %, 4549 MiB, 32607 MiB
2026/09/11 21:05:43.323, 0, 68 %, 4547 MiB, 32607 MiB
2026/09/11 21:05:43.323, 1, 73 %, 4569 MiB, 32607 MiB
2026/09/11 21:05:43.323, 2, 57 %, 4567 MiB, 32607 MiB
2026/09/11 21:05:43.324, 3, 61 %, 4549 MiB, 32607 MiB
2026/09/11 21:05:48.324, 0, 69 %, 4547 MiB, 32607 MiB
2026/09/11 21:05:48.324, 1, 78 %, 4569 MiB, 32607 MiB
2026/09/11 21:05:48.325, 2, 79 %, 4567 MiB, 32607 MiB
2026/09/11 21:05:48.325, 3, 74 %, 4549 MiB, 32607 MiB
2026/09/11 21:05:53.325, 0, 81 %, 4547 MiB, 32607 MiB
2026/09/11 21:05:53.326, 1, 63 %, 4569 MiB, 32607 MiB
2026/09/11 21:05:53.326, 2, 65 %, 4567 MiB, 32607 MiB
2026/09/11 21:05:53.326, 3, 59 %, 4549 MiB, 32607 MiB
2026/09/11 21:05:58.326, 0, 73 %, 4547 MiB, 32607 MiB
2026/09/11 21:05:58.327, 1, 65 %, 4569 MiB, 32607 MiB
2026/09/11 21:05:58.327, 2, 59 %, 4567 MiB, 32607 MiB
2026/09/11 21:05:58.327, 3, 69 %, 4549 MiB, 32607 MiB
2026/09/11 21:06:03.327, 0, 80 %, 4547 MiB, 32607 MiB
2026/09/11 21:06:03.328, 1, 71 %, 4569 MiB, 32607 MiB
2026/09/11 21:06:03.328, 2, 71 %, 4567 MiB, 32607 MiB
2026/09/11 21:06:03.328, 3, 69 %, 4549 MiB, 32607 MiB
2026/09/11 21:06:08.328, 0, 69 %, 4547 MiB, 32607 MiB
2026/09/11 21:06:08.329, 1, 73 %, 4569 MiB, 32607 MiB
2026/09/11 21:06:08.329, 2, 80 %, 4567 MiB, 32607 MiB
2026/09/11 21:06:08.329, 3, 70 %, 4549 MiB, 32607 MiB
2026/09/11 21:06:13.330, 0, 79 %, 4547 MiB, 32607 MiB
2026/09/11 21:06:13.330, 1, 69 %, 4569 MiB, 32607 MiB
2026/09/11 21:06:13.330, 2, 62 %, 4567 MiB, 32607 MiB
2026/09/11 21:06:13.330, 3, 60 %, 4549 MiB, 32607 MiB
2026/09/11 21:06:18.331, 0, 77 %, 4547 MiB, 32607 MiB
2026/09/11 21:06:18.345, 1, 75 %, 4569 MiB, 32607 MiB
2026/09/11 21:06:18.345, 2, 72 %, 4567 MiB, 32607 MiB
2026/09/11 21:06:18.345, 3, 79 %, 4549 MiB, 32607 MiB
2026/09/11 21:06:23.345, 0, 78 %, 4547 MiB, 32607 MiB
2026/09/11 21:06:23.346, 1, 75 %, 4569 MiB, 32607 MiB
2026/09/11 21:06:23.346, 2, 79 %, 4567 MiB, 32607 MiB
2026/09/11 21:06:23.346, 3, 74 %, 4549 MiB, 32607 MiB
2026/09/11 21:06:28.346, 0, 35 %, 4547 MiB, 32607 MiB
2026/09/11 21:06:28.347, 1, 100 %, 4569 MiB, 32607 MiB
2026/09/11 21:06:28.347, 2, 100 %, 4567 MiB, 32607 MiB
2026/09/11 21:06:28.347, 3, 100 %, 4549 MiB, 32607 MiB
