timestamp, index, utilization.gpu [%], memory.used [MiB], memory.total [MiB]
2026/09/14 16:56:40.966, 0, 0 %, 1 MiB, 32607 MiB
2026/09/14 16:56:40.972, 1, 0 %, 1 MiB, 32607 MiB
2026/09/14 16:56:40.976, 2, 0 %, 1 MiB, 32607 MiB
2026/09/14 16:56:40.980, 3, 0 %, 1 MiB, 32607 MiB
2026/09/14 16:56:45.985, 0, 0 %, 4 MiB, 32607 MiB
2026/09/14 16:56:45.998, 1, 0 %, 4 MiB, 32607 MiB
2026/09/14 16:56:46.018, 2, 0 %, 4 MiB, 32607 MiB
2026/09/14 16:56:46.037, 3, 0 %, 4 MiB, 32607 MiB
2026/09/14 16:56:51.062, 0, 100 %, 3128 MiB, 32607 MiB
2026/09/14 16:56:51.065, 1, 0 %, 2708 MiB, 32607 MiB
2026/09/14 16:56:51.066, 2, 0 %, 2446 MiB, 32607 MiB
2026/09/14 16:56:51.068, 3, 0 %, 962 MiB, 32607 MiB
2026/09/14 16:56:56.070, 0, 100 %, 4000 MiB, 32607 MiB
2026/09/14 16:56:56.073, 1, 96 %, 4348 MiB, 32607 MiB
2026/09/14 16:56:56.074, 2, 0 %, 4486 MiB, 32607 MiB
2026/09/14 16:56:56.076, 3, 100 %, 4180 MiB, 32607 MiB
2026/09/14 16:57:01.079, 0, 90 %, 4460 MiB, 32607 MiB
2026/09/14 16:57:01.081, 1, 24 %, 4508 MiB, 32607 MiB
2026/09/14 16:57:01.083, 2, 61 %, 4566 MiB, 32607 MiB
2026/09/14 16:57:01.084, 3, 100 %, 4486 MiB, 32607 MiB
2026/09/14 16:57:06.086, 0, 100 %, 4540 MiB, 32607 MiB
2026/09/14 16:57:06.088, 1, 0 %, 4508 MiB, 32607 MiB
2026/09/14 16:57:06.089, 2, 100 %, 4566 MiB, 32607 MiB
2026/09/14 16:57:06.091, 3, 100 %, 4506 MiB, 32607 MiB
2026/09/14 16:57:11.093, 0, 92 %, 4540 MiB, 32607 MiB
2026/09/14 16:57:11.095, 1, 0 %, 4508 MiB, 32607 MiB
2026/09/14 16:57:11.097, 2, 100 %, 4566 MiB, 32607 MiB
2026/09/14 16:57:11.099, 3, 94 %, 4506 MiB, 32607 MiB
2026/09/14 16:57:16.101, 0, 100 %, 4546 MiB, 32607 MiB
2026/09/14 16:57:16.102, 1, 13 %, 4508 MiB, 32607 MiB
2026/09/14 16:57:16.103, 2, 100 %, 4566 MiB, 32607 MiB
2026/09/14 16:57:16.104, 3, 100 %, 4508 MiB, 32607 MiB
2026/09/14 16:57:21.105, 0, 100 %, 4546 MiB, 32607 MiB
2026/09/14 16:57:21.107, 1, 96 %, 4508 MiB, 32607 MiB
2026/09/14 16:57:21.109, 2, 92 %, 4566 MiB, 32607 MiB
2026/09/14 16:57:21.110, 3, 100 %, 4508 MiB, 32607 MiB
2026/09/14 16:57:26.112, 0, 90 %, 4546 MiB, 32607 MiB
2026/09/14 16:57:26.113, 1, 68 %, 4508 MiB, 32607 MiB
2026/09/14 16:57:26.114, 2, 55 %, 4566 MiB, 32607 MiB
2026/09/14 16:57:26.115, 3, 97 %, 4508 MiB, 32607 MiB
2026/09/14 16:57:31.116, 0, 0 %, 4546 MiB, 32607 MiB
2026/09/14 16:57:31.118, 1, 100 %, 4568 MiB, 32607 MiB
2026/09/14 16:57:31.120, 2, 94 %, 4566 MiB, 32607 MiB
2026/09/14 16:57:31.121, 3, 74 %, 4508 MiB, 32607 MiB
2026/09/14 16:57:36.123, 0, 100 %, 4546 MiB, 32607 MiB
2026/09/14 16:57:36.125, 1, 0 %, 4568 MiB, 32607 MiB
2026/09/14 16:57:36.127, 2, 54 %, 4566 MiB, 32607 MiB
2026/09/14 16:57:36.128, 3, 100 %, 4508 MiB, 32607 MiB
2026/09/14 16:57:41.130, 0, 94 %, 4546 MiB, 32607 MiB
2026/09/14 16:57:41.132, 1, 38 %, 4568 MiB, 32607 MiB
2026/09/14 16:57:41.133, 2, 99 %, 4566 MiB, 32607 MiB
2026/09/14 16:57:41.134, 3, 6 %, 4508 MiB, 32607 MiB
2026/09/14 16:57:46.136, 0, 49 %, 4546 MiB, 32607 MiB
2026/09/14 16:57:46.138, 1, 96 %, 4568 MiB, 32607 MiB
2026/09/14 16:57:46.140, 2, 100 %, 4566 MiB, 32607 MiB
2026/09/14 16:57:46.140, 3, 100 %, 4508 MiB, 32607 MiB
2026/09/14 16:57:51.142, 0, 90 %, 4546 MiB, 32607 MiB
2026/09/14 16:57:51.144, 1, 91 %, 4568 MiB, 32607 MiB
2026/09/14 16:57:51.145, 2, 100 %, 4566 MiB, 32607 MiB
2026/09/14 16:57:51.146, 3, 100 %, 4508 MiB, 32607 MiB
2026/09/14 16:57:56.146, 0, 100 %, 4546 MiB, 32607 MiB
2026/09/14 16:57:56.148, 1, 100 %, 4568 MiB, 32607 MiB
2026/09/14 16:57:56.149, 2, 96 %, 4566 MiB, 32607 MiB
2026/09/14 16:57:56.150, 3, 96 %, 4508 MiB, 32607 MiB
2026/09/14 16:58:01.152, 0, 76 %, 4546 MiB, 32607 MiB
2026/09/14 16:58:01.153, 1, 55 %, 4568 MiB, 32607 MiB
2026/09/14 16:58:01.154, 2, 7 %, 4566 MiB, 32607 MiB
2026/09/14 16:58:01.155, 3, 100 %, 4508 MiB, 32607 MiB
2026/09/14 16:58:06.156, 0, 100 %, 4546 MiB, 32607 MiB
2026/09/14 16:58:06.158, 1, 0 %, 4568 MiB, 32607 MiB
2026/09/14 16:58:06.160, 2, 100 %, 4568 MiB, 32607 MiB
2026/09/14 16:58:06.162, 3, 100 %, 4508 MiB, 32607 MiB
2026/09/14 16:58:11.164, 0, 35 %, 4546 MiB, 32607 MiB
2026/09/14 16:58:11.166, 1, 95 %, 4568 MiB, 32607 MiB
2026/09/14 16:58:11.167, 2, 25 %, 4568 MiB, 32607 MiB
2026/09/14 16:58:11.169, 3, 27 %, 4548 MiB, 32607 MiB
2026/09/14 16:58:16.171, 0, 96 %, 4546 MiB, 32607 MiB
2026/09/14 16:58:16.173, 1, 0 %, 4568 MiB, 32607 MiB
2026/09/14 16:58:16.176, 2, 100 %, 4568 MiB, 32607 MiB
2026/09/14 16:58:16.177, 3, 0 %, 4548 MiB, 32607 MiB
2026/09/14 16:58:21.178, 0, 87 %, 4546 MiB, 32607 MiB
2026/09/14 16:58:21.180, 1, 0 %, 4568 MiB, 32607 MiB
2026/09/14 16:58:21.180, 2, 100 %, 4568 MiB, 32607 MiB
2026/09/14 16:58:21.181, 3, 100 %, 4548 MiB, 32607 MiB
2026/09/14 16:58:26.183, 0, 0 %, 4546 MiB, 32607 MiB
2026/09/14 16:58:26.185, 1, 94 %, 4568 MiB, 32607 MiB
2026/09/14 16:58:26.186, 2, 96 %, 4568 MiB, 32607 MiB
2026/09/14 16:58:26.186, 3, 100 %, 4548 MiB, 32607 MiB
2026/09/14 16:58:31.187, 0, 30 %, 4548 MiB, 32607 MiB
2026/09/14 16:58:31.189, 1, 90 %, 4568 MiB, 32607 MiB
2026/09/14 16:58:31.192, 2, 96 %, 4568 MiB, 32607 MiB
2026/09/14 16:58:31.193, 3, 100 %, 4548 MiB, 32607 MiB
2026/09/14 16:58:36.195, 0, 100 %, 4548 MiB, 32607 MiB
2026/09/14 16:58:36.197, 1, 100 %, 4568 MiB, 32607 MiB
2026/09/14 16:58:36.198, 2, 0 %, 4568 MiB, 32607 MiB
2026/09/14 16:58:36.200, 3, 92 %, 4548 MiB, 32607 MiB
2026/09/14 16:58:41.202, 0, 90 %, 4548 MiB, 32607 MiB
2026/09/14 16:58:41.204, 1, 23 %, 4568 MiB, 32607 MiB
2026/09/14 16:58:41.205, 2, 92 %, 4568 MiB, 32607 MiB
2026/09/14 16:58:41.206, 3, 100 %, 4548 MiB, 32607 MiB
2026/09/14 16:58:46.206, 0, 41 %, 4548 MiB, 32607 MiB
2026/09/14 16:58:46.208, 1, 100 %, 4568 MiB, 32607 MiB
2026/09/14 16:58:46.210, 2, 100 %, 4568 MiB, 32607 MiB
2026/09/14 16:58:46.212, 3, 91 %, 4548 MiB, 32607 MiB
2026/09/14 16:58:51.213, 0, 100 %, 4548 MiB, 32607 MiB
2026/09/14 16:58:51.215, 1, 0 %, 4568 MiB, 32607 MiB
2026/09/14 16:58:51.217, 2, 100 %, 4568 MiB, 32607 MiB
2026/09/14 16:58:51.219, 3, 88 %, 4548 MiB, 32607 MiB
2026/09/14 16:58:56.221, 0, 86 %, 4548 MiB, 32607 MiB
2026/09/14 16:58:56.222, 1, 0 %, 4568 MiB, 32607 MiB
2026/09/14 16:58:56.222, 2, 100 %, 4568 MiB, 32607 MiB
2026/09/14 16:58:56.223, 3, 93 %, 4548 MiB, 32607 MiB
2026/09/14 16:59:01.223, 0, 97 %, 4548 MiB, 32607 MiB
2026/09/14 16:59:01.225, 1, 100 %, 4568 MiB, 32607 MiB
2026/09/14 16:59:01.226, 2, 96 %, 4568 MiB, 32607 MiB
2026/09/14 16:59:01.227, 3, 53 %, 4548 MiB, 32607 MiB
2026/09/14 16:59:06.228, 0, 90 %, 4548 MiB, 32607 MiB
2026/09/14 16:59:06.230, 1, 96 %, 4568 MiB, 32607 MiB
2026/09/14 16:59:06.231, 2, 27 %, 4568 MiB, 32607 MiB
2026/09/14 16:59:06.232, 3, 20 %, 4548 MiB, 32607 MiB
2026/09/14 16:59:11.234, 0, 100 %, 4548 MiB, 32607 MiB
2026/09/14 16:59:11.237, 1, 90 %, 4568 MiB, 32607 MiB
2026/09/14 16:59:11.238, 2, 34 %, 4568 MiB, 32607 MiB
2026/09/14 16:59:11.239, 3, 31 %, 4548 MiB, 32607 MiB
2026/09/14 16:59:16.240, 0, 23 %, 4548 MiB, 32607 MiB
2026/09/14 16:59:16.243, 1, 96 %, 4568 MiB, 32607 MiB
2026/09/14 16:59:16.245, 2, 92 %, 4568 MiB, 32607 MiB
2026/09/14 16:59:16.247, 3, 97 %, 4548 MiB, 32607 MiB
2026/09/14 16:59:21.248, 0, 100 %, 4548 MiB, 32607 MiB
2026/09/14 16:59:21.251, 1, 100 %, 4568 MiB, 32607 MiB
2026/09/14 16:59:21.253, 2, 0 %, 4568 MiB, 32607 MiB
2026/09/14 16:59:21.254, 3, 93 %, 4548 MiB, 32607 MiB
2026/09/14 16:59:26.256, 0, 2 %, 4548 MiB, 32607 MiB
2026/09/14 16:59:26.259, 1, 93 %, 4568 MiB, 32607 MiB
2026/09/14 16:59:26.261, 2, 95 %, 4568 MiB, 32607 MiB
2026/09/14 16:59:26.262, 3, 96 %, 4548 MiB, 32607 MiB
2026/09/14 16:59:31.263, 0, 0 %, 4548 MiB, 32607 MiB
2026/09/14 16:59:31.265, 1, 94 %, 4568 MiB, 32607 MiB
2026/09/14 16:59:31.267, 2, 94 %, 4568 MiB, 32607 MiB
2026/09/14 16:59:31.268, 3, 45 %, 4548 MiB, 32607 MiB
2026/09/14 16:59:36.269, 0, 45 %, 4548 MiB, 32607 MiB
2026/09/14 16:59:36.271, 1, 100 %, 4568 MiB, 32607 MiB
2026/09/14 16:59:36.273, 2, 100 %, 4568 MiB, 32607 MiB
2026/09/14 16:59:36.274, 3, 86 %, 4548 MiB, 32607 MiB
2026/09/14 16:59:41.274, 0, 82 %, 4548 MiB, 32607 MiB
2026/09/14 16:59:41.277, 1, 85 %, 4568 MiB, 32607 MiB
2026/09/14 16:59:41.278, 2, 83 %, 4568 MiB, 32607 MiB
2026/09/14 16:59:41.280, 3, 83 %, 4548 MiB, 32607 MiB
2026/09/14 16:59:46.282, 0, 81 %, 4548 MiB, 32607 MiB
2026/09/14 16:59:46.284, 1, 81 %, 4568 MiB, 32607 MiB
2026/09/14 16:59:46.285, 2, 78 %, 4568 MiB, 32607 MiB
2026/09/14 16:59:46.286, 3, 89 %, 4548 MiB, 32607 MiB
2026/09/14 16:59:51.288, 0, 79 %, 4548 MiB, 32607 MiB
2026/09/14 16:59:51.290, 1, 81 %, 4568 MiB, 32607 MiB
2026/09/14 16:59:51.292, 2, 85 %, 4568 MiB, 32607 MiB
2026/09/14 16:59:51.293, 3, 83 %, 4548 MiB, 32607 MiB
2026/09/14 16:59:56.294, 0, 79 %, 4548 MiB, 32607 MiB
2026/09/14 16:59:56.296, 1, 89 %, 4568 MiB, 32607 MiB
2026/09/14 16:59:56.299, 2, 84 %, 4568 MiB, 32607 MiB
2026/09/14 16:59:56.300, 3, 84 %, 4548 MiB, 32607 MiB
2026/09/14 17:00:01.302, 0, 85 %, 4548 MiB, 32607 MiB
2026/09/14 17:00:01.305, 1, 84 %, 4568 MiB, 32607 MiB
2026/09/14 17:00:01.306, 2, 81 %, 4568 MiB, 32607 MiB
2026/09/14 17:00:01.307, 3, 80 %, 4548 MiB, 32607 MiB
2026/09/14 17:00:06.309, 0, 83 %, 4548 MiB, 32607 MiB
2026/09/14 17:00:06.311, 1, 83 %, 4568 MiB, 32607 MiB
2026/09/14 17:00:06.312, 2, 79 %, 4568 MiB, 32607 MiB
2026/09/14 17:00:06.314, 3, 85 %, 4548 MiB, 32607 MiB
2026/09/14 17:00:11.316, 0, 86 %, 4548 MiB, 32607 MiB
2026/09/14 17:00:11.318, 1, 82 %, 4568 MiB, 32607 MiB
2026/09/14 17:00:11.321, 2, 85 %, 4568 MiB, 32607 MiB
2026/09/14 17:00:11.322, 3, 82 %, 4548 MiB, 32607 MiB
2026/09/14 17:00:16.324, 0, 84 %, 4548 MiB, 32607 MiB
2026/09/14 17:00:16.327, 1, 81 %, 4568 MiB, 32607 MiB
2026/09/14 17:00:16.329, 2, 84 %, 4568 MiB, 32607 MiB
2026/09/14 17:00:16.330, 3, 79 %, 4548 MiB, 32607 MiB
2026/09/14 17:00:21.330, 0, 86 %, 4548 MiB, 32607 MiB
2026/09/14 17:00:21.331, 1, 85 %, 4568 MiB, 32607 MiB
2026/09/14 17:00:21.333, 2, 83 %, 4568 MiB, 32607 MiB
2026/09/14 17:00:21.334, 3, 86 %, 4548 MiB, 32607 MiB
2026/09/14 17:00:26.335, 0, 84 %, 4548 MiB, 32607 MiB
2026/09/14 17:00:26.348, 1, 79 %, 4568 MiB, 32607 MiB
2026/09/14 17:00:26.350, 2, 72 %, 4568 MiB, 32607 MiB
2026/09/14 17:00:26.352, 3, 82 %, 4548 MiB, 32607 MiB
2026/09/14 17:00:31.353, 0, 85 %, 4548 MiB, 32607 MiB
2026/09/14 17:00:31.355, 1, 84 %, 4568 MiB, 32607 MiB
2026/09/14 17:00:31.357, 2, 83 %, 4568 MiB, 32607 MiB
2026/09/14 17:00:31.358, 3, 86 %, 4548 MiB, 32607 MiB
2026/09/14 17:00:36.359, 0, 74 %, 4548 MiB, 32607 MiB
2026/09/14 17:00:36.361, 1, 85 %, 4568 MiB, 32607 MiB
2026/09/14 17:00:36.362, 2, 81 %, 4568 MiB, 32607 MiB
2026/09/14 17:00:36.364, 3, 83 %, 4548 MiB, 32607 MiB
2026/09/14 17:00:41.365, 0, 84 %, 4548 MiB, 32607 MiB
2026/09/14 17:00:41.366, 1, 82 %, 4568 MiB, 32607 MiB
2026/09/14 17:00:41.366, 2, 73 %, 4568 MiB, 32607 MiB
2026/09/14 17:00:41.366, 3, 80 %, 4548 MiB, 32607 MiB
2026/09/14 17:00:46.367, 0, 81 %, 4548 MiB, 32607 MiB
2026/09/14 17:00:46.369, 1, 84 %, 4568 MiB, 32607 MiB
2026/09/14 17:00:46.370, 2, 82 %, 4568 MiB, 32607 MiB
2026/09/14 17:00:46.371, 3, 86 %, 4548 MiB, 32607 MiB
2026/09/14 17:00:51.372, 0, 82 %, 4548 MiB, 32607 MiB
2026/09/14 17:00:51.375, 1, 85 %, 4568 MiB, 32607 MiB
2026/09/14 17:00:51.377, 2, 83 %, 4568 MiB, 32607 MiB
2026/09/14 17:00:51.378, 3, 86 %, 4548 MiB, 32607 MiB
2026/09/14 17:00:56.380, 0, 83 %, 4548 MiB, 32607 MiB
2026/09/14 17:00:56.382, 1, 84 %, 4568 MiB, 32607 MiB
2026/09/14 17:00:56.382, 2, 72 %, 4568 MiB, 32607 MiB
2026/09/14 17:00:56.382, 3, 82 %, 4548 MiB, 32607 MiB
2026/09/14 17:01:01.383, 0, 76 %, 4548 MiB, 32607 MiB
2026/09/14 17:01:01.385, 1, 84 %, 4568 MiB, 32607 MiB
2026/09/14 17:01:01.385, 2, 82 %, 4568 MiB, 32607 MiB
2026/09/14 17:01:01.385, 3, 86 %, 4548 MiB, 32607 MiB
2026/09/14 17:01:06.386, 0, 83 %, 4548 MiB, 32607 MiB
2026/09/14 17:01:06.388, 1, 84 %, 4568 MiB, 32607 MiB
2026/09/14 17:01:06.390, 2, 86 %, 4568 MiB, 32607 MiB
2026/09/14 17:01:06.390, 3, 78 %, 4548 MiB, 32607 MiB
2026/09/14 17:01:11.391, 0, 79 %, 4548 MiB, 32607 MiB
2026/09/14 17:01:11.393, 1, 84 %, 4568 MiB, 32607 MiB
2026/09/14 17:01:11.394, 2, 78 %, 4568 MiB, 32607 MiB
2026/09/14 17:01:11.394, 3, 85 %, 4548 MiB, 32607 MiB
2026/09/14 17:01:16.395, 0, 78 %, 4548 MiB, 32607 MiB
2026/09/14 17:01:16.396, 1, 85 %, 4568 MiB, 32607 MiB
2026/09/14 17:01:16.398, 2, 85 %, 4568 MiB, 32607 MiB
2026/09/14 17:01:16.398, 3, 82 %, 4548 MiB, 32607 MiB
2026/09/14 17:01:21.400, 0, 85 %, 4548 MiB, 32607 MiB
2026/09/14 17:01:21.402, 1, 87 %, 4568 MiB, 32607 MiB
2026/09/14 17:01:21.403, 2, 87 %, 4568 MiB, 32607 MiB
2026/09/14 17:01:21.405, 3, 87 %, 4548 MiB, 32607 MiB
2026/09/14 17:01:26.407, 0, 80 %, 4548 MiB, 32607 MiB
2026/09/14 17:01:26.408, 1, 83 %, 4568 MiB, 32607 MiB
2026/09/14 17:01:26.410, 2, 87 %, 4568 MiB, 32607 MiB
2026/09/14 17:01:26.411, 3, 83 %, 4548 MiB, 32607 MiB
2026/09/14 17:01:31.413, 0, 78 %, 4548 MiB, 32607 MiB
2026/09/14 17:01:31.414, 1, 86 %, 4568 MiB, 32607 MiB
2026/09/14 17:01:31.415, 2, 86 %, 4568 MiB, 32607 MiB
2026/09/14 17:01:31.416, 3, 84 %, 4548 MiB, 32607 MiB
2026/09/14 17:01:36.418, 0, 86 %, 4548 MiB, 32607 MiB
2026/09/14 17:01:36.421, 1, 84 %, 4568 MiB, 32607 MiB
2026/09/14 17:01:36.422, 2, 83 %, 4568 MiB, 32607 MiB
2026/09/14 17:01:36.424, 3, 83 %, 4548 MiB, 32607 MiB
2026/09/14 17:01:41.426, 0, 85 %, 4548 MiB, 32607 MiB
2026/09/14 17:01:41.428, 1, 80 %, 4568 MiB, 32607 MiB
2026/09/14 17:01:41.429, 2, 84 %, 4568 MiB, 32607 MiB
2026/09/14 17:01:41.430, 3, 76 %, 4548 MiB, 32607 MiB
2026/09/14 17:01:46.432, 0, 83 %, 4548 MiB, 32607 MiB
2026/09/14 17:01:46.434, 1, 85 %, 4568 MiB, 32607 MiB
2026/09/14 17:01:46.436, 2, 87 %, 4568 MiB, 32607 MiB
2026/09/14 17:01:46.436, 3, 85 %, 4548 MiB, 32607 MiB
2026/09/14 17:01:51.437, 0, 84 %, 4548 MiB, 32607 MiB
2026/09/14 17:01:51.438, 1, 81 %, 4568 MiB, 32607 MiB
2026/09/14 17:01:51.439, 2, 84 %, 4568 MiB, 32607 MiB
2026/09/14 17:01:51.440, 3, 82 %, 4548 MiB, 32607 MiB
2026/09/14 17:01:56.442, 0, 83 %, 4548 MiB, 32607 MiB
2026/09/14 17:01:56.444, 1, 84 %, 4568 MiB, 32607 MiB
2026/09/14 17:01:56.445, 2, 78 %, 4568 MiB, 32607 MiB
2026/09/14 17:01:56.447, 3, 79 %, 4548 MiB, 32607 MiB
2026/09/14 17:02:01.448, 0, 0 %, 4548 MiB, 32607 MiB
2026/09/14 17:02:01.450, 1, 100 %, 4568 MiB, 32607 MiB
2026/09/14 17:02:01.452, 2, 100 %, 4568 MiB, 32607 MiB
2026/09/14 17:02:01.454, 3, 100 %, 4548 MiB, 32607 MiB
2026/09/14 17:02:06.457, 0, 7 %, 4548 MiB, 32607 MiB
2026/09/14 17:02:06.459, 1, 100 %, 4568 MiB, 32607 MiB
2026/09/14 17:02:06.461, 2, 100 %, 4568 MiB, 32607 MiB
2026/09/14 17:02:06.462, 3, 100 %, 4548 MiB, 32607 MiB
2026/09/14 17:02:11.464, 0, 0 %, 4548 MiB, 32607 MiB
2026/09/14 17:02:11.466, 1, 100 %, 4568 MiB, 32607 MiB
2026/09/14 17:02:11.468, 2, 100 %, 4568 MiB, 32607 MiB
2026/09/14 17:02:11.469, 3, 100 %, 4548 MiB, 32607 MiB
2026/09/14 17:02:16.472, 0, 0 %, 4548 MiB, 32607 MiB
2026/09/14 17:02:16.474, 1, 100 %, 4568 MiB, 32607 MiB
2026/09/14 17:02:16.475, 2, 100 %, 4568 MiB, 32607 MiB
2026/09/14 17:02:16.477, 3, 100 %, 4548 MiB, 32607 MiB
2026/09/14 17:02:21.480, 0, 0 %, 4548 MiB, 32607 MiB
2026/09/14 17:02:21.482, 1, 100 %, 4568 MiB, 32607 MiB
2026/09/14 17:02:21.483, 2, 100 %, 4568 MiB, 32607 MiB
2026/09/14 17:02:21.485, 3, 100 %, 4548 MiB, 32607 MiB
2026/09/14 17:02:26.487, 0, 7 %, 4548 MiB, 32607 MiB
2026/09/14 17:02:26.489, 1, 100 %, 4568 MiB, 32607 MiB
2026/09/14 17:02:26.491, 2, 100 %, 4568 MiB, 32607 MiB
2026/09/14 17:02:26.493, 3, 100 %, 4548 MiB, 32607 MiB
2026/09/14 17:02:31.494, 0, 0 %, 4548 MiB, 32607 MiB
2026/09/14 17:02:31.497, 1, 100 %, 4568 MiB, 32607 MiB
2026/09/14 17:02:31.498, 2, 100 %, 4568 MiB, 32607 MiB
2026/09/14 17:02:31.500, 3, 100 %, 4548 MiB, 32607 MiB
2026/09/14 17:02:36.503, 0, 0 %, 4548 MiB, 32607 MiB
2026/09/14 17:02:36.505, 1, 100 %, 4568 MiB, 32607 MiB
2026/09/14 17:02:36.506, 2, 100 %, 4568 MiB, 32607 MiB
2026/09/14 17:02:36.508, 3, 100 %, 4548 MiB, 32607 MiB
2026/09/14 17:02:41.510, 0, 10 %, 4548 MiB, 32607 MiB
2026/09/14 17:02:41.512, 1, 100 %, 4568 MiB, 32607 MiB
2026/09/14 17:02:41.514, 2, 100 %, 4568 MiB, 32607 MiB
2026/09/14 17:02:41.515, 3, 100 %, 4548 MiB, 32607 MiB
2026/09/14 17:02:46.517, 0, 0 %, 4548 MiB, 32607 MiB
2026/09/14 17:02:46.520, 1, 100 %, 4568 MiB, 32607 MiB
2026/09/14 17:02:46.522, 2, 100 %, 4568 MiB, 32607 MiB
2026/09/14 17:02:46.523, 3, 100 %, 4548 MiB, 32607 MiB
2026/09/14 17:02:51.526, 0, 0 %, 4548 MiB, 32607 MiB
2026/09/14 17:02:51.528, 1, 100 %, 4568 MiB, 32607 MiB
2026/09/14 17:02:51.529, 2, 100 %, 4568 MiB, 32607 MiB
2026/09/14 17:02:51.531, 3, 100 %, 4548 MiB, 32607 MiB
2026/09/14 17:02:56.533, 0, 3 %, 4548 MiB, 32607 MiB
2026/09/14 17:02:56.535, 1, 100 %, 4568 MiB, 32607 MiB
2026/09/14 17:02:56.537, 2, 100 %, 4568 MiB, 32607 MiB
2026/09/14 17:02:56.539, 3, 100 %, 4548 MiB, 32607 MiB
2026/09/14 17:03:01.542, 0, 4 %, 4548 MiB, 32607 MiB
2026/09/14 17:03:01.544, 1, 100 %, 4568 MiB, 32607 MiB
2026/09/14 17:03:01.545, 2, 100 %, 4568 MiB, 32607 MiB
2026/09/14 17:03:01.546, 3, 100 %, 4548 MiB, 32607 MiB
2026/09/14 17:03:06.548, 0, 0 %, 4548 MiB, 32607 MiB
2026/09/14 17:03:06.550, 1, 100 %, 4568 MiB, 32607 MiB
2026/09/14 17:03:06.552, 2, 100 %, 4568 MiB, 32607 MiB
2026/09/14 17:03:06.554, 3, 100 %, 4548 MiB, 32607 MiB
2026/09/14 17:03:11.556, 0, 0 %, 4548 MiB, 32607 MiB
2026/09/14 17:03:11.558, 1, 100 %, 4568 MiB, 32607 MiB
2026/09/14 17:03:11.559, 2, 100 %, 4568 MiB, 32607 MiB
2026/09/14 17:03:11.560, 3, 100 %, 4548 MiB, 32607 MiB
2026/09/14 17:03:16.561, 0, 0 %, 4548 MiB, 32607 MiB
2026/09/14 17:03:16.564, 1, 100 %, 4568 MiB, 32607 MiB
2026/09/14 17:03:16.566, 2, 100 %, 4568 MiB, 32607 MiB
2026/09/14 17:03:16.568, 3, 100 %, 4548 MiB, 32607 MiB
2026/09/14 17:03:21.570, 0, 0 %, 4548 MiB, 32607 MiB
2026/09/14 17:03:21.572, 1, 100 %, 4568 MiB, 32607 MiB
2026/09/14 17:03:21.573, 2, 100 %, 4568 MiB, 32607 MiB
2026/09/14 17:03:21.575, 3, 100 %, 4548 MiB, 32607 MiB
2026/09/14 17:03:26.577, 0, 0 %, 4548 MiB, 32607 MiB
2026/09/14 17:03:26.579, 1, 100 %, 4568 MiB, 32607 MiB
2026/09/14 17:03:26.581, 2, 100 %, 4568 MiB, 32607 MiB
2026/09/14 17:03:26.582, 3, 100 %, 4548 MiB, 32607 MiB
2026/09/14 17:03:31.584, 0, 4 %, 4548 MiB, 32607 MiB
2026/09/14 17:03:31.586, 1, 100 %, 4568 MiB, 32607 MiB
2026/09/14 17:03:31.588, 2, 100 %, 4568 MiB, 32607 MiB
2026/09/14 17:03:31.590, 3, 100 %, 4548 MiB, 32607 MiB
2026/09/14 17:03:36.590, 0, 0 %, 4548 MiB, 32607 MiB
2026/09/14 17:03:36.592, 1, 100 %, 4568 MiB, 32607 MiB
2026/09/14 17:03:36.594, 2, 100 %, 4568 MiB, 32607 MiB
2026/09/14 17:03:36.595, 3, 100 %, 4548 MiB, 32607 MiB
2026/09/14 17:03:41.597, 0, 0 %, 4548 MiB, 32607 MiB
2026/09/14 17:03:41.599, 1, 100 %, 4568 MiB, 32607 MiB
2026/09/14 17:03:41.601, 2, 100 %, 4568 MiB, 32607 MiB
2026/09/14 17:03:41.602, 3, 100 %, 4548 MiB, 32607 MiB
2026/09/14 17:03:46.604, 0, 0 %, 4548 MiB, 32607 MiB
2026/09/14 17:03:46.606, 1, 100 %, 4568 MiB, 32607 MiB
2026/09/14 17:03:46.608, 2, 100 %, 4568 MiB, 32607 MiB
2026/09/14 17:03:46.610, 3, 100 %, 4548 MiB, 32607 MiB
2026/09/14 17:03:51.612, 0, 0 %, 4548 MiB, 32607 MiB
2026/09/14 17:03:51.614, 1, 100 %, 4568 MiB, 32607 MiB
2026/09/14 17:03:51.616, 2, 100 %, 4568 MiB, 32607 MiB
2026/09/14 17:03:51.617, 3, 100 %, 4548 MiB, 32607 MiB
2026/09/14 17:03:56.618, 0, 0 %, 4548 MiB, 32607 MiB
2026/09/14 17:03:56.619, 1, 100 %, 4568 MiB, 32607 MiB
2026/09/14 17:03:56.621, 2, 100 %, 4568 MiB, 32607 MiB
2026/09/14 17:03:56.623, 3, 100 %, 4548 MiB, 32607 MiB
2026/09/14 17:04:01.624, 0, 0 %, 4548 MiB, 32607 MiB
2026/09/14 17:04:01.627, 1, 100 %, 4568 MiB, 32607 MiB
2026/09/14 17:04:01.629, 2, 100 %, 4568 MiB, 32607 MiB
2026/09/14 17:04:01.630, 3, 100 %, 4548 MiB, 32607 MiB
2026/09/14 17:04:06.632, 0, 0 %, 4548 MiB, 32607 MiB
2026/09/14 17:04:06.634, 1, 100 %, 4568 MiB, 32607 MiB
2026/09/14 17:04:06.636, 2, 100 %, 4568 MiB, 32607 MiB
2026/09/14 17:04:06.637, 3, 100 %, 4548 MiB, 32607 MiB
2026/09/14 17:04:11.639, 0, 0 %, 4548 MiB, 32607 MiB
2026/09/14 17:04:11.641, 1, 100 %, 4568 MiB, 32607 MiB
2026/09/14 17:04:11.642, 2, 100 %, 4568 MiB, 32607 MiB
2026/09/14 17:04:11.644, 3, 100 %, 4548 MiB, 32607 MiB
2026/09/14 17:04:16.645, 0, 0 %, 4548 MiB, 32607 MiB
2026/09/14 17:04:16.647, 1, 100 %, 4568 MiB, 32607 MiB
2026/09/14 17:04:16.649, 2, 100 %, 4568 MiB, 32607 MiB
2026/09/14 17:04:16.650, 3, 100 %, 4548 MiB, 32607 MiB
2026/09/14 17:04:21.653, 0, 85 %, 4548 MiB, 32607 MiB
2026/09/14 17:04:21.655, 1, 87 %, 4568 MiB, 32607 MiB
2026/09/14 17:04:21.657, 2, 85 %, 4568 MiB, 32607 MiB
2026/09/14 17:04:21.658, 3, 87 %, 4548 MiB, 32607 MiB
2026/09/14 17:04:26.661, 0, 86 %, 4548 MiB, 32607 MiB
2026/09/14 17:04:26.663, 1, 86 %, 4568 MiB, 32607 MiB
2026/09/14 17:04:26.664, 2, 82 %, 4568 MiB, 32607 MiB
2026/09/14 17:04:26.665, 3, 80 %, 4548 MiB, 32607 MiB
2026/09/14 17:04:31.666, 0, 84 %, 4548 MiB, 32607 MiB
2026/09/14 17:04:31.668, 1, 79 %, 4568 MiB, 32607 MiB
2026/09/14 17:04:31.669, 2, 78 %, 4568 MiB, 32607 MiB
2026/09/14 17:04:31.670, 3, 83 %, 4548 MiB, 32607 MiB
2026/09/14 17:04:36.672, 0, 81 %, 4548 MiB, 32607 MiB
2026/09/14 17:04:36.673, 1, 85 %, 4568 MiB, 32607 MiB
2026/09/14 17:04:36.674, 2, 84 %, 4568 MiB, 32607 MiB
2026/09/14 17:04:36.674, 3, 78 %, 4548 MiB, 32607 MiB
2026/09/14 17:04:41.675, 0, 83 %, 4548 MiB, 32607 MiB
2026/09/14 17:04:41.677, 1, 84 %, 4568 MiB, 32607 MiB
2026/09/14 17:04:41.678, 2, 81 %, 4568 MiB, 32607 MiB
2026/09/14 17:04:41.679, 3, 84 %, 4548 MiB, 32607 MiB
2026/09/14 17:04:46.681, 0, 76 %, 4548 MiB, 32607 MiB
2026/09/14 17:04:46.683, 1, 85 %, 4568 MiB, 32607 MiB
2026/09/14 17:04:46.684, 2, 85 %, 4568 MiB, 32607 MiB
2026/09/14 17:04:46.685, 3, 87 %, 4548 MiB, 32607 MiB
2026/09/14 17:04:51.686, 0, 79 %, 4548 MiB, 32607 MiB
2026/09/14 17:04:51.688, 1, 85 %, 4568 MiB, 32607 MiB
2026/09/14 17:04:51.689, 2, 87 %, 4568 MiB, 32607 MiB
2026/09/14 17:04:51.690, 3, 100 %, 4548 MiB, 32607 MiB
2026/09/14 17:04:56.693, 0, 87 %, 4548 MiB, 32607 MiB
2026/09/14 17:04:56.693, 1, 84 %, 4568 MiB, 32607 MiB
2026/09/14 17:04:56.694, 2, 72 %, 4568 MiB, 32607 MiB
2026/09/14 17:04:56.694, 3, 84 %, 4548 MiB, 32607 MiB
2026/09/14 17:05:01.695, 0, 84 %, 4548 MiB, 32607 MiB
2026/09/14 17:05:01.696, 1, 87 %, 4568 MiB, 32607 MiB
2026/09/14 17:05:01.697, 2, 89 %, 4568 MiB, 32607 MiB
2026/09/14 17:05:01.698, 3, 81 %, 4548 MiB, 32607 MiB
2026/09/14 17:05:06.698, 0, 81 %, 4548 MiB, 32607 MiB
2026/09/14 17:05:06.701, 1, 87 %, 4568 MiB, 32607 MiB
2026/09/14 17:05:06.702, 2, 83 %, 4568 MiB, 32607 MiB
2026/09/14 17:05:06.703, 3, 84 %, 4548 MiB, 32607 MiB
2026/09/14 17:05:11.705, 0, 79 %, 4548 MiB, 32607 MiB
2026/09/14 17:05:11.708, 1, 75 %, 4568 MiB, 32607 MiB
2026/09/14 17:05:11.710, 2, 82 %, 4568 MiB, 32607 MiB
2026/09/14 17:05:11.712, 3, 76 %, 4548 MiB, 32607 MiB
2026/09/14 17:05:16.713, 0, 84 %, 4548 MiB, 32607 MiB
2026/09/14 17:05:16.714, 1, 85 %, 4568 MiB, 32607 MiB
2026/09/14 17:05:16.716, 2, 85 %, 4568 MiB, 32607 MiB
2026/09/14 17:05:16.718, 3, 82 %, 4548 MiB, 32607 MiB
2026/09/14 17:05:21.718, 0, 87 %, 4548 MiB, 32607 MiB
2026/09/14 17:05:21.720, 1, 83 %, 4568 MiB, 32607 MiB
2026/09/14 17:05:21.721, 2, 86 %, 4568 MiB, 32607 MiB
2026/09/14 17:05:21.722, 3, 85 %, 4548 MiB, 32607 MiB
2026/09/14 17:05:26.723, 0, 88 %, 4548 MiB, 32607 MiB
2026/09/14 17:05:26.725, 1, 85 %, 4568 MiB, 32607 MiB
2026/09/14 17:05:26.727, 2, 82 %, 4568 MiB, 32607 MiB
2026/09/14 17:05:26.729, 3, 86 %, 4548 MiB, 32607 MiB
2026/09/14 17:05:31.731, 0, 85 %, 4548 MiB, 32607 MiB
2026/09/14 17:05:31.733, 1, 84 %, 4568 MiB, 32607 MiB
2026/09/14 17:05:31.735, 2, 86 %, 4568 MiB, 32607 MiB
2026/09/14 17:05:31.736, 3, 79 %, 4548 MiB, 32607 MiB
2026/09/14 17:05:36.737, 0, 82 %, 4548 MiB, 32607 MiB
2026/09/14 17:05:36.739, 1, 83 %, 4568 MiB, 32607 MiB
2026/09/14 17:05:36.740, 2, 82 %, 4568 MiB, 32607 MiB
2026/09/14 17:05:36.741, 3, 85 %, 4548 MiB, 32607 MiB
2026/09/14 17:05:41.743, 0, 77 %, 4548 MiB, 32607 MiB
2026/09/14 17:05:41.743, 1, 86 %, 4568 MiB, 32607 MiB
2026/09/14 17:05:41.744, 2, 89 %, 4568 MiB, 32607 MiB
2026/09/14 17:05:41.745, 3, 85 %, 4548 MiB, 32607 MiB
2026/09/14 17:05:46.746, 0, 83 %, 4548 MiB, 32607 MiB
2026/09/14 17:05:46.747, 1, 84 %, 4568 MiB, 32607 MiB
2026/09/14 17:05:46.748, 2, 84 %, 4568 MiB, 32607 MiB
2026/09/14 17:05:46.749, 3, 85 %, 4548 MiB, 32607 MiB
2026/09/14 17:05:51.751, 0, 85 %, 4548 MiB, 32607 MiB
2026/09/14 17:05:51.753, 1, 84 %, 4568 MiB, 32607 MiB
2026/09/14 17:05:51.754, 2, 75 %, 4568 MiB, 32607 MiB
2026/09/14 17:05:51.754, 3, 86 %, 4548 MiB, 32607 MiB
2026/09/14 17:05:56.755, 0, 86 %, 4548 MiB, 32607 MiB
2026/09/14 17:05:56.756, 1, 82 %, 4568 MiB, 32607 MiB
2026/09/14 17:05:56.757, 2, 85 %, 4568 MiB, 32607 MiB
2026/09/14 17:05:56.759, 3, 86 %, 4548 MiB, 32607 MiB
2026/09/14 17:06:01.760, 0, 85 %, 4548 MiB, 32607 MiB
2026/09/14 17:06:01.761, 1, 82 %, 4568 MiB, 32607 MiB
2026/09/14 17:06:01.763, 2, 85 %, 4568 MiB, 32607 MiB
2026/09/14 17:06:01.764, 3, 85 %, 4548 MiB, 32607 MiB
2026/09/14 17:06:06.765, 0, 86 %, 4548 MiB, 32607 MiB
2026/09/14 17:06:06.767, 1, 84 %, 4568 MiB, 32607 MiB
2026/09/14 17:06:06.769, 2, 92 %, 4568 MiB, 32607 MiB
2026/09/14 17:06:06.770, 3, 84 %, 4548 MiB, 32607 MiB
2026/09/14 17:06:11.772, 0, 81 %, 4548 MiB, 32607 MiB
2026/09/14 17:06:11.774, 1, 85 %, 4568 MiB, 32607 MiB
2026/09/14 17:06:11.776, 2, 85 %, 4568 MiB, 32607 MiB
2026/09/14 17:06:11.778, 3, 86 %, 4548 MiB, 32607 MiB
2026/09/14 17:06:16.779, 0, 88 %, 4548 MiB, 32607 MiB
2026/09/14 17:06:16.781, 1, 90 %, 4568 MiB, 32607 MiB
2026/09/14 17:06:16.782, 2, 88 %, 4568 MiB, 32607 MiB
2026/09/14 17:06:16.782, 3, 85 %, 4548 MiB, 32607 MiB
2026/09/14 17:06:21.783, 0, 87 %, 4548 MiB, 32607 MiB
2026/09/14 17:06:21.784, 1, 83 %, 4568 MiB, 32607 MiB
2026/09/14 17:06:21.784, 2, 84 %, 4568 MiB, 32607 MiB
2026/09/14 17:06:21.786, 3, 83 %, 4548 MiB, 32607 MiB
2026/09/14 17:06:26.786, 0, 81 %, 4548 MiB, 32607 MiB
2026/09/14 17:06:26.788, 1, 88 %, 4568 MiB, 32607 MiB
2026/09/14 17:06:26.789, 2, 82 %, 4568 MiB, 32607 MiB
2026/09/14 17:06:26.790, 3, 85 %, 4548 MiB, 32607 MiB
2026/09/14 17:06:31.791, 0, 84 %, 4548 MiB, 32607 MiB
2026/09/14 17:06:31.793, 1, 81 %, 4568 MiB, 32607 MiB
2026/09/14 17:06:31.795, 2, 71 %, 4568 MiB, 32607 MiB
2026/09/14 17:06:31.797, 3, 77 %, 4548 MiB, 32607 MiB
2026/09/14 17:06:36.798, 0, 86 %, 4548 MiB, 32607 MiB
2026/09/14 17:06:36.800, 1, 84 %, 4568 MiB, 32607 MiB
2026/09/14 17:06:36.802, 2, 84 %, 4568 MiB, 32607 MiB
2026/09/14 17:06:36.802, 3, 84 %, 4548 MiB, 32607 MiB
2026/09/14 17:06:41.804, 0, 83 %, 4548 MiB, 32607 MiB
2026/09/14 17:06:41.805, 1, 84 %, 4568 MiB, 32607 MiB
2026/09/14 17:06:41.807, 2, 82 %, 4568 MiB, 32607 MiB
2026/09/14 17:06:41.808, 3, 75 %, 4548 MiB, 32607 MiB
2026/09/14 17:06:46.810, 0, 88 %, 4548 MiB, 32607 MiB
2026/09/14 17:06:46.811, 1, 83 %, 4568 MiB, 32607 MiB
2026/09/14 17:06:46.813, 2, 86 %, 4568 MiB, 32607 MiB
2026/09/14 17:06:46.814, 3, 82 %, 4548 MiB, 32607 MiB
2026/09/14 17:06:51.814, 0, 81 %, 4548 MiB, 32607 MiB
2026/09/14 17:06:51.816, 1, 85 %, 4568 MiB, 32607 MiB
2026/09/14 17:06:51.818, 2, 85 %, 4568 MiB, 32607 MiB
2026/09/14 17:06:51.818, 3, 78 %, 4548 MiB, 32607 MiB
2026/09/14 17:06:56.819, 0, 81 %, 4548 MiB, 32607 MiB
2026/09/14 17:06:56.822, 1, 86 %, 4568 MiB, 32607 MiB
2026/09/14 17:06:56.824, 2, 85 %, 4568 MiB, 32607 MiB
2026/09/14 17:06:56.825, 3, 81 %, 4548 MiB, 32607 MiB
2026/09/14 17:07:01.827, 0, 85 %, 4548 MiB, 32607 MiB
2026/09/14 17:07:01.829, 1, 85 %, 4568 MiB, 32607 MiB
2026/09/14 17:07:01.830, 2, 83 %, 4568 MiB, 32607 MiB
2026/09/14 17:07:01.832, 3, 84 %, 4548 MiB, 32607 MiB
2026/09/14 17:07:06.834, 0, 83 %, 4548 MiB, 32607 MiB
2026/09/14 17:07:06.836, 1, 81 %, 4568 MiB, 32607 MiB
2026/09/14 17:07:06.838, 2, 84 %, 4568 MiB, 32607 MiB
2026/09/14 17:07:06.840, 3, 79 %, 4548 MiB, 32607 MiB
2026/09/14 17:07:11.842, 0, 85 %, 4548 MiB, 32607 MiB
2026/09/14 17:07:11.844, 1, 76 %, 4568 MiB, 32607 MiB
2026/09/14 17:07:11.846, 2, 83 %, 4568 MiB, 32607 MiB
2026/09/14 17:07:11.848, 3, 85 %, 4548 MiB, 32607 MiB
2026/09/14 17:07:16.850, 0, 52 %, 4548 MiB, 32607 MiB
2026/09/14 17:07:16.852, 1, 100 %, 4568 MiB, 32607 MiB
2026/09/14 17:07:16.854, 2, 100 %, 4568 MiB, 32607 MiB
2026/09/14 17:07:16.856, 3, 100 %, 4548 MiB, 32607 MiB
2026/09/14 17:07:21.858, 0, 84 %, 4548 MiB, 32607 MiB
2026/09/14 17:07:21.860, 1, 81 %, 4568 MiB, 32607 MiB
2026/09/14 17:07:21.861, 2, 88 %, 4568 MiB, 32607 MiB
2026/09/14 17:07:21.863, 3, 73 %, 4548 MiB, 32607 MiB
2026/09/14 17:07:26.865, 0, 78 %, 4548 MiB, 32607 MiB
2026/09/14 17:07:26.868, 1, 85 %, 4568 MiB, 32607 MiB
2026/09/14 17:07:26.869, 2, 83 %, 4568 MiB, 32607 MiB
2026/09/14 17:07:26.870, 3, 82 %, 4548 MiB, 32607 MiB
2026/09/14 17:07:31.872, 0, 82 %, 4548 MiB, 32607 MiB
2026/09/14 17:07:31.875, 1, 84 %, 4568 MiB, 32607 MiB
2026/09/14 17:07:31.877, 2, 86 %, 4568 MiB, 32607 MiB
2026/09/14 17:07:31.879, 3, 87 %, 4548 MiB, 32607 MiB
2026/09/14 17:07:36.881, 0, 85 %, 4548 MiB, 32607 MiB
2026/09/14 17:07:36.883, 1, 81 %, 4568 MiB, 32607 MiB
2026/09/14 17:07:36.885, 2, 81 %, 4568 MiB, 32607 MiB
2026/09/14 17:07:36.886, 3, 85 %, 4548 MiB, 32607 MiB
2026/09/14 17:07:41.886, 0, 82 %, 4548 MiB, 32607 MiB
2026/09/14 17:07:41.889, 1, 87 %, 4568 MiB, 32607 MiB
2026/09/14 17:07:41.891, 2, 82 %, 4568 MiB, 32607 MiB
2026/09/14 17:07:41.893, 3, 84 %, 4548 MiB, 32607 MiB
2026/09/14 17:07:46.894, 0, 82 %, 4548 MiB, 32607 MiB
2026/09/14 17:07:46.896, 1, 82 %, 4568 MiB, 32607 MiB
2026/09/14 17:07:46.898, 2, 71 %, 4568 MiB, 32607 MiB
2026/09/14 17:07:46.900, 3, 83 %, 4548 MiB, 32607 MiB
2026/09/14 17:07:51.901, 0, 81 %, 4548 MiB, 32607 MiB
2026/09/14 17:07:51.904, 1, 83 %, 4568 MiB, 32607 MiB
2026/09/14 17:07:51.905, 2, 82 %, 4568 MiB, 32607 MiB
2026/09/14 17:07:51.907, 3, 85 %, 4548 MiB, 32607 MiB
2026/09/14 17:07:56.910, 0, 87 %, 4548 MiB, 32607 MiB
2026/09/14 17:07:56.912, 1, 82 %, 4568 MiB, 32607 MiB
2026/09/14 17:07:56.914, 2, 77 %, 4568 MiB, 32607 MiB
2026/09/14 17:07:56.914, 3, 83 %, 4548 MiB, 32607 MiB
2026/09/14 17:08:01.916, 0, 83 %, 4548 MiB, 32607 MiB
2026/09/14 17:08:01.918, 1, 87 %, 4568 MiB, 32607 MiB
2026/09/14 17:08:01.920, 2, 84 %, 4568 MiB, 32607 MiB
2026/09/14 17:08:01.922, 3, 82 %, 4548 MiB, 32607 MiB
2026/09/14 17:08:06.924, 0, 80 %, 4548 MiB, 32607 MiB
2026/09/14 17:08:06.926, 1, 88 %, 4568 MiB, 32607 MiB
2026/09/14 17:08:06.928, 2, 84 %, 4568 MiB, 32607 MiB
2026/09/14 17:08:06.929, 3, 83 %, 4548 MiB, 32607 MiB
2026/09/14 17:08:11.930, 0, 78 %, 4548 MiB, 32607 MiB
2026/09/14 17:08:11.933, 1, 79 %, 4568 MiB, 32607 MiB
2026/09/14 17:08:11.934, 2, 75 %, 4568 MiB, 32607 MiB
2026/09/14 17:08:11.934, 3, 85 %, 4548 MiB, 32607 MiB
2026/09/14 17:08:16.936, 0, 86 %, 4548 MiB, 32607 MiB
2026/09/14 17:08:16.938, 1, 86 %, 4568 MiB, 32607 MiB
2026/09/14 17:08:16.939, 2, 86 %, 4568 MiB, 32607 MiB
2026/09/14 17:08:16.940, 3, 86 %, 4548 MiB, 32607 MiB
2026/09/14 17:08:21.941, 0, 84 %, 4548 MiB, 32607 MiB
2026/09/14 17:08:21.943, 1, 84 %, 4568 MiB, 32607 MiB
2026/09/14 17:08:21.945, 2, 85 %, 4568 MiB, 32607 MiB
2026/09/14 17:08:21.946, 3, 85 %, 4548 MiB, 32607 MiB
2026/09/14 17:08:26.949, 0, 84 %, 4548 MiB, 32607 MiB
2026/09/14 17:08:26.951, 1, 84 %, 4568 MiB, 32607 MiB
2026/09/14 17:08:26.953, 2, 81 %, 4568 MiB, 32607 MiB
2026/09/14 17:08:26.954, 3, 77 %, 4548 MiB, 32607 MiB
2026/09/14 17:08:31.957, 0, 83 %, 4548 MiB, 32607 MiB
2026/09/14 17:08:31.958, 1, 83 %, 4568 MiB, 32607 MiB
2026/09/14 17:08:31.960, 2, 86 %, 4568 MiB, 32607 MiB
2026/09/14 17:08:31.961, 3, 85 %, 4548 MiB, 32607 MiB
2026/09/14 17:08:36.962, 0, 83 %, 4548 MiB, 32607 MiB
2026/09/14 17:08:36.965, 1, 79 %, 4568 MiB, 32607 MiB
2026/09/14 17:08:36.966, 2, 85 %, 4568 MiB, 32607 MiB
2026/09/14 17:08:36.968, 3, 84 %, 4548 MiB, 32607 MiB
2026/09/14 17:08:41.970, 0, 82 %, 4548 MiB, 32607 MiB
2026/09/14 17:08:41.972, 1, 84 %, 4568 MiB, 32607 MiB
2026/09/14 17:08:41.973, 2, 84 %, 4568 MiB, 32607 MiB
2026/09/14 17:08:41.974, 3, 81 %, 4548 MiB, 32607 MiB
2026/09/14 17:08:46.975, 0, 86 %, 4548 MiB, 32607 MiB
2026/09/14 17:08:46.976, 1, 83 %, 4568 MiB, 32607 MiB
2026/09/14 17:08:46.978, 2, 78 %, 4568 MiB, 32607 MiB
2026/09/14 17:08:46.980, 3, 79 %, 4548 MiB, 32607 MiB
2026/09/14 17:08:51.982, 0, 86 %, 4548 MiB, 32607 MiB
2026/09/14 17:08:51.984, 1, 85 %, 4568 MiB, 32607 MiB
2026/09/14 17:08:51.986, 2, 84 %, 4568 MiB, 32607 MiB
2026/09/14 17:08:51.987, 3, 85 %, 4548 MiB, 32607 MiB
2026/09/14 17:08:56.988, 0, 76 %, 4548 MiB, 32607 MiB
2026/09/14 17:08:56.990, 1, 87 %, 4568 MiB, 32607 MiB
2026/09/14 17:08:56.991, 2, 85 %, 4568 MiB, 32607 MiB
2026/09/14 17:08:56.993, 3, 79 %, 4548 MiB, 32607 MiB
2026/09/14 17:09:01.994, 0, 83 %, 4548 MiB, 32607 MiB
2026/09/14 17:09:01.996, 1, 87 %, 4568 MiB, 32607 MiB
2026/09/14 17:09:01.997, 2, 83 %, 4568 MiB, 32607 MiB
2026/09/14 17:09:01.998, 3, 82 %, 4548 MiB, 32607 MiB
2026/09/14 17:09:06.998, 0, 83 %, 4548 MiB, 32607 MiB
2026/09/14 17:09:07.000, 1, 83 %, 4568 MiB, 32607 MiB
2026/09/14 17:09:07.001, 2, 85 %, 4568 MiB, 32607 MiB
2026/09/14 17:09:07.001, 3, 82 %, 4548 MiB, 32607 MiB
2026/09/14 17:09:12.002, 0, 75 %, 4548 MiB, 32607 MiB
2026/09/14 17:09:12.003, 1, 84 %, 4568 MiB, 32607 MiB
2026/09/14 17:09:12.005, 2, 86 %, 4568 MiB, 32607 MiB
2026/09/14 17:09:12.006, 3, 72 %, 4548 MiB, 32607 MiB
2026/09/14 17:09:17.008, 0, 86 %, 4548 MiB, 32607 MiB
2026/09/14 17:09:17.011, 1, 81 %, 4568 MiB, 32607 MiB
2026/09/14 17:09:17.013, 2, 71 %, 4568 MiB, 32607 MiB
2026/09/14 17:09:17.014, 3, 85 %, 4548 MiB, 32607 MiB
2026/09/14 17:09:22.016, 0, 85 %, 4548 MiB, 32607 MiB
2026/09/14 17:09:22.018, 1, 81 %, 4568 MiB, 32607 MiB
2026/09/14 17:09:22.020, 2, 82 %, 4568 MiB, 32607 MiB
2026/09/14 17:09:22.021, 3, 87 %, 4548 MiB, 32607 MiB
2026/09/14 17:09:27.022, 0, 83 %, 4548 MiB, 32607 MiB
2026/09/14 17:09:27.023, 1, 86 %, 4568 MiB, 32607 MiB
2026/09/14 17:09:27.024, 2, 87 %, 4568 MiB, 32607 MiB
2026/09/14 17:09:27.025, 3, 84 %, 4548 MiB, 32607 MiB
2026/09/14 17:09:32.026, 0, 84 %, 4548 MiB, 32607 MiB
2026/09/14 17:09:32.027, 1, 84 %, 4568 MiB, 32607 MiB
2026/09/14 17:09:32.028, 2, 86 %, 4568 MiB, 32607 MiB
2026/09/14 17:09:32.028, 3, 86 %, 4548 MiB, 32607 MiB
2026/09/14 17:09:37.030, 0, 81 %, 4548 MiB, 32607 MiB
2026/09/14 17:09:37.031, 1, 89 %, 4568 MiB, 32607 MiB
2026/09/14 17:09:37.032, 2, 83 %, 4568 MiB, 32607 MiB
2026/09/14 17:09:37.033, 3, 84 %, 4548 MiB, 32607 MiB
2026/09/14 17:09:42.034, 0, 85 %, 4548 MiB, 32607 MiB
2026/09/14 17:09:42.036, 1, 86 %, 4568 MiB, 32607 MiB
2026/09/14 17:09:42.038, 2, 85 %, 4568 MiB, 32607 MiB
2026/09/14 17:09:42.040, 3, 89 %, 4548 MiB, 32607 MiB
2026/09/14 17:09:47.042, 0, 80 %, 4548 MiB, 32607 MiB
2026/09/14 17:09:47.044, 1, 87 %, 4568 MiB, 32607 MiB
2026/09/14 17:09:47.045, 2, 86 %, 4568 MiB, 32607 MiB
2026/09/14 17:09:47.046, 3, 87 %, 4548 MiB, 32607 MiB
2026/09/14 17:09:52.047, 0, 78 %, 4548 MiB, 32607 MiB
2026/09/14 17:09:52.048, 1, 83 %, 4568 MiB, 32607 MiB
2026/09/14 17:09:52.049, 2, 76 %, 4568 MiB, 32607 MiB
2026/09/14 17:09:52.051, 3, 86 %, 4548 MiB, 32607 MiB
2026/09/14 17:09:57.053, 0, 90 %, 4548 MiB, 32607 MiB
2026/09/14 17:09:57.055, 1, 86 %, 4568 MiB, 32607 MiB
2026/09/14 17:09:57.056, 2, 84 %, 4568 MiB, 32607 MiB
2026/09/14 17:09:57.057, 3, 84 %, 4548 MiB, 32607 MiB
2026/09/14 17:10:02.058, 0, 84 %, 4548 MiB, 32607 MiB
2026/09/14 17:10:02.060, 1, 85 %, 4568 MiB, 32607 MiB
2026/09/14 17:10:02.062, 2, 84 %, 4568 MiB, 32607 MiB
2026/09/14 17:10:02.063, 3, 85 %, 4548 MiB, 32607 MiB
2026/09/14 17:10:07.065, 0, 86 %, 4548 MiB, 32607 MiB
2026/09/14 17:10:07.066, 1, 84 %, 4568 MiB, 32607 MiB
2026/09/14 17:10:07.069, 2, 86 %, 4568 MiB, 32607 MiB
2026/09/14 17:10:07.070, 3, 88 %, 4548 MiB, 32607 MiB
2026/09/14 17:10:12.072, 0, 86 %, 4548 MiB, 32607 MiB
2026/09/14 17:10:12.074, 1, 85 %, 4568 MiB, 32607 MiB
2026/09/14 17:10:12.075, 2, 86 %, 4568 MiB, 32607 MiB
2026/09/14 17:10:12.077, 3, 86 %, 4548 MiB, 32607 MiB
2026/09/14 17:10:17.078, 0, 66 %, 4548 MiB, 32607 MiB
2026/09/14 17:10:17.080, 1, 100 %, 4568 MiB, 32607 MiB
2026/09/14 17:10:17.082, 2, 100 %, 4568 MiB, 32607 MiB
2026/09/14 17:10:17.084, 3, 100 %, 4548 MiB, 32607 MiB
2026/09/14 17:10:22.085, 0, 92 %, 4548 MiB, 32607 MiB
2026/09/14 17:10:22.087, 1, 100 %, 4568 MiB, 32607 MiB
2026/09/14 17:10:22.088, 2, 100 %, 4568 MiB, 32607 MiB
2026/09/14 17:10:22.089, 3, 59 %, 4548 MiB, 32607 MiB
2026/09/14 17:10:27.090, 0, 71 %, 4548 MiB, 32607 MiB
2026/09/14 17:10:27.092, 1, 85 %, 4568 MiB, 32607 MiB
2026/09/14 17:10:27.093, 2, 86 %, 4568 MiB, 32607 MiB
2026/09/14 17:10:27.094, 3, 79 %, 4548 MiB, 32607 MiB
2026/09/14 17:10:32.095, 0, 86 %, 4548 MiB, 32607 MiB
2026/09/14 17:10:32.096, 1, 85 %, 4568 MiB, 32607 MiB
2026/09/14 17:10:32.098, 2, 82 %, 4568 MiB, 32607 MiB
2026/09/14 17:10:32.099, 3, 83 %, 4548 MiB, 32607 MiB
2026/09/14 17:10:37.101, 0, 74 %, 4548 MiB, 32607 MiB
2026/09/14 17:10:37.104, 1, 87 %, 4568 MiB, 32607 MiB
2026/09/14 17:10:37.105, 2, 82 %, 4568 MiB, 32607 MiB
2026/09/14 17:10:37.106, 3, 86 %, 4548 MiB, 32607 MiB
2026/09/14 17:10:42.107, 0, 79 %, 4548 MiB, 32607 MiB
2026/09/14 17:10:42.109, 1, 86 %, 4568 MiB, 32607 MiB
2026/09/14 17:10:42.111, 2, 85 %, 4568 MiB, 32607 MiB
2026/09/14 17:10:42.113, 3, 84 %, 4548 MiB, 32607 MiB
2026/09/14 17:10:47.114, 0, 83 %, 4548 MiB, 32607 MiB
2026/09/14 17:10:47.116, 1, 84 %, 4568 MiB, 32607 MiB
2026/09/14 17:10:47.117, 2, 87 %, 4568 MiB, 32607 MiB
2026/09/14 17:10:47.117, 3, 85 %, 4548 MiB, 32607 MiB
2026/09/14 17:10:52.118, 0, 84 %, 4548 MiB, 32607 MiB
2026/09/14 17:10:52.119, 1, 80 %, 4568 MiB, 32607 MiB
2026/09/14 17:10:52.121, 2, 84 %, 4568 MiB, 32607 MiB
2026/09/14 17:10:52.122, 3, 85 %, 4548 MiB, 32607 MiB
2026/09/14 17:10:57.122, 0, 84 %, 4548 MiB, 32607 MiB
2026/09/14 17:10:57.125, 1, 100 %, 4568 MiB, 32607 MiB
2026/09/14 17:10:57.126, 2, 100 %, 4568 MiB, 32607 MiB
2026/09/14 17:10:57.129, 3, 81 %, 4548 MiB, 32607 MiB
2026/09/14 17:11:02.130, 0, 87 %, 4548 MiB, 32607 MiB
2026/09/14 17:11:02.131, 1, 83 %, 4568 MiB, 32607 MiB
2026/09/14 17:11:02.131, 2, 81 %, 4568 MiB, 32607 MiB
2026/09/14 17:11:02.132, 3, 78 %, 4548 MiB, 32607 MiB
2026/09/14 17:11:07.133, 0, 82 %, 4548 MiB, 32607 MiB
2026/09/14 17:11:07.134, 1, 85 %, 4568 MiB, 32607 MiB
2026/09/14 17:11:07.135, 2, 85 %, 4568 MiB, 32607 MiB
2026/09/14 17:11:07.135, 3, 71 %, 4548 MiB, 32607 MiB
2026/09/14 17:11:12.137, 0, 82 %, 4548 MiB, 32607 MiB
2026/09/14 17:11:12.138, 1, 84 %, 4568 MiB, 32607 MiB
2026/09/14 17:11:12.139, 2, 85 %, 4568 MiB, 32607 MiB
2026/09/14 17:11:12.141, 3, 78 %, 4548 MiB, 32607 MiB
2026/09/14 17:11:17.142, 0, 86 %, 4548 MiB, 32607 MiB
2026/09/14 17:11:17.144, 1, 81 %, 4568 MiB, 32607 MiB
2026/09/14 17:11:17.145, 2, 84 %, 4568 MiB, 32607 MiB
2026/09/14 17:11:17.146, 3, 84 %, 4548 MiB, 32607 MiB
2026/09/14 17:11:22.146, 0, 85 %, 4548 MiB, 32607 MiB
2026/09/14 17:11:22.149, 1, 79 %, 4568 MiB, 32607 MiB
2026/09/14 17:11:22.151, 2, 86 %, 4568 MiB, 32607 MiB
2026/09/14 17:11:22.153, 3, 86 %, 4548 MiB, 32607 MiB
2026/09/14 17:11:27.155, 0, 82 %, 4548 MiB, 32607 MiB
2026/09/14 17:11:27.157, 1, 85 %, 4568 MiB, 32607 MiB
2026/09/14 17:11:27.158, 2, 85 %, 4568 MiB, 32607 MiB
2026/09/14 17:11:27.159, 3, 88 %, 4548 MiB, 32607 MiB
2026/09/14 17:11:32.161, 0, 87 %, 4548 MiB, 32607 MiB
2026/09/14 17:11:32.162, 1, 86 %, 4568 MiB, 32607 MiB
2026/09/14 17:11:32.163, 2, 100 %, 4568 MiB, 32607 MiB
2026/09/14 17:11:32.165, 3, 100 %, 4548 MiB, 32607 MiB
2026/09/14 17:11:37.166, 0, 85 %, 4548 MiB, 32607 MiB
2026/09/14 17:11:37.168, 1, 85 %, 4568 MiB, 32607 MiB
2026/09/14 17:11:37.169, 2, 85 %, 4568 MiB, 32607 MiB
2026/09/14 17:11:37.170, 3, 84 %, 4548 MiB, 32607 MiB
2026/09/14 17:11:42.172, 0, 84 %, 4548 MiB, 32607 MiB
2026/09/14 17:11:42.174, 1, 85 %, 4568 MiB, 32607 MiB
2026/09/14 17:11:42.176, 2, 86 %, 4568 MiB, 32607 MiB
2026/09/14 17:11:42.178, 3, 85 %, 4548 MiB, 32607 MiB
2026/09/14 17:11:47.181, 0, 84 %, 4548 MiB, 32607 MiB
2026/09/14 17:11:47.182, 1, 79 %, 4568 MiB, 32607 MiB
2026/09/14 17:11:47.182, 2, 83 %, 4568 MiB, 32607 MiB
2026/09/14 17:11:47.182, 3, 82 %, 4548 MiB, 32607 MiB
2026/09/14 17:11:52.184, 0, 85 %, 4548 MiB, 32607 MiB
2026/09/14 17:11:52.186, 1, 90 %, 4568 MiB, 32607 MiB
2026/09/14 17:11:52.188, 2, 81 %, 4568 MiB, 32607 MiB
2026/09/14 17:11:52.189, 3, 87 %, 4548 MiB, 32607 MiB
2026/09/14 17:11:57.190, 0, 87 %, 4548 MiB, 32607 MiB
2026/09/14 17:11:57.192, 1, 80 %, 4568 MiB, 32607 MiB
2026/09/14 17:11:57.193, 2, 85 %, 4568 MiB, 32607 MiB
2026/09/14 17:11:57.194, 3, 87 %, 4548 MiB, 32607 MiB
2026/09/14 17:12:02.194, 0, 87 %, 4548 MiB, 32607 MiB
2026/09/14 17:12:02.195, 1, 87 %, 4568 MiB, 32607 MiB
2026/09/14 17:12:02.196, 2, 85 %, 4568 MiB, 32607 MiB
2026/09/14 17:12:02.197, 3, 84 %, 4548 MiB, 32607 MiB
2026/09/14 17:12:07.198, 0, 77 %, 4548 MiB, 32607 MiB
2026/09/14 17:12:07.200, 1, 84 %, 4568 MiB, 32607 MiB
2026/09/14 17:12:07.201, 2, 88 %, 4568 MiB, 32607 MiB
2026/09/14 17:12:07.202, 3, 83 %, 4548 MiB, 32607 MiB
2026/09/14 17:12:12.204, 0, 86 %, 4548 MiB, 32607 MiB
2026/09/14 17:12:12.205, 1, 84 %, 4568 MiB, 32607 MiB
2026/09/14 17:12:12.206, 2, 80 %, 4568 MiB, 32607 MiB
2026/09/14 17:12:12.208, 3, 82 %, 4548 MiB, 32607 MiB
2026/09/14 17:12:17.210, 0, 82 %, 4548 MiB, 32607 MiB
2026/09/14 17:12:17.210, 1, 86 %, 4568 MiB, 32607 MiB
2026/09/14 17:12:17.211, 2, 85 %, 4568 MiB, 32607 MiB
2026/09/14 17:12:17.212, 3, 79 %, 4548 MiB, 32607 MiB
2026/09/14 17:12:22.213, 0, 77 %, 4548 MiB, 32607 MiB
2026/09/14 17:12:22.214, 1, 85 %, 4568 MiB, 32607 MiB
2026/09/14 17:12:22.215, 2, 84 %, 4568 MiB, 32607 MiB
2026/09/14 17:12:22.217, 3, 83 %, 4548 MiB, 32607 MiB
2026/09/14 17:12:27.220, 0, 89 %, 4548 MiB, 32607 MiB
2026/09/14 17:12:27.222, 1, 85 %, 4568 MiB, 32607 MiB
2026/09/14 17:12:27.225, 2, 82 %, 4568 MiB, 32607 MiB
2026/09/14 17:12:27.226, 3, 79 %, 4548 MiB, 32607 MiB
2026/09/14 17:12:32.229, 0, 87 %, 4548 MiB, 32607 MiB
2026/09/14 17:12:32.230, 1, 85 %, 4568 MiB, 32607 MiB
2026/09/14 17:12:32.232, 2, 90 %, 4568 MiB, 32607 MiB
2026/09/14 17:12:32.233, 3, 84 %, 4548 MiB, 32607 MiB
2026/09/14 17:12:37.234, 0, 79 %, 4548 MiB, 32607 MiB
2026/09/14 17:12:37.236, 1, 84 %, 4568 MiB, 32607 MiB
2026/09/14 17:12:37.236, 2, 85 %, 4568 MiB, 32607 MiB
2026/09/14 17:12:37.238, 3, 80 %, 4548 MiB, 32607 MiB
2026/09/14 17:12:42.239, 0, 81 %, 4548 MiB, 32607 MiB
2026/09/14 17:12:42.241, 1, 87 %, 4568 MiB, 32607 MiB
2026/09/14 17:12:42.242, 2, 84 %, 4568 MiB, 32607 MiB
2026/09/14 17:12:42.244, 3, 100 %, 4548 MiB, 32607 MiB
2026/09/14 17:12:47.245, 0, 82 %, 4548 MiB, 32607 MiB
2026/09/14 17:12:47.246, 1, 82 %, 4568 MiB, 32607 MiB
2026/09/14 17:12:47.247, 2, 80 %, 4568 MiB, 32607 MiB
2026/09/14 17:12:47.249, 3, 81 %, 4548 MiB, 32607 MiB
2026/09/14 17:12:52.251, 0, 86 %, 4548 MiB, 32607 MiB
2026/09/14 17:12:52.253, 1, 84 %, 4568 MiB, 32607 MiB
2026/09/14 17:12:52.254, 2, 87 %, 4568 MiB, 32607 MiB
2026/09/14 17:12:52.255, 3, 86 %, 4548 MiB, 32607 MiB
2026/09/14 17:12:57.257, 0, 85 %, 4548 MiB, 32607 MiB
2026/09/14 17:12:57.260, 1, 78 %, 4568 MiB, 32607 MiB
2026/09/14 17:12:57.261, 2, 81 %, 4568 MiB, 32607 MiB
2026/09/14 17:12:57.263, 3, 83 %, 4548 MiB, 32607 MiB
2026/09/14 17:13:02.265, 0, 85 %, 4548 MiB, 32607 MiB
2026/09/14 17:13:02.266, 1, 84 %, 4568 MiB, 32607 MiB
2026/09/14 17:13:02.268, 2, 85 %, 4568 MiB, 32607 MiB
2026/09/14 17:13:02.269, 3, 82 %, 4548 MiB, 32607 MiB
2026/09/14 17:13:07.270, 0, 84 %, 4548 MiB, 32607 MiB
2026/09/14 17:13:07.271, 1, 83 %, 4568 MiB, 32607 MiB
2026/09/14 17:13:07.272, 2, 85 %, 4568 MiB, 32607 MiB
2026/09/14 17:13:07.274, 3, 83 %, 4548 MiB, 32607 MiB
2026/09/14 17:13:12.275, 0, 81 %, 4548 MiB, 32607 MiB
2026/09/14 17:13:12.277, 1, 89 %, 4568 MiB, 32607 MiB
2026/09/14 17:13:12.277, 2, 82 %, 4568 MiB, 32607 MiB
2026/09/14 17:13:12.278, 3, 83 %, 4548 MiB, 32607 MiB
2026/09/14 17:13:17.279, 0, 32 %, 4548 MiB, 32607 MiB
2026/09/14 17:13:17.281, 1, 100 %, 4568 MiB, 32607 MiB
2026/09/14 17:13:17.282, 2, 100 %, 4568 MiB, 32607 MiB
2026/09/14 17:13:17.283, 3, 100 %, 4548 MiB, 32607 MiB
2026/09/14 17:13:22.285, 0, 0 %, 4548 MiB, 32607 MiB
2026/09/14 17:13:22.286, 1, 100 %, 4568 MiB, 32607 MiB
2026/09/14 17:13:22.287, 2, 100 %, 4568 MiB, 32607 MiB
2026/09/14 17:13:22.289, 3, 100 %, 4548 MiB, 32607 MiB
2026/09/14 17:13:27.290, 0, 91 %, 4548 MiB, 32607 MiB
2026/09/14 17:13:27.292, 1, 78 %, 4568 MiB, 32607 MiB
2026/09/14 17:13:27.293, 2, 90 %, 4568 MiB, 32607 MiB
2026/09/14 17:13:27.294, 3, 86 %, 4548 MiB, 32607 MiB
2026/09/14 17:13:32.294, 0, 86 %, 4548 MiB, 32607 MiB
2026/09/14 17:13:32.296, 1, 82 %, 4568 MiB, 32607 MiB
2026/09/14 17:13:32.297, 2, 80 %, 4568 MiB, 32607 MiB
2026/09/14 17:13:32.298, 3, 83 %, 4548 MiB, 32607 MiB
2026/09/14 17:13:37.299, 0, 86 %, 4548 MiB, 32607 MiB
2026/09/14 17:13:37.301, 1, 85 %, 4568 MiB, 32607 MiB
2026/09/14 17:13:37.303, 2, 84 %, 4568 MiB, 32607 MiB
2026/09/14 17:13:37.305, 3, 79 %, 4548 MiB, 32607 MiB
2026/09/14 17:13:42.306, 0, 85 %, 4548 MiB, 32607 MiB
2026/09/14 17:13:42.308, 1, 79 %, 4568 MiB, 32607 MiB
2026/09/14 17:13:42.310, 2, 87 %, 4568 MiB, 32607 MiB
2026/09/14 17:13:42.310, 3, 79 %, 4548 MiB, 32607 MiB
2026/09/14 17:13:47.312, 0, 84 %, 4548 MiB, 32607 MiB
2026/09/14 17:13:47.314, 1, 90 %, 4568 MiB, 32607 MiB
2026/09/14 17:13:47.317, 2, 82 %, 4568 MiB, 32607 MiB
2026/09/14 17:13:47.319, 3, 86 %, 4548 MiB, 32607 MiB
2026/09/14 17:13:52.322, 0, 85 %, 4548 MiB, 32607 MiB
2026/09/14 17:13:52.323, 1, 85 %, 4568 MiB, 32607 MiB
2026/09/14 17:13:52.324, 2, 83 %, 4568 MiB, 32607 MiB
2026/09/14 17:13:52.326, 3, 80 %, 4548 MiB, 32607 MiB
2026/09/14 17:13:57.326, 0, 84 %, 4548 MiB, 32607 MiB
2026/09/14 17:13:57.328, 1, 89 %, 4568 MiB, 32607 MiB
2026/09/14 17:13:57.329, 2, 100 %, 4568 MiB, 32607 MiB
2026/09/14 17:13:57.330, 3, 80 %, 4548 MiB, 32607 MiB
2026/09/14 17:14:02.332, 0, 85 %, 4548 MiB, 32607 MiB
2026/09/14 17:14:02.334, 1, 81 %, 4568 MiB, 32607 MiB
2026/09/14 17:14:02.336, 2, 81 %, 4568 MiB, 32607 MiB
2026/09/14 17:14:02.338, 3, 86 %, 4548 MiB, 32607 MiB
2026/09/14 17:14:07.340, 0, 82 %, 4548 MiB, 32607 MiB
2026/09/14 17:14:07.343, 1, 84 %, 4568 MiB, 32607 MiB
2026/09/14 17:14:07.345, 2, 83 %, 4568 MiB, 32607 MiB
2026/09/14 17:14:07.347, 3, 85 %, 4548 MiB, 32607 MiB
2026/09/14 17:14:12.349, 0, 83 %, 4548 MiB, 32607 MiB
2026/09/14 17:14:12.350, 1, 86 %, 4568 MiB, 32607 MiB
2026/09/14 17:14:12.351, 2, 84 %, 4568 MiB, 32607 MiB
2026/09/14 17:14:12.352, 3, 83 %, 4548 MiB, 32607 MiB
2026/09/14 17:14:17.353, 0, 85 %, 4548 MiB, 32607 MiB
2026/09/14 17:14:17.355, 1, 85 %, 4568 MiB, 32607 MiB
2026/09/14 17:14:17.357, 2, 84 %, 4568 MiB, 32607 MiB
2026/09/14 17:14:17.358, 3, 86 %, 4548 MiB, 32607 MiB
2026/09/14 17:14:22.358, 0, 80 %, 4548 MiB, 32607 MiB
2026/09/14 17:14:22.360, 1, 86 %, 4568 MiB, 32607 MiB
2026/09/14 17:14:22.362, 2, 87 %, 4568 MiB, 32607 MiB
2026/09/14 17:14:22.362, 3, 81 %, 4548 MiB, 32607 MiB
2026/09/14 17:14:27.364, 0, 85 %, 4548 MiB, 32607 MiB
2026/09/14 17:14:27.367, 1, 86 %, 4568 MiB, 32607 MiB
2026/09/14 17:14:27.369, 2, 82 %, 4568 MiB, 32607 MiB
2026/09/14 17:14:27.370, 3, 85 %, 4548 MiB, 32607 MiB
2026/09/14 17:14:32.372, 0, 78 %, 4548 MiB, 32607 MiB
2026/09/14 17:14:32.374, 1, 95 %, 4568 MiB, 32607 MiB
2026/09/14 17:14:32.376, 2, 100 %, 4568 MiB, 32607 MiB
2026/09/14 17:14:32.377, 3, 84 %, 4548 MiB, 32607 MiB
2026/09/14 17:14:37.379, 0, 86 %, 4548 MiB, 32607 MiB
2026/09/14 17:14:37.381, 1, 86 %, 4568 MiB, 32607 MiB
2026/09/14 17:14:37.383, 2, 83 %, 4568 MiB, 32607 MiB
2026/09/14 17:14:37.385, 3, 71 %, 4548 MiB, 32607 MiB
2026/09/14 17:14:42.386, 0, 85 %, 4548 MiB, 32607 MiB
2026/09/14 17:14:42.389, 1, 87 %, 4568 MiB, 32607 MiB
2026/09/14 17:14:42.390, 2, 85 %, 4568 MiB, 32607 MiB
2026/09/14 17:14:42.392, 3, 85 %, 4548 MiB, 32607 MiB
2026/09/14 17:14:47.393, 0, 81 %, 4548 MiB, 32607 MiB
2026/09/14 17:14:47.394, 1, 87 %, 4568 MiB, 32607 MiB
2026/09/14 17:14:47.394, 2, 85 %, 4568 MiB, 32607 MiB
2026/09/14 17:14:47.395, 3, 84 %, 4548 MiB, 32607 MiB
2026/09/14 17:14:52.396, 0, 76 %, 4548 MiB, 32607 MiB
2026/09/14 17:14:52.398, 1, 86 %, 4568 MiB, 32607 MiB
2026/09/14 17:14:52.399, 2, 86 %, 4568 MiB, 32607 MiB
2026/09/14 17:14:52.401, 3, 80 %, 4548 MiB, 32607 MiB
2026/09/14 17:14:57.402, 0, 83 %, 4548 MiB, 32607 MiB
2026/09/14 17:14:57.404, 1, 85 %, 4568 MiB, 32607 MiB
2026/09/14 17:14:57.406, 2, 85 %, 4568 MiB, 32607 MiB
2026/09/14 17:14:57.408, 3, 86 %, 4548 MiB, 32607 MiB
2026/09/14 17:15:02.410, 0, 80 %, 4548 MiB, 32607 MiB
2026/09/14 17:15:02.412, 1, 84 %, 4568 MiB, 32607 MiB
2026/09/14 17:15:02.413, 2, 92 %, 4568 MiB, 32607 MiB
2026/09/14 17:15:02.414, 3, 84 %, 4548 MiB, 32607 MiB
2026/09/14 17:15:07.416, 0, 75 %, 4548 MiB, 32607 MiB
2026/09/14 17:15:07.418, 1, 74 %, 4568 MiB, 32607 MiB
2026/09/14 17:15:07.419, 2, 85 %, 4568 MiB, 32607 MiB
2026/09/14 17:15:07.420, 3, 86 %, 4548 MiB, 32607 MiB
2026/09/14 17:15:12.421, 0, 83 %, 4548 MiB, 32607 MiB
2026/09/14 17:15:12.422, 1, 83 %, 4568 MiB, 32607 MiB
2026/09/14 17:15:12.424, 2, 86 %, 4568 MiB, 32607 MiB
2026/09/14 17:15:12.425, 3, 83 %, 4548 MiB, 32607 MiB
2026/09/14 17:15:17.426, 0, 83 %, 4548 MiB, 32607 MiB
2026/09/14 17:15:17.428, 1, 88 %, 4568 MiB, 32607 MiB
2026/09/14 17:15:17.429, 2, 80 %, 4568 MiB, 32607 MiB
2026/09/14 17:15:17.431, 3, 78 %, 4548 MiB, 32607 MiB
2026/09/14 17:15:22.433, 0, 79 %, 4548 MiB, 32607 MiB
2026/09/14 17:15:22.434, 1, 85 %, 4568 MiB, 32607 MiB
2026/09/14 17:15:22.436, 2, 85 %, 4568 MiB, 32607 MiB
2026/09/14 17:15:22.438, 3, 84 %, 4548 MiB, 32607 MiB
2026/09/14 17:15:27.439, 0, 85 %, 4548 MiB, 32607 MiB
2026/09/14 17:15:27.441, 1, 82 %, 4568 MiB, 32607 MiB
2026/09/14 17:15:27.444, 2, 85 %, 4568 MiB, 32607 MiB
2026/09/14 17:15:27.446, 3, 86 %, 4548 MiB, 32607 MiB
2026/09/14 17:15:32.448, 0, 87 %, 4548 MiB, 32607 MiB
2026/09/14 17:15:32.451, 1, 82 %, 4568 MiB, 32607 MiB
2026/09/14 17:15:32.452, 2, 85 %, 4568 MiB, 32607 MiB
2026/09/14 17:15:32.453, 3, 82 %, 4548 MiB, 32607 MiB
2026/09/14 17:15:37.454, 0, 85 %, 4548 MiB, 32607 MiB
2026/09/14 17:15:37.457, 1, 84 %, 4568 MiB, 32607 MiB
2026/09/14 17:15:37.461, 2, 84 %, 4568 MiB, 32607 MiB
2026/09/14 17:15:37.462, 3, 75 %, 4548 MiB, 32607 MiB
2026/09/14 17:15:42.465, 0, 82 %, 4548 MiB, 32607 MiB
2026/09/14 17:15:42.466, 1, 85 %, 4568 MiB, 32607 MiB
2026/09/14 17:15:42.467, 2, 79 %, 4568 MiB, 32607 MiB
2026/09/14 17:15:42.468, 3, 81 %, 4548 MiB, 32607 MiB
2026/09/14 17:15:47.469, 0, 89 %, 4548 MiB, 32607 MiB
2026/09/14 17:15:47.471, 1, 79 %, 4568 MiB, 32607 MiB
2026/09/14 17:15:47.473, 2, 77 %, 4568 MiB, 32607 MiB
2026/09/14 17:15:47.474, 3, 84 %, 4548 MiB, 32607 MiB
2026/09/14 17:15:52.475, 0, 80 %, 4548 MiB, 32607 MiB
2026/09/14 17:15:52.477, 1, 81 %, 4568 MiB, 32607 MiB
2026/09/14 17:15:52.478, 2, 85 %, 4568 MiB, 32607 MiB
2026/09/14 17:15:52.478, 3, 86 %, 4548 MiB, 32607 MiB
2026/09/14 17:15:57.480, 0, 82 %, 4548 MiB, 32607 MiB
2026/09/14 17:15:57.481, 1, 91 %, 4568 MiB, 32607 MiB
2026/09/14 17:15:57.483, 2, 81 %, 4568 MiB, 32607 MiB
2026/09/14 17:15:57.484, 3, 83 %, 4548 MiB, 32607 MiB
2026/09/14 17:16:02.486, 0, 85 %, 4548 MiB, 32607 MiB
2026/09/14 17:16:02.487, 1, 84 %, 4568 MiB, 32607 MiB
2026/09/14 17:16:02.488, 2, 91 %, 4568 MiB, 32607 MiB
2026/09/14 17:16:02.489, 3, 81 %, 4548 MiB, 32607 MiB
2026/09/14 17:16:07.490, 0, 80 %, 4548 MiB, 32607 MiB
2026/09/14 17:16:07.492, 1, 86 %, 4568 MiB, 32607 MiB
2026/09/14 17:16:07.493, 2, 84 %, 4568 MiB, 32607 MiB
2026/09/14 17:16:07.494, 3, 76 %, 4548 MiB, 32607 MiB
2026/09/14 17:16:12.497, 0, 88 %, 4548 MiB, 32607 MiB
2026/09/14 17:16:12.498, 1, 73 %, 4568 MiB, 32607 MiB
2026/09/14 17:16:12.500, 2, 83 %, 4568 MiB, 32607 MiB
2026/09/14 17:16:12.502, 3, 88 %, 4548 MiB, 32607 MiB
2026/09/14 17:16:17.503, 0, 84 %, 4548 MiB, 32607 MiB
2026/09/14 17:16:17.505, 1, 84 %, 4568 MiB, 32607 MiB
2026/09/14 17:16:17.506, 2, 83 %, 4568 MiB, 32607 MiB
2026/09/14 17:16:17.507, 3, 85 %, 4548 MiB, 32607 MiB
2026/09/14 17:16:22.509, 0, 68 %, 4548 MiB, 32607 MiB
2026/09/14 17:16:22.511, 1, 100 %, 4568 MiB, 32607 MiB
2026/09/14 17:16:22.513, 2, 100 %, 4568 MiB, 32607 MiB
2026/09/14 17:16:22.515, 3, 100 %, 4548 MiB, 32607 MiB
2026/09/14 17:16:27.517, 0, 85 %, 4548 MiB, 32607 MiB
2026/09/14 17:16:27.518, 1, 84 %, 4568 MiB, 32607 MiB
2026/09/14 17:16:27.521, 2, 83 %, 4568 MiB, 32607 MiB
2026/09/14 17:16:27.522, 3, 85 %, 4548 MiB, 32607 MiB
2026/09/14 17:16:32.524, 0, 84 %, 4548 MiB, 32607 MiB
2026/09/14 17:16:32.526, 1, 84 %, 4568 MiB, 32607 MiB
2026/09/14 17:16:32.527, 2, 86 %, 4568 MiB, 32607 MiB
2026/09/14 17:16:32.528, 3, 85 %, 4548 MiB, 32607 MiB
2026/09/14 17:16:37.529, 0, 81 %, 4548 MiB, 32607 MiB
2026/09/14 17:16:37.531, 1, 84 %, 4568 MiB, 32607 MiB
2026/09/14 17:16:37.533, 2, 85 %, 4568 MiB, 32607 MiB
2026/09/14 17:16:37.535, 3, 90 %, 4548 MiB, 32607 MiB
2026/09/14 17:16:42.537, 0, 86 %, 4548 MiB, 32607 MiB
2026/09/14 17:16:42.539, 1, 87 %, 4568 MiB, 32607 MiB
2026/09/14 17:16:42.540, 2, 81 %, 4568 MiB, 32607 MiB
2026/09/14 17:16:42.541, 3, 78 %, 4548 MiB, 32607 MiB
2026/09/14 17:16:47.544, 0, 84 %, 4548 MiB, 32607 MiB
2026/09/14 17:16:47.545, 1, 83 %, 4568 MiB, 32607 MiB
2026/09/14 17:16:47.547, 2, 87 %, 4568 MiB, 32607 MiB
2026/09/14 17:16:47.548, 3, 84 %, 4548 MiB, 32607 MiB
2026/09/14 17:16:52.550, 0, 80 %, 4548 MiB, 32607 MiB
2026/09/14 17:16:52.552, 1, 81 %, 4568 MiB, 32607 MiB
2026/09/14 17:16:52.553, 2, 87 %, 4568 MiB, 32607 MiB
2026/09/14 17:16:52.553, 3, 85 %, 4548 MiB, 32607 MiB
2026/09/14 17:16:57.554, 0, 83 %, 4548 MiB, 32607 MiB
2026/09/14 17:16:57.557, 1, 85 %, 4568 MiB, 32607 MiB
2026/09/14 17:16:57.559, 2, 87 %, 4568 MiB, 32607 MiB
2026/09/14 17:16:57.562, 3, 77 %, 4548 MiB, 32607 MiB
2026/09/14 17:17:02.565, 0, 83 %, 4548 MiB, 32607 MiB
2026/09/14 17:17:02.566, 1, 86 %, 4568 MiB, 32607 MiB
2026/09/14 17:17:02.567, 2, 86 %, 4568 MiB, 32607 MiB
2026/09/14 17:17:02.569, 3, 73 %, 4548 MiB, 32607 MiB
2026/09/14 17:17:07.570, 0, 84 %, 4548 MiB, 32607 MiB
2026/09/14 17:17:07.572, 1, 84 %, 4568 MiB, 32607 MiB
2026/09/14 17:17:07.574, 2, 77 %, 4568 MiB, 32607 MiB
2026/09/14 17:17:07.576, 3, 86 %, 4548 MiB, 32607 MiB
2026/09/14 17:17:12.578, 0, 85 %, 4548 MiB, 32607 MiB
2026/09/14 17:17:12.580, 1, 74 %, 4568 MiB, 32607 MiB
2026/09/14 17:17:12.581, 2, 83 %, 4568 MiB, 32607 MiB
2026/09/14 17:17:12.582, 3, 87 %, 4548 MiB, 32607 MiB
2026/09/14 17:17:17.582, 0, 85 %, 4548 MiB, 32607 MiB
2026/09/14 17:17:17.584, 1, 85 %, 4568 MiB, 32607 MiB
2026/09/14 17:17:17.586, 2, 84 %, 4568 MiB, 32607 MiB
2026/09/14 17:17:17.587, 3, 82 %, 4548 MiB, 32607 MiB
2026/09/14 17:17:22.588, 0, 85 %, 4548 MiB, 32607 MiB
2026/09/14 17:17:22.590, 1, 85 %, 4568 MiB, 32607 MiB
2026/09/14 17:17:22.592, 2, 84 %, 4568 MiB, 32607 MiB
2026/09/14 17:17:22.593, 3, 85 %, 4548 MiB, 32607 MiB
2026/09/14 17:17:27.595, 0, 85 %, 4548 MiB, 32607 MiB
2026/09/14 17:17:27.597, 1, 85 %, 4568 MiB, 32607 MiB
2026/09/14 17:17:27.598, 2, 84 %, 4568 MiB, 32607 MiB
2026/09/14 17:17:27.600, 3, 86 %, 4548 MiB, 32607 MiB
2026/09/14 17:17:32.602, 0, 84 %, 4548 MiB, 32607 MiB
2026/09/14 17:17:32.603, 1, 83 %, 4568 MiB, 32607 MiB
2026/09/14 17:17:32.604, 2, 82 %, 4568 MiB, 32607 MiB
2026/09/14 17:17:32.604, 3, 78 %, 4548 MiB, 32607 MiB
2026/09/14 17:17:37.605, 0, 82 %, 4548 MiB, 32607 MiB
2026/09/14 17:17:37.606, 1, 86 %, 4568 MiB, 32607 MiB
2026/09/14 17:17:37.608, 2, 78 %, 4568 MiB, 32607 MiB
2026/09/14 17:17:37.609, 3, 76 %, 4548 MiB, 32607 MiB
2026/09/14 17:17:42.611, 0, 80 %, 4548 MiB, 32607 MiB
2026/09/14 17:17:42.612, 1, 86 %, 4568 MiB, 32607 MiB
2026/09/14 17:17:42.614, 2, 84 %, 4568 MiB, 32607 MiB
2026/09/14 17:17:42.616, 3, 84 %, 4548 MiB, 32607 MiB
2026/09/14 17:17:47.617, 0, 87 %, 4548 MiB, 32607 MiB
2026/09/14 17:17:47.619, 1, 84 %, 4568 MiB, 32607 MiB
2026/09/14 17:17:47.620, 2, 85 %, 4568 MiB, 32607 MiB
2026/09/14 17:17:47.621, 3, 87 %, 4548 MiB, 32607 MiB
2026/09/14 17:17:52.622, 0, 84 %, 4548 MiB, 32607 MiB
2026/09/14 17:17:52.624, 1, 78 %, 4568 MiB, 32607 MiB
2026/09/14 17:17:52.625, 2, 86 %, 4568 MiB, 32607 MiB
2026/09/14 17:17:52.625, 3, 81 %, 4548 MiB, 32607 MiB
2026/09/14 17:17:57.627, 0, 86 %, 4548 MiB, 32607 MiB
2026/09/14 17:17:57.629, 1, 87 %, 4568 MiB, 32607 MiB
2026/09/14 17:17:57.631, 2, 86 %, 4568 MiB, 32607 MiB
2026/09/14 17:17:57.634, 3, 82 %, 4548 MiB, 32607 MiB
2026/09/14 17:18:02.635, 0, 85 %, 4548 MiB, 32607 MiB
2026/09/14 17:18:02.637, 1, 79 %, 4568 MiB, 32607 MiB
2026/09/14 17:18:02.638, 2, 83 %, 4568 MiB, 32607 MiB
2026/09/14 17:18:02.639, 3, 77 %, 4548 MiB, 32607 MiB
2026/09/14 17:18:07.640, 0, 79 %, 4548 MiB, 32607 MiB
2026/09/14 17:18:07.643, 1, 81 %, 4568 MiB, 32607 MiB
2026/09/14 17:18:07.645, 2, 83 %, 4568 MiB, 32607 MiB
2026/09/14 17:18:07.646, 3, 86 %, 4548 MiB, 32607 MiB
2026/09/14 17:18:12.648, 0, 0 %, 4548 MiB, 32607 MiB
2026/09/14 17:18:12.650, 1, 100 %, 4568 MiB, 32607 MiB
2026/09/14 17:18:12.652, 2, 100 %, 4568 MiB, 32607 MiB
2026/09/14 17:18:12.654, 3, 100 %, 4548 MiB, 32607 MiB
2026/09/14 17:18:17.657, 0, 81 %, 4548 MiB, 32607 MiB
2026/09/14 17:18:17.659, 1, 86 %, 4568 MiB, 32607 MiB
2026/09/14 17:18:17.660, 2, 86 %, 4568 MiB, 32607 MiB
2026/09/14 17:18:17.662, 3, 86 %, 4548 MiB, 32607 MiB
2026/09/14 17:18:22.663, 0, 83 %, 4548 MiB, 32607 MiB
2026/09/14 17:18:22.665, 1, 82 %, 4568 MiB, 32607 MiB
2026/09/14 17:18:22.666, 2, 86 %, 4568 MiB, 32607 MiB
2026/09/14 17:18:22.668, 3, 86 %, 4548 MiB, 32607 MiB
2026/09/14 17:18:27.669, 0, 82 %, 4548 MiB, 32607 MiB
2026/09/14 17:18:27.671, 1, 84 %, 4568 MiB, 32607 MiB
2026/09/14 17:18:27.673, 2, 82 %, 4568 MiB, 32607 MiB
2026/09/14 17:18:27.675, 3, 82 %, 4548 MiB, 32607 MiB
2026/09/14 17:18:32.677, 0, 81 %, 4548 MiB, 32607 MiB
2026/09/14 17:18:32.678, 1, 80 %, 4568 MiB, 32607 MiB
2026/09/14 17:18:32.680, 2, 86 %, 4568 MiB, 32607 MiB
2026/09/14 17:18:32.682, 3, 86 %, 4548 MiB, 32607 MiB
2026/09/14 17:18:37.682, 0, 84 %, 4548 MiB, 32607 MiB
2026/09/14 17:18:37.685, 1, 84 %, 4568 MiB, 32607 MiB
2026/09/14 17:18:37.688, 2, 78 %, 4568 MiB, 32607 MiB
2026/09/14 17:18:37.689, 3, 81 %, 4548 MiB, 32607 MiB
2026/09/14 17:18:42.692, 0, 87 %, 4548 MiB, 32607 MiB
2026/09/14 17:18:42.694, 1, 85 %, 4568 MiB, 32607 MiB
2026/09/14 17:18:42.696, 2, 85 %, 4568 MiB, 32607 MiB
2026/09/14 17:18:42.698, 3, 82 %, 4548 MiB, 32607 MiB
2026/09/14 17:18:47.699, 0, 81 %, 4548 MiB, 32607 MiB
2026/09/14 17:18:47.701, 1, 94 %, 4568 MiB, 32607 MiB
2026/09/14 17:18:47.702, 2, 100 %, 4568 MiB, 32607 MiB
2026/09/14 17:18:47.704, 3, 100 %, 4548 MiB, 32607 MiB
2026/09/14 17:18:52.707, 0, 85 %, 4548 MiB, 32607 MiB
2026/09/14 17:18:52.710, 1, 87 %, 4568 MiB, 32607 MiB
2026/09/14 17:18:52.712, 2, 78 %, 4568 MiB, 32607 MiB
2026/09/14 17:18:52.714, 3, 87 %, 4548 MiB, 32607 MiB
2026/09/14 17:18:57.715, 0, 84 %, 4548 MiB, 32607 MiB
2026/09/14 17:18:57.717, 1, 80 %, 4568 MiB, 32607 MiB
2026/09/14 17:18:57.718, 2, 90 %, 4568 MiB, 32607 MiB
2026/09/14 17:18:57.720, 3, 82 %, 4548 MiB, 32607 MiB
2026/09/14 17:19:02.721, 0, 78 %, 4548 MiB, 32607 MiB
2026/09/14 17:19:02.723, 1, 86 %, 4568 MiB, 32607 MiB
2026/09/14 17:19:02.725, 2, 83 %, 4568 MiB, 32607 MiB
2026/09/14 17:19:02.726, 3, 83 %, 4548 MiB, 32607 MiB
2026/09/14 17:19:07.728, 0, 75 %, 4548 MiB, 32607 MiB
2026/09/14 17:19:07.730, 1, 87 %, 4568 MiB, 32607 MiB
2026/09/14 17:19:07.733, 2, 86 %, 4568 MiB, 32607 MiB
2026/09/14 17:19:07.734, 3, 68 %, 4548 MiB, 32607 MiB
2026/09/14 17:19:12.737, 0, 82 %, 4548 MiB, 32607 MiB
2026/09/14 17:19:12.738, 1, 80 %, 4568 MiB, 32607 MiB
2026/09/14 17:19:12.738, 2, 80 %, 4568 MiB, 32607 MiB
2026/09/14 17:19:12.739, 3, 84 %, 4548 MiB, 32607 MiB
2026/09/14 17:19:17.740, 0, 89 %, 4548 MiB, 32607 MiB
2026/09/14 17:19:17.742, 1, 87 %, 4568 MiB, 32607 MiB
2026/09/14 17:19:17.743, 2, 87 %, 4568 MiB, 32607 MiB
2026/09/14 17:19:17.744, 3, 87 %, 4548 MiB, 32607 MiB
2026/09/14 17:19:22.746, 0, 84 %, 4548 MiB, 32607 MiB
2026/09/14 17:19:22.747, 1, 87 %, 4568 MiB, 32607 MiB
2026/09/14 17:19:22.747, 2, 83 %, 4568 MiB, 32607 MiB
2026/09/14 17:19:22.748, 3, 100 %, 4548 MiB, 32607 MiB
2026/09/14 17:19:27.750, 0, 64 %, 4548 MiB, 32607 MiB
2026/09/14 17:19:27.750, 1, 100 %, 4568 MiB, 32607 MiB
2026/09/14 17:19:27.750, 2, 100 %, 4568 MiB, 32607 MiB
2026/09/14 17:19:27.750, 3, 100 %, 4548 MiB, 32607 MiB
2026/09/14 17:19:32.751, 0, 84 %, 4548 MiB, 32607 MiB
2026/09/14 17:19:32.752, 1, 86 %, 4568 MiB, 32607 MiB
2026/09/14 17:19:32.754, 2, 85 %, 4568 MiB, 32607 MiB
2026/09/14 17:19:32.755, 3, 84 %, 4548 MiB, 32607 MiB
2026/09/14 17:19:37.756, 0, 82 %, 4548 MiB, 32607 MiB
2026/09/14 17:19:37.758, 1, 83 %, 4568 MiB, 32607 MiB
2026/09/14 17:19:37.759, 2, 84 %, 4568 MiB, 32607 MiB
2026/09/14 17:19:37.761, 3, 82 %, 4548 MiB, 32607 MiB
2026/09/14 17:19:42.762, 0, 86 %, 4548 MiB, 32607 MiB
2026/09/14 17:19:42.764, 1, 81 %, 4568 MiB, 32607 MiB
2026/09/14 17:19:42.765, 2, 82 %, 4568 MiB, 32607 MiB
2026/09/14 17:19:42.766, 3, 86 %, 4548 MiB, 32607 MiB
2026/09/14 17:19:47.768, 0, 83 %, 4548 MiB, 32607 MiB
2026/09/14 17:19:47.769, 1, 89 %, 4568 MiB, 32607 MiB
2026/09/14 17:19:47.770, 2, 82 %, 4568 MiB, 32607 MiB
2026/09/14 17:19:47.772, 3, 87 %, 4548 MiB, 32607 MiB
2026/09/14 17:19:52.773, 0, 85 %, 4548 MiB, 32607 MiB
2026/09/14 17:19:52.775, 1, 83 %, 4568 MiB, 32607 MiB
2026/09/14 17:19:52.776, 2, 84 %, 4568 MiB, 32607 MiB
2026/09/14 17:19:52.777, 3, 88 %, 4548 MiB, 32607 MiB
2026/09/14 17:19:57.778, 0, 83 %, 4548 MiB, 32607 MiB
2026/09/14 17:19:57.780, 1, 75 %, 4568 MiB, 32607 MiB
2026/09/14 17:19:57.782, 2, 84 %, 4568 MiB, 32607 MiB
2026/09/14 17:19:57.783, 3, 83 %, 4548 MiB, 32607 MiB
2026/09/14 17:20:02.784, 0, 86 %, 4548 MiB, 32607 MiB
2026/09/14 17:20:02.786, 1, 83 %, 4568 MiB, 32607 MiB
2026/09/14 17:20:02.787, 2, 85 %, 4568 MiB, 32607 MiB
2026/09/14 17:20:02.788, 3, 85 %, 4548 MiB, 32607 MiB
2026/09/14 17:20:07.790, 0, 85 %, 4548 MiB, 32607 MiB
2026/09/14 17:20:07.793, 1, 86 %, 4568 MiB, 32607 MiB
2026/09/14 17:20:07.794, 2, 85 %, 4568 MiB, 32607 MiB
2026/09/14 17:20:07.796, 3, 83 %, 4548 MiB, 32607 MiB
2026/09/14 17:20:12.798, 0, 79 %, 4548 MiB, 32607 MiB
2026/09/14 17:20:12.801, 1, 84 %, 4568 MiB, 32607 MiB
2026/09/14 17:20:12.802, 2, 77 %, 4568 MiB, 32607 MiB
2026/09/14 17:20:12.805, 3, 86 %, 4548 MiB, 32607 MiB
2026/09/14 17:20:17.806, 0, 87 %, 4548 MiB, 32607 MiB
2026/09/14 17:20:17.808, 1, 87 %, 4568 MiB, 32607 MiB
2026/09/14 17:20:17.810, 2, 80 %, 4568 MiB, 32607 MiB
2026/09/14 17:20:17.811, 3, 89 %, 4548 MiB, 32607 MiB
2026/09/14 17:20:22.813, 0, 81 %, 4548 MiB, 32607 MiB
2026/09/14 17:20:22.814, 1, 85 %, 4568 MiB, 32607 MiB
2026/09/14 17:20:22.816, 2, 82 %, 4568 MiB, 32607 MiB
2026/09/14 17:20:22.817, 3, 86 %, 4548 MiB, 32607 MiB
2026/09/14 17:20:27.818, 0, 83 %, 4548 MiB, 32607 MiB
2026/09/14 17:20:27.819, 1, 85 %, 4568 MiB, 32607 MiB
2026/09/14 17:20:27.821, 2, 84 %, 4568 MiB, 32607 MiB
2026/09/14 17:20:27.821, 3, 82 %, 4548 MiB, 32607 MiB
2026/09/14 17:20:32.823, 0, 85 %, 4548 MiB, 32607 MiB
2026/09/14 17:20:32.825, 1, 83 %, 4568 MiB, 32607 MiB
2026/09/14 17:20:32.827, 2, 81 %, 4568 MiB, 32607 MiB
2026/09/14 17:20:32.829, 3, 82 %, 4548 MiB, 32607 MiB
2026/09/14 17:20:37.830, 0, 84 %, 4548 MiB, 32607 MiB
2026/09/14 17:20:37.833, 1, 82 %, 4568 MiB, 32607 MiB
2026/09/14 17:20:37.835, 2, 84 %, 4568 MiB, 32607 MiB
2026/09/14 17:20:37.837, 3, 87 %, 4548 MiB, 32607 MiB
2026/09/14 17:20:42.840, 0, 0 %, 4548 MiB, 32607 MiB
2026/09/14 17:20:42.841, 1, 84 %, 4568 MiB, 32607 MiB
2026/09/14 17:20:42.842, 2, 84 %, 4568 MiB, 32607 MiB
2026/09/14 17:20:42.842, 3, 81 %, 4548 MiB, 32607 MiB
2026/09/14 17:20:47.843, 0, 86 %, 4548 MiB, 32607 MiB
2026/09/14 17:20:47.845, 1, 86 %, 4568 MiB, 32607 MiB
2026/09/14 17:20:47.847, 2, 82 %, 4568 MiB, 32607 MiB
2026/09/14 17:20:47.849, 3, 89 %, 4548 MiB, 32607 MiB
2026/09/14 17:20:52.852, 0, 85 %, 4548 MiB, 32607 MiB
2026/09/14 17:20:52.853, 1, 82 %, 4568 MiB, 32607 MiB
2026/09/14 17:20:52.854, 2, 79 %, 4568 MiB, 32607 MiB
2026/09/14 17:20:52.855, 3, 83 %, 4548 MiB, 32607 MiB
2026/09/14 17:20:57.856, 0, 78 %, 4548 MiB, 32607 MiB
2026/09/14 17:20:57.858, 1, 83 %, 4568 MiB, 32607 MiB
2026/09/14 17:20:57.859, 2, 90 %, 4568 MiB, 32607 MiB
2026/09/14 17:20:57.861, 3, 82 %, 4548 MiB, 32607 MiB
2026/09/14 17:21:02.863, 0, 87 %, 4548 MiB, 32607 MiB
2026/09/14 17:21:02.865, 1, 82 %, 4568 MiB, 32607 MiB
2026/09/14 17:21:02.867, 2, 84 %, 4568 MiB, 32607 MiB
2026/09/14 17:21:02.868, 3, 85 %, 4548 MiB, 32607 MiB
2026/09/14 17:21:07.869, 0, 86 %, 4548 MiB, 32607 MiB
2026/09/14 17:21:07.871, 1, 80 %, 4568 MiB, 32607 MiB
2026/09/14 17:21:07.873, 2, 86 %, 4568 MiB, 32607 MiB
2026/09/14 17:21:07.874, 3, 87 %, 4548 MiB, 32607 MiB
2026/09/14 17:21:12.876, 0, 86 %, 4548 MiB, 32607 MiB
2026/09/14 17:21:12.878, 1, 82 %, 4568 MiB, 32607 MiB
2026/09/14 17:21:12.881, 2, 84 %, 4568 MiB, 32607 MiB
2026/09/14 17:21:12.882, 3, 81 %, 4548 MiB, 32607 MiB
2026/09/14 17:21:17.885, 0, 82 %, 4548 MiB, 32607 MiB
2026/09/14 17:21:17.887, 1, 83 %, 4568 MiB, 32607 MiB
2026/09/14 17:21:17.889, 2, 76 %, 4568 MiB, 32607 MiB
2026/09/14 17:21:17.890, 3, 81 %, 4548 MiB, 32607 MiB
2026/09/14 17:21:22.892, 0, 90 %, 4548 MiB, 32607 MiB
2026/09/14 17:21:22.894, 1, 84 %, 4568 MiB, 32607 MiB
2026/09/14 17:21:22.896, 2, 86 %, 4568 MiB, 32607 MiB
2026/09/14 17:21:22.898, 3, 85 %, 4548 MiB, 32607 MiB
2026/09/14 17:21:27.900, 0, 85 %, 4548 MiB, 32607 MiB
2026/09/14 17:21:27.902, 1, 82 %, 4568 MiB, 32607 MiB
2026/09/14 17:21:27.904, 2, 85 %, 4568 MiB, 32607 MiB
2026/09/14 17:21:27.906, 3, 85 %, 4548 MiB, 32607 MiB
2026/09/14 17:21:32.908, 0, 84 %, 4548 MiB, 32607 MiB
2026/09/14 17:21:32.910, 1, 84 %, 4568 MiB, 32607 MiB
2026/09/14 17:21:32.912, 2, 83 %, 4568 MiB, 32607 MiB
2026/09/14 17:21:32.914, 3, 80 %, 4548 MiB, 32607 MiB
2026/09/14 17:21:37.915, 0, 82 %, 4548 MiB, 32607 MiB
2026/09/14 17:21:37.916, 1, 81 %, 4568 MiB, 32607 MiB
2026/09/14 17:21:37.916, 2, 88 %, 4568 MiB, 32607 MiB
2026/09/14 17:21:37.917, 3, 83 %, 4548 MiB, 32607 MiB
2026/09/14 17:21:42.917, 0, 90 %, 4548 MiB, 32607 MiB
2026/09/14 17:21:42.920, 1, 74 %, 4568 MiB, 32607 MiB
2026/09/14 17:21:42.921, 2, 83 %, 4568 MiB, 32607 MiB
2026/09/14 17:21:42.922, 3, 74 %, 4548 MiB, 32607 MiB
2026/09/14 17:21:47.922, 0, 84 %, 4548 MiB, 32607 MiB
2026/09/14 17:21:47.924, 1, 84 %, 4568 MiB, 32607 MiB
2026/09/14 17:21:47.925, 2, 87 %, 4568 MiB, 32607 MiB
2026/09/14 17:21:47.925, 3, 87 %, 4548 MiB, 32607 MiB
2026/09/14 17:21:52.926, 0, 85 %, 4548 MiB, 32607 MiB
2026/09/14 17:21:52.929, 1, 87 %, 4568 MiB, 32607 MiB
2026/09/14 17:21:52.930, 2, 82 %, 4568 MiB, 32607 MiB
2026/09/14 17:21:52.930, 3, 84 %, 4548 MiB, 32607 MiB
2026/09/14 17:21:57.932, 0, 86 %, 4548 MiB, 32607 MiB
2026/09/14 17:21:57.934, 1, 84 %, 4568 MiB, 32607 MiB
2026/09/14 17:21:57.936, 2, 84 %, 4568 MiB, 32607 MiB
2026/09/14 17:21:57.937, 3, 82 %, 4548 MiB, 32607 MiB
2026/09/14 17:22:02.938, 0, 84 %, 4548 MiB, 32607 MiB
2026/09/14 17:22:02.941, 1, 83 %, 4568 MiB, 32607 MiB
2026/09/14 17:22:02.942, 2, 84 %, 4568 MiB, 32607 MiB
2026/09/14 17:22:02.943, 3, 73 %, 4548 MiB, 32607 MiB
2026/09/14 17:22:07.945, 0, 88 %, 4548 MiB, 32607 MiB
2026/09/14 17:22:07.947, 1, 87 %, 4568 MiB, 32607 MiB
2026/09/14 17:22:07.948, 2, 85 %, 4568 MiB, 32607 MiB
2026/09/14 17:22:07.949, 3, 85 %, 4548 MiB, 32607 MiB
2026/09/14 17:22:12.950, 0, 78 %, 4548 MiB, 32607 MiB
2026/09/14 17:22:12.952, 1, 83 %, 4568 MiB, 32607 MiB
2026/09/14 17:22:12.954, 2, 83 %, 4568 MiB, 32607 MiB
2026/09/14 17:22:12.955, 3, 87 %, 4548 MiB, 32607 MiB
2026/09/14 17:22:17.957, 0, 84 %, 4548 MiB, 32607 MiB
2026/09/14 17:22:17.959, 1, 74 %, 4568 MiB, 32607 MiB
2026/09/14 17:22:17.961, 2, 80 %, 4568 MiB, 32607 MiB
2026/09/14 17:22:17.962, 3, 71 %, 4548 MiB, 32607 MiB
2026/09/14 17:22:22.964, 0, 79 %, 4548 MiB, 32607 MiB
2026/09/14 17:22:22.965, 1, 87 %, 4568 MiB, 32607 MiB
2026/09/14 17:22:22.966, 2, 85 %, 4568 MiB, 32607 MiB
2026/09/14 17:22:22.968, 3, 85 %, 4548 MiB, 32607 MiB
2026/09/14 17:22:27.969, 0, 45 %, 4548 MiB, 32607 MiB
2026/09/14 17:22:27.971, 1, 100 %, 4568 MiB, 32607 MiB
2026/09/14 17:22:27.973, 2, 100 %, 4568 MiB, 32607 MiB
2026/09/14 17:22:27.975, 3, 100 %, 4548 MiB, 32607 MiB
2026/09/14 17:22:32.977, 0, 0 %, 4548 MiB, 32607 MiB
2026/09/14 17:22:32.979, 1, 100 %, 4568 MiB, 32607 MiB
2026/09/14 17:22:32.980, 2, 100 %, 4568 MiB, 32607 MiB
2026/09/14 17:22:32.982, 3, 100 %, 4548 MiB, 32607 MiB
2026/09/14 17:22:37.985, 0, 75 %, 4548 MiB, 32607 MiB
2026/09/14 17:22:37.987, 1, 84 %, 4568 MiB, 32607 MiB
2026/09/14 17:22:37.989, 2, 84 %, 4568 MiB, 32607 MiB
2026/09/14 17:22:37.990, 3, 83 %, 4548 MiB, 32607 MiB
2026/09/14 17:22:42.991, 0, 80 %, 4548 MiB, 32607 MiB
2026/09/14 17:22:42.993, 1, 84 %, 4568 MiB, 32607 MiB
2026/09/14 17:22:42.996, 2, 82 %, 4568 MiB, 32607 MiB
2026/09/14 17:22:42.997, 3, 79 %, 4548 MiB, 32607 MiB
2026/09/14 17:22:47.999, 0, 85 %, 4548 MiB, 32607 MiB
2026/09/14 17:22:48.000, 1, 87 %, 4568 MiB, 32607 MiB
2026/09/14 17:22:48.000, 2, 85 %, 4568 MiB, 32607 MiB
2026/09/14 17:22:48.002, 3, 84 %, 4550 MiB, 32607 MiB
2026/09/14 17:22:53.003, 0, 79 %, 4548 MiB, 32607 MiB
2026/09/14 17:22:53.005, 1, 85 %, 4568 MiB, 32607 MiB
2026/09/14 17:22:53.006, 2, 86 %, 4568 MiB, 32607 MiB
2026/09/14 17:22:53.007, 3, 86 %, 4550 MiB, 32607 MiB
2026/09/14 17:22:58.009, 0, 83 %, 4548 MiB, 32607 MiB
2026/09/14 17:22:58.011, 1, 84 %, 4568 MiB, 32607 MiB
2026/09/14 17:22:58.013, 2, 85 %, 4568 MiB, 32607 MiB
2026/09/14 17:22:58.014, 3, 81 %, 4550 MiB, 32607 MiB
2026/09/14 17:23:03.015, 0, 83 %, 4548 MiB, 32607 MiB
2026/09/14 17:23:03.017, 1, 83 %, 4568 MiB, 32607 MiB
2026/09/14 17:23:03.018, 2, 79 %, 4568 MiB, 32607 MiB
2026/09/14 17:23:03.018, 3, 86 %, 4550 MiB, 32607 MiB
2026/09/14 17:23:08.020, 0, 0 %, 4548 MiB, 32607 MiB
2026/09/14 17:23:08.022, 1, 79 %, 4568 MiB, 32607 MiB
2026/09/14 17:23:08.024, 2, 79 %, 4568 MiB, 32607 MiB
2026/09/14 17:23:08.026, 3, 100 %, 4550 MiB, 32607 MiB
2026/09/14 17:23:13.028, 0, 84 %, 4548 MiB, 32607 MiB
2026/09/14 17:23:13.031, 1, 85 %, 4568 MiB, 32607 MiB
2026/09/14 17:23:13.033, 2, 83 %, 4568 MiB, 32607 MiB
2026/09/14 17:23:13.034, 3, 80 %, 4550 MiB, 32607 MiB
2026/09/14 17:23:18.035, 0, 82 %, 4548 MiB, 32607 MiB
2026/09/14 17:23:18.037, 1, 78 %, 4568 MiB, 32607 MiB
2026/09/14 17:23:18.038, 2, 78 %, 4568 MiB, 32607 MiB
2026/09/14 17:23:18.039, 3, 86 %, 4550 MiB, 32607 MiB
2026/09/14 17:23:23.041, 0, 85 %, 4548 MiB, 32607 MiB
2026/09/14 17:23:23.042, 1, 88 %, 4568 MiB, 32607 MiB
2026/09/14 17:23:23.044, 2, 85 %, 4568 MiB, 32607 MiB
2026/09/14 17:23:23.046, 3, 84 %, 4550 MiB, 32607 MiB
2026/09/14 17:23:28.046, 0, 80 %, 4548 MiB, 32607 MiB
2026/09/14 17:23:28.048, 1, 80 %, 4568 MiB, 32607 MiB
2026/09/14 17:23:28.050, 2, 86 %, 4568 MiB, 32607 MiB
2026/09/14 17:23:28.052, 3, 85 %, 4550 MiB, 32607 MiB
2026/09/14 17:23:33.053, 0, 84 %, 4548 MiB, 32607 MiB
2026/09/14 17:23:33.055, 1, 87 %, 4568 MiB, 32607 MiB
2026/09/14 17:23:33.057, 2, 76 %, 4568 MiB, 32607 MiB
2026/09/14 17:23:33.059, 3, 84 %, 4550 MiB, 32607 MiB
2026/09/14 17:23:38.062, 0, 79 %, 4548 MiB, 32607 MiB
2026/09/14 17:23:38.064, 1, 85 %, 4568 MiB, 32607 MiB
2026/09/14 17:23:38.066, 2, 88 %, 4568 MiB, 32607 MiB
2026/09/14 17:23:38.068, 3, 87 %, 4550 MiB, 32607 MiB
2026/09/14 17:23:43.069, 0, 83 %, 4548 MiB, 32607 MiB
2026/09/14 17:23:43.072, 1, 78 %, 4568 MiB, 32607 MiB
2026/09/14 17:23:43.073, 2, 73 %, 4568 MiB, 32607 MiB
2026/09/14 17:23:43.076, 3, 82 %, 4550 MiB, 32607 MiB
2026/09/14 17:23:48.077, 0, 79 %, 4548 MiB, 32607 MiB
2026/09/14 17:23:48.078, 1, 81 %, 4568 MiB, 32607 MiB
2026/09/14 17:23:48.079, 2, 80 %, 4568 MiB, 32607 MiB
2026/09/14 17:23:48.080, 3, 86 %, 4550 MiB, 32607 MiB
2026/09/14 17:23:53.081, 0, 85 %, 4548 MiB, 32607 MiB
2026/09/14 17:23:53.083, 1, 83 %, 4568 MiB, 32607 MiB
2026/09/14 17:23:53.085, 2, 81 %, 4568 MiB, 32607 MiB
2026/09/14 17:23:53.086, 3, 85 %, 4550 MiB, 32607 MiB
2026/09/14 17:23:58.087, 0, 83 %, 4548 MiB, 32607 MiB
2026/09/14 17:23:58.089, 1, 85 %, 4568 MiB, 32607 MiB
2026/09/14 17:23:58.091, 2, 78 %, 4568 MiB, 32607 MiB
2026/09/14 17:23:58.092, 3, 89 %, 4550 MiB, 32607 MiB
2026/09/14 17:24:03.093, 0, 82 %, 4548 MiB, 32607 MiB
2026/09/14 17:24:03.096, 1, 82 %, 4568 MiB, 32607 MiB
2026/09/14 17:24:03.097, 2, 83 %, 4568 MiB, 32607 MiB
2026/09/14 17:24:03.098, 3, 75 %, 4550 MiB, 32607 MiB
2026/09/14 17:24:08.100, 0, 86 %, 4548 MiB, 32607 MiB
2026/09/14 17:24:08.103, 1, 86 %, 4568 MiB, 32607 MiB
2026/09/14 17:24:08.105, 2, 79 %, 4568 MiB, 32607 MiB
2026/09/14 17:24:08.106, 3, 85 %, 4550 MiB, 32607 MiB
2026/09/14 17:24:13.107, 0, 79 %, 4548 MiB, 32607 MiB
2026/09/14 17:24:13.109, 1, 86 %, 4568 MiB, 32607 MiB
2026/09/14 17:24:13.110, 2, 78 %, 4568 MiB, 32607 MiB
2026/09/14 17:24:13.110, 3, 85 %, 4550 MiB, 32607 MiB
2026/09/14 17:24:18.112, 0, 83 %, 4548 MiB, 32607 MiB
2026/09/14 17:24:18.114, 1, 79 %, 4568 MiB, 32607 MiB
2026/09/14 17:24:18.116, 2, 75 %, 4568 MiB, 32607 MiB
2026/09/14 17:24:18.118, 3, 84 %, 4550 MiB, 32607 MiB
2026/09/14 17:24:23.121, 0, 80 %, 4548 MiB, 32607 MiB
2026/09/14 17:24:23.122, 1, 86 %, 4568 MiB, 32607 MiB
2026/09/14 17:24:23.124, 2, 90 %, 4568 MiB, 32607 MiB
2026/09/14 17:24:23.125, 3, 80 %, 4550 MiB, 32607 MiB
2026/09/14 17:24:28.126, 0, 86 %, 4548 MiB, 32607 MiB
2026/09/14 17:24:28.128, 1, 86 %, 4568 MiB, 32607 MiB
2026/09/14 17:24:28.129, 2, 80 %, 4568 MiB, 32607 MiB
2026/09/14 17:24:28.130, 3, 84 %, 4550 MiB, 32607 MiB
2026/09/14 17:24:33.130, 0, 85 %, 4548 MiB, 32607 MiB
2026/09/14 17:24:33.132, 1, 87 %, 4568 MiB, 32607 MiB
2026/09/14 17:24:33.133, 2, 83 %, 4568 MiB, 32607 MiB
2026/09/14 17:24:33.134, 3, 85 %, 4550 MiB, 32607 MiB
2026/09/14 17:24:38.135, 0, 86 %, 4548 MiB, 32607 MiB
2026/09/14 17:24:38.137, 1, 86 %, 4568 MiB, 32607 MiB
2026/09/14 17:24:38.139, 2, 85 %, 4568 MiB, 32607 MiB
2026/09/14 17:24:38.141, 3, 74 %, 4550 MiB, 32607 MiB
2026/09/14 17:24:43.143, 0, 89 %, 4548 MiB, 32607 MiB
2026/09/14 17:24:43.144, 1, 85 %, 4568 MiB, 32607 MiB
2026/09/14 17:24:43.146, 2, 86 %, 4568 MiB, 32607 MiB
2026/09/14 17:24:43.146, 3, 87 %, 4550 MiB, 32607 MiB
2026/09/14 17:24:48.148, 0, 78 %, 4548 MiB, 32607 MiB
2026/09/14 17:24:48.149, 1, 82 %, 4568 MiB, 32607 MiB
2026/09/14 17:24:48.151, 2, 86 %, 4568 MiB, 32607 MiB
2026/09/14 17:24:48.152, 3, 84 %, 4550 MiB, 32607 MiB
2026/09/14 17:24:53.153, 0, 84 %, 4548 MiB, 32607 MiB
2026/09/14 17:24:53.154, 1, 82 %, 4568 MiB, 32607 MiB
2026/09/14 17:24:53.154, 2, 78 %, 4568 MiB, 32607 MiB
2026/09/14 17:24:53.155, 3, 91 %, 4550 MiB, 32607 MiB
2026/09/14 17:24:58.156, 0, 85 %, 4548 MiB, 32607 MiB
2026/09/14 17:24:58.158, 1, 90 %, 4568 MiB, 32607 MiB
2026/09/14 17:24:58.160, 2, 85 %, 4568 MiB, 32607 MiB
2026/09/14 17:24:58.161, 3, 86 %, 4550 MiB, 32607 MiB
2026/09/14 17:25:03.163, 0, 83 %, 4548 MiB, 32607 MiB
2026/09/14 17:25:03.164, 1, 86 %, 4568 MiB, 32607 MiB
2026/09/14 17:25:03.166, 2, 87 %, 4568 MiB, 32607 MiB
2026/09/14 17:25:03.166, 3, 85 %, 4550 MiB, 32607 MiB
2026/09/14 17:25:08.168, 0, 86 %, 4548 MiB, 32607 MiB
2026/09/14 17:25:08.170, 1, 77 %, 4568 MiB, 32607 MiB
2026/09/14 17:25:08.171, 2, 83 %, 4568 MiB, 32607 MiB
2026/09/14 17:25:08.172, 3, 83 %, 4550 MiB, 32607 MiB
2026/09/14 17:25:13.174, 0, 84 %, 4548 MiB, 32607 MiB
2026/09/14 17:25:13.175, 1, 84 %, 4568 MiB, 32607 MiB
2026/09/14 17:25:13.176, 2, 91 %, 4568 MiB, 32607 MiB
2026/09/14 17:25:13.177, 3, 86 %, 4550 MiB, 32607 MiB
2026/09/14 17:25:18.178, 0, 83 %, 4548 MiB, 32607 MiB
2026/09/14 17:25:18.181, 1, 86 %, 4568 MiB, 32607 MiB
2026/09/14 17:25:18.182, 2, 71 %, 4568 MiB, 32607 MiB
2026/09/14 17:25:18.184, 3, 86 %, 4550 MiB, 32607 MiB
2026/09/14 17:25:23.187, 0, 85 %, 4548 MiB, 32607 MiB
2026/09/14 17:25:23.189, 1, 83 %, 4568 MiB, 32607 MiB
2026/09/14 17:25:23.190, 2, 84 %, 4568 MiB, 32607 MiB
2026/09/14 17:25:23.192, 3, 81 %, 4550 MiB, 32607 MiB
2026/09/14 17:25:28.194, 0, 85 %, 4548 MiB, 32607 MiB
2026/09/14 17:25:28.197, 1, 83 %, 4568 MiB, 32607 MiB
2026/09/14 17:25:28.198, 2, 82 %, 4568 MiB, 32607 MiB
2026/09/14 17:25:28.199, 3, 87 %, 4550 MiB, 32607 MiB
2026/09/14 17:25:33.201, 0, 65 %, 4548 MiB, 32607 MiB
2026/09/14 17:25:33.203, 1, 100 %, 4568 MiB, 32607 MiB
2026/09/14 17:25:33.205, 2, 100 %, 4568 MiB, 32607 MiB
2026/09/14 17:25:33.206, 3, 100 %, 4550 MiB, 32607 MiB
2026/09/14 17:25:38.209, 0, 86 %, 4548 MiB, 32607 MiB
2026/09/14 17:25:38.211, 1, 85 %, 4568 MiB, 32607 MiB
2026/09/14 17:25:38.212, 2, 80 %, 4568 MiB, 32607 MiB
2026/09/14 17:25:38.213, 3, 84 %, 4550 MiB, 32607 MiB
2026/09/14 17:25:43.215, 0, 81 %, 4548 MiB, 32607 MiB
2026/09/14 17:25:43.217, 1, 84 %, 4568 MiB, 32607 MiB
2026/09/14 17:25:43.219, 2, 82 %, 4568 MiB, 32607 MiB
2026/09/14 17:25:43.220, 3, 82 %, 4550 MiB, 32607 MiB
2026/09/14 17:25:48.222, 0, 80 %, 4548 MiB, 32607 MiB
2026/09/14 17:25:48.223, 1, 86 %, 4568 MiB, 32607 MiB
2026/09/14 17:25:48.224, 2, 86 %, 4568 MiB, 32607 MiB
2026/09/14 17:25:48.225, 3, 75 %, 4550 MiB, 32607 MiB
2026/09/14 17:25:53.226, 0, 86 %, 4548 MiB, 32607 MiB
2026/09/14 17:25:53.228, 1, 79 %, 4568 MiB, 32607 MiB
2026/09/14 17:25:53.230, 2, 77 %, 4568 MiB, 32607 MiB
2026/09/14 17:25:53.230, 3, 86 %, 4550 MiB, 32607 MiB
2026/09/14 17:25:58.233, 0, 80 %, 4548 MiB, 32607 MiB
2026/09/14 17:25:58.235, 1, 81 %, 4568 MiB, 32607 MiB
2026/09/14 17:25:58.237, 2, 80 %, 4568 MiB, 32607 MiB
2026/09/14 17:25:58.238, 3, 85 %, 4550 MiB, 32607 MiB
2026/09/14 17:26:03.240, 0, 85 %, 4548 MiB, 32607 MiB
2026/09/14 17:26:03.242, 1, 81 %, 4568 MiB, 32607 MiB
2026/09/14 17:26:03.244, 2, 84 %, 4568 MiB, 32607 MiB
2026/09/14 17:26:03.246, 3, 85 %, 4550 MiB, 32607 MiB
2026/09/14 17:26:08.248, 0, 85 %, 4548 MiB, 32607 MiB
2026/09/14 17:26:08.250, 1, 83 %, 4568 MiB, 32607 MiB
2026/09/14 17:26:08.251, 2, 86 %, 4568 MiB, 32607 MiB
2026/09/14 17:26:08.253, 3, 87 %, 4550 MiB, 32607 MiB
2026/09/14 17:26:13.255, 0, 86 %, 4548 MiB, 32607 MiB
2026/09/14 17:26:13.257, 1, 81 %, 4568 MiB, 32607 MiB
2026/09/14 17:26:13.258, 2, 84 %, 4568 MiB, 32607 MiB
2026/09/14 17:26:13.260, 3, 89 %, 4550 MiB, 32607 MiB
2026/09/14 17:26:18.262, 0, 82 %, 4548 MiB, 32607 MiB
2026/09/14 17:26:18.264, 1, 92 %, 4568 MiB, 32607 MiB
2026/09/14 17:26:18.266, 2, 87 %, 4568 MiB, 32607 MiB
2026/09/14 17:26:18.268, 3, 83 %, 4550 MiB, 32607 MiB
2026/09/14 17:26:23.270, 0, 84 %, 4548 MiB, 32607 MiB
2026/09/14 17:26:23.273, 1, 86 %, 4568 MiB, 32607 MiB
2026/09/14 17:26:23.275, 2, 86 %, 4568 MiB, 32607 MiB
2026/09/14 17:26:23.276, 3, 90 %, 4550 MiB, 32607 MiB
2026/09/14 17:26:28.278, 0, 82 %, 4548 MiB, 32607 MiB
2026/09/14 17:26:28.280, 1, 89 %, 4568 MiB, 32607 MiB
2026/09/14 17:26:28.282, 2, 85 %, 4568 MiB, 32607 MiB
2026/09/14 17:26:28.284, 3, 89 %, 4550 MiB, 32607 MiB
2026/09/14 17:26:33.286, 0, 84 %, 4548 MiB, 32607 MiB
2026/09/14 17:26:33.288, 1, 85 %, 4568 MiB, 32607 MiB
2026/09/14 17:26:33.290, 2, 83 %, 4568 MiB, 32607 MiB
2026/09/14 17:26:33.292, 3, 77 %, 4550 MiB, 32607 MiB
2026/09/14 17:26:38.294, 0, 83 %, 4548 MiB, 32607 MiB
2026/09/14 17:26:38.297, 1, 84 %, 4568 MiB, 32607 MiB
2026/09/14 17:26:38.298, 2, 85 %, 4568 MiB, 32607 MiB
2026/09/14 17:26:38.300, 3, 80 %, 4550 MiB, 32607 MiB
2026/09/14 17:26:43.302, 0, 83 %, 4548 MiB, 32607 MiB
2026/09/14 17:26:43.303, 1, 86 %, 4568 MiB, 32607 MiB
2026/09/14 17:26:43.305, 2, 86 %, 4568 MiB, 32607 MiB
2026/09/14 17:26:43.306, 3, 85 %, 4550 MiB, 32607 MiB
2026/09/14 17:26:48.307, 0, 88 %, 4548 MiB, 32607 MiB
2026/09/14 17:26:48.308, 1, 83 %, 4568 MiB, 32607 MiB
2026/09/14 17:26:48.309, 2, 87 %, 4568 MiB, 32607 MiB
2026/09/14 17:26:48.310, 3, 76 %, 4550 MiB, 32607 MiB
2026/09/14 17:26:53.310, 0, 81 %, 4548 MiB, 32607 MiB
2026/09/14 17:26:53.313, 1, 81 %, 4568 MiB, 32607 MiB
2026/09/14 17:26:53.316, 2, 79 %, 4568 MiB, 32607 MiB
2026/09/14 17:26:53.317, 3, 87 %, 4550 MiB, 32607 MiB
2026/09/14 17:26:58.320, 0, 85 %, 4548 MiB, 32607 MiB
2026/09/14 17:26:58.321, 1, 87 %, 4568 MiB, 32607 MiB
2026/09/14 17:26:58.322, 2, 80 %, 4568 MiB, 32607 MiB
2026/09/14 17:26:58.322, 3, 86 %, 4550 MiB, 32607 MiB
2026/09/14 17:27:03.323, 0, 82 %, 4548 MiB, 32607 MiB
2026/09/14 17:27:03.325, 1, 85 %, 4568 MiB, 32607 MiB
2026/09/14 17:27:03.326, 2, 82 %, 4568 MiB, 32607 MiB
2026/09/14 17:27:03.327, 3, 76 %, 4550 MiB, 32607 MiB
2026/09/14 17:27:08.329, 0, 87 %, 4548 MiB, 32607 MiB
2026/09/14 17:27:08.332, 1, 84 %, 4568 MiB, 32607 MiB
2026/09/14 17:27:08.333, 2, 81 %, 4568 MiB, 32607 MiB
2026/09/14 17:27:08.334, 3, 85 %, 4550 MiB, 32607 MiB
2026/09/14 17:27:13.336, 0, 87 %, 4548 MiB, 32607 MiB
2026/09/14 17:27:13.338, 1, 81 %, 4568 MiB, 32607 MiB
2026/09/14 17:27:13.341, 2, 83 %, 4568 MiB, 32607 MiB
2026/09/14 17:27:13.342, 3, 78 %, 4550 MiB, 32607 MiB
2026/09/14 17:27:18.344, 0, 86 %, 4548 MiB, 32607 MiB
2026/09/14 17:27:18.345, 1, 84 %, 4568 MiB, 32607 MiB
2026/09/14 17:27:18.346, 2, 86 %, 4568 MiB, 32607 MiB
2026/09/14 17:27:18.347, 3, 77 %, 4550 MiB, 32607 MiB
2026/09/14 17:27:23.349, 0, 79 %, 4548 MiB, 32607 MiB
2026/09/14 17:27:23.350, 1, 81 %, 4568 MiB, 32607 MiB
2026/09/14 17:27:23.351, 2, 81 %, 4568 MiB, 32607 MiB
2026/09/14 17:27:23.352, 3, 83 %, 4550 MiB, 32607 MiB
2026/09/14 17:27:28.353, 0, 86 %, 4548 MiB, 32607 MiB
2026/09/14 17:27:28.354, 1, 85 %, 4568 MiB, 32607 MiB
2026/09/14 17:27:28.355, 2, 87 %, 4568 MiB, 32607 MiB
2026/09/14 17:27:28.357, 3, 84 %, 4550 MiB, 32607 MiB
2026/09/14 17:27:33.358, 0, 81 %, 4548 MiB, 32607 MiB
2026/09/14 17:27:33.359, 1, 82 %, 4568 MiB, 32607 MiB
2026/09/14 17:27:33.359, 2, 83 %, 4568 MiB, 32607 MiB
2026/09/14 17:27:33.359, 3, 83 %, 4550 MiB, 32607 MiB
2026/09/14 17:27:38.360, 0, 82 %, 4548 MiB, 32607 MiB
2026/09/14 17:27:38.362, 1, 82 %, 4568 MiB, 32607 MiB
2026/09/14 17:27:38.364, 2, 90 %, 4568 MiB, 32607 MiB
2026/09/14 17:27:38.365, 3, 79 %, 4550 MiB, 32607 MiB
2026/09/14 17:27:43.366, 0, 77 %, 4548 MiB, 32607 MiB
2026/09/14 17:27:43.369, 1, 84 %, 4568 MiB, 32607 MiB
2026/09/14 17:27:43.370, 2, 86 %, 4568 MiB, 32607 MiB
2026/09/14 17:27:43.371, 3, 84 %, 4550 MiB, 32607 MiB
2026/09/14 17:27:48.373, 0, 82 %, 4548 MiB, 32607 MiB
2026/09/14 17:27:48.374, 1, 85 %, 4568 MiB, 32607 MiB
2026/09/14 17:27:48.374, 2, 86 %, 4568 MiB, 32607 MiB
2026/09/14 17:27:48.374, 3, 83 %, 4550 MiB, 32607 MiB
2026/09/14 17:27:53.375, 0, 86 %, 4548 MiB, 32607 MiB
2026/09/14 17:27:53.378, 1, 87 %, 4568 MiB, 32607 MiB
2026/09/14 17:27:53.380, 2, 86 %, 4568 MiB, 32607 MiB
2026/09/14 17:27:53.382, 3, 84 %, 4550 MiB, 32607 MiB
2026/09/14 17:27:58.385, 0, 83 %, 4548 MiB, 32607 MiB
2026/09/14 17:27:58.387, 1, 83 %, 4568 MiB, 32607 MiB
2026/09/14 17:27:58.388, 2, 84 %, 4568 MiB, 32607 MiB
2026/09/14 17:27:58.389, 3, 74 %, 4550 MiB, 32607 MiB
2026/09/14 17:28:03.391, 0, 83 %, 4548 MiB, 32607 MiB
2026/09/14 17:28:03.393, 1, 83 %, 4568 MiB, 32607 MiB
2026/09/14 17:28:03.395, 2, 86 %, 4568 MiB, 32607 MiB
2026/09/14 17:28:03.397, 3, 81 %, 4550 MiB, 32607 MiB
2026/09/14 17:28:08.398, 0, 80 %, 4548 MiB, 32607 MiB
2026/09/14 17:28:08.401, 1, 84 %, 4568 MiB, 32607 MiB
2026/09/14 17:28:08.403, 2, 84 %, 4568 MiB, 32607 MiB
2026/09/14 17:28:08.405, 3, 87 %, 4550 MiB, 32607 MiB
2026/09/14 17:28:13.407, 0, 83 %, 4548 MiB, 32607 MiB
2026/09/14 17:28:13.408, 1, 86 %, 4568 MiB, 32607 MiB
2026/09/14 17:28:13.410, 2, 82 %, 4568 MiB, 32607 MiB
2026/09/14 17:28:13.411, 3, 84 %, 4550 MiB, 32607 MiB
2026/09/14 17:28:18.414, 0, 86 %, 4548 MiB, 32607 MiB
2026/09/14 17:28:18.416, 1, 83 %, 4568 MiB, 32607 MiB
2026/09/14 17:28:18.417, 2, 85 %, 4568 MiB, 32607 MiB
2026/09/14 17:28:18.418, 3, 71 %, 4550 MiB, 32607 MiB
2026/09/14 17:28:23.419, 0, 84 %, 4548 MiB, 32607 MiB
2026/09/14 17:28:23.421, 1, 82 %, 4568 MiB, 32607 MiB
2026/09/14 17:28:23.422, 2, 84 %, 4568 MiB, 32607 MiB
2026/09/14 17:28:23.423, 3, 84 %, 4550 MiB, 32607 MiB
2026/09/14 17:28:28.424, 0, 85 %, 4548 MiB, 32607 MiB
2026/09/14 17:28:28.426, 1, 83 %, 4568 MiB, 32607 MiB
2026/09/14 17:28:28.428, 2, 83 %, 4568 MiB, 32607 MiB
2026/09/14 17:28:28.428, 3, 86 %, 4550 MiB, 32607 MiB
2026/09/14 17:28:33.430, 0, 69 %, 4548 MiB, 32607 MiB
2026/09/14 17:28:33.432, 1, 100 %, 4568 MiB, 32607 MiB
2026/09/14 17:28:33.434, 2, 100 %, 4568 MiB, 32607 MiB
2026/09/14 17:28:33.436, 3, 100 %, 4550 MiB, 32607 MiB
2026/09/14 17:28:38.437, 0, 87 %, 4548 MiB, 32607 MiB
2026/09/14 17:28:38.439, 1, 83 %, 4568 MiB, 32607 MiB
2026/09/14 17:28:38.441, 2, 83 %, 4568 MiB, 32607 MiB
2026/09/14 17:28:38.442, 3, 79 %, 4550 MiB, 32607 MiB
2026/09/14 17:28:43.443, 0, 84 %, 4548 MiB, 32607 MiB
2026/09/14 17:28:43.445, 1, 90 %, 4568 MiB, 32607 MiB
2026/09/14 17:28:43.446, 2, 84 %, 4568 MiB, 32607 MiB
2026/09/14 17:28:43.447, 3, 85 %, 4550 MiB, 32607 MiB
2026/09/14 17:28:48.449, 0, 86 %, 4548 MiB, 32607 MiB
2026/09/14 17:28:48.451, 1, 86 %, 4568 MiB, 32607 MiB
2026/09/14 17:28:48.453, 2, 82 %, 4568 MiB, 32607 MiB
2026/09/14 17:28:48.454, 3, 86 %, 4550 MiB, 32607 MiB
2026/09/14 17:28:53.455, 0, 81 %, 4548 MiB, 32607 MiB
2026/09/14 17:28:53.457, 1, 87 %, 4568 MiB, 32607 MiB
2026/09/14 17:28:53.459, 2, 85 %, 4568 MiB, 32607 MiB
2026/09/14 17:28:53.461, 3, 85 %, 4550 MiB, 32607 MiB
2026/09/14 17:28:58.462, 0, 82 %, 4548 MiB, 32607 MiB
2026/09/14 17:28:58.464, 1, 85 %, 4568 MiB, 32607 MiB
2026/09/14 17:28:58.465, 2, 82 %, 4568 MiB, 32607 MiB
2026/09/14 17:28:58.465, 3, 88 %, 4550 MiB, 32607 MiB
2026/09/14 17:29:03.466, 0, 83 %, 4548 MiB, 32607 MiB
2026/09/14 17:29:03.469, 1, 83 %, 4568 MiB, 32607 MiB
2026/09/14 17:29:03.471, 2, 86 %, 4568 MiB, 32607 MiB
2026/09/14 17:29:03.473, 3, 83 %, 4550 MiB, 32607 MiB
2026/09/14 17:29:08.475, 0, 78 %, 4548 MiB, 32607 MiB
2026/09/14 17:29:08.477, 1, 87 %, 4568 MiB, 32607 MiB
2026/09/14 17:29:08.479, 2, 85 %, 4568 MiB, 32607 MiB
2026/09/14 17:29:08.481, 3, 83 %, 4550 MiB, 32607 MiB
2026/09/14 17:29:13.483, 0, 90 %, 4548 MiB, 32607 MiB
2026/09/14 17:29:13.486, 1, 84 %, 4568 MiB, 32607 MiB
2026/09/14 17:29:13.488, 2, 82 %, 4568 MiB, 32607 MiB
2026/09/14 17:29:13.490, 3, 87 %, 4550 MiB, 32607 MiB
2026/09/14 17:29:18.492, 0, 78 %, 4548 MiB, 32607 MiB
2026/09/14 17:29:18.493, 1, 84 %, 4568 MiB, 32607 MiB
2026/09/14 17:29:18.495, 2, 84 %, 4568 MiB, 32607 MiB
2026/09/14 17:29:18.496, 3, 85 %, 4550 MiB, 32607 MiB
2026/09/14 17:29:23.497, 0, 89 %, 4548 MiB, 32607 MiB
2026/09/14 17:29:23.498, 1, 87 %, 4568 MiB, 32607 MiB
2026/09/14 17:29:23.499, 2, 83 %, 4568 MiB, 32607 MiB
2026/09/14 17:29:23.500, 3, 81 %, 4550 MiB, 32607 MiB
2026/09/14 17:29:28.501, 0, 83 %, 4548 MiB, 32607 MiB
2026/09/14 17:29:28.502, 1, 85 %, 4568 MiB, 32607 MiB
2026/09/14 17:29:28.504, 2, 85 %, 4568 MiB, 32607 MiB
2026/09/14 17:29:28.505, 3, 79 %, 4550 MiB, 32607 MiB
2026/09/14 17:29:33.507, 0, 83 %, 4548 MiB, 32607 MiB
2026/09/14 17:29:33.508, 1, 86 %, 4568 MiB, 32607 MiB
2026/09/14 17:29:33.508, 2, 85 %, 4568 MiB, 32607 MiB
2026/09/14 17:29:33.509, 3, 86 %, 4550 MiB, 32607 MiB
2026/09/14 17:29:38.510, 0, 83 %, 4548 MiB, 32607 MiB
2026/09/14 17:29:38.512, 1, 79 %, 4568 MiB, 32607 MiB
2026/09/14 17:29:38.513, 2, 84 %, 4568 MiB, 32607 MiB
2026/09/14 17:29:38.514, 3, 80 %, 4550 MiB, 32607 MiB
2026/09/14 17:29:43.516, 0, 78 %, 4548 MiB, 32607 MiB
2026/09/14 17:29:43.518, 1, 85 %, 4568 MiB, 32607 MiB
2026/09/14 17:29:43.519, 2, 81 %, 4568 MiB, 32607 MiB
2026/09/14 17:29:43.520, 3, 83 %, 4550 MiB, 32607 MiB
2026/09/14 17:29:48.522, 0, 84 %, 4548 MiB, 32607 MiB
2026/09/14 17:29:48.524, 1, 82 %, 4568 MiB, 32607 MiB
2026/09/14 17:29:48.525, 2, 82 %, 4568 MiB, 32607 MiB
2026/09/14 17:29:48.526, 3, 72 %, 4550 MiB, 32607 MiB
2026/09/14 17:29:53.526, 0, 81 %, 4548 MiB, 32607 MiB
2026/09/14 17:29:53.528, 1, 86 %, 4568 MiB, 32607 MiB
2026/09/14 17:29:53.529, 2, 87 %, 4568 MiB, 32607 MiB
2026/09/14 17:29:53.529, 3, 86 %, 4550 MiB, 32607 MiB
2026/09/14 17:29:58.530, 0, 88 %, 4548 MiB, 32607 MiB
2026/09/14 17:29:58.533, 1, 86 %, 4568 MiB, 32607 MiB
2026/09/14 17:29:58.535, 2, 85 %, 4568 MiB, 32607 MiB
2026/09/14 17:29:58.537, 3, 84 %, 4550 MiB, 32607 MiB
2026/09/14 17:30:03.538, 0, 85 %, 4548 MiB, 32607 MiB
2026/09/14 17:30:03.540, 1, 82 %, 4568 MiB, 32607 MiB
2026/09/14 17:30:03.541, 2, 79 %, 4568 MiB, 32607 MiB
2026/09/14 17:30:03.543, 3, 81 %, 4550 MiB, 32607 MiB
2026/09/14 17:30:08.544, 0, 82 %, 4548 MiB, 32607 MiB
2026/09/14 17:30:08.546, 1, 79 %, 4568 MiB, 32607 MiB
2026/09/14 17:30:08.548, 2, 87 %, 4568 MiB, 32607 MiB
2026/09/14 17:30:08.549, 3, 82 %, 4550 MiB, 32607 MiB
2026/09/14 17:30:13.550, 0, 81 %, 4548 MiB, 32607 MiB
2026/09/14 17:30:13.551, 1, 84 %, 4568 MiB, 32607 MiB
2026/09/14 17:30:13.552, 2, 84 %, 4568 MiB, 32607 MiB
2026/09/14 17:30:13.553, 3, 89 %, 4550 MiB, 32607 MiB
2026/09/14 17:30:18.554, 0, 87 %, 4548 MiB, 32607 MiB
2026/09/14 17:30:18.556, 1, 86 %, 4568 MiB, 32607 MiB
2026/09/14 17:30:18.558, 2, 87 %, 4568 MiB, 32607 MiB
2026/09/14 17:30:18.560, 3, 85 %, 4550 MiB, 32607 MiB
2026/09/14 17:30:23.562, 0, 85 %, 4548 MiB, 32607 MiB
2026/09/14 17:30:23.564, 1, 84 %, 4568 MiB, 32607 MiB
2026/09/14 17:30:23.565, 2, 81 %, 4568 MiB, 32607 MiB
2026/09/14 17:30:23.566, 3, 100 %, 4550 MiB, 32607 MiB
2026/09/14 17:30:28.568, 0, 87 %, 4548 MiB, 32607 MiB
2026/09/14 17:30:28.571, 1, 86 %, 4568 MiB, 32607 MiB
2026/09/14 17:30:28.573, 2, 83 %, 4568 MiB, 32607 MiB
2026/09/14 17:30:28.574, 3, 79 %, 4550 MiB, 32607 MiB
2026/09/14 17:30:33.575, 0, 83 %, 4548 MiB, 32607 MiB
2026/09/14 17:30:33.578, 1, 85 %, 4568 MiB, 32607 MiB
2026/09/14 17:30:33.580, 2, 86 %, 4568 MiB, 32607 MiB
2026/09/14 17:30:33.581, 3, 82 %, 4550 MiB, 32607 MiB
2026/09/14 17:30:38.582, 0, 87 %, 4548 MiB, 32607 MiB
2026/09/14 17:30:38.585, 1, 83 %, 4568 MiB, 32607 MiB
2026/09/14 17:30:38.586, 2, 82 %, 4568 MiB, 32607 MiB
2026/09/14 17:30:38.588, 3, 81 %, 4550 MiB, 32607 MiB
2026/09/14 17:30:43.590, 0, 86 %, 4548 MiB, 32607 MiB
2026/09/14 17:30:43.592, 1, 84 %, 4568 MiB, 32607 MiB
2026/09/14 17:30:43.594, 2, 87 %, 4568 MiB, 32607 MiB
2026/09/14 17:30:43.595, 3, 78 %, 4550 MiB, 32607 MiB
2026/09/14 17:30:48.597, 0, 85 %, 4548 MiB, 32607 MiB
2026/09/14 17:30:48.599, 1, 78 %, 4568 MiB, 32607 MiB
2026/09/14 17:30:48.601, 2, 82 %, 4568 MiB, 32607 MiB
2026/09/14 17:30:48.602, 3, 86 %, 4550 MiB, 32607 MiB
2026/09/14 17:30:53.605, 0, 87 %, 4548 MiB, 32607 MiB
2026/09/14 17:30:53.606, 1, 83 %, 4568 MiB, 32607 MiB
2026/09/14 17:30:53.608, 2, 85 %, 4568 MiB, 32607 MiB
2026/09/14 17:30:53.609, 3, 87 %, 4550 MiB, 32607 MiB
2026/09/14 17:30:58.610, 0, 0 %, 4548 MiB, 32607 MiB
2026/09/14 17:30:58.613, 1, 73 %, 4568 MiB, 32607 MiB
2026/09/14 17:30:58.614, 2, 63 %, 4568 MiB, 32607 MiB
2026/09/14 17:30:58.616, 3, 100 %, 4550 MiB, 32607 MiB
2026/09/14 17:31:03.617, 0, 78 %, 4548 MiB, 32607 MiB
2026/09/14 17:31:03.618, 1, 84 %, 4568 MiB, 32607 MiB
2026/09/14 17:31:03.619, 2, 82 %, 4568 MiB, 32607 MiB
2026/09/14 17:31:03.620, 3, 80 %, 4550 MiB, 32607 MiB
2026/09/14 17:31:08.621, 0, 85 %, 4548 MiB, 32607 MiB
2026/09/14 17:31:08.624, 1, 85 %, 4568 MiB, 32607 MiB
2026/09/14 17:31:08.626, 2, 86 %, 4568 MiB, 32607 MiB
2026/09/14 17:31:08.627, 3, 86 %, 4550 MiB, 32607 MiB
2026/09/14 17:31:13.630, 0, 76 %, 4548 MiB, 32607 MiB
2026/09/14 17:31:13.631, 1, 86 %, 4568 MiB, 32607 MiB
2026/09/14 17:31:13.632, 2, 84 %, 4568 MiB, 32607 MiB
2026/09/14 17:31:13.633, 3, 88 %, 4550 MiB, 32607 MiB
2026/09/14 17:31:18.634, 0, 81 %, 4548 MiB, 32607 MiB
2026/09/14 17:31:18.637, 1, 84 %, 4568 MiB, 32607 MiB
2026/09/14 17:31:18.638, 2, 86 %, 4568 MiB, 32607 MiB
2026/09/14 17:31:18.639, 3, 84 %, 4550 MiB, 32607 MiB
2026/09/14 17:31:23.641, 0, 84 %, 4548 MiB, 32607 MiB
2026/09/14 17:31:23.644, 1, 84 %, 4568 MiB, 32607 MiB
2026/09/14 17:31:23.645, 2, 89 %, 4568 MiB, 32607 MiB
2026/09/14 17:31:23.647, 3, 86 %, 4550 MiB, 32607 MiB
2026/09/14 17:31:28.649, 0, 84 %, 4548 MiB, 32607 MiB
2026/09/14 17:31:28.651, 1, 81 %, 4568 MiB, 32607 MiB
2026/09/14 17:31:28.653, 2, 80 %, 4568 MiB, 32607 MiB
2026/09/14 17:31:28.655, 3, 84 %, 4550 MiB, 32607 MiB
2026/09/14 17:31:33.657, 0, 66 %, 4548 MiB, 32607 MiB
2026/09/14 17:31:33.659, 1, 100 %, 4568 MiB, 32607 MiB
2026/09/14 17:31:33.662, 2, 100 %, 4568 MiB, 32607 MiB
2026/09/14 17:31:33.663, 3, 94 %, 4550 MiB, 32607 MiB
2026/09/14 17:31:38.665, 0, 1 %, 4548 MiB, 32607 MiB
2026/09/14 17:31:38.667, 1, 100 %, 4568 MiB, 32607 MiB
2026/09/14 17:31:38.669, 2, 100 %, 4568 MiB, 32607 MiB
2026/09/14 17:31:38.670, 3, 100 %, 4550 MiB, 32607 MiB
2026/09/14 17:31:43.672, 0, 80 %, 4548 MiB, 32607 MiB
2026/09/14 17:31:43.674, 1, 87 %, 4568 MiB, 32607 MiB
2026/09/14 17:31:43.676, 2, 79 %, 4568 MiB, 32607 MiB
2026/09/14 17:31:43.677, 3, 83 %, 4550 MiB, 32607 MiB
2026/09/14 17:31:48.678, 0, 89 %, 4548 MiB, 32607 MiB
2026/09/14 17:31:48.680, 1, 79 %, 4568 MiB, 32607 MiB
2026/09/14 17:31:48.682, 2, 84 %, 4568 MiB, 32607 MiB
2026/09/14 17:31:48.683, 3, 81 %, 4550 MiB, 32607 MiB
2026/09/14 17:31:53.685, 0, 86 %, 4548 MiB, 32607 MiB
2026/09/14 17:31:53.687, 1, 79 %, 4568 MiB, 32607 MiB
2026/09/14 17:31:53.689, 2, 84 %, 4568 MiB, 32607 MiB
2026/09/14 17:31:53.691, 3, 87 %, 4550 MiB, 32607 MiB
2026/09/14 17:31:58.693, 0, 84 %, 4548 MiB, 32607 MiB
2026/09/14 17:31:58.695, 1, 84 %, 4568 MiB, 32607 MiB
2026/09/14 17:31:58.697, 2, 84 %, 4568 MiB, 32607 MiB
2026/09/14 17:31:58.698, 3, 76 %, 4550 MiB, 32607 MiB
2026/09/14 17:32:03.699, 0, 83 %, 4548 MiB, 32607 MiB
2026/09/14 17:32:03.700, 1, 81 %, 4568 MiB, 32607 MiB
2026/09/14 17:32:03.700, 2, 81 %, 4568 MiB, 32607 MiB
2026/09/14 17:32:03.701, 3, 82 %, 4550 MiB, 32607 MiB
2026/09/14 17:32:08.701, 0, 82 %, 4548 MiB, 32607 MiB
2026/09/14 17:32:08.703, 1, 85 %, 4568 MiB, 32607 MiB
2026/09/14 17:32:08.705, 2, 83 %, 4568 MiB, 32607 MiB
2026/09/14 17:32:08.706, 3, 79 %, 4550 MiB, 32607 MiB
2026/09/14 17:32:13.708, 0, 81 %, 4548 MiB, 32607 MiB
2026/09/14 17:32:13.709, 1, 77 %, 4568 MiB, 32607 MiB
2026/09/14 17:32:13.710, 2, 83 %, 4568 MiB, 32607 MiB
2026/09/14 17:32:13.711, 3, 82 %, 4550 MiB, 32607 MiB
2026/09/14 17:32:18.712, 0, 84 %, 4548 MiB, 32607 MiB
2026/09/14 17:32:18.714, 1, 86 %, 4568 MiB, 32607 MiB
2026/09/14 17:32:18.715, 2, 79 %, 4568 MiB, 32607 MiB
2026/09/14 17:32:18.716, 3, 87 %, 4550 MiB, 32607 MiB
2026/09/14 17:32:23.717, 0, 83 %, 4548 MiB, 32607 MiB
2026/09/14 17:32:23.719, 1, 88 %, 4568 MiB, 32607 MiB
2026/09/14 17:32:23.720, 2, 85 %, 4568 MiB, 32607 MiB
2026/09/14 17:32:23.721, 3, 78 %, 4550 MiB, 32607 MiB
2026/09/14 17:32:28.722, 0, 81 %, 4548 MiB, 32607 MiB
2026/09/14 17:32:28.725, 1, 85 %, 4568 MiB, 32607 MiB
2026/09/14 17:32:28.726, 2, 78 %, 4568 MiB, 32607 MiB
2026/09/14 17:32:28.728, 3, 85 %, 4550 MiB, 32607 MiB
2026/09/14 17:32:33.730, 0, 84 %, 4548 MiB, 32607 MiB
2026/09/14 17:32:33.732, 1, 81 %, 4568 MiB, 32607 MiB
2026/09/14 17:32:33.734, 2, 86 %, 4568 MiB, 32607 MiB
2026/09/14 17:32:33.735, 3, 86 %, 4550 MiB, 32607 MiB
2026/09/14 17:32:38.736, 0, 80 %, 4548 MiB, 32607 MiB
2026/09/14 17:32:38.738, 1, 83 %, 4568 MiB, 32607 MiB
2026/09/14 17:32:38.740, 2, 80 %, 4568 MiB, 32607 MiB
2026/09/14 17:32:38.741, 3, 86 %, 4550 MiB, 32607 MiB
2026/09/14 17:32:43.742, 0, 87 %, 4548 MiB, 32607 MiB
2026/09/14 17:32:43.744, 1, 84 %, 4568 MiB, 32607 MiB
2026/09/14 17:32:43.745, 2, 90 %, 4568 MiB, 32607 MiB
2026/09/14 17:32:43.745, 3, 87 %, 4550 MiB, 32607 MiB
2026/09/14 17:32:48.747, 0, 84 %, 4548 MiB, 32607 MiB
2026/09/14 17:32:48.748, 1, 84 %, 4568 MiB, 32607 MiB
2026/09/14 17:32:48.750, 2, 77 %, 4568 MiB, 32607 MiB
2026/09/14 17:32:48.751, 3, 86 %, 4550 MiB, 32607 MiB
2026/09/14 17:32:53.752, 0, 85 %, 4548 MiB, 32607 MiB
2026/09/14 17:32:53.753, 1, 86 %, 4568 MiB, 32607 MiB
2026/09/14 17:32:53.754, 2, 83 %, 4568 MiB, 32607 MiB
2026/09/14 17:32:53.755, 3, 87 %, 4550 MiB, 32607 MiB
2026/09/14 17:32:58.756, 0, 85 %, 4548 MiB, 32607 MiB
2026/09/14 17:32:58.758, 1, 86 %, 4568 MiB, 32607 MiB
2026/09/14 17:32:58.759, 2, 79 %, 4568 MiB, 32607 MiB
2026/09/14 17:32:58.760, 3, 85 %, 4550 MiB, 32607 MiB
2026/09/14 17:33:03.762, 0, 84 %, 4548 MiB, 32607 MiB
2026/09/14 17:33:03.764, 1, 86 %, 4568 MiB, 32607 MiB
2026/09/14 17:33:03.766, 2, 86 %, 4568 MiB, 32607 MiB
2026/09/14 17:33:03.767, 3, 86 %, 4550 MiB, 32607 MiB
2026/09/14 17:33:08.770, 0, 84 %, 4548 MiB, 32607 MiB
2026/09/14 17:33:08.771, 1, 80 %, 4568 MiB, 32607 MiB
2026/09/14 17:33:08.772, 2, 82 %, 4568 MiB, 32607 MiB
2026/09/14 17:33:08.773, 3, 85 %, 4550 MiB, 32607 MiB
2026/09/14 17:33:13.774, 0, 82 %, 4548 MiB, 32607 MiB
2026/09/14 17:33:13.775, 1, 83 %, 4568 MiB, 32607 MiB
2026/09/14 17:33:13.776, 2, 80 %, 4568 MiB, 32607 MiB
2026/09/14 17:33:13.777, 3, 85 %, 4550 MiB, 32607 MiB
2026/09/14 17:33:18.778, 0, 85 %, 4548 MiB, 32607 MiB
2026/09/14 17:33:18.781, 1, 86 %, 4568 MiB, 32607 MiB
2026/09/14 17:33:18.783, 2, 87 %, 4568 MiB, 32607 MiB
2026/09/14 17:33:18.785, 3, 84 %, 4550 MiB, 32607 MiB
2026/09/14 17:33:23.787, 0, 84 %, 4548 MiB, 32607 MiB
2026/09/14 17:33:23.789, 1, 87 %, 4568 MiB, 32607 MiB
2026/09/14 17:33:23.790, 2, 76 %, 4568 MiB, 32607 MiB
2026/09/14 17:33:23.791, 3, 88 %, 4550 MiB, 32607 MiB
2026/09/14 17:33:28.793, 0, 83 %, 4548 MiB, 32607 MiB
2026/09/14 17:33:28.795, 1, 78 %, 4568 MiB, 32607 MiB
2026/09/14 17:33:28.797, 2, 83 %, 4568 MiB, 32607 MiB
2026/09/14 17:33:28.798, 3, 86 %, 4550 MiB, 32607 MiB
2026/09/14 17:33:33.800, 0, 85 %, 4548 MiB, 32607 MiB
2026/09/14 17:33:33.802, 1, 84 %, 4568 MiB, 32607 MiB
2026/09/14 17:33:33.804, 2, 85 %, 4568 MiB, 32607 MiB
2026/09/14 17:33:33.805, 3, 86 %, 4550 MiB, 32607 MiB
2026/09/14 17:33:38.806, 0, 85 %, 4548 MiB, 32607 MiB
2026/09/14 17:33:38.808, 1, 84 %, 4568 MiB, 32607 MiB
2026/09/14 17:33:38.809, 2, 89 %, 4568 MiB, 32607 MiB
2026/09/14 17:33:38.811, 3, 83 %, 4550 MiB, 32607 MiB
2026/09/14 17:33:43.812, 0, 85 %, 4548 MiB, 32607 MiB
2026/09/14 17:33:43.814, 1, 82 %, 4568 MiB, 32607 MiB
2026/09/14 17:33:43.814, 2, 84 %, 4568 MiB, 32607 MiB
2026/09/14 17:33:43.816, 3, 80 %, 4550 MiB, 32607 MiB
2026/09/14 17:33:48.818, 0, 84 %, 4548 MiB, 32607 MiB
2026/09/14 17:33:48.819, 1, 85 %, 4568 MiB, 32607 MiB
2026/09/14 17:33:48.821, 2, 85 %, 4568 MiB, 32607 MiB
2026/09/14 17:33:48.822, 3, 85 %, 4550 MiB, 32607 MiB
2026/09/14 17:33:53.822, 0, 82 %, 4548 MiB, 32607 MiB
2026/09/14 17:33:53.824, 1, 85 %, 4568 MiB, 32607 MiB
2026/09/14 17:33:53.826, 2, 84 %, 4568 MiB, 32607 MiB
2026/09/14 17:33:53.827, 3, 85 %, 4550 MiB, 32607 MiB
2026/09/14 17:33:58.828, 0, 82 %, 4548 MiB, 32607 MiB
2026/09/14 17:33:58.830, 1, 85 %, 4568 MiB, 32607 MiB
2026/09/14 17:33:58.831, 2, 85 %, 4568 MiB, 32607 MiB
2026/09/14 17:33:58.831, 3, 84 %, 4550 MiB, 32607 MiB
2026/09/14 17:34:03.833, 0, 86 %, 4548 MiB, 32607 MiB
2026/09/14 17:34:03.835, 1, 84 %, 4568 MiB, 32607 MiB
2026/09/14 17:34:03.836, 2, 81 %, 4568 MiB, 32607 MiB
2026/09/14 17:34:03.838, 3, 85 %, 4550 MiB, 32607 MiB
2026/09/14 17:34:08.838, 0, 79 %, 4548 MiB, 32607 MiB
2026/09/14 17:34:08.840, 1, 87 %, 4568 MiB, 32607 MiB
2026/09/14 17:34:08.842, 2, 85 %, 4568 MiB, 32607 MiB
2026/09/14 17:34:08.843, 3, 84 %, 4550 MiB, 32607 MiB
2026/09/14 17:34:13.844, 0, 81 %, 4548 MiB, 32607 MiB
2026/09/14 17:34:13.845, 1, 85 %, 4568 MiB, 32607 MiB
2026/09/14 17:34:13.847, 2, 78 %, 4568 MiB, 32607 MiB
2026/09/14 17:34:13.849, 3, 85 %, 4550 MiB, 32607 MiB
2026/09/14 17:34:18.850, 0, 86 %, 4548 MiB, 32607 MiB
2026/09/14 17:34:18.853, 1, 83 %, 4568 MiB, 32607 MiB
2026/09/14 17:34:18.854, 2, 86 %, 4568 MiB, 32607 MiB
2026/09/14 17:34:18.856, 3, 82 %, 4550 MiB, 32607 MiB
2026/09/14 17:34:23.858, 0, 78 %, 4548 MiB, 32607 MiB
2026/09/14 17:34:23.861, 1, 84 %, 4568 MiB, 32607 MiB
2026/09/14 17:34:23.862, 2, 83 %, 4568 MiB, 32607 MiB
2026/09/14 17:34:23.864, 3, 79 %, 4550 MiB, 32607 MiB
2026/09/14 17:34:28.865, 0, 82 %, 4548 MiB, 32607 MiB
2026/09/14 17:34:28.867, 1, 84 %, 4568 MiB, 32607 MiB
2026/09/14 17:34:28.869, 2, 84 %, 4568 MiB, 32607 MiB
2026/09/14 17:34:28.870, 3, 83 %, 4550 MiB, 32607 MiB
2026/09/14 17:34:33.871, 0, 79 %, 4548 MiB, 32607 MiB
2026/09/14 17:34:33.873, 1, 87 %, 4568 MiB, 32607 MiB
2026/09/14 17:34:33.874, 2, 72 %, 4568 MiB, 32607 MiB
2026/09/14 17:34:33.876, 3, 86 %, 4550 MiB, 32607 MiB
2026/09/14 17:34:38.877, 0, 69 %, 4548 MiB, 32607 MiB
2026/09/14 17:34:38.879, 1, 100 %, 4568 MiB, 32607 MiB
2026/09/14 17:34:38.881, 2, 100 %, 4568 MiB, 32607 MiB
2026/09/14 17:34:38.882, 3, 100 %, 4550 MiB, 32607 MiB
2026/09/14 17:34:43.883, 0, 82 %, 4548 MiB, 32607 MiB
2026/09/14 17:34:43.885, 1, 84 %, 4568 MiB, 32607 MiB
2026/09/14 17:34:43.887, 2, 85 %, 4568 MiB, 32607 MiB
2026/09/14 17:34:43.888, 3, 80 %, 4550 MiB, 32607 MiB
2026/09/14 17:34:48.890, 0, 84 %, 4548 MiB, 32607 MiB
2026/09/14 17:34:48.891, 1, 81 %, 4568 MiB, 32607 MiB
2026/09/14 17:34:48.893, 2, 82 %, 4568 MiB, 32607 MiB
2026/09/14 17:34:48.894, 3, 85 %, 4550 MiB, 32607 MiB
2026/09/14 17:34:53.894, 0, 73 %, 4548 MiB, 32607 MiB
2026/09/14 17:34:53.896, 1, 81 %, 4568 MiB, 32607 MiB
2026/09/14 17:34:53.898, 2, 82 %, 4568 MiB, 32607 MiB
2026/09/14 17:34:53.899, 3, 83 %, 4550 MiB, 32607 MiB
2026/09/14 17:34:58.901, 0, 86 %, 4548 MiB, 32607 MiB
2026/09/14 17:34:58.903, 1, 82 %, 4568 MiB, 32607 MiB
2026/09/14 17:34:58.905, 2, 78 %, 4568 MiB, 32607 MiB
2026/09/14 17:34:58.906, 3, 83 %, 4550 MiB, 32607 MiB
2026/09/14 17:35:03.907, 0, 85 %, 4548 MiB, 32607 MiB
2026/09/14 17:35:03.909, 1, 87 %, 4568 MiB, 32607 MiB
2026/09/14 17:35:03.910, 2, 86 %, 4568 MiB, 32607 MiB
2026/09/14 17:35:03.911, 3, 85 %, 4550 MiB, 32607 MiB
2026/09/14 17:35:08.913, 0, 83 %, 4548 MiB, 32607 MiB
2026/09/14 17:35:08.916, 1, 86 %, 4568 MiB, 32607 MiB
2026/09/14 17:35:08.917, 2, 88 %, 4568 MiB, 32607 MiB
2026/09/14 17:35:08.919, 3, 85 %, 4550 MiB, 32607 MiB
2026/09/14 17:35:13.921, 0, 85 %, 4548 MiB, 32607 MiB
2026/09/14 17:35:13.923, 1, 88 %, 4568 MiB, 32607 MiB
2026/09/14 17:35:13.925, 2, 85 %, 4568 MiB, 32607 MiB
2026/09/14 17:35:13.926, 3, 87 %, 4550 MiB, 32607 MiB
2026/09/14 17:35:18.927, 0, 0 %, 4548 MiB, 32607 MiB
2026/09/14 17:35:18.930, 1, 63 %, 4568 MiB, 32607 MiB
2026/09/14 17:35:18.932, 2, 59 %, 4568 MiB, 32607 MiB
2026/09/14 17:35:18.933, 3, 86 %, 4550 MiB, 32607 MiB
2026/09/14 17:35:23.934, 0, 84 %, 4548 MiB, 32607 MiB
2026/09/14 17:35:23.937, 1, 83 %, 4568 MiB, 32607 MiB
2026/09/14 17:35:23.938, 2, 85 %, 4568 MiB, 32607 MiB
2026/09/14 17:35:23.939, 3, 82 %, 4550 MiB, 32607 MiB
2026/09/14 17:35:28.941, 0, 86 %, 4548 MiB, 32607 MiB
2026/09/14 17:35:28.942, 1, 82 %, 4568 MiB, 32607 MiB
2026/09/14 17:35:28.943, 2, 80 %, 4568 MiB, 32607 MiB
2026/09/14 17:35:28.943, 3, 87 %, 4550 MiB, 32607 MiB
2026/09/14 17:35:33.945, 0, 86 %, 4548 MiB, 32607 MiB
2026/09/14 17:35:33.946, 1, 82 %, 4568 MiB, 32607 MiB
2026/09/14 17:35:33.948, 2, 79 %, 4568 MiB, 32607 MiB
2026/09/14 17:35:33.950, 3, 80 %, 4550 MiB, 32607 MiB
2026/09/14 17:35:38.950, 0, 82 %, 4548 MiB, 32607 MiB
2026/09/14 17:35:38.952, 1, 83 %, 4568 MiB, 32607 MiB
2026/09/14 17:35:38.953, 2, 68 %, 4568 MiB, 32607 MiB
2026/09/14 17:35:38.954, 3, 85 %, 4550 MiB, 32607 MiB
2026/09/14 17:35:43.955, 0, 83 %, 4548 MiB, 32607 MiB
2026/09/14 17:35:43.957, 1, 86 %, 4568 MiB, 32607 MiB
2026/09/14 17:35:43.958, 2, 87 %, 4568 MiB, 32607 MiB
2026/09/14 17:35:43.960, 3, 86 %, 4550 MiB, 32607 MiB
2026/09/14 17:35:48.961, 0, 84 %, 4548 MiB, 32607 MiB
2026/09/14 17:35:48.964, 1, 81 %, 4568 MiB, 32607 MiB
2026/09/14 17:35:48.966, 2, 85 %, 4568 MiB, 32607 MiB
2026/09/14 17:35:48.966, 3, 84 %, 4550 MiB, 32607 MiB
2026/09/14 17:35:53.967, 0, 65 %, 4548 MiB, 32607 MiB
2026/09/14 17:35:53.970, 1, 70 %, 4568 MiB, 32607 MiB
2026/09/14 17:35:53.971, 2, 62 %, 4568 MiB, 32607 MiB
2026/09/14 17:35:53.973, 3, 85 %, 4550 MiB, 32607 MiB
2026/09/14 17:35:58.974, 0, 85 %, 4548 MiB, 32607 MiB
2026/09/14 17:35:58.977, 1, 85 %, 4568 MiB, 32607 MiB
2026/09/14 17:35:58.978, 2, 88 %, 4568 MiB, 32607 MiB
2026/09/14 17:35:58.980, 3, 87 %, 4550 MiB, 32607 MiB
2026/09/14 17:36:03.981, 0, 85 %, 4548 MiB, 32607 MiB
2026/09/14 17:36:03.984, 1, 81 %, 4568 MiB, 32607 MiB
2026/09/14 17:36:03.985, 2, 85 %, 4568 MiB, 32607 MiB
2026/09/14 17:36:03.987, 3, 86 %, 4550 MiB, 32607 MiB
2026/09/14 17:36:08.989, 0, 83 %, 4548 MiB, 32607 MiB
2026/09/14 17:36:08.992, 1, 86 %, 4568 MiB, 32607 MiB
2026/09/14 17:36:08.993, 2, 84 %, 4568 MiB, 32607 MiB
2026/09/14 17:36:08.994, 3, 78 %, 4550 MiB, 32607 MiB
2026/09/14 17:36:13.996, 0, 81 %, 4548 MiB, 32607 MiB
2026/09/14 17:36:13.998, 1, 85 %, 4568 MiB, 32607 MiB
2026/09/14 17:36:14.001, 2, 80 %, 4568 MiB, 32607 MiB
2026/09/14 17:36:14.003, 3, 83 %, 4550 MiB, 32607 MiB
2026/09/14 17:36:19.004, 0, 84 %, 4548 MiB, 32607 MiB
2026/09/14 17:36:19.006, 1, 80 %, 4568 MiB, 32607 MiB
2026/09/14 17:36:19.008, 2, 84 %, 4568 MiB, 32607 MiB
2026/09/14 17:36:19.010, 3, 87 %, 4550 MiB, 32607 MiB
2026/09/14 17:36:24.013, 0, 81 %, 4548 MiB, 32607 MiB
2026/09/14 17:36:24.015, 1, 83 %, 4568 MiB, 32607 MiB
2026/09/14 17:36:24.017, 2, 86 %, 4568 MiB, 32607 MiB
2026/09/14 17:36:24.018, 3, 80 %, 4550 MiB, 32607 MiB
2026/09/14 17:36:29.020, 0, 0 %, 4548 MiB, 32607 MiB
2026/09/14 17:36:29.022, 1, 100 %, 4568 MiB, 32607 MiB
2026/09/14 17:36:29.024, 2, 100 %, 4568 MiB, 32607 MiB
2026/09/14 17:36:29.025, 3, 100 %, 4550 MiB, 32607 MiB
2026/09/14 17:36:34.026, 0, 84 %, 4548 MiB, 32607 MiB
2026/09/14 17:36:34.028, 1, 86 %, 4568 MiB, 32607 MiB
2026/09/14 17:36:34.030, 2, 83 %, 4568 MiB, 32607 MiB
2026/09/14 17:36:34.031, 3, 85 %, 4550 MiB, 32607 MiB
2026/09/14 17:36:39.032, 0, 85 %, 4548 MiB, 32607 MiB
2026/09/14 17:36:39.034, 1, 83 %, 4568 MiB, 32607 MiB
2026/09/14 17:36:39.036, 2, 90 %, 4568 MiB, 32607 MiB
2026/09/14 17:36:39.038, 3, 84 %, 4550 MiB, 32607 MiB
2026/09/14 17:36:44.039, 0, 84 %, 4548 MiB, 32607 MiB
2026/09/14 17:36:44.041, 1, 87 %, 4568 MiB, 32607 MiB
2026/09/14 17:36:44.043, 2, 87 %, 4568 MiB, 32607 MiB
2026/09/14 17:36:44.044, 3, 81 %, 4550 MiB, 32607 MiB
2026/09/14 17:36:49.046, 0, 81 %, 4548 MiB, 32607 MiB
2026/09/14 17:36:49.048, 1, 82 %, 4568 MiB, 32607 MiB
2026/09/14 17:36:49.049, 2, 82 %, 4568 MiB, 32607 MiB
2026/09/14 17:36:49.051, 3, 84 %, 4550 MiB, 32607 MiB
2026/09/14 17:36:54.053, 0, 84 %, 4548 MiB, 32607 MiB
2026/09/14 17:36:54.055, 1, 85 %, 4568 MiB, 32607 MiB
2026/09/14 17:36:54.056, 2, 86 %, 4568 MiB, 32607 MiB
2026/09/14 17:36:54.057, 3, 84 %, 4550 MiB, 32607 MiB
2026/09/14 17:36:59.058, 0, 85 %, 4548 MiB, 32607 MiB
2026/09/14 17:36:59.060, 1, 84 %, 4568 MiB, 32607 MiB
2026/09/14 17:36:59.062, 2, 87 %, 4568 MiB, 32607 MiB
2026/09/14 17:36:59.063, 3, 86 %, 4550 MiB, 32607 MiB
2026/09/14 17:37:04.064, 0, 0 %, 4548 MiB, 32607 MiB
2026/09/14 17:37:04.067, 1, 85 %, 4568 MiB, 32607 MiB
2026/09/14 17:37:04.069, 2, 87 %, 4568 MiB, 32607 MiB
2026/09/14 17:37:04.070, 3, 100 %, 4550 MiB, 32607 MiB
2026/09/14 17:37:09.073, 0, 86 %, 4548 MiB, 32607 MiB
2026/09/14 17:37:09.074, 1, 85 %, 4568 MiB, 32607 MiB
2026/09/14 17:37:09.076, 2, 85 %, 4568 MiB, 32607 MiB
2026/09/14 17:37:09.077, 3, 86 %, 4550 MiB, 32607 MiB
2026/09/14 17:37:14.079, 0, 83 %, 4548 MiB, 32607 MiB
2026/09/14 17:37:14.081, 1, 86 %, 4568 MiB, 32607 MiB
2026/09/14 17:37:14.082, 2, 77 %, 4568 MiB, 32607 MiB
2026/09/14 17:37:14.084, 3, 85 %, 4550 MiB, 32607 MiB
2026/09/14 17:37:19.085, 0, 82 %, 4548 MiB, 32607 MiB
2026/09/14 17:37:19.087, 1, 78 %, 4568 MiB, 32607 MiB
2026/09/14 17:37:19.089, 2, 82 %, 4568 MiB, 32607 MiB
2026/09/14 17:37:19.090, 3, 85 %, 4550 MiB, 32607 MiB
2026/09/14 17:37:24.091, 0, 82 %, 4548 MiB, 32607 MiB
2026/09/14 17:37:24.092, 1, 79 %, 4568 MiB, 32607 MiB
2026/09/14 17:37:24.094, 2, 83 %, 4568 MiB, 32607 MiB
2026/09/14 17:37:24.095, 3, 85 %, 4550 MiB, 32607 MiB
2026/09/14 17:37:29.097, 0, 83 %, 4548 MiB, 32607 MiB
2026/09/14 17:37:29.098, 1, 85 %, 4568 MiB, 32607 MiB
2026/09/14 17:37:29.099, 2, 88 %, 4568 MiB, 32607 MiB
2026/09/14 17:37:29.099, 3, 76 %, 4550 MiB, 32607 MiB
2026/09/14 17:37:34.101, 0, 82 %, 4548 MiB, 32607 MiB
2026/09/14 17:37:34.102, 1, 78 %, 4568 MiB, 32607 MiB
2026/09/14 17:37:34.103, 2, 91 %, 4568 MiB, 32607 MiB
2026/09/14 17:37:34.104, 3, 85 %, 4550 MiB, 32607 MiB
2026/09/14 17:37:39.105, 0, 65 %, 4548 MiB, 32607 MiB
2026/09/14 17:37:39.107, 1, 84 %, 4568 MiB, 32607 MiB
2026/09/14 17:37:39.108, 2, 80 %, 4568 MiB, 32607 MiB
2026/09/14 17:37:39.109, 3, 82 %, 4550 MiB, 32607 MiB
2026/09/14 17:37:44.110, 0, 66 %, 4548 MiB, 32607 MiB
2026/09/14 17:37:44.112, 1, 100 %, 4568 MiB, 32607 MiB
2026/09/14 17:37:44.113, 2, 100 %, 4568 MiB, 32607 MiB
2026/09/14 17:37:44.114, 3, 100 %, 4550 MiB, 32607 MiB
2026/09/14 17:37:49.116, 0, 87 %, 4548 MiB, 32607 MiB
2026/09/14 17:37:49.117, 1, 81 %, 4568 MiB, 32607 MiB
2026/09/14 17:37:49.118, 2, 83 %, 4568 MiB, 32607 MiB
2026/09/14 17:37:49.120, 3, 85 %, 4550 MiB, 32607 MiB
2026/09/14 17:37:54.121, 0, 80 %, 4548 MiB, 32607 MiB
2026/09/14 17:37:54.123, 1, 89 %, 4568 MiB, 32607 MiB
2026/09/14 17:37:54.124, 2, 85 %, 4568 MiB, 32607 MiB
2026/09/14 17:37:54.125, 3, 79 %, 4550 MiB, 32607 MiB
2026/09/14 17:37:59.127, 0, 85 %, 4548 MiB, 32607 MiB
2026/09/14 17:37:59.129, 1, 86 %, 4568 MiB, 32607 MiB
2026/09/14 17:37:59.131, 2, 84 %, 4568 MiB, 32607 MiB
2026/09/14 17:37:59.133, 3, 84 %, 4550 MiB, 32607 MiB
2026/09/14 17:38:04.136, 0, 88 %, 4548 MiB, 32607 MiB
2026/09/14 17:38:04.137, 1, 84 %, 4568 MiB, 32607 MiB
2026/09/14 17:38:04.138, 2, 75 %, 4568 MiB, 32607 MiB
2026/09/14 17:38:04.139, 3, 74 %, 4550 MiB, 32607 MiB
2026/09/14 17:38:09.140, 0, 84 %, 4548 MiB, 32607 MiB
2026/09/14 17:38:09.142, 1, 88 %, 4568 MiB, 32607 MiB
2026/09/14 17:38:09.143, 2, 90 %, 4568 MiB, 32607 MiB
2026/09/14 17:38:09.144, 3, 86 %, 4550 MiB, 32607 MiB
2026/09/14 17:38:14.146, 0, 85 %, 4548 MiB, 32607 MiB
2026/09/14 17:38:14.147, 1, 88 %, 4568 MiB, 32607 MiB
2026/09/14 17:38:14.149, 2, 85 %, 4568 MiB, 32607 MiB
2026/09/14 17:38:14.152, 3, 85 %, 4550 MiB, 32607 MiB
2026/09/14 17:38:19.154, 0, 82 %, 4548 MiB, 32607 MiB
2026/09/14 17:38:19.156, 1, 84 %, 4568 MiB, 32607 MiB
2026/09/14 17:38:19.158, 2, 75 %, 4568 MiB, 32607 MiB
2026/09/14 17:38:19.159, 3, 79 %, 4550 MiB, 32607 MiB
2026/09/14 17:38:24.160, 0, 82 %, 4548 MiB, 32607 MiB
2026/09/14 17:38:24.162, 1, 85 %, 4568 MiB, 32607 MiB
2026/09/14 17:38:24.163, 2, 85 %, 4568 MiB, 32607 MiB
2026/09/14 17:38:24.164, 3, 87 %, 4550 MiB, 32607 MiB
2026/09/14 17:38:29.166, 0, 82 %, 4548 MiB, 32607 MiB
2026/09/14 17:38:29.168, 1, 85 %, 4568 MiB, 32607 MiB
2026/09/14 17:38:29.169, 2, 87 %, 4568 MiB, 32607 MiB
2026/09/14 17:38:29.170, 3, 86 %, 4550 MiB, 32607 MiB
2026/09/14 17:38:34.171, 0, 84 %, 4548 MiB, 32607 MiB
2026/09/14 17:38:34.173, 1, 86 %, 4568 MiB, 32607 MiB
2026/09/14 17:38:34.174, 2, 88 %, 4568 MiB, 32607 MiB
2026/09/14 17:38:34.176, 3, 87 %, 4550 MiB, 32607 MiB
2026/09/14 17:38:39.177, 0, 82 %, 4548 MiB, 32607 MiB
2026/09/14 17:38:39.178, 1, 86 %, 4568 MiB, 32607 MiB
2026/09/14 17:38:39.180, 2, 86 %, 4568 MiB, 32607 MiB
2026/09/14 17:38:39.181, 3, 86 %, 4550 MiB, 32607 MiB
2026/09/14 17:38:44.182, 0, 83 %, 4548 MiB, 32607 MiB
2026/09/14 17:38:44.182, 1, 78 %, 4568 MiB, 32607 MiB
2026/09/14 17:38:44.183, 2, 81 %, 4568 MiB, 32607 MiB
2026/09/14 17:38:44.185, 3, 84 %, 4550 MiB, 32607 MiB
2026/09/14 17:38:49.187, 0, 86 %, 4548 MiB, 32607 MiB
2026/09/14 17:38:49.189, 1, 83 %, 4568 MiB, 32607 MiB
2026/09/14 17:38:49.190, 2, 86 %, 4568 MiB, 32607 MiB
2026/09/14 17:38:49.191, 3, 83 %, 4550 MiB, 32607 MiB
2026/09/14 17:38:54.193, 0, 81 %, 4548 MiB, 32607 MiB
2026/09/14 17:38:54.195, 1, 87 %, 4568 MiB, 32607 MiB
2026/09/14 17:38:54.198, 2, 87 %, 4568 MiB, 32607 MiB
2026/09/14 17:38:54.200, 3, 85 %, 4550 MiB, 32607 MiB
2026/09/14 17:38:59.202, 0, 84 %, 4548 MiB, 32607 MiB
2026/09/14 17:38:59.205, 1, 87 %, 4568 MiB, 32607 MiB
2026/09/14 17:38:59.206, 2, 84 %, 4568 MiB, 32607 MiB
2026/09/14 17:38:59.207, 3, 83 %, 4550 MiB, 32607 MiB
2026/09/14 17:39:04.208, 0, 79 %, 4548 MiB, 32607 MiB
2026/09/14 17:39:04.211, 1, 84 %, 4568 MiB, 32607 MiB
2026/09/14 17:39:04.212, 2, 82 %, 4568 MiB, 32607 MiB
2026/09/14 17:39:04.214, 3, 85 %, 4550 MiB, 32607 MiB
2026/09/14 17:39:09.216, 0, 86 %, 4548 MiB, 32607 MiB
2026/09/14 17:39:09.218, 1, 79 %, 4568 MiB, 32607 MiB
2026/09/14 17:39:09.220, 2, 78 %, 4568 MiB, 32607 MiB
2026/09/14 17:39:09.222, 3, 84 %, 4550 MiB, 32607 MiB
2026/09/14 17:39:14.222, 0, 86 %, 4548 MiB, 32607 MiB
2026/09/14 17:39:14.225, 1, 86 %, 4568 MiB, 32607 MiB
2026/09/14 17:39:14.227, 2, 85 %, 4568 MiB, 32607 MiB
2026/09/14 17:39:14.230, 3, 83 %, 4550 MiB, 32607 MiB
2026/09/14 17:39:19.232, 0, 87 %, 4548 MiB, 32607 MiB
2026/09/14 17:39:19.235, 1, 81 %, 4568 MiB, 32607 MiB
2026/09/14 17:39:19.237, 2, 80 %, 4568 MiB, 32607 MiB
2026/09/14 17:39:19.238, 3, 85 %, 4550 MiB, 32607 MiB
2026/09/14 17:39:24.241, 0, 81 %, 4548 MiB, 32607 MiB
2026/09/14 17:39:24.243, 1, 86 %, 4568 MiB, 32607 MiB
2026/09/14 17:39:24.246, 2, 81 %, 4568 MiB, 32607 MiB
2026/09/14 17:39:24.248, 3, 86 %, 4550 MiB, 32607 MiB
2026/09/14 17:39:29.249, 0, 85 %, 4548 MiB, 32607 MiB
2026/09/14 17:39:29.250, 1, 87 %, 4568 MiB, 32607 MiB
2026/09/14 17:39:29.252, 2, 81 %, 4568 MiB, 32607 MiB
2026/09/14 17:39:29.253, 3, 85 %, 4550 MiB, 32607 MiB
2026/09/14 17:39:34.254, 0, 83 %, 4548 MiB, 32607 MiB
2026/09/14 17:39:34.256, 1, 82 %, 4568 MiB, 32607 MiB
2026/09/14 17:39:34.258, 2, 79 %, 4568 MiB, 32607 MiB
2026/09/14 17:39:34.259, 3, 83 %, 4550 MiB, 32607 MiB
2026/09/14 17:39:39.261, 0, 78 %, 4548 MiB, 32607 MiB
2026/09/14 17:39:39.263, 1, 86 %, 4568 MiB, 32607 MiB
2026/09/14 17:39:39.265, 2, 83 %, 4568 MiB, 32607 MiB
2026/09/14 17:39:39.266, 3, 85 %, 4550 MiB, 32607 MiB
2026/09/14 17:39:44.267, 0, 81 %, 4548 MiB, 32607 MiB
2026/09/14 17:39:44.269, 1, 81 %, 4568 MiB, 32607 MiB
2026/09/14 17:39:44.271, 2, 87 %, 4568 MiB, 32607 MiB
2026/09/14 17:39:44.273, 3, 77 %, 4550 MiB, 32607 MiB
2026/09/14 17:39:49.274, 0, 81 %, 4548 MiB, 32607 MiB
2026/09/14 17:39:49.276, 1, 79 %, 4568 MiB, 32607 MiB
2026/09/14 17:39:49.277, 2, 83 %, 4568 MiB, 32607 MiB
2026/09/14 17:39:49.278, 3, 82 %, 4550 MiB, 32607 MiB
2026/09/14 17:39:54.279, 0, 84 %, 4548 MiB, 32607 MiB
2026/09/14 17:39:54.281, 1, 88 %, 4568 MiB, 32607 MiB
2026/09/14 17:39:54.284, 2, 86 %, 4568 MiB, 32607 MiB
2026/09/14 17:39:54.286, 3, 80 %, 4550 MiB, 32607 MiB
2026/09/14 17:39:59.288, 0, 86 %, 4548 MiB, 32607 MiB
2026/09/14 17:39:59.290, 1, 85 %, 4568 MiB, 32607 MiB
2026/09/14 17:39:59.291, 2, 83 %, 4568 MiB, 32607 MiB
2026/09/14 17:39:59.293, 3, 82 %, 4550 MiB, 32607 MiB
2026/09/14 17:40:04.296, 0, 82 %, 4548 MiB, 32607 MiB
2026/09/14 17:40:04.298, 1, 84 %, 4568 MiB, 32607 MiB
2026/09/14 17:40:04.300, 2, 87 %, 4568 MiB, 32607 MiB
2026/09/14 17:40:04.302, 3, 79 %, 4550 MiB, 32607 MiB
2026/09/14 17:40:09.304, 0, 88 %, 4548 MiB, 32607 MiB
2026/09/14 17:40:09.306, 1, 82 %, 4568 MiB, 32607 MiB
2026/09/14 17:40:09.308, 2, 79 %, 4568 MiB, 32607 MiB
2026/09/14 17:40:09.310, 3, 90 %, 4550 MiB, 32607 MiB
2026/09/14 17:40:14.312, 0, 85 %, 4548 MiB, 32607 MiB
2026/09/14 17:40:14.314, 1, 83 %, 4568 MiB, 32607 MiB
2026/09/14 17:40:14.316, 2, 86 %, 4568 MiB, 32607 MiB
2026/09/14 17:40:14.317, 3, 87 %, 4550 MiB, 32607 MiB
2026/09/14 17:40:19.318, 0, 80 %, 4548 MiB, 32607 MiB
2026/09/14 17:40:19.320, 1, 84 %, 4568 MiB, 32607 MiB
2026/09/14 17:40:19.321, 2, 81 %, 4568 MiB, 32607 MiB
2026/09/14 17:40:19.323, 3, 86 %, 4550 MiB, 32607 MiB
2026/09/14 17:40:24.324, 0, 84 %, 4548 MiB, 32607 MiB
2026/09/14 17:40:24.326, 1, 86 %, 4568 MiB, 32607 MiB
2026/09/14 17:40:24.327, 2, 87 %, 4568 MiB, 32607 MiB
2026/09/14 17:40:24.328, 3, 83 %, 4550 MiB, 32607 MiB
2026/09/14 17:40:29.330, 0, 85 %, 4548 MiB, 32607 MiB
2026/09/14 17:40:29.332, 1, 86 %, 4568 MiB, 32607 MiB
2026/09/14 17:40:29.333, 2, 81 %, 4568 MiB, 32607 MiB
2026/09/14 17:40:29.334, 3, 87 %, 4550 MiB, 32607 MiB
2026/09/14 17:40:34.336, 0, 82 %, 4548 MiB, 32607 MiB
2026/09/14 17:40:34.338, 1, 85 %, 4568 MiB, 32607 MiB
2026/09/14 17:40:34.341, 2, 82 %, 4568 MiB, 32607 MiB
2026/09/14 17:40:34.342, 3, 86 %, 4550 MiB, 32607 MiB
2026/09/14 17:40:39.343, 0, 84 %, 4548 MiB, 32607 MiB
2026/09/14 17:40:39.345, 1, 81 %, 4568 MiB, 32607 MiB
2026/09/14 17:40:39.347, 2, 85 %, 4568 MiB, 32607 MiB
2026/09/14 17:40:39.349, 3, 84 %, 4550 MiB, 32607 MiB
2026/09/14 17:40:44.350, 0, 68 %, 4548 MiB, 32607 MiB
2026/09/14 17:40:44.352, 1, 100 %, 4568 MiB, 32607 MiB
2026/09/14 17:40:44.354, 2, 100 %, 4568 MiB, 32607 MiB
2026/09/14 17:40:44.356, 3, 100 %, 4550 MiB, 32607 MiB
2026/09/14 17:40:49.358, 0, 0 %, 4548 MiB, 32607 MiB
2026/09/14 17:40:49.360, 1, 100 %, 4568 MiB, 32607 MiB
2026/09/14 17:40:49.361, 2, 100 %, 4568 MiB, 32607 MiB
2026/09/14 17:40:49.363, 3, 100 %, 4550 MiB, 32607 MiB
2026/09/14 17:40:54.365, 0, 84 %, 4548 MiB, 32607 MiB
2026/09/14 17:40:54.367, 1, 85 %, 4568 MiB, 32607 MiB
2026/09/14 17:40:54.368, 2, 83 %, 4568 MiB, 32607 MiB
2026/09/14 17:40:54.371, 3, 81 %, 4550 MiB, 32607 MiB
2026/09/14 17:40:59.372, 0, 85 %, 4548 MiB, 32607 MiB
2026/09/14 17:40:59.374, 1, 87 %, 4568 MiB, 32607 MiB
2026/09/14 17:40:59.376, 2, 89 %, 4568 MiB, 32607 MiB
2026/09/14 17:40:59.377, 3, 75 %, 4550 MiB, 32607 MiB
2026/09/14 17:41:04.378, 0, 86 %, 4548 MiB, 32607 MiB
2026/09/14 17:41:04.381, 1, 84 %, 4568 MiB, 32607 MiB
2026/09/14 17:41:04.383, 2, 85 %, 4568 MiB, 32607 MiB
2026/09/14 17:41:04.385, 3, 86 %, 4550 MiB, 32607 MiB
2026/09/14 17:41:09.386, 0, 76 %, 4548 MiB, 32607 MiB
2026/09/14 17:41:09.387, 1, 83 %, 4568 MiB, 32607 MiB
2026/09/14 17:41:09.389, 2, 83 %, 4568 MiB, 32607 MiB
2026/09/14 17:41:09.390, 3, 81 %, 4550 MiB, 32607 MiB
2026/09/14 17:41:14.393, 0, 80 %, 4548 MiB, 32607 MiB
2026/09/14 17:41:14.396, 1, 86 %, 4568 MiB, 32607 MiB
2026/09/14 17:41:14.398, 2, 86 %, 4568 MiB, 32607 MiB
2026/09/14 17:41:14.400, 3, 81 %, 4550 MiB, 32607 MiB
2026/09/14 17:41:19.402, 0, 87 %, 4548 MiB, 32607 MiB
2026/09/14 17:41:19.404, 1, 85 %, 4568 MiB, 32607 MiB
2026/09/14 17:41:19.405, 2, 85 %, 4568 MiB, 32607 MiB
2026/09/14 17:41:19.406, 3, 82 %, 4550 MiB, 32607 MiB
2026/09/14 17:41:24.408, 0, 90 %, 4548 MiB, 32607 MiB
2026/09/14 17:41:24.410, 1, 98 %, 4568 MiB, 32607 MiB
2026/09/14 17:41:24.412, 2, 100 %, 4568 MiB, 32607 MiB
2026/09/14 17:41:24.414, 3, 78 %, 4550 MiB, 32607 MiB
2026/09/14 17:41:29.416, 0, 85 %, 4548 MiB, 32607 MiB
2026/09/14 17:41:29.419, 1, 88 %, 4568 MiB, 32607 MiB
2026/09/14 17:41:29.421, 2, 88 %, 4568 MiB, 32607 MiB
2026/09/14 17:41:29.422, 3, 73 %, 4550 MiB, 32607 MiB
2026/09/14 17:41:34.425, 0, 84 %, 4548 MiB, 32607 MiB
2026/09/14 17:41:34.427, 1, 86 %, 4568 MiB, 32607 MiB
2026/09/14 17:41:34.429, 2, 80 %, 4568 MiB, 32607 MiB
2026/09/14 17:41:34.430, 3, 85 %, 4550 MiB, 32607 MiB
2026/09/14 17:41:39.430, 0, 90 %, 4548 MiB, 32607 MiB
2026/09/14 17:41:39.433, 1, 79 %, 4568 MiB, 32607 MiB
2026/09/14 17:41:39.434, 2, 82 %, 4568 MiB, 32607 MiB
2026/09/14 17:41:39.437, 3, 82 %, 4550 MiB, 32607 MiB
2026/09/14 17:41:44.438, 0, 85 %, 4548 MiB, 32607 MiB
2026/09/14 17:41:44.440, 1, 83 %, 4568 MiB, 32607 MiB
2026/09/14 17:41:44.442, 2, 83 %, 4568 MiB, 32607 MiB
2026/09/14 17:41:44.442, 3, 82 %, 4550 MiB, 32607 MiB
2026/09/14 17:41:49.445, 0, 85 %, 4548 MiB, 32607 MiB
2026/09/14 17:41:49.447, 1, 79 %, 4568 MiB, 32607 MiB
2026/09/14 17:41:49.448, 2, 85 %, 4568 MiB, 32607 MiB
2026/09/14 17:41:49.451, 3, 86 %, 4550 MiB, 32607 MiB
2026/09/14 17:41:54.453, 0, 88 %, 4548 MiB, 32607 MiB
2026/09/14 17:41:54.455, 1, 84 %, 4568 MiB, 32607 MiB
2026/09/14 17:41:54.457, 2, 85 %, 4568 MiB, 32607 MiB
2026/09/14 17:41:54.460, 3, 84 %, 4550 MiB, 32607 MiB
2026/09/14 17:41:59.462, 0, 85 %, 4548 MiB, 32607 MiB
2026/09/14 17:41:59.464, 1, 98 %, 4568 MiB, 32607 MiB
2026/09/14 17:41:59.466, 2, 100 %, 4568 MiB, 32607 MiB
2026/09/14 17:41:59.468, 3, 85 %, 4550 MiB, 32607 MiB
2026/09/14 17:42:04.470, 0, 87 %, 4548 MiB, 32607 MiB
2026/09/14 17:42:04.472, 1, 86 %, 4568 MiB, 32607 MiB
2026/09/14 17:42:04.474, 2, 84 %, 4568 MiB, 32607 MiB
2026/09/14 17:42:04.475, 3, 83 %, 4550 MiB, 32607 MiB
2026/09/14 17:42:09.478, 0, 81 %, 4548 MiB, 32607 MiB
2026/09/14 17:42:09.480, 1, 89 %, 4568 MiB, 32607 MiB
2026/09/14 17:42:09.482, 2, 88 %, 4568 MiB, 32607 MiB
2026/09/14 17:42:09.483, 3, 86 %, 4550 MiB, 32607 MiB
2026/09/14 17:42:14.486, 0, 78 %, 4548 MiB, 32607 MiB
2026/09/14 17:42:14.488, 1, 82 %, 4568 MiB, 32607 MiB
2026/09/14 17:42:14.490, 2, 84 %, 4568 MiB, 32607 MiB
2026/09/14 17:42:14.492, 3, 84 %, 4550 MiB, 32607 MiB
2026/09/14 17:42:19.494, 0, 83 %, 4548 MiB, 32607 MiB
2026/09/14 17:42:19.496, 1, 78 %, 4568 MiB, 32607 MiB
2026/09/14 17:42:19.498, 2, 79 %, 4568 MiB, 32607 MiB
2026/09/14 17:42:19.499, 3, 86 %, 4550 MiB, 32607 MiB
2026/09/14 17:42:24.501, 0, 84 %, 4548 MiB, 32607 MiB
2026/09/14 17:42:24.503, 1, 87 %, 4568 MiB, 32607 MiB
2026/09/14 17:42:24.505, 2, 84 %, 4568 MiB, 32607 MiB
2026/09/14 17:42:24.506, 3, 83 %, 4550 MiB, 32607 MiB
2026/09/14 17:42:29.507, 0, 83 %, 4548 MiB, 32607 MiB
2026/09/14 17:42:29.508, 1, 81 %, 4568 MiB, 32607 MiB
2026/09/14 17:42:29.510, 2, 84 %, 4568 MiB, 32607 MiB
2026/09/14 17:42:29.510, 3, 86 %, 4550 MiB, 32607 MiB
2026/09/14 17:42:34.512, 0, 87 %, 4548 MiB, 32607 MiB
2026/09/14 17:42:34.515, 1, 85 %, 4568 MiB, 32607 MiB
2026/09/14 17:42:34.517, 2, 80 %, 4568 MiB, 32607 MiB
2026/09/14 17:42:34.519, 3, 84 %, 4550 MiB, 32607 MiB
2026/09/14 17:42:39.522, 0, 81 %, 4548 MiB, 32607 MiB
2026/09/14 17:42:39.524, 1, 84 %, 4568 MiB, 32607 MiB
2026/09/14 17:42:39.526, 2, 82 %, 4568 MiB, 32607 MiB
2026/09/14 17:42:39.528, 3, 82 %, 4550 MiB, 32607 MiB
2026/09/14 17:42:44.530, 0, 86 %, 4548 MiB, 32607 MiB
2026/09/14 17:42:44.533, 1, 78 %, 4568 MiB, 32607 MiB
2026/09/14 17:42:44.534, 2, 85 %, 4568 MiB, 32607 MiB
2026/09/14 17:42:44.536, 3, 86 %, 4550 MiB, 32607 MiB
2026/09/14 17:42:49.538, 0, 85 %, 4548 MiB, 32607 MiB
2026/09/14 17:42:49.540, 1, 82 %, 4568 MiB, 32607 MiB
2026/09/14 17:42:49.541, 2, 84 %, 4568 MiB, 32607 MiB
2026/09/14 17:42:49.541, 3, 84 %, 4550 MiB, 32607 MiB
2026/09/14 17:42:54.542, 0, 87 %, 4548 MiB, 32607 MiB
2026/09/14 17:42:54.544, 1, 81 %, 4568 MiB, 32607 MiB
2026/09/14 17:42:54.545, 2, 80 %, 4568 MiB, 32607 MiB
2026/09/14 17:42:54.546, 3, 87 %, 4550 MiB, 32607 MiB
2026/09/14 17:42:59.547, 0, 83 %, 4548 MiB, 32607 MiB
2026/09/14 17:42:59.549, 1, 81 %, 4568 MiB, 32607 MiB
2026/09/14 17:42:59.550, 2, 78 %, 4568 MiB, 32607 MiB
2026/09/14 17:42:59.552, 3, 69 %, 4550 MiB, 32607 MiB
2026/09/14 17:43:04.553, 0, 87 %, 4548 MiB, 32607 MiB
2026/09/14 17:43:04.555, 1, 82 %, 4568 MiB, 32607 MiB
2026/09/14 17:43:04.557, 2, 85 %, 4568 MiB, 32607 MiB
2026/09/14 17:43:04.559, 3, 80 %, 4550 MiB, 32607 MiB
2026/09/14 17:43:09.562, 0, 86 %, 4548 MiB, 32607 MiB
2026/09/14 17:43:09.564, 1, 83 %, 4568 MiB, 32607 MiB
2026/09/14 17:43:09.566, 2, 85 %, 4568 MiB, 32607 MiB
2026/09/14 17:43:09.568, 3, 79 %, 4550 MiB, 32607 MiB
2026/09/14 17:43:14.570, 0, 83 %, 4548 MiB, 32607 MiB
2026/09/14 17:43:14.571, 1, 84 %, 4568 MiB, 32607 MiB
2026/09/14 17:43:14.573, 2, 82 %, 4568 MiB, 32607 MiB
2026/09/14 17:43:14.574, 3, 85 %, 4550 MiB, 32607 MiB
2026/09/14 17:43:19.574, 0, 84 %, 4548 MiB, 32607 MiB
2026/09/14 17:43:19.577, 1, 80 %, 4568 MiB, 32607 MiB
2026/09/14 17:43:19.578, 2, 80 %, 4568 MiB, 32607 MiB
2026/09/14 17:43:19.579, 3, 89 %, 4550 MiB, 32607 MiB
2026/09/14 17:43:24.581, 0, 87 %, 4548 MiB, 32607 MiB
2026/09/14 17:43:24.583, 1, 79 %, 4568 MiB, 32607 MiB
2026/09/14 17:43:24.584, 2, 66 %, 4568 MiB, 32607 MiB
2026/09/14 17:43:24.586, 3, 85 %, 4550 MiB, 32607 MiB
2026/09/14 17:43:29.587, 0, 81 %, 4548 MiB, 32607 MiB
2026/09/14 17:43:29.588, 1, 84 %, 4568 MiB, 32607 MiB
2026/09/14 17:43:29.590, 2, 82 %, 4568 MiB, 32607 MiB
2026/09/14 17:43:29.591, 3, 85 %, 4550 MiB, 32607 MiB
2026/09/14 17:43:34.592, 0, 91 %, 4548 MiB, 32607 MiB
2026/09/14 17:43:34.593, 1, 87 %, 4568 MiB, 32607 MiB
2026/09/14 17:43:34.594, 2, 88 %, 4568 MiB, 32607 MiB
2026/09/14 17:43:34.595, 3, 87 %, 4550 MiB, 32607 MiB
2026/09/14 17:43:39.595, 0, 87 %, 4548 MiB, 32607 MiB
2026/09/14 17:43:39.598, 1, 82 %, 4568 MiB, 32607 MiB
2026/09/14 17:43:39.599, 2, 86 %, 4568 MiB, 32607 MiB
2026/09/14 17:43:39.602, 3, 83 %, 4550 MiB, 32607 MiB
2026/09/14 17:43:44.604, 0, 86 %, 4548 MiB, 32607 MiB
2026/09/14 17:43:44.607, 1, 86 %, 4568 MiB, 32607 MiB
2026/09/14 17:43:44.609, 2, 81 %, 4568 MiB, 32607 MiB
2026/09/14 17:43:44.611, 3, 86 %, 4550 MiB, 32607 MiB
2026/09/14 17:43:49.613, 0, 69 %, 4548 MiB, 32607 MiB
2026/09/14 17:43:49.616, 1, 100 %, 4568 MiB, 32607 MiB
2026/09/14 17:43:49.618, 2, 100 %, 4568 MiB, 32607 MiB
2026/09/14 17:43:49.620, 3, 100 %, 4550 MiB, 32607 MiB
2026/09/14 17:43:54.622, 0, 87 %, 4548 MiB, 32607 MiB
2026/09/14 17:43:54.625, 1, 81 %, 4568 MiB, 32607 MiB
2026/09/14 17:43:54.627, 2, 85 %, 4568 MiB, 32607 MiB
2026/09/14 17:43:54.629, 3, 85 %, 4550 MiB, 32607 MiB
2026/09/14 17:43:59.631, 0, 85 %, 4548 MiB, 32607 MiB
2026/09/14 17:43:59.632, 1, 81 %, 4568 MiB, 32607 MiB
2026/09/14 17:43:59.632, 2, 82 %, 4568 MiB, 32607 MiB
2026/09/14 17:43:59.633, 3, 86 %, 4550 MiB, 32607 MiB
2026/09/14 17:44:04.634, 0, 78 %, 4548 MiB, 32607 MiB
2026/09/14 17:44:04.636, 1, 82 %, 4568 MiB, 32607 MiB
2026/09/14 17:44:04.638, 2, 83 %, 4568 MiB, 32607 MiB
2026/09/14 17:44:04.640, 3, 86 %, 4550 MiB, 32607 MiB
2026/09/14 17:44:09.642, 0, 85 %, 4548 MiB, 32607 MiB
2026/09/14 17:44:09.644, 1, 82 %, 4568 MiB, 32607 MiB
2026/09/14 17:44:09.645, 2, 81 %, 4568 MiB, 32607 MiB
2026/09/14 17:44:09.647, 3, 83 %, 4550 MiB, 32607 MiB
2026/09/14 17:44:14.649, 0, 84 %, 4548 MiB, 32607 MiB
2026/09/14 17:44:14.651, 1, 85 %, 4568 MiB, 32607 MiB
2026/09/14 17:44:14.652, 2, 84 %, 4568 MiB, 32607 MiB
2026/09/14 17:44:14.653, 3, 85 %, 4550 MiB, 32607 MiB
2026/09/14 17:44:19.654, 0, 83 %, 4548 MiB, 32607 MiB
2026/09/14 17:44:19.657, 1, 81 %, 4568 MiB, 32607 MiB
2026/09/14 17:44:19.657, 2, 81 %, 4568 MiB, 32607 MiB
2026/09/14 17:44:19.659, 3, 80 %, 4550 MiB, 32607 MiB
2026/09/14 17:44:24.662, 0, 83 %, 4548 MiB, 32607 MiB
2026/09/14 17:44:24.663, 1, 86 %, 4568 MiB, 32607 MiB
2026/09/14 17:44:24.665, 2, 81 %, 4568 MiB, 32607 MiB
2026/09/14 17:44:24.665, 3, 84 %, 4550 MiB, 32607 MiB
2026/09/14 17:44:29.666, 0, 84 %, 4548 MiB, 32607 MiB
2026/09/14 17:44:29.669, 1, 79 %, 4568 MiB, 32607 MiB
2026/09/14 17:44:29.670, 2, 79 %, 4568 MiB, 32607 MiB
2026/09/14 17:44:29.672, 3, 79 %, 4550 MiB, 32607 MiB
2026/09/14 17:44:34.674, 0, 89 %, 4548 MiB, 32607 MiB
2026/09/14 17:44:34.676, 1, 82 %, 4568 MiB, 32607 MiB
2026/09/14 17:44:34.678, 2, 80 %, 4568 MiB, 32607 MiB
2026/09/14 17:44:34.678, 3, 82 %, 4550 MiB, 32607 MiB
2026/09/14 17:44:39.680, 0, 85 %, 4548 MiB, 32607 MiB
2026/09/14 17:44:39.682, 1, 85 %, 4568 MiB, 32607 MiB
2026/09/14 17:44:39.684, 2, 90 %, 4568 MiB, 32607 MiB
2026/09/14 17:44:39.685, 3, 80 %, 4550 MiB, 32607 MiB
2026/09/14 17:44:44.686, 0, 85 %, 4548 MiB, 32607 MiB
2026/09/14 17:44:44.688, 1, 82 %, 4568 MiB, 32607 MiB
2026/09/14 17:44:44.689, 2, 85 %, 4568 MiB, 32607 MiB
2026/09/14 17:44:44.690, 3, 79 %, 4550 MiB, 32607 MiB
2026/09/14 17:44:49.692, 0, 86 %, 4548 MiB, 32607 MiB
2026/09/14 17:44:49.693, 1, 79 %, 4568 MiB, 32607 MiB
2026/09/14 17:44:49.695, 2, 81 %, 4568 MiB, 32607 MiB
2026/09/14 17:44:49.696, 3, 85 %, 4550 MiB, 32607 MiB
2026/09/14 17:44:54.697, 0, 83 %, 4548 MiB, 32607 MiB
2026/09/14 17:44:54.699, 1, 84 %, 4568 MiB, 32607 MiB
2026/09/14 17:44:54.701, 2, 87 %, 4568 MiB, 32607 MiB
2026/09/14 17:44:54.702, 3, 81 %, 4550 MiB, 32607 MiB
2026/09/14 17:44:59.705, 0, 82 %, 4548 MiB, 32607 MiB
2026/09/14 17:44:59.708, 1, 83 %, 4568 MiB, 32607 MiB
2026/09/14 17:44:59.710, 2, 82 %, 4568 MiB, 32607 MiB
2026/09/14 17:44:59.712, 3, 86 %, 4550 MiB, 32607 MiB
2026/09/14 17:45:04.714, 0, 84 %, 4548 MiB, 32607 MiB
2026/09/14 17:45:04.716, 1, 86 %, 4568 MiB, 32607 MiB
2026/09/14 17:45:04.718, 2, 84 %, 4568 MiB, 32607 MiB
2026/09/14 17:45:04.721, 3, 86 %, 4550 MiB, 32607 MiB
2026/09/14 17:45:09.722, 0, 86 %, 4548 MiB, 32607 MiB
2026/09/14 17:45:09.724, 1, 83 %, 4568 MiB, 32607 MiB
2026/09/14 17:45:09.725, 2, 80 %, 4568 MiB, 32607 MiB
2026/09/14 17:45:09.726, 3, 81 %, 4550 MiB, 32607 MiB
2026/09/14 17:45:14.729, 0, 85 %, 4548 MiB, 32607 MiB
2026/09/14 17:45:14.731, 1, 86 %, 4568 MiB, 32607 MiB
2026/09/14 17:45:14.733, 2, 85 %, 4568 MiB, 32607 MiB
2026/09/14 17:45:14.734, 3, 85 %, 4550 MiB, 32607 MiB
2026/09/14 17:45:19.736, 0, 83 %, 4548 MiB, 32607 MiB
2026/09/14 17:45:19.738, 1, 84 %, 4568 MiB, 32607 MiB
2026/09/14 17:45:19.740, 2, 85 %, 4568 MiB, 32607 MiB
2026/09/14 17:45:19.742, 3, 80 %, 4550 MiB, 32607 MiB
2026/09/14 17:45:24.743, 0, 83 %, 4548 MiB, 32607 MiB
2026/09/14 17:45:24.745, 1, 80 %, 4568 MiB, 32607 MiB
2026/09/14 17:45:24.746, 2, 82 %, 4568 MiB, 32607 MiB
2026/09/14 17:45:24.747, 3, 85 %, 4550 MiB, 32607 MiB
2026/09/14 17:45:29.749, 0, 83 %, 4548 MiB, 32607 MiB
2026/09/14 17:45:29.752, 1, 83 %, 4568 MiB, 32607 MiB
2026/09/14 17:45:29.753, 2, 84 %, 4568 MiB, 32607 MiB
2026/09/14 17:45:29.756, 3, 83 %, 4550 MiB, 32607 MiB
2026/09/14 17:45:34.757, 0, 84 %, 4548 MiB, 32607 MiB
2026/09/14 17:45:34.759, 1, 86 %, 4568 MiB, 32607 MiB
2026/09/14 17:45:34.761, 2, 85 %, 4568 MiB, 32607 MiB
2026/09/14 17:45:34.762, 3, 87 %, 4550 MiB, 32607 MiB
2026/09/14 17:45:39.764, 0, 84 %, 4548 MiB, 32607 MiB
2026/09/14 17:45:39.766, 1, 85 %, 4568 MiB, 32607 MiB
2026/09/14 17:45:39.768, 2, 86 %, 4568 MiB, 32607 MiB
2026/09/14 17:45:39.769, 3, 74 %, 4550 MiB, 32607 MiB
2026/09/14 17:45:44.770, 0, 83 %, 4548 MiB, 32607 MiB
2026/09/14 17:45:44.772, 1, 83 %, 4568 MiB, 32607 MiB
2026/09/14 17:45:44.774, 2, 85 %, 4568 MiB, 32607 MiB
2026/09/14 17:45:44.775, 3, 82 %, 4550 MiB, 32607 MiB
2026/09/14 17:45:49.776, 0, 84 %, 4548 MiB, 32607 MiB
2026/09/14 17:45:49.778, 1, 82 %, 4568 MiB, 32607 MiB
2026/09/14 17:45:49.780, 2, 84 %, 4568 MiB, 32607 MiB
2026/09/14 17:45:49.781, 3, 84 %, 4550 MiB, 32607 MiB
2026/09/14 17:45:54.782, 0, 81 %, 4548 MiB, 32607 MiB
2026/09/14 17:45:54.784, 1, 85 %, 4568 MiB, 32607 MiB
2026/09/14 17:45:54.785, 2, 85 %, 4568 MiB, 32607 MiB
2026/09/14 17:45:54.786, 3, 86 %, 4550 MiB, 32607 MiB
2026/09/14 17:45:59.787, 0, 79 %, 4548 MiB, 32607 MiB
2026/09/14 17:45:59.789, 1, 85 %, 4568 MiB, 32607 MiB
2026/09/14 17:45:59.791, 2, 86 %, 4568 MiB, 32607 MiB
2026/09/14 17:45:59.793, 3, 86 %, 4550 MiB, 32607 MiB
2026/09/14 17:46:04.796, 0, 78 %, 4548 MiB, 32607 MiB
2026/09/14 17:46:04.798, 1, 82 %, 4568 MiB, 32607 MiB
2026/09/14 17:46:04.800, 2, 85 %, 4568 MiB, 32607 MiB
2026/09/14 17:46:04.802, 3, 85 %, 4550 MiB, 32607 MiB
2026/09/14 17:46:09.804, 0, 78 %, 4548 MiB, 32607 MiB
2026/09/14 17:46:09.807, 1, 86 %, 4568 MiB, 32607 MiB
2026/09/14 17:46:09.808, 2, 88 %, 4568 MiB, 32607 MiB
2026/09/14 17:46:09.811, 3, 86 %, 4550 MiB, 32607 MiB
2026/09/14 17:46:14.813, 0, 87 %, 4548 MiB, 32607 MiB
2026/09/14 17:46:14.814, 1, 90 %, 4568 MiB, 32607 MiB
2026/09/14 17:46:14.816, 2, 86 %, 4568 MiB, 32607 MiB
2026/09/14 17:46:14.817, 3, 88 %, 4550 MiB, 32607 MiB
2026/09/14 17:46:19.818, 0, 79 %, 4548 MiB, 32607 MiB
2026/09/14 17:46:19.819, 1, 80 %, 4568 MiB, 32607 MiB
2026/09/14 17:46:19.820, 2, 83 %, 4568 MiB, 32607 MiB
2026/09/14 17:46:19.821, 3, 87 %, 4550 MiB, 32607 MiB
2026/09/14 17:46:24.822, 0, 80 %, 4548 MiB, 32607 MiB
2026/09/14 17:46:24.823, 1, 82 %, 4568 MiB, 32607 MiB
2026/09/14 17:46:24.823, 2, 82 %, 4568 MiB, 32607 MiB
2026/09/14 17:46:24.823, 3, 85 %, 4550 MiB, 32607 MiB
2026/09/14 17:46:29.824, 0, 79 %, 4548 MiB, 32607 MiB
2026/09/14 17:46:29.826, 1, 86 %, 4568 MiB, 32607 MiB
2026/09/14 17:46:29.829, 2, 85 %, 4568 MiB, 32607 MiB
2026/09/14 17:46:29.831, 3, 81 %, 4550 MiB, 32607 MiB
2026/09/14 17:46:34.833, 0, 82 %, 4548 MiB, 32607 MiB
2026/09/14 17:46:34.835, 1, 86 %, 4568 MiB, 32607 MiB
2026/09/14 17:46:34.836, 2, 82 %, 4568 MiB, 32607 MiB
2026/09/14 17:46:34.837, 3, 83 %, 4550 MiB, 32607 MiB
2026/09/14 17:46:39.839, 0, 78 %, 4548 MiB, 32607 MiB
2026/09/14 17:46:39.841, 1, 83 %, 4568 MiB, 32607 MiB
2026/09/14 17:46:39.842, 2, 88 %, 4568 MiB, 32607 MiB
2026/09/14 17:46:39.844, 3, 88 %, 4550 MiB, 32607 MiB
2026/09/14 17:46:44.847, 0, 87 %, 4548 MiB, 32607 MiB
2026/09/14 17:46:44.849, 1, 85 %, 4568 MiB, 32607 MiB
2026/09/14 17:46:44.850, 2, 85 %, 4568 MiB, 32607 MiB
2026/09/14 17:46:44.850, 3, 85 %, 4550 MiB, 32607 MiB
2026/09/14 17:46:49.853, 0, 62 %, 4548 MiB, 32607 MiB
2026/09/14 17:46:49.855, 1, 100 %, 4568 MiB, 32607 MiB
2026/09/14 17:46:49.856, 2, 100 %, 4568 MiB, 32607 MiB
2026/09/14 17:46:49.858, 3, 100 %, 4550 MiB, 32607 MiB
2026/09/14 17:46:54.860, 0, 81 %, 4548 MiB, 32607 MiB
2026/09/14 17:46:54.862, 1, 83 %, 4568 MiB, 32607 MiB
2026/09/14 17:46:54.862, 2, 87 %, 4568 MiB, 32607 MiB
2026/09/14 17:46:54.865, 3, 86 %, 4550 MiB, 32607 MiB
2026/09/14 17:46:59.868, 0, 82 %, 4548 MiB, 32607 MiB
2026/09/14 17:46:59.869, 1, 85 %, 4568 MiB, 32607 MiB
2026/09/14 17:46:59.870, 2, 87 %, 4568 MiB, 32607 MiB
2026/09/14 17:46:59.871, 3, 81 %, 4550 MiB, 32607 MiB
2026/09/14 17:47:04.873, 0, 83 %, 4548 MiB, 32607 MiB
2026/09/14 17:47:04.874, 1, 84 %, 4568 MiB, 32607 MiB
2026/09/14 17:47:04.875, 2, 87 %, 4568 MiB, 32607 MiB
2026/09/14 17:47:04.875, 3, 81 %, 4550 MiB, 32607 MiB
2026/09/14 17:47:09.877, 0, 87 %, 4548 MiB, 32607 MiB
2026/09/14 17:47:09.878, 1, 89 %, 4568 MiB, 32607 MiB
2026/09/14 17:47:09.879, 2, 86 %, 4568 MiB, 32607 MiB
2026/09/14 17:47:09.880, 3, 88 %, 4550 MiB, 32607 MiB
2026/09/14 17:47:14.881, 0, 82 %, 4548 MiB, 32607 MiB
2026/09/14 17:47:14.882, 1, 84 %, 4568 MiB, 32607 MiB
2026/09/14 17:47:14.884, 2, 86 %, 4568 MiB, 32607 MiB
2026/09/14 17:47:14.885, 3, 85 %, 4550 MiB, 32607 MiB
2026/09/14 17:47:19.886, 0, 84 %, 4548 MiB, 32607 MiB
2026/09/14 17:47:19.887, 1, 85 %, 4568 MiB, 32607 MiB
2026/09/14 17:47:19.888, 2, 83 %, 4568 MiB, 32607 MiB
2026/09/14 17:47:19.889, 3, 85 %, 4550 MiB, 32607 MiB
2026/09/14 17:47:24.890, 0, 85 %, 4548 MiB, 32607 MiB
2026/09/14 17:47:24.892, 1, 88 %, 4568 MiB, 32607 MiB
2026/09/14 17:47:24.893, 2, 77 %, 4568 MiB, 32607 MiB
2026/09/14 17:47:24.893, 3, 86 %, 4550 MiB, 32607 MiB
2026/09/14 17:47:29.894, 0, 0 %, 4548 MiB, 32607 MiB
2026/09/14 17:47:29.896, 1, 100 %, 4568 MiB, 32607 MiB
2026/09/14 17:47:29.898, 2, 60 %, 4568 MiB, 32607 MiB
2026/09/14 17:47:29.900, 3, 85 %, 4550 MiB, 32607 MiB
2026/09/14 17:47:34.902, 0, 88 %, 4548 MiB, 32607 MiB
2026/09/14 17:47:34.904, 1, 86 %, 4568 MiB, 32607 MiB
2026/09/14 17:47:34.905, 2, 84 %, 4568 MiB, 32607 MiB
2026/09/14 17:47:34.906, 3, 84 %, 4550 MiB, 32607 MiB
2026/09/14 17:47:39.907, 0, 85 %, 4548 MiB, 32607 MiB
2026/09/14 17:47:39.909, 1, 85 %, 4568 MiB, 32607 MiB
2026/09/14 17:47:39.910, 2, 84 %, 4568 MiB, 32607 MiB
2026/09/14 17:47:39.912, 3, 81 %, 4550 MiB, 32607 MiB
2026/09/14 17:47:44.914, 0, 85 %, 4548 MiB, 32607 MiB
2026/09/14 17:47:44.916, 1, 86 %, 4568 MiB, 32607 MiB
2026/09/14 17:47:44.917, 2, 86 %, 4568 MiB, 32607 MiB
2026/09/14 17:47:44.918, 3, 89 %, 4550 MiB, 32607 MiB
2026/09/14 17:47:49.920, 0, 82 %, 4548 MiB, 32607 MiB
2026/09/14 17:47:49.921, 1, 83 %, 4568 MiB, 32607 MiB
2026/09/14 17:47:49.923, 2, 86 %, 4568 MiB, 32607 MiB
2026/09/14 17:47:49.924, 3, 85 %, 4550 MiB, 32607 MiB
2026/09/14 17:47:54.925, 0, 81 %, 4548 MiB, 32607 MiB
2026/09/14 17:47:54.927, 1, 85 %, 4568 MiB, 32607 MiB
2026/09/14 17:47:54.929, 2, 84 %, 4568 MiB, 32607 MiB
2026/09/14 17:47:54.931, 3, 86 %, 4550 MiB, 32607 MiB
2026/09/14 17:47:59.933, 0, 73 %, 4548 MiB, 32607 MiB
2026/09/14 17:47:59.934, 1, 86 %, 4568 MiB, 32607 MiB
2026/09/14 17:47:59.936, 2, 83 %, 4568 MiB, 32607 MiB
2026/09/14 17:47:59.937, 3, 85 %, 4550 MiB, 32607 MiB
2026/09/14 17:48:04.938, 0, 84 %, 4548 MiB, 32607 MiB
2026/09/14 17:48:04.940, 1, 86 %, 4568 MiB, 32607 MiB
2026/09/14 17:48:04.942, 2, 82 %, 4568 MiB, 32607 MiB
2026/09/14 17:48:04.945, 3, 80 %, 4550 MiB, 32607 MiB
2026/09/14 17:48:09.947, 0, 82 %, 4548 MiB, 32607 MiB
2026/09/14 17:48:09.950, 1, 86 %, 4568 MiB, 32607 MiB
2026/09/14 17:48:09.952, 2, 87 %, 4568 MiB, 32607 MiB
2026/09/14 17:48:09.954, 3, 87 %, 4550 MiB, 32607 MiB
2026/09/14 17:48:14.956, 0, 84 %, 4548 MiB, 32607 MiB
2026/09/14 17:48:14.958, 1, 86 %, 4568 MiB, 32607 MiB
2026/09/14 17:48:14.960, 2, 84 %, 4568 MiB, 32607 MiB
2026/09/14 17:48:14.961, 3, 80 %, 4550 MiB, 32607 MiB
2026/09/14 17:48:19.962, 0, 84 %, 4548 MiB, 32607 MiB
2026/09/14 17:48:19.964, 1, 86 %, 4568 MiB, 32607 MiB
2026/09/14 17:48:19.965, 2, 83 %, 4568 MiB, 32607 MiB
2026/09/14 17:48:19.965, 3, 84 %, 4550 MiB, 32607 MiB
2026/09/14 17:48:24.966, 0, 89 %, 4548 MiB, 32607 MiB
2026/09/14 17:48:24.968, 1, 85 %, 4568 MiB, 32607 MiB
2026/09/14 17:48:24.969, 2, 84 %, 4568 MiB, 32607 MiB
2026/09/14 17:48:24.971, 3, 87 %, 4550 MiB, 32607 MiB
2026/09/14 17:48:29.974, 0, 80 %, 4548 MiB, 32607 MiB
2026/09/14 17:48:29.975, 1, 83 %, 4568 MiB, 32607 MiB
2026/09/14 17:48:29.977, 2, 84 %, 4568 MiB, 32607 MiB
2026/09/14 17:48:29.979, 3, 84 %, 4550 MiB, 32607 MiB
2026/09/14 17:48:34.981, 0, 86 %, 4548 MiB, 32607 MiB
2026/09/14 17:48:34.983, 1, 78 %, 4568 MiB, 32607 MiB
2026/09/14 17:48:34.986, 2, 77 %, 4568 MiB, 32607 MiB
2026/09/14 17:48:34.987, 3, 83 %, 4550 MiB, 32607 MiB
2026/09/14 17:48:39.990, 0, 85 %, 4548 MiB, 32607 MiB
2026/09/14 17:48:39.992, 1, 86 %, 4568 MiB, 32607 MiB
2026/09/14 17:48:39.993, 2, 81 %, 4568 MiB, 32607 MiB
2026/09/14 17:48:39.995, 3, 85 %, 4550 MiB, 32607 MiB
2026/09/14 17:48:44.997, 0, 86 %, 4548 MiB, 32607 MiB
2026/09/14 17:48:45.000, 1, 89 %, 4568 MiB, 32607 MiB
2026/09/14 17:48:45.002, 2, 84 %, 4568 MiB, 32607 MiB
2026/09/14 17:48:45.004, 3, 86 %, 4550 MiB, 32607 MiB
2026/09/14 17:48:50.006, 0, 83 %, 4548 MiB, 32607 MiB
2026/09/14 17:48:50.008, 1, 85 %, 4568 MiB, 32607 MiB
2026/09/14 17:48:50.009, 2, 87 %, 4568 MiB, 32607 MiB
2026/09/14 17:48:50.010, 3, 87 %, 4550 MiB, 32607 MiB
2026/09/14 17:48:55.011, 0, 85 %, 4548 MiB, 32607 MiB
2026/09/14 17:48:55.013, 1, 84 %, 4568 MiB, 32607 MiB
2026/09/14 17:48:55.014, 2, 82 %, 4568 MiB, 32607 MiB
2026/09/14 17:48:55.015, 3, 72 %, 4550 MiB, 32607 MiB
2026/09/14 17:49:00.016, 0, 78 %, 4548 MiB, 32607 MiB
2026/09/14 17:49:00.018, 1, 75 %, 4568 MiB, 32607 MiB
2026/09/14 17:49:00.020, 2, 84 %, 4568 MiB, 32607 MiB
2026/09/14 17:49:00.022, 3, 83 %, 4550 MiB, 32607 MiB
2026/09/14 17:49:05.025, 0, 85 %, 4548 MiB, 32607 MiB
2026/09/14 17:49:05.027, 1, 82 %, 4568 MiB, 32607 MiB
2026/09/14 17:49:05.029, 2, 84 %, 4568 MiB, 32607 MiB
2026/09/14 17:49:05.032, 3, 85 %, 4550 MiB, 32607 MiB
2026/09/14 17:49:10.034, 0, 85 %, 4548 MiB, 32607 MiB
2026/09/14 17:49:10.037, 1, 83 %, 4568 MiB, 32607 MiB
2026/09/14 17:49:10.039, 2, 82 %, 4568 MiB, 32607 MiB
2026/09/14 17:49:10.041, 3, 83 %, 4550 MiB, 32607 MiB
2026/09/14 17:49:15.042, 0, 76 %, 4548 MiB, 32607 MiB
2026/09/14 17:49:15.044, 1, 81 %, 4568 MiB, 32607 MiB
2026/09/14 17:49:15.045, 2, 81 %, 4568 MiB, 32607 MiB
2026/09/14 17:49:15.045, 3, 82 %, 4550 MiB, 32607 MiB
2026/09/14 17:49:20.047, 0, 86 %, 4548 MiB, 32607 MiB
2026/09/14 17:49:20.048, 1, 82 %, 4568 MiB, 32607 MiB
2026/09/14 17:49:20.050, 2, 82 %, 4568 MiB, 32607 MiB
2026/09/14 17:49:20.050, 3, 85 %, 4550 MiB, 32607 MiB
2026/09/14 17:49:25.052, 0, 76 %, 4548 MiB, 32607 MiB
2026/09/14 17:49:25.054, 1, 68 %, 4568 MiB, 32607 MiB
2026/09/14 17:49:25.054, 2, 82 %, 4568 MiB, 32607 MiB
2026/09/14 17:49:25.056, 3, 79 %, 4550 MiB, 32607 MiB
2026/09/14 17:49:30.057, 0, 80 %, 4548 MiB, 32607 MiB
2026/09/14 17:49:30.058, 1, 79 %, 4568 MiB, 32607 MiB
2026/09/14 17:49:30.059, 2, 79 %, 4568 MiB, 32607 MiB
2026/09/14 17:49:30.061, 3, 85 %, 4550 MiB, 32607 MiB
2026/09/14 17:49:35.063, 0, 78 %, 4548 MiB, 32607 MiB
2026/09/14 17:49:35.065, 1, 86 %, 4568 MiB, 32607 MiB
2026/09/14 17:49:35.066, 2, 84 %, 4568 MiB, 32607 MiB
2026/09/14 17:49:35.068, 3, 88 %, 4550 MiB, 32607 MiB
2026/09/14 17:49:40.070, 0, 86 %, 4548 MiB, 32607 MiB
2026/09/14 17:49:40.071, 1, 78 %, 4568 MiB, 32607 MiB
2026/09/14 17:49:40.073, 2, 76 %, 4568 MiB, 32607 MiB
2026/09/14 17:49:40.074, 3, 78 %, 4550 MiB, 32607 MiB
2026/09/14 17:49:45.075, 0, 84 %, 4548 MiB, 32607 MiB
2026/09/14 17:49:45.076, 1, 85 %, 4568 MiB, 32607 MiB
2026/09/14 17:49:45.078, 2, 87 %, 4568 MiB, 32607 MiB
2026/09/14 17:49:45.080, 3, 85 %, 4550 MiB, 32607 MiB
2026/09/14 17:49:50.082, 0, 41 %, 4548 MiB, 32607 MiB
2026/09/14 17:49:50.084, 1, 100 %, 4568 MiB, 32607 MiB
2026/09/14 17:49:50.086, 2, 100 %, 4568 MiB, 32607 MiB
2026/09/14 17:49:50.087, 3, 100 %, 4550 MiB, 32607 MiB
2026/09/14 17:49:55.090, 0, 0 %, 4548 MiB, 32607 MiB
2026/09/14 17:49:55.092, 1, 100 %, 4568 MiB, 32607 MiB
2026/09/14 17:49:55.094, 2, 100 %, 4568 MiB, 32607 MiB
2026/09/14 17:49:55.095, 3, 100 %, 4550 MiB, 32607 MiB
2026/09/14 17:50:00.098, 0, 68 %, 4548 MiB, 32607 MiB
2026/09/14 17:50:00.099, 1, 83 %, 4568 MiB, 32607 MiB
2026/09/14 17:50:00.100, 2, 87 %, 4568 MiB, 32607 MiB
2026/09/14 17:50:00.102, 3, 84 %, 4550 MiB, 32607 MiB
2026/09/14 17:50:05.103, 0, 86 %, 4548 MiB, 32607 MiB
2026/09/14 17:50:05.104, 1, 83 %, 4568 MiB, 32607 MiB
2026/09/14 17:50:05.105, 2, 87 %, 4568 MiB, 32607 MiB
2026/09/14 17:50:05.105, 3, 87 %, 4550 MiB, 32607 MiB
2026/09/14 17:50:10.106, 0, 85 %, 4548 MiB, 32607 MiB
2026/09/14 17:50:10.109, 1, 80 %, 4568 MiB, 32607 MiB
2026/09/14 17:50:10.110, 2, 81 %, 4568 MiB, 32607 MiB
2026/09/14 17:50:10.113, 3, 85 %, 4550 MiB, 32607 MiB
2026/09/14 17:50:15.114, 0, 83 %, 4548 MiB, 32607 MiB
2026/09/14 17:50:15.116, 1, 81 %, 4568 MiB, 32607 MiB
2026/09/14 17:50:15.118, 2, 84 %, 4568 MiB, 32607 MiB
2026/09/14 17:50:15.119, 3, 85 %, 4550 MiB, 32607 MiB
2026/09/14 17:50:20.121, 0, 83 %, 4548 MiB, 32607 MiB
2026/09/14 17:50:20.123, 1, 87 %, 4568 MiB, 32607 MiB
2026/09/14 17:50:20.124, 2, 85 %, 4568 MiB, 32607 MiB
2026/09/14 17:50:20.125, 3, 85 %, 4550 MiB, 32607 MiB
2026/09/14 17:50:25.126, 0, 86 %, 4548 MiB, 32607 MiB
2026/09/14 17:50:25.127, 1, 89 %, 4568 MiB, 32607 MiB
2026/09/14 17:50:25.129, 2, 91 %, 4568 MiB, 32607 MiB
2026/09/14 17:50:25.130, 3, 86 %, 4550 MiB, 32607 MiB
2026/09/14 17:50:30.131, 0, 0 %, 4548 MiB, 32607 MiB
2026/09/14 17:50:30.134, 1, 83 %, 4568 MiB, 32607 MiB
2026/09/14 17:50:30.136, 2, 86 %, 4568 MiB, 32607 MiB
2026/09/14 17:50:30.137, 3, 84 %, 4550 MiB, 32607 MiB
2026/09/14 17:50:35.140, 0, 88 %, 4548 MiB, 32607 MiB
2026/09/14 17:50:35.142, 1, 84 %, 4568 MiB, 32607 MiB
2026/09/14 17:50:35.144, 2, 85 %, 4568 MiB, 32607 MiB
2026/09/14 17:50:35.146, 3, 86 %, 4550 MiB, 32607 MiB
2026/09/14 17:50:40.148, 0, 87 %, 4548 MiB, 32607 MiB
2026/09/14 17:50:40.149, 1, 82 %, 4568 MiB, 32607 MiB
2026/09/14 17:50:40.151, 2, 85 %, 4568 MiB, 32607 MiB
2026/09/14 17:50:40.153, 3, 86 %, 4550 MiB, 32607 MiB
2026/09/14 17:50:45.155, 0, 84 %, 4548 MiB, 32607 MiB
2026/09/14 17:50:45.157, 1, 83 %, 4568 MiB, 32607 MiB
2026/09/14 17:50:45.159, 2, 88 %, 4568 MiB, 32607 MiB
2026/09/14 17:50:45.160, 3, 86 %, 4550 MiB, 32607 MiB
2026/09/14 17:50:50.161, 0, 83 %, 4548 MiB, 32607 MiB
2026/09/14 17:50:50.163, 1, 84 %, 4568 MiB, 32607 MiB
2026/09/14 17:50:50.164, 2, 85 %, 4568 MiB, 32607 MiB
2026/09/14 17:50:50.165, 3, 78 %, 4550 MiB, 32607 MiB
2026/09/14 17:50:55.166, 0, 84 %, 4548 MiB, 32607 MiB
2026/09/14 17:50:55.168, 1, 87 %, 4568 MiB, 32607 MiB
2026/09/14 17:50:55.170, 2, 84 %, 4568 MiB, 32607 MiB
2026/09/14 17:50:55.171, 3, 87 %, 4550 MiB, 32607 MiB
2026/09/14 17:51:00.172, 0, 84 %, 4548 MiB, 32607 MiB
2026/09/14 17:51:00.175, 1, 75 %, 4568 MiB, 32607 MiB
2026/09/14 17:51:00.177, 2, 83 %, 4568 MiB, 32607 MiB
2026/09/14 17:51:00.178, 3, 88 %, 4550 MiB, 32607 MiB
2026/09/14 17:51:05.181, 0, 33 %, 4548 MiB, 32607 MiB
2026/09/14 17:51:05.183, 1, 84 %, 4568 MiB, 32607 MiB
2026/09/14 17:51:05.185, 2, 84 %, 4568 MiB, 32607 MiB
2026/09/14 17:51:05.186, 3, 76 %, 4550 MiB, 32607 MiB
2026/09/14 17:51:10.187, 0, 86 %, 4548 MiB, 32607 MiB
2026/09/14 17:51:10.189, 1, 86 %, 4568 MiB, 32607 MiB
2026/09/14 17:51:10.190, 2, 75 %, 4568 MiB, 32607 MiB
2026/09/14 17:51:10.193, 3, 78 %, 4550 MiB, 32607 MiB
2026/09/14 17:51:15.194, 0, 85 %, 4548 MiB, 32607 MiB
2026/09/14 17:51:15.197, 1, 77 %, 4568 MiB, 32607 MiB
2026/09/14 17:51:15.198, 2, 83 %, 4568 MiB, 32607 MiB
2026/09/14 17:51:15.199, 3, 85 %, 4550 MiB, 32607 MiB
2026/09/14 17:51:20.201, 0, 85 %, 4548 MiB, 32607 MiB
2026/09/14 17:51:20.203, 1, 79 %, 4568 MiB, 32607 MiB
2026/09/14 17:51:20.204, 2, 83 %, 4568 MiB, 32607 MiB
2026/09/14 17:51:20.206, 3, 87 %, 4550 MiB, 32607 MiB
2026/09/14 17:51:25.207, 0, 79 %, 4548 MiB, 32607 MiB
2026/09/14 17:51:25.209, 1, 78 %, 4568 MiB, 32607 MiB
2026/09/14 17:51:25.211, 2, 83 %, 4568 MiB, 32607 MiB
2026/09/14 17:51:25.212, 3, 82 %, 4550 MiB, 32607 MiB
2026/09/14 17:51:30.213, 0, 91 %, 4548 MiB, 32607 MiB
2026/09/14 17:51:30.216, 1, 79 %, 4568 MiB, 32607 MiB
2026/09/14 17:51:30.217, 2, 84 %, 4568 MiB, 32607 MiB
2026/09/14 17:51:30.218, 3, 86 %, 4550 MiB, 32607 MiB
2026/09/14 17:51:35.220, 0, 84 %, 4548 MiB, 32607 MiB
2026/09/14 17:51:35.221, 1, 85 %, 4568 MiB, 32607 MiB
2026/09/14 17:51:35.222, 2, 85 %, 4568 MiB, 32607 MiB
2026/09/14 17:51:35.224, 3, 84 %, 4550 MiB, 32607 MiB
2026/09/14 17:51:40.225, 0, 85 %, 4548 MiB, 32607 MiB
2026/09/14 17:51:40.227, 1, 85 %, 4568 MiB, 32607 MiB
2026/09/14 17:51:40.229, 2, 82 %, 4568 MiB, 32607 MiB
2026/09/14 17:51:40.230, 3, 85 %, 4550 MiB, 32607 MiB
2026/09/14 17:51:45.231, 0, 77 %, 4548 MiB, 32607 MiB
2026/09/14 17:51:45.232, 1, 74 %, 4568 MiB, 32607 MiB
2026/09/14 17:51:45.233, 2, 78 %, 4568 MiB, 32607 MiB
2026/09/14 17:51:45.234, 3, 81 %, 4550 MiB, 32607 MiB
2026/09/14 17:51:50.234, 0, 80 %, 4548 MiB, 32607 MiB
2026/09/14 17:51:50.236, 1, 85 %, 4568 MiB, 32607 MiB
2026/09/14 17:51:50.238, 2, 87 %, 4568 MiB, 32607 MiB
2026/09/14 17:51:50.239, 3, 86 %, 4550 MiB, 32607 MiB
2026/09/14 17:51:55.240, 0, 79 %, 4548 MiB, 32607 MiB
2026/09/14 17:51:55.242, 1, 86 %, 4568 MiB, 32607 MiB
2026/09/14 17:51:55.244, 2, 82 %, 4568 MiB, 32607 MiB
2026/09/14 17:51:55.246, 3, 81 %, 4550 MiB, 32607 MiB
2026/09/14 17:52:00.249, 0, 84 %, 4548 MiB, 32607 MiB
2026/09/14 17:52:00.250, 1, 84 %, 4568 MiB, 32607 MiB
2026/09/14 17:52:00.251, 2, 86 %, 4568 MiB, 32607 MiB
2026/09/14 17:52:00.252, 3, 85 %, 4550 MiB, 32607 MiB
2026/09/14 17:52:05.254, 0, 85 %, 4548 MiB, 32607 MiB
2026/09/14 17:52:05.255, 1, 85 %, 4568 MiB, 32607 MiB
2026/09/14 17:52:05.257, 2, 90 %, 4568 MiB, 32607 MiB
2026/09/14 17:52:05.258, 3, 76 %, 4550 MiB, 32607 MiB
2026/09/14 17:52:10.258, 0, 89 %, 4548 MiB, 32607 MiB
2026/09/14 17:52:10.260, 1, 83 %, 4568 MiB, 32607 MiB
2026/09/14 17:52:10.261, 2, 86 %, 4568 MiB, 32607 MiB
2026/09/14 17:52:10.262, 3, 84 %, 4550 MiB, 32607 MiB
2026/09/14 17:52:15.263, 0, 88 %, 4548 MiB, 32607 MiB
2026/09/14 17:52:15.265, 1, 90 %, 4568 MiB, 32607 MiB
2026/09/14 17:52:15.268, 2, 79 %, 4568 MiB, 32607 MiB
2026/09/14 17:52:15.270, 3, 84 %, 4550 MiB, 32607 MiB
2026/09/14 17:52:20.272, 0, 83 %, 4548 MiB, 32607 MiB
2026/09/14 17:52:20.275, 1, 82 %, 4568 MiB, 32607 MiB
2026/09/14 17:52:20.276, 2, 86 %, 4568 MiB, 32607 MiB
2026/09/14 17:52:20.278, 3, 84 %, 4550 MiB, 32607 MiB
2026/09/14 17:52:25.279, 0, 86 %, 4548 MiB, 32607 MiB
2026/09/14 17:52:25.281, 1, 83 %, 4568 MiB, 32607 MiB
2026/09/14 17:52:25.282, 2, 77 %, 4568 MiB, 32607 MiB
2026/09/14 17:52:25.283, 3, 77 %, 4550 MiB, 32607 MiB
2026/09/14 17:52:30.285, 0, 86 %, 4548 MiB, 32607 MiB
2026/09/14 17:52:30.287, 1, 91 %, 4568 MiB, 32607 MiB
2026/09/14 17:52:30.288, 2, 89 %, 4568 MiB, 32607 MiB
2026/09/14 17:52:30.290, 3, 77 %, 4550 MiB, 32607 MiB
2026/09/14 17:52:35.291, 0, 77 %, 4548 MiB, 32607 MiB
2026/09/14 17:52:35.293, 1, 78 %, 4568 MiB, 32607 MiB
2026/09/14 17:52:35.294, 2, 79 %, 4568 MiB, 32607 MiB
2026/09/14 17:52:35.296, 3, 73 %, 4550 MiB, 32607 MiB
2026/09/14 17:52:40.298, 0, 83 %, 4548 MiB, 32607 MiB
2026/09/14 17:52:40.300, 1, 84 %, 4568 MiB, 32607 MiB
2026/09/14 17:52:40.301, 2, 87 %, 4568 MiB, 32607 MiB
2026/09/14 17:52:40.302, 3, 81 %, 4550 MiB, 32607 MiB
2026/09/14 17:52:45.303, 0, 86 %, 4548 MiB, 32607 MiB
2026/09/14 17:52:45.306, 1, 84 %, 4568 MiB, 32607 MiB
2026/09/14 17:52:45.309, 2, 87 %, 4568 MiB, 32607 MiB
2026/09/14 17:52:45.311, 3, 77 %, 4550 MiB, 32607 MiB
2026/09/14 17:52:50.313, 0, 86 %, 4548 MiB, 32607 MiB
2026/09/14 17:52:50.315, 1, 84 %, 4568 MiB, 32607 MiB
2026/09/14 17:52:50.316, 2, 84 %, 4568 MiB, 32607 MiB
2026/09/14 17:52:50.317, 3, 84 %, 4550 MiB, 32607 MiB
2026/09/14 17:52:55.318, 0, 39 %, 4548 MiB, 32607 MiB
2026/09/14 17:52:55.320, 1, 100 %, 4568 MiB, 32607 MiB
2026/09/14 17:52:55.321, 2, 100 %, 4568 MiB, 32607 MiB
2026/09/14 17:52:55.322, 3, 100 %, 4550 MiB, 32607 MiB
2026/09/14 17:53:00.324, 0, 83 %, 4548 MiB, 32607 MiB
2026/09/14 17:53:00.325, 1, 88 %, 4568 MiB, 32607 MiB
2026/09/14 17:53:00.326, 2, 85 %, 4568 MiB, 32607 MiB
2026/09/14 17:53:00.326, 3, 72 %, 4550 MiB, 32607 MiB
2026/09/14 17:53:05.329, 0, 86 %, 4548 MiB, 32607 MiB
2026/09/14 17:53:05.332, 1, 85 %, 4568 MiB, 32607 MiB
2026/09/14 17:53:05.334, 2, 88 %, 4568 MiB, 32607 MiB
2026/09/14 17:53:05.336, 3, 77 %, 4550 MiB, 32607 MiB
2026/09/14 17:53:10.339, 0, 78 %, 4548 MiB, 32607 MiB
2026/09/14 17:53:10.341, 1, 70 %, 4568 MiB, 32607 MiB
2026/09/14 17:53:10.342, 2, 84 %, 4568 MiB, 32607 MiB
2026/09/14 17:53:10.342, 3, 84 %, 4550 MiB, 32607 MiB
2026/09/14 17:53:15.344, 0, 85 %, 4548 MiB, 32607 MiB
2026/09/14 17:53:15.346, 1, 88 %, 4568 MiB, 32607 MiB
2026/09/14 17:53:15.348, 2, 87 %, 4568 MiB, 32607 MiB
2026/09/14 17:53:15.349, 3, 84 %, 4550 MiB, 32607 MiB
2026/09/14 17:53:20.350, 0, 80 %, 4548 MiB, 32607 MiB
2026/09/14 17:53:20.352, 1, 86 %, 4568 MiB, 32607 MiB
2026/09/14 17:53:20.353, 2, 86 %, 4568 MiB, 32607 MiB
2026/09/14 17:53:20.354, 3, 77 %, 4550 MiB, 32607 MiB
2026/09/14 17:53:25.356, 0, 75 %, 4548 MiB, 32607 MiB
2026/09/14 17:53:25.358, 1, 85 %, 4568 MiB, 32607 MiB
2026/09/14 17:53:25.359, 2, 83 %, 4568 MiB, 32607 MiB
2026/09/14 17:53:25.360, 3, 80 %, 4550 MiB, 32607 MiB
2026/09/14 17:53:30.362, 0, 82 %, 4548 MiB, 32607 MiB
2026/09/14 17:53:30.364, 1, 86 %, 4568 MiB, 32607 MiB
2026/09/14 17:53:30.366, 2, 87 %, 4568 MiB, 32607 MiB
2026/09/14 17:53:30.367, 3, 86 %, 4550 MiB, 32607 MiB
2026/09/14 17:53:35.369, 0, 88 %, 4548 MiB, 32607 MiB
2026/09/14 17:53:35.370, 1, 82 %, 4568 MiB, 32607 MiB
2026/09/14 17:53:35.371, 2, 87 %, 4568 MiB, 32607 MiB
2026/09/14 17:53:35.371, 3, 83 %, 4550 MiB, 32607 MiB
2026/09/14 17:53:40.372, 0, 87 %, 4548 MiB, 32607 MiB
2026/09/14 17:53:40.373, 1, 83 %, 4568 MiB, 32607 MiB
2026/09/14 17:53:40.373, 2, 86 %, 4568 MiB, 32607 MiB
2026/09/14 17:53:40.374, 3, 77 %, 4550 MiB, 32607 MiB
2026/09/14 17:53:45.375, 0, 74 %, 4548 MiB, 32607 MiB
2026/09/14 17:53:45.378, 1, 85 %, 4568 MiB, 32607 MiB
2026/09/14 17:53:45.380, 2, 80 %, 4568 MiB, 32607 MiB
2026/09/14 17:53:45.382, 3, 85 %, 4550 MiB, 32607 MiB
2026/09/14 17:53:50.385, 0, 86 %, 4548 MiB, 32607 MiB
2026/09/14 17:53:50.387, 1, 87 %, 4568 MiB, 32607 MiB
2026/09/14 17:53:50.388, 2, 82 %, 4568 MiB, 32607 MiB
2026/09/14 17:53:50.390, 3, 85 %, 4550 MiB, 32607 MiB
2026/09/14 17:53:55.392, 0, 81 %, 4548 MiB, 32607 MiB
2026/09/14 17:53:55.394, 1, 83 %, 4568 MiB, 32607 MiB
2026/09/14 17:53:55.395, 2, 86 %, 4568 MiB, 32607 MiB
2026/09/14 17:53:55.396, 3, 87 %, 4550 MiB, 32607 MiB
2026/09/14 17:54:00.398, 0, 81 %, 4548 MiB, 32607 MiB
2026/09/14 17:54:00.400, 1, 82 %, 4568 MiB, 32607 MiB
2026/09/14 17:54:00.401, 2, 82 %, 4568 MiB, 32607 MiB
2026/09/14 17:54:00.402, 3, 84 %, 4550 MiB, 32607 MiB
2026/09/14 17:54:05.404, 0, 86 %, 4548 MiB, 32607 MiB
2026/09/14 17:54:05.406, 1, 84 %, 4568 MiB, 32607 MiB
2026/09/14 17:54:05.406, 2, 84 %, 4568 MiB, 32607 MiB
2026/09/14 17:54:05.408, 3, 80 %, 4550 MiB, 32607 MiB
2026/09/14 17:54:10.410, 0, 85 %, 4548 MiB, 32607 MiB
2026/09/14 17:54:10.413, 1, 72 %, 4568 MiB, 32607 MiB
2026/09/14 17:54:10.415, 2, 72 %, 4568 MiB, 32607 MiB
2026/09/14 17:54:10.417, 3, 84 %, 4550 MiB, 32607 MiB
2026/09/14 17:54:15.419, 0, 85 %, 4548 MiB, 32607 MiB
2026/09/14 17:54:15.421, 1, 77 %, 4568 MiB, 32607 MiB
2026/09/14 17:54:15.422, 2, 77 %, 4568 MiB, 32607 MiB
2026/09/14 17:54:15.424, 3, 86 %, 4550 MiB, 32607 MiB
2026/09/14 17:54:20.426, 0, 84 %, 4548 MiB, 32607 MiB
2026/09/14 17:54:20.428, 1, 84 %, 4568 MiB, 32607 MiB
2026/09/14 17:54:20.429, 2, 83 %, 4568 MiB, 32607 MiB
2026/09/14 17:54:20.430, 3, 85 %, 4550 MiB, 32607 MiB
2026/09/14 17:54:25.430, 0, 78 %, 4548 MiB, 32607 MiB
2026/09/14 17:54:25.432, 1, 79 %, 4568 MiB, 32607 MiB
2026/09/14 17:54:25.433, 2, 86 %, 4568 MiB, 32607 MiB
2026/09/14 17:54:25.434, 3, 85 %, 4550 MiB, 32607 MiB
2026/09/14 17:54:30.434, 0, 84 %, 4548 MiB, 32607 MiB
2026/09/14 17:54:30.436, 1, 85 %, 4568 MiB, 32607 MiB
2026/09/14 17:54:30.437, 2, 82 %, 4568 MiB, 32607 MiB
2026/09/14 17:54:30.438, 3, 87 %, 4550 MiB, 32607 MiB
2026/09/14 17:54:35.440, 0, 80 %, 4548 MiB, 32607 MiB
2026/09/14 17:54:35.441, 1, 89 %, 4568 MiB, 32607 MiB
2026/09/14 17:54:35.442, 2, 86 %, 4568 MiB, 32607 MiB
2026/09/14 17:54:35.443, 3, 84 %, 4550 MiB, 32607 MiB
2026/09/14 17:54:40.444, 0, 86 %, 4548 MiB, 32607 MiB
2026/09/14 17:54:40.446, 1, 83 %, 4568 MiB, 32607 MiB
2026/09/14 17:54:40.449, 2, 76 %, 4568 MiB, 32607 MiB
2026/09/14 17:54:40.450, 3, 83 %, 4550 MiB, 32607 MiB
2026/09/14 17:54:45.452, 0, 81 %, 4548 MiB, 32607 MiB
2026/09/14 17:54:45.454, 1, 88 %, 4568 MiB, 32607 MiB
2026/09/14 17:54:45.455, 2, 87 %, 4568 MiB, 32607 MiB
2026/09/14 17:54:45.456, 3, 84 %, 4550 MiB, 32607 MiB
2026/09/14 17:54:50.458, 0, 80 %, 4548 MiB, 32607 MiB
2026/09/14 17:54:50.458, 1, 85 %, 4568 MiB, 32607 MiB
2026/09/14 17:54:50.459, 2, 83 %, 4568 MiB, 32607 MiB
2026/09/14 17:54:50.461, 3, 79 %, 4550 MiB, 32607 MiB
2026/09/14 17:54:55.462, 0, 85 %, 4548 MiB, 32607 MiB
2026/09/14 17:54:55.464, 1, 81 %, 4568 MiB, 32607 MiB
2026/09/14 17:54:55.465, 2, 84 %, 4568 MiB, 32607 MiB
2026/09/14 17:54:55.466, 3, 71 %, 4550 MiB, 32607 MiB
2026/09/14 17:55:00.468, 0, 83 %, 4548 MiB, 32607 MiB
2026/09/14 17:55:00.469, 1, 91 %, 4568 MiB, 32607 MiB
2026/09/14 17:55:00.470, 2, 86 %, 4568 MiB, 32607 MiB
2026/09/14 17:55:00.472, 3, 77 %, 4550 MiB, 32607 MiB
2026/09/14 17:55:05.473, 0, 87 %, 4548 MiB, 32607 MiB
2026/09/14 17:55:05.474, 1, 79 %, 4568 MiB, 32607 MiB
2026/09/14 17:55:05.476, 2, 82 %, 4568 MiB, 32607 MiB
2026/09/14 17:55:05.477, 3, 87 %, 4550 MiB, 32607 MiB
2026/09/14 17:55:10.478, 0, 84 %, 4548 MiB, 32607 MiB
2026/09/14 17:55:10.479, 1, 85 %, 4568 MiB, 32607 MiB
2026/09/14 17:55:10.480, 2, 83 %, 4568 MiB, 32607 MiB
2026/09/14 17:55:10.482, 3, 83 %, 4550 MiB, 32607 MiB
2026/09/14 17:55:15.483, 0, 88 %, 4548 MiB, 32607 MiB
2026/09/14 17:55:15.485, 1, 80 %, 4568 MiB, 32607 MiB
2026/09/14 17:55:15.486, 2, 83 %, 4568 MiB, 32607 MiB
2026/09/14 17:55:15.487, 3, 85 %, 4550 MiB, 32607 MiB
2026/09/14 17:55:20.488, 0, 84 %, 4548 MiB, 32607 MiB
2026/09/14 17:55:20.490, 1, 83 %, 4568 MiB, 32607 MiB
2026/09/14 17:55:20.492, 2, 84 %, 4568 MiB, 32607 MiB
2026/09/14 17:55:20.493, 3, 80 %, 4550 MiB, 32607 MiB
2026/09/14 17:55:25.494, 0, 85 %, 4548 MiB, 32607 MiB
2026/09/14 17:55:25.496, 1, 83 %, 4568 MiB, 32607 MiB
2026/09/14 17:55:25.497, 2, 84 %, 4568 MiB, 32607 MiB
2026/09/14 17:55:25.498, 3, 86 %, 4550 MiB, 32607 MiB
2026/09/14 17:55:30.499, 0, 89 %, 4548 MiB, 32607 MiB
2026/09/14 17:55:30.501, 1, 86 %, 4568 MiB, 32607 MiB
2026/09/14 17:55:30.502, 2, 81 %, 4568 MiB, 32607 MiB
2026/09/14 17:55:30.503, 3, 73 %, 4550 MiB, 32607 MiB
2026/09/14 17:55:35.504, 0, 84 %, 4548 MiB, 32607 MiB
2026/09/14 17:55:35.505, 1, 82 %, 4568 MiB, 32607 MiB
2026/09/14 17:55:35.507, 2, 88 %, 4568 MiB, 32607 MiB
2026/09/14 17:55:35.508, 3, 88 %, 4550 MiB, 32607 MiB
2026/09/14 17:55:40.509, 0, 83 %, 4548 MiB, 32607 MiB
2026/09/14 17:55:40.512, 1, 85 %, 4568 MiB, 32607 MiB
2026/09/14 17:55:40.513, 2, 82 %, 4568 MiB, 32607 MiB
2026/09/14 17:55:40.514, 3, 88 %, 4550 MiB, 32607 MiB
2026/09/14 17:55:45.516, 0, 86 %, 4548 MiB, 32607 MiB
2026/09/14 17:55:45.517, 1, 82 %, 4568 MiB, 32607 MiB
2026/09/14 17:55:45.518, 2, 85 %, 4568 MiB, 32607 MiB
2026/09/14 17:55:45.520, 3, 76 %, 4550 MiB, 32607 MiB
2026/09/14 17:55:50.521, 0, 86 %, 4548 MiB, 32607 MiB
2026/09/14 17:55:50.522, 1, 83 %, 4568 MiB, 32607 MiB
2026/09/14 17:55:50.524, 2, 87 %, 4568 MiB, 32607 MiB
2026/09/14 17:55:50.525, 3, 81 %, 4550 MiB, 32607 MiB
2026/09/14 17:55:55.526, 0, 48 %, 4548 MiB, 32607 MiB
2026/09/14 17:55:55.529, 1, 100 %, 4568 MiB, 32607 MiB
2026/09/14 17:55:55.530, 2, 100 %, 4568 MiB, 32607 MiB
2026/09/14 17:55:55.532, 3, 100 %, 4550 MiB, 32607 MiB
2026/09/14 17:56:00.533, 0, 0 %, 4548 MiB, 32607 MiB
2026/09/14 17:56:00.536, 1, 100 %, 4568 MiB, 32607 MiB
2026/09/14 17:56:00.537, 2, 100 %, 4568 MiB, 32607 MiB
2026/09/14 17:56:00.538, 3, 100 %, 4550 MiB, 32607 MiB
2026/09/14 17:56:05.540, 0, 62 %, 4548 MiB, 32607 MiB
2026/09/14 17:56:05.543, 1, 87 %, 4568 MiB, 32607 MiB
2026/09/14 17:56:05.545, 2, 86 %, 4568 MiB, 32607 MiB
2026/09/14 17:56:05.546, 3, 100 %, 4550 MiB, 32607 MiB
2026/09/14 17:56:10.548, 0, 86 %, 4548 MiB, 32607 MiB
2026/09/14 17:56:10.551, 1, 84 %, 4568 MiB, 32607 MiB
2026/09/14 17:56:10.551, 2, 86 %, 4568 MiB, 32607 MiB
2026/09/14 17:56:10.552, 3, 87 %, 4550 MiB, 32607 MiB
2026/09/14 17:56:15.556, 0, 87 %, 4548 MiB, 32607 MiB
2026/09/14 17:56:15.558, 1, 88 %, 4568 MiB, 32607 MiB
2026/09/14 17:56:15.559, 2, 86 %, 4568 MiB, 32607 MiB
2026/09/14 17:56:15.561, 3, 87 %, 4550 MiB, 32607 MiB
2026/09/14 17:56:20.562, 0, 87 %, 4548 MiB, 32607 MiB
2026/09/14 17:56:20.564, 1, 86 %, 4568 MiB, 32607 MiB
2026/09/14 17:56:20.565, 2, 82 %, 4568 MiB, 32607 MiB
2026/09/14 17:56:20.566, 3, 89 %, 4550 MiB, 32607 MiB
2026/09/14 17:56:25.568, 0, 89 %, 4548 MiB, 32607 MiB
2026/09/14 17:56:25.570, 1, 85 %, 4568 MiB, 32607 MiB
2026/09/14 17:56:25.571, 2, 87 %, 4568 MiB, 32607 MiB
2026/09/14 17:56:25.573, 3, 87 %, 4550 MiB, 32607 MiB
2026/09/14 17:56:30.574, 0, 84 %, 4548 MiB, 32607 MiB
2026/09/14 17:56:30.576, 1, 84 %, 4568 MiB, 32607 MiB
2026/09/14 17:56:30.577, 2, 84 %, 4568 MiB, 32607 MiB
2026/09/14 17:56:30.578, 3, 82 %, 4550 MiB, 32607 MiB
2026/09/14 17:56:35.578, 0, 86 %, 4548 MiB, 32607 MiB
2026/09/14 17:56:35.580, 1, 86 %, 4568 MiB, 32607 MiB
2026/09/14 17:56:35.581, 2, 82 %, 4568 MiB, 32607 MiB
2026/09/14 17:56:35.582, 3, 90 %, 4550 MiB, 32607 MiB
2026/09/14 17:56:40.584, 0, 0 %, 4548 MiB, 32607 MiB
2026/09/14 17:56:40.586, 1, 100 %, 4568 MiB, 32607 MiB
2026/09/14 17:56:40.588, 2, 100 %, 4568 MiB, 32607 MiB
2026/09/14 17:56:40.590, 3, 100 %, 4550 MiB, 32607 MiB
2026/09/14 17:56:45.591, 0, 87 %, 4548 MiB, 32607 MiB
2026/09/14 17:56:45.593, 1, 81 %, 4568 MiB, 32607 MiB
2026/09/14 17:56:45.595, 2, 84 %, 4568 MiB, 32607 MiB
2026/09/14 17:56:45.596, 3, 81 %, 4550 MiB, 32607 MiB
2026/09/14 17:56:50.598, 0, 82 %, 4548 MiB, 32607 MiB
2026/09/14 17:56:50.600, 1, 83 %, 4568 MiB, 32607 MiB
2026/09/14 17:56:50.601, 2, 84 %, 4568 MiB, 32607 MiB
2026/09/14 17:56:50.602, 3, 85 %, 4550 MiB, 32607 MiB
2026/09/14 17:56:55.604, 0, 81 %, 4548 MiB, 32607 MiB
2026/09/14 17:56:55.606, 1, 79 %, 4568 MiB, 32607 MiB
2026/09/14 17:56:55.608, 2, 78 %, 4568 MiB, 32607 MiB
2026/09/14 17:56:55.609, 3, 86 %, 4550 MiB, 32607 MiB
2026/09/14 17:57:00.611, 0, 75 %, 4548 MiB, 32607 MiB
2026/09/14 17:57:00.613, 1, 84 %, 4568 MiB, 32607 MiB
2026/09/14 17:57:00.614, 2, 77 %, 4568 MiB, 32607 MiB
2026/09/14 17:57:00.614, 3, 84 %, 4550 MiB, 32607 MiB
2026/09/14 17:57:05.615, 0, 81 %, 4548 MiB, 32607 MiB
2026/09/14 17:57:05.617, 1, 83 %, 4568 MiB, 32607 MiB
2026/09/14 17:57:05.619, 2, 83 %, 4568 MiB, 32607 MiB
2026/09/14 17:57:05.622, 3, 83 %, 4550 MiB, 32607 MiB
2026/09/14 17:57:10.622, 0, 84 %, 4548 MiB, 32607 MiB
2026/09/14 17:57:10.624, 1, 79 %, 4568 MiB, 32607 MiB
2026/09/14 17:57:10.625, 2, 77 %, 4568 MiB, 32607 MiB
2026/09/14 17:57:10.627, 3, 86 %, 4550 MiB, 32607 MiB
2026/09/14 17:57:15.629, 0, 0 %, 4548 MiB, 32607 MiB
2026/09/14 17:57:15.631, 1, 100 %, 4568 MiB, 32607 MiB
2026/09/14 17:57:15.632, 2, 100 %, 4568 MiB, 32607 MiB
2026/09/14 17:57:15.633, 3, 100 %, 4550 MiB, 32607 MiB
2026/09/14 17:57:20.634, 0, 88 %, 4548 MiB, 32607 MiB
2026/09/14 17:57:20.636, 1, 80 %, 4568 MiB, 32607 MiB
2026/09/14 17:57:20.638, 2, 79 %, 4568 MiB, 32607 MiB
2026/09/14 17:57:20.639, 3, 87 %, 4550 MiB, 32607 MiB
2026/09/14 17:57:25.640, 0, 91 %, 4548 MiB, 32607 MiB
2026/09/14 17:57:25.641, 1, 82 %, 4568 MiB, 32607 MiB
2026/09/14 17:57:25.642, 2, 78 %, 4568 MiB, 32607 MiB
2026/09/14 17:57:25.644, 3, 85 %, 4550 MiB, 32607 MiB
2026/09/14 17:57:30.645, 0, 77 %, 4548 MiB, 32607 MiB
2026/09/14 17:57:30.646, 1, 82 %, 4568 MiB, 32607 MiB
2026/09/14 17:57:30.646, 2, 84 %, 4568 MiB, 32607 MiB
2026/09/14 17:57:30.647, 3, 86 %, 4550 MiB, 32607 MiB
2026/09/14 17:57:35.648, 0, 84 %, 4548 MiB, 32607 MiB
2026/09/14 17:57:35.649, 1, 86 %, 4568 MiB, 32607 MiB
2026/09/14 17:57:35.651, 2, 85 %, 4568 MiB, 32607 MiB
2026/09/14 17:57:35.652, 3, 86 %, 4550 MiB, 32607 MiB
2026/09/14 17:57:40.654, 0, 90 %, 4548 MiB, 32607 MiB
2026/09/14 17:57:40.655, 1, 83 %, 4568 MiB, 32607 MiB
2026/09/14 17:57:40.657, 2, 83 %, 4568 MiB, 32607 MiB
2026/09/14 17:57:40.658, 3, 78 %, 4550 MiB, 32607 MiB
2026/09/14 17:57:45.658, 0, 80 %, 4548 MiB, 32607 MiB
2026/09/14 17:57:45.660, 1, 89 %, 4568 MiB, 32607 MiB
2026/09/14 17:57:45.661, 2, 86 %, 4568 MiB, 32607 MiB
2026/09/14 17:57:45.662, 3, 83 %, 4550 MiB, 32607 MiB
2026/09/14 17:57:50.662, 0, 0 %, 4548 MiB, 32607 MiB
2026/09/14 17:57:50.665, 1, 100 %, 4568 MiB, 32607 MiB
2026/09/14 17:57:50.666, 2, 100 %, 4568 MiB, 32607 MiB
2026/09/14 17:57:50.667, 3, 79 %, 4550 MiB, 32607 MiB
2026/09/14 17:57:55.670, 0, 81 %, 4548 MiB, 32607 MiB
2026/09/14 17:57:55.672, 1, 83 %, 4568 MiB, 32607 MiB
2026/09/14 17:57:55.674, 2, 87 %, 4568 MiB, 32607 MiB
2026/09/14 17:57:55.676, 3, 89 %, 4550 MiB, 32607 MiB
2026/09/14 17:58:00.678, 0, 81 %, 4548 MiB, 32607 MiB
2026/09/14 17:58:00.680, 1, 82 %, 4568 MiB, 32607 MiB
2026/09/14 17:58:00.681, 2, 80 %, 4568 MiB, 32607 MiB
2026/09/14 17:58:00.682, 3, 78 %, 4550 MiB, 32607 MiB
2026/09/14 17:58:05.682, 0, 75 %, 4548 MiB, 32607 MiB
2026/09/14 17:58:05.683, 1, 78 %, 4568 MiB, 32607 MiB
2026/09/14 17:58:05.685, 2, 85 %, 4568 MiB, 32607 MiB
2026/09/14 17:58:05.686, 3, 84 %, 4550 MiB, 32607 MiB
2026/09/14 17:58:10.688, 0, 86 %, 4548 MiB, 32607 MiB
2026/09/14 17:58:10.689, 1, 82 %, 4568 MiB, 32607 MiB
2026/09/14 17:58:10.689, 2, 81 %, 4568 MiB, 32607 MiB
2026/09/14 17:58:10.690, 3, 85 %, 4550 MiB, 32607 MiB
2026/09/14 17:58:15.691, 0, 86 %, 4548 MiB, 32607 MiB
2026/09/14 17:58:15.691, 1, 85 %, 4568 MiB, 32607 MiB
2026/09/14 17:58:15.692, 2, 76 %, 4568 MiB, 32607 MiB
2026/09/14 17:58:15.693, 3, 86 %, 4550 MiB, 32607 MiB
2026/09/14 17:58:20.694, 0, 88 %, 4548 MiB, 32607 MiB
2026/09/14 17:58:20.696, 1, 85 %, 4568 MiB, 32607 MiB
2026/09/14 17:58:20.697, 2, 82 %, 4568 MiB, 32607 MiB
2026/09/14 17:58:20.698, 3, 89 %, 4550 MiB, 32607 MiB
2026/09/14 17:58:25.699, 0, 85 %, 4548 MiB, 32607 MiB
2026/09/14 17:58:25.701, 1, 78 %, 4568 MiB, 32607 MiB
2026/09/14 17:58:25.703, 2, 83 %, 4568 MiB, 32607 MiB
2026/09/14 17:58:25.704, 3, 83 %, 4550 MiB, 32607 MiB
2026/09/14 17:58:30.706, 0, 91 %, 4548 MiB, 32607 MiB
2026/09/14 17:58:30.707, 1, 82 %, 4568 MiB, 32607 MiB
2026/09/14 17:58:30.709, 2, 86 %, 4568 MiB, 32607 MiB
2026/09/14 17:58:30.710, 3, 87 %, 4550 MiB, 32607 MiB
2026/09/14 17:58:35.710, 0, 74 %, 4548 MiB, 32607 MiB
2026/09/14 17:58:35.712, 1, 90 %, 4568 MiB, 32607 MiB
2026/09/14 17:58:35.714, 2, 86 %, 4568 MiB, 32607 MiB
2026/09/14 17:58:35.716, 3, 86 %, 4550 MiB, 32607 MiB
2026/09/14 17:58:40.718, 0, 72 %, 4548 MiB, 32607 MiB
2026/09/14 17:58:40.719, 1, 84 %, 4568 MiB, 32607 MiB
2026/09/14 17:58:40.721, 2, 81 %, 4568 MiB, 32607 MiB
2026/09/14 17:58:40.721, 3, 77 %, 4550 MiB, 32607 MiB
2026/09/14 17:58:45.722, 0, 87 %, 4548 MiB, 32607 MiB
2026/09/14 17:58:45.725, 1, 79 %, 4568 MiB, 32607 MiB
2026/09/14 17:58:45.726, 2, 83 %, 4568 MiB, 32607 MiB
2026/09/14 17:58:45.728, 3, 87 %, 4550 MiB, 32607 MiB
2026/09/14 17:58:50.730, 0, 83 %, 4548 MiB, 32607 MiB
2026/09/14 17:58:50.733, 1, 79 %, 4568 MiB, 32607 MiB
2026/09/14 17:58:50.735, 2, 86 %, 4568 MiB, 32607 MiB
2026/09/14 17:58:50.738, 3, 86 %, 4550 MiB, 32607 MiB
2026/09/14 17:58:55.739, 0, 86 %, 4548 MiB, 32607 MiB
2026/09/14 17:58:55.741, 1, 70 %, 4568 MiB, 32607 MiB
2026/09/14 17:58:55.743, 2, 78 %, 4568 MiB, 32607 MiB
2026/09/14 17:58:55.744, 3, 85 %, 4550 MiB, 32607 MiB
2026/09/14 17:59:00.746, 0, 85 %, 4548 MiB, 32607 MiB
2026/09/14 17:59:00.748, 1, 100 %, 4568 MiB, 32607 MiB
2026/09/14 17:59:00.750, 2, 100 %, 4568 MiB, 32607 MiB
2026/09/14 17:59:00.752, 3, 74 %, 4550 MiB, 32607 MiB
2026/09/14 17:59:05.754, 0, 66 %, 4548 MiB, 32607 MiB
2026/09/14 17:59:05.756, 1, 100 %, 4568 MiB, 32607 MiB
2026/09/14 17:59:05.757, 2, 100 %, 4568 MiB, 32607 MiB
2026/09/14 17:59:05.758, 3, 100 %, 4550 MiB, 32607 MiB
2026/09/14 17:59:10.761, 0, 89 %, 4548 MiB, 32607 MiB
2026/09/14 17:59:10.763, 1, 85 %, 4568 MiB, 32607 MiB
2026/09/14 17:59:10.764, 2, 84 %, 4568 MiB, 32607 MiB
2026/09/14 17:59:10.766, 3, 85 %, 4550 MiB, 32607 MiB
2026/09/14 17:59:15.768, 0, 82 %, 4548 MiB, 32607 MiB
2026/09/14 17:59:15.769, 1, 87 %, 4568 MiB, 32607 MiB
2026/09/14 17:59:15.771, 2, 85 %, 4568 MiB, 32607 MiB
2026/09/14 17:59:15.772, 3, 88 %, 4550 MiB, 32607 MiB
2026/09/14 17:59:20.773, 0, 86 %, 4548 MiB, 32607 MiB
2026/09/14 17:59:20.776, 1, 84 %, 4568 MiB, 32607 MiB
2026/09/14 17:59:20.777, 2, 84 %, 4568 MiB, 32607 MiB
2026/09/14 17:59:20.778, 3, 74 %, 4550 MiB, 32607 MiB
2026/09/14 17:59:25.779, 0, 85 %, 4548 MiB, 32607 MiB
2026/09/14 17:59:25.781, 1, 88 %, 4568 MiB, 32607 MiB
2026/09/14 17:59:25.782, 2, 84 %, 4568 MiB, 32607 MiB
2026/09/14 17:59:25.783, 3, 83 %, 4550 MiB, 32607 MiB
2026/09/14 17:59:30.785, 0, 85 %, 4548 MiB, 32607 MiB
2026/09/14 17:59:30.787, 1, 86 %, 4568 MiB, 32607 MiB
2026/09/14 17:59:30.788, 2, 85 %, 4568 MiB, 32607 MiB
2026/09/14 17:59:30.788, 3, 78 %, 4550 MiB, 32607 MiB
2026/09/14 17:59:35.789, 0, 87 %, 4548 MiB, 32607 MiB
2026/09/14 17:59:35.790, 1, 90 %, 4568 MiB, 32607 MiB
2026/09/14 17:59:35.792, 2, 88 %, 4568 MiB, 32607 MiB
2026/09/14 17:59:35.793, 3, 81 %, 4550 MiB, 32607 MiB
2026/09/14 17:59:40.795, 0, 85 %, 4548 MiB, 32607 MiB
2026/09/14 17:59:40.796, 1, 83 %, 4568 MiB, 32607 MiB
2026/09/14 17:59:40.797, 2, 81 %, 4568 MiB, 32607 MiB
2026/09/14 17:59:40.798, 3, 80 %, 4550 MiB, 32607 MiB
2026/09/14 17:59:45.800, 0, 86 %, 4548 MiB, 32607 MiB
2026/09/14 17:59:45.801, 1, 82 %, 4568 MiB, 32607 MiB
2026/09/14 17:59:45.802, 2, 75 %, 4568 MiB, 32607 MiB
2026/09/14 17:59:45.803, 3, 82 %, 4550 MiB, 32607 MiB
2026/09/14 17:59:50.804, 0, 85 %, 4548 MiB, 32607 MiB
2026/09/14 17:59:50.806, 1, 90 %, 4568 MiB, 32607 MiB
2026/09/14 17:59:50.808, 2, 80 %, 4568 MiB, 32607 MiB
2026/09/14 17:59:50.810, 3, 82 %, 4550 MiB, 32607 MiB
2026/09/14 17:59:55.813, 0, 85 %, 4548 MiB, 32607 MiB
2026/09/14 17:59:55.814, 1, 86 %, 4568 MiB, 32607 MiB
2026/09/14 17:59:55.816, 2, 86 %, 4568 MiB, 32607 MiB
2026/09/14 17:59:55.817, 3, 85 %, 4550 MiB, 32607 MiB
2026/09/14 18:00:00.818, 0, 84 %, 4548 MiB, 32607 MiB
2026/09/14 18:00:00.820, 1, 86 %, 4568 MiB, 32607 MiB
2026/09/14 18:00:00.822, 2, 85 %, 4568 MiB, 32607 MiB
2026/09/14 18:00:00.823, 3, 85 %, 4550 MiB, 32607 MiB
2026/09/14 18:00:05.825, 0, 83 %, 4548 MiB, 32607 MiB
2026/09/14 18:00:05.826, 1, 83 %, 4568 MiB, 32607 MiB
2026/09/14 18:00:05.828, 2, 84 %, 4568 MiB, 32607 MiB
2026/09/14 18:00:05.829, 3, 82 %, 4550 MiB, 32607 MiB
2026/09/14 18:00:10.830, 0, 84 %, 4548 MiB, 32607 MiB
2026/09/14 18:00:10.831, 1, 87 %, 4568 MiB, 32607 MiB
2026/09/14 18:00:10.833, 2, 89 %, 4568 MiB, 32607 MiB
2026/09/14 18:00:10.834, 3, 77 %, 4550 MiB, 32607 MiB
2026/09/14 18:00:15.834, 0, 75 %, 4548 MiB, 32607 MiB
2026/09/14 18:00:15.835, 1, 83 %, 4568 MiB, 32607 MiB
2026/09/14 18:00:15.836, 2, 77 %, 4568 MiB, 32607 MiB
2026/09/14 18:00:15.836, 3, 86 %, 4550 MiB, 32607 MiB
2026/09/14 18:00:20.838, 0, 0 %, 4548 MiB, 32607 MiB
2026/09/14 18:00:20.840, 1, 100 %, 4568 MiB, 32607 MiB
2026/09/14 18:00:20.842, 2, 100 %, 4568 MiB, 32607 MiB
2026/09/14 18:00:20.844, 3, 100 %, 4550 MiB, 32607 MiB
2026/09/14 18:00:25.846, 0, 82 %, 4548 MiB, 32607 MiB
2026/09/14 18:00:25.848, 1, 88 %, 4568 MiB, 32607 MiB
2026/09/14 18:00:25.849, 2, 88 %, 4568 MiB, 32607 MiB
2026/09/14 18:00:25.851, 3, 81 %, 4550 MiB, 32607 MiB
2026/09/14 18:00:30.852, 0, 78 %, 4548 MiB, 32607 MiB
2026/09/14 18:00:30.854, 1, 85 %, 4568 MiB, 32607 MiB
2026/09/14 18:00:30.855, 2, 85 %, 4568 MiB, 32607 MiB
2026/09/14 18:00:30.856, 3, 83 %, 4550 MiB, 32607 MiB
2026/09/14 18:00:35.858, 0, 82 %, 4548 MiB, 32607 MiB
2026/09/14 18:00:35.859, 1, 84 %, 4568 MiB, 32607 MiB
2026/09/14 18:00:35.860, 2, 87 %, 4568 MiB, 32607 MiB
2026/09/14 18:00:35.861, 3, 87 %, 4550 MiB, 32607 MiB
2026/09/14 18:00:40.862, 0, 86 %, 4548 MiB, 32607 MiB
2026/09/14 18:00:40.864, 1, 86 %, 4568 MiB, 32607 MiB
2026/09/14 18:00:40.865, 2, 85 %, 4568 MiB, 32607 MiB
2026/09/14 18:00:40.866, 3, 86 %, 4550 MiB, 32607 MiB
2026/09/14 18:00:45.868, 0, 86 %, 4548 MiB, 32607 MiB
2026/09/14 18:00:45.870, 1, 86 %, 4568 MiB, 32607 MiB
2026/09/14 18:00:45.872, 2, 83 %, 4568 MiB, 32607 MiB
2026/09/14 18:00:45.873, 3, 80 %, 4550 MiB, 32607 MiB
2026/09/14 18:00:50.874, 0, 85 %, 4548 MiB, 32607 MiB
2026/09/14 18:00:50.877, 1, 74 %, 4568 MiB, 32607 MiB
2026/09/14 18:00:50.878, 2, 82 %, 4568 MiB, 32607 MiB
2026/09/14 18:00:50.880, 3, 86 %, 4550 MiB, 32607 MiB
2026/09/14 18:00:55.882, 0, 87 %, 4548 MiB, 32607 MiB
2026/09/14 18:00:55.884, 1, 86 %, 4568 MiB, 32607 MiB
2026/09/14 18:00:55.885, 2, 82 %, 4568 MiB, 32607 MiB
2026/09/14 18:00:55.887, 3, 100 %, 4550 MiB, 32607 MiB
2026/09/14 18:01:00.889, 0, 84 %, 4548 MiB, 32607 MiB
2026/09/14 18:01:00.891, 1, 82 %, 4568 MiB, 32607 MiB
2026/09/14 18:01:00.892, 2, 86 %, 4568 MiB, 32607 MiB
2026/09/14 18:01:00.893, 3, 83 %, 4550 MiB, 32607 MiB
2026/09/14 18:01:05.894, 0, 82 %, 4548 MiB, 32607 MiB
2026/09/14 18:01:05.896, 1, 81 %, 4568 MiB, 32607 MiB
2026/09/14 18:01:05.897, 2, 84 %, 4568 MiB, 32607 MiB
2026/09/14 18:01:05.898, 3, 85 %, 4550 MiB, 32607 MiB
2026/09/14 18:01:10.899, 0, 72 %, 4548 MiB, 32607 MiB
2026/09/14 18:01:10.901, 1, 86 %, 4568 MiB, 32607 MiB
2026/09/14 18:01:10.902, 2, 85 %, 4568 MiB, 32607 MiB
2026/09/14 18:01:10.902, 3, 88 %, 4550 MiB, 32607 MiB
2026/09/14 18:01:15.902, 0, 86 %, 4548 MiB, 32607 MiB
2026/09/14 18:01:15.904, 1, 86 %, 4568 MiB, 32607 MiB
2026/09/14 18:01:15.906, 2, 86 %, 4568 MiB, 32607 MiB
2026/09/14 18:01:15.907, 3, 91 %, 4550 MiB, 32607 MiB
2026/09/14 18:01:20.909, 0, 86 %, 4548 MiB, 32607 MiB
2026/09/14 18:01:20.910, 1, 80 %, 4568 MiB, 32607 MiB
2026/09/14 18:01:20.911, 2, 75 %, 4568 MiB, 32607 MiB
2026/09/14 18:01:20.913, 3, 85 %, 4550 MiB, 32607 MiB
2026/09/14 18:01:25.914, 0, 81 %, 4548 MiB, 32607 MiB
2026/09/14 18:01:25.916, 1, 87 %, 4568 MiB, 32607 MiB
2026/09/14 18:01:25.918, 2, 84 %, 4568 MiB, 32607 MiB
2026/09/14 18:01:25.919, 3, 83 %, 4550 MiB, 32607 MiB
2026/09/14 18:01:30.920, 0, 85 %, 4548 MiB, 32607 MiB
2026/09/14 18:01:30.923, 1, 85 %, 4568 MiB, 32607 MiB
2026/09/14 18:01:30.925, 2, 81 %, 4568 MiB, 32607 MiB
2026/09/14 18:01:30.926, 3, 100 %, 4550 MiB, 32607 MiB
2026/09/14 18:01:35.928, 0, 83 %, 4548 MiB, 32607 MiB
2026/09/14 18:01:35.931, 1, 83 %, 4568 MiB, 32607 MiB
2026/09/14 18:01:35.932, 2, 83 %, 4568 MiB, 32607 MiB
2026/09/14 18:01:35.934, 3, 68 %, 4550 MiB, 32607 MiB
2026/09/14 18:01:40.934, 0, 86 %, 4548 MiB, 32607 MiB
2026/09/14 18:01:40.936, 1, 90 %, 4568 MiB, 32607 MiB
2026/09/14 18:01:40.937, 2, 86 %, 4568 MiB, 32607 MiB
2026/09/14 18:01:40.938, 3, 86 %, 4550 MiB, 32607 MiB
2026/09/14 18:01:45.939, 0, 85 %, 4548 MiB, 32607 MiB
2026/09/14 18:01:45.941, 1, 81 %, 4568 MiB, 32607 MiB
2026/09/14 18:01:45.942, 2, 83 %, 4568 MiB, 32607 MiB
2026/09/14 18:01:45.943, 3, 83 %, 4550 MiB, 32607 MiB
2026/09/14 18:01:50.945, 0, 81 %, 4548 MiB, 32607 MiB
2026/09/14 18:01:50.946, 1, 84 %, 4568 MiB, 32607 MiB
2026/09/14 18:01:50.947, 2, 83 %, 4568 MiB, 32607 MiB
2026/09/14 18:01:50.948, 3, 81 %, 4550 MiB, 32607 MiB
2026/09/14 18:01:55.948, 0, 89 %, 4548 MiB, 32607 MiB
2026/09/14 18:01:55.951, 1, 86 %, 4568 MiB, 32607 MiB
2026/09/14 18:01:55.953, 2, 84 %, 4568 MiB, 32607 MiB
2026/09/14 18:01:55.954, 3, 90 %, 4550 MiB, 32607 MiB
2026/09/14 18:02:00.957, 0, 78 %, 4548 MiB, 32607 MiB
2026/09/14 18:02:00.958, 1, 85 %, 4568 MiB, 32607 MiB
2026/09/14 18:02:00.960, 2, 86 %, 4568 MiB, 32607 MiB
2026/09/14 18:02:00.961, 3, 86 %, 4550 MiB, 32607 MiB
2026/09/14 18:02:05.962, 0, 85 %, 4548 MiB, 32607 MiB
2026/09/14 18:02:05.964, 1, 88 %, 4568 MiB, 32607 MiB
2026/09/14 18:02:05.965, 2, 82 %, 4568 MiB, 32607 MiB
2026/09/14 18:02:05.966, 3, 80 %, 4550 MiB, 32607 MiB
2026/09/14 18:02:10.968, 0, 55 %, 4548 MiB, 32607 MiB
2026/09/14 18:02:10.970, 1, 100 %, 4568 MiB, 32607 MiB
2026/09/14 18:02:10.971, 2, 100 %, 4568 MiB, 32607 MiB
2026/09/14 18:02:10.973, 3, 100 %, 4550 MiB, 32607 MiB
