timestamp, index, utilization.gpu [%], memory.used [MiB], memory.total [MiB]
2026/09/14 18:02:25.281, 0, 0 %, 1 MiB, 32607 MiB
2026/09/14 18:02:25.286, 1, 0 %, 1 MiB, 32607 MiB
2026/09/14 18:02:25.290, 2, 0 %, 1 MiB, 32607 MiB
2026/09/14 18:02:25.294, 3, 0 %, 1 MiB, 32607 MiB
2026/09/14 18:02:30.298, 0, 0 %, 4 MiB, 32607 MiB
2026/09/14 18:02:30.303, 1, 0 %, 4 MiB, 32607 MiB
2026/09/14 18:02:30.324, 2, 0 %, 4 MiB, 32607 MiB
2026/09/14 18:02:30.349, 3, 0 %, 4 MiB, 32607 MiB
2026/09/14 18:02:35.367, 0, 85 %, 4480 MiB, 32607 MiB
2026/09/14 18:02:35.369, 1, 83 %, 4506 MiB, 32607 MiB
2026/09/14 18:02:35.370, 2, 84 %, 4568 MiB, 32607 MiB
2026/09/14 18:02:35.371, 3, 85 %, 4508 MiB, 32607 MiB
2026/09/14 18:02:40.372, 0, 82 %, 4546 MiB, 32607 MiB
2026/09/14 18:02:40.374, 1, 80 %, 4568 MiB, 32607 MiB
2026/09/14 18:02:40.375, 2, 81 %, 4568 MiB, 32607 MiB
2026/09/14 18:02:40.377, 3, 88 %, 4508 MiB, 32607 MiB
2026/09/14 18:02:45.378, 0, 85 %, 4548 MiB, 32607 MiB
2026/09/14 18:02:45.379, 1, 76 %, 4568 MiB, 32607 MiB
2026/09/14 18:02:45.380, 2, 85 %, 4568 MiB, 32607 MiB
2026/09/14 18:02:45.381, 3, 86 %, 4508 MiB, 32607 MiB
2026/09/14 18:02:50.382, 0, 84 %, 4548 MiB, 32607 MiB
2026/09/14 18:02:50.384, 1, 83 %, 4568 MiB, 32607 MiB
2026/09/14 18:02:50.386, 2, 83 %, 4568 MiB, 32607 MiB
2026/09/14 18:02:50.386, 3, 86 %, 4548 MiB, 32607 MiB
2026/09/14 18:02:55.388, 0, 84 %, 4548 MiB, 32607 MiB
2026/09/14 18:02:55.390, 1, 86 %, 4568 MiB, 32607 MiB
2026/09/14 18:02:55.392, 2, 82 %, 4568 MiB, 32607 MiB
2026/09/14 18:02:55.393, 3, 79 %, 4548 MiB, 32607 MiB
2026/09/14 18:03:00.395, 0, 81 %, 4548 MiB, 32607 MiB
2026/09/14 18:03:00.397, 1, 73 %, 4568 MiB, 32607 MiB
2026/09/14 18:03:00.398, 2, 68 %, 4568 MiB, 32607 MiB
2026/09/14 18:03:00.400, 3, 85 %, 4548 MiB, 32607 MiB
2026/09/14 18:03:05.402, 0, 80 %, 4548 MiB, 32607 MiB
2026/09/14 18:03:05.404, 1, 81 %, 4568 MiB, 32607 MiB
2026/09/14 18:03:05.405, 2, 76 %, 4568 MiB, 32607 MiB
2026/09/14 18:03:05.406, 3, 81 %, 4548 MiB, 32607 MiB
2026/09/14 18:03:10.407, 0, 83 %, 4548 MiB, 32607 MiB
2026/09/14 18:03:10.410, 1, 86 %, 4568 MiB, 32607 MiB
2026/09/14 18:03:10.412, 2, 82 %, 4568 MiB, 32607 MiB
2026/09/14 18:03:10.414, 3, 84 %, 4550 MiB, 32607 MiB
2026/09/14 18:03:15.414, 0, 86 %, 4548 MiB, 32607 MiB
2026/09/14 18:03:15.416, 1, 82 %, 4568 MiB, 32607 MiB
2026/09/14 18:03:15.417, 2, 78 %, 4568 MiB, 32607 MiB
2026/09/14 18:03:15.418, 3, 87 %, 4550 MiB, 32607 MiB
2026/09/14 18:03:20.419, 0, 84 %, 4548 MiB, 32607 MiB
2026/09/14 18:03:20.420, 1, 88 %, 4568 MiB, 32607 MiB
2026/09/14 18:03:20.421, 2, 85 %, 4568 MiB, 32607 MiB
2026/09/14 18:03:20.422, 3, 86 %, 4550 MiB, 32607 MiB
2026/09/14 18:03:25.423, 0, 84 %, 4548 MiB, 32607 MiB
2026/09/14 18:03:25.424, 1, 81 %, 4568 MiB, 32607 MiB
2026/09/14 18:03:25.426, 2, 78 %, 4568 MiB, 32607 MiB
2026/09/14 18:03:25.427, 3, 77 %, 4550 MiB, 32607 MiB
2026/09/14 18:03:30.428, 0, 85 %, 4548 MiB, 32607 MiB
2026/09/14 18:03:30.429, 1, 84 %, 4568 MiB, 32607 MiB
2026/09/14 18:03:30.431, 2, 91 %, 4568 MiB, 32607 MiB
2026/09/14 18:03:30.432, 3, 84 %, 4550 MiB, 32607 MiB
2026/09/14 18:03:35.433, 0, 83 %, 4548 MiB, 32607 MiB
2026/09/14 18:03:35.436, 1, 81 %, 4568 MiB, 32607 MiB
2026/09/14 18:03:35.437, 2, 81 %, 4568 MiB, 32607 MiB
2026/09/14 18:03:35.438, 3, 83 %, 4550 MiB, 32607 MiB
2026/09/14 18:03:40.440, 0, 87 %, 4548 MiB, 32607 MiB
2026/09/14 18:03:40.442, 1, 81 %, 4568 MiB, 32607 MiB
2026/09/14 18:03:40.443, 2, 83 %, 4568 MiB, 32607 MiB
2026/09/14 18:03:40.444, 3, 87 %, 4550 MiB, 32607 MiB
2026/09/14 18:03:45.446, 0, 84 %, 4548 MiB, 32607 MiB
2026/09/14 18:03:45.448, 1, 81 %, 4568 MiB, 32607 MiB
2026/09/14 18:03:45.449, 2, 80 %, 4568 MiB, 32607 MiB
2026/09/14 18:03:45.449, 3, 84 %, 4550 MiB, 32607 MiB
2026/09/14 18:03:50.450, 0, 84 %, 4548 MiB, 32607 MiB
2026/09/14 18:03:50.452, 1, 82 %, 4568 MiB, 32607 MiB
2026/09/14 18:03:50.455, 2, 84 %, 4568 MiB, 32607 MiB
2026/09/14 18:03:50.456, 3, 86 %, 4550 MiB, 32607 MiB
2026/09/14 18:03:55.459, 0, 86 %, 4548 MiB, 32607 MiB
2026/09/14 18:03:55.461, 1, 80 %, 4568 MiB, 32607 MiB
2026/09/14 18:03:55.462, 2, 83 %, 4568 MiB, 32607 MiB
2026/09/14 18:03:55.462, 3, 79 %, 4550 MiB, 32607 MiB
2026/09/14 18:04:00.463, 0, 85 %, 4548 MiB, 32607 MiB
2026/09/14 18:04:00.465, 1, 89 %, 4568 MiB, 32607 MiB
2026/09/14 18:04:00.468, 2, 85 %, 4568 MiB, 32607 MiB
2026/09/14 18:04:00.469, 3, 83 %, 4550 MiB, 32607 MiB
2026/09/14 18:04:05.470, 0, 84 %, 4548 MiB, 32607 MiB
2026/09/14 18:04:05.473, 1, 79 %, 4568 MiB, 32607 MiB
2026/09/14 18:04:05.475, 2, 85 %, 4568 MiB, 32607 MiB
2026/09/14 18:04:05.477, 3, 89 %, 4550 MiB, 32607 MiB
2026/09/14 18:04:10.479, 0, 81 %, 4548 MiB, 32607 MiB
2026/09/14 18:04:10.481, 1, 84 %, 4568 MiB, 32607 MiB
2026/09/14 18:04:10.482, 2, 87 %, 4568 MiB, 32607 MiB
2026/09/14 18:04:10.484, 3, 87 %, 4550 MiB, 32607 MiB
2026/09/14 18:04:15.485, 0, 85 %, 4548 MiB, 32607 MiB
2026/09/14 18:04:15.486, 1, 79 %, 4568 MiB, 32607 MiB
2026/09/14 18:04:15.488, 2, 85 %, 4568 MiB, 32607 MiB
2026/09/14 18:04:15.489, 3, 86 %, 4550 MiB, 32607 MiB
2026/09/14 18:04:20.491, 0, 85 %, 4548 MiB, 32607 MiB
2026/09/14 18:04:20.493, 1, 85 %, 4568 MiB, 32607 MiB
2026/09/14 18:04:20.494, 2, 84 %, 4568 MiB, 32607 MiB
2026/09/14 18:04:20.495, 3, 85 %, 4550 MiB, 32607 MiB
2026/09/14 18:04:25.496, 0, 85 %, 4548 MiB, 32607 MiB
2026/09/14 18:04:25.498, 1, 86 %, 4568 MiB, 32607 MiB
2026/09/14 18:04:25.500, 2, 85 %, 4568 MiB, 32607 MiB
2026/09/14 18:04:25.502, 3, 81 %, 4550 MiB, 32607 MiB
2026/09/14 18:04:30.503, 0, 82 %, 4548 MiB, 32607 MiB
2026/09/14 18:04:30.506, 1, 84 %, 4568 MiB, 32607 MiB
2026/09/14 18:04:30.508, 2, 80 %, 4568 MiB, 32607 MiB
2026/09/14 18:04:30.510, 3, 83 %, 4550 MiB, 32607 MiB
2026/09/14 18:04:35.512, 0, 85 %, 4548 MiB, 32607 MiB
2026/09/14 18:04:35.515, 1, 76 %, 4568 MiB, 32607 MiB
2026/09/14 18:04:35.516, 2, 84 %, 4568 MiB, 32607 MiB
2026/09/14 18:04:35.517, 3, 86 %, 4550 MiB, 32607 MiB
2026/09/14 18:04:40.519, 0, 84 %, 4548 MiB, 32607 MiB
2026/09/14 18:04:40.521, 1, 85 %, 4568 MiB, 32607 MiB
2026/09/14 18:04:40.524, 2, 87 %, 4568 MiB, 32607 MiB
2026/09/14 18:04:40.525, 3, 83 %, 4550 MiB, 32607 MiB
2026/09/14 18:04:45.526, 0, 84 %, 4548 MiB, 32607 MiB
2026/09/14 18:04:45.528, 1, 89 %, 4568 MiB, 32607 MiB
2026/09/14 18:04:45.529, 2, 85 %, 4568 MiB, 32607 MiB
2026/09/14 18:04:45.530, 3, 82 %, 4550 MiB, 32607 MiB
2026/09/14 18:04:50.532, 0, 86 %, 4548 MiB, 32607 MiB
2026/09/14 18:04:50.533, 1, 83 %, 4568 MiB, 32607 MiB
2026/09/14 18:04:50.534, 2, 79 %, 4568 MiB, 32607 MiB
2026/09/14 18:04:50.534, 3, 83 %, 4550 MiB, 32607 MiB
2026/09/14 18:04:55.535, 0, 84 %, 4548 MiB, 32607 MiB
2026/09/14 18:04:55.536, 1, 82 %, 4568 MiB, 32607 MiB
2026/09/14 18:04:55.538, 2, 83 %, 4568 MiB, 32607 MiB
2026/09/14 18:04:55.540, 3, 78 %, 4550 MiB, 32607 MiB
2026/09/14 18:05:00.542, 0, 91 %, 4548 MiB, 32607 MiB
2026/09/14 18:05:00.543, 1, 84 %, 4568 MiB, 32607 MiB
2026/09/14 18:05:00.545, 2, 82 %, 4568 MiB, 32607 MiB
2026/09/14 18:05:00.546, 3, 86 %, 4550 MiB, 32607 MiB
2026/09/14 18:05:05.547, 0, 83 %, 4548 MiB, 32607 MiB
2026/09/14 18:05:05.549, 1, 84 %, 4568 MiB, 32607 MiB
2026/09/14 18:05:05.550, 2, 82 %, 4568 MiB, 32607 MiB
2026/09/14 18:05:05.550, 3, 76 %, 4550 MiB, 32607 MiB
2026/09/14 18:05:10.551, 0, 81 %, 4548 MiB, 32607 MiB
2026/09/14 18:05:10.553, 1, 81 %, 4568 MiB, 32607 MiB
2026/09/14 18:05:10.554, 2, 82 %, 4568 MiB, 32607 MiB
2026/09/14 18:05:10.555, 3, 83 %, 4550 MiB, 32607 MiB
2026/09/14 18:05:15.556, 0, 88 %, 4548 MiB, 32607 MiB
2026/09/14 18:05:15.558, 1, 84 %, 4568 MiB, 32607 MiB
2026/09/14 18:05:15.558, 2, 85 %, 4568 MiB, 32607 MiB
2026/09/14 18:05:15.559, 3, 81 %, 4550 MiB, 32607 MiB
2026/09/14 18:05:20.561, 0, 83 %, 4548 MiB, 32607 MiB
2026/09/14 18:05:20.563, 1, 84 %, 4568 MiB, 32607 MiB
2026/09/14 18:05:20.564, 2, 85 %, 4568 MiB, 32607 MiB
2026/09/14 18:05:20.565, 3, 86 %, 4550 MiB, 32607 MiB
2026/09/14 18:05:25.567, 0, 81 %, 4548 MiB, 32607 MiB
2026/09/14 18:05:25.568, 1, 87 %, 4568 MiB, 32607 MiB
2026/09/14 18:05:25.569, 2, 85 %, 4568 MiB, 32607 MiB
2026/09/14 18:05:25.570, 3, 87 %, 4550 MiB, 32607 MiB
2026/09/14 18:05:30.572, 0, 58 %, 4548 MiB, 32607 MiB
2026/09/14 18:05:30.573, 1, 100 %, 4568 MiB, 32607 MiB
2026/09/14 18:05:30.574, 2, 100 %, 4568 MiB, 32607 MiB
2026/09/14 18:05:30.575, 3, 100 %, 4550 MiB, 32607 MiB
2026/09/14 18:05:35.576, 0, 0 %, 4548 MiB, 32607 MiB
2026/09/14 18:05:35.577, 1, 100 %, 4568 MiB, 32607 MiB
2026/09/14 18:05:35.579, 2, 100 %, 4568 MiB, 32607 MiB
2026/09/14 18:05:35.580, 3, 100 %, 4550 MiB, 32607 MiB
2026/09/14 18:05:40.581, 0, 84 %, 4548 MiB, 32607 MiB
2026/09/14 18:05:40.583, 1, 83 %, 4568 MiB, 32607 MiB
2026/09/14 18:05:40.584, 2, 86 %, 4568 MiB, 32607 MiB
2026/09/14 18:05:40.584, 3, 84 %, 4550 MiB, 32607 MiB
2026/09/14 18:05:45.585, 0, 86 %, 4548 MiB, 32607 MiB
2026/09/14 18:05:45.587, 1, 82 %, 4568 MiB, 32607 MiB
2026/09/14 18:05:45.588, 2, 84 %, 4568 MiB, 32607 MiB
2026/09/14 18:05:45.589, 3, 83 %, 4550 MiB, 32607 MiB
2026/09/14 18:05:50.590, 0, 87 %, 4548 MiB, 32607 MiB
2026/09/14 18:05:50.592, 1, 83 %, 4568 MiB, 32607 MiB
2026/09/14 18:05:50.593, 2, 80 %, 4568 MiB, 32607 MiB
2026/09/14 18:05:50.594, 3, 85 %, 4550 MiB, 32607 MiB
2026/09/14 18:05:55.595, 0, 85 %, 4548 MiB, 32607 MiB
2026/09/14 18:05:55.597, 1, 84 %, 4568 MiB, 32607 MiB
2026/09/14 18:05:55.600, 2, 76 %, 4568 MiB, 32607 MiB
2026/09/14 18:05:55.602, 3, 88 %, 4550 MiB, 32607 MiB
2026/09/14 18:06:00.604, 0, 80 %, 4548 MiB, 32607 MiB
2026/09/14 18:06:00.605, 1, 81 %, 4568 MiB, 32607 MiB
2026/09/14 18:06:00.606, 2, 86 %, 4570 MiB, 32607 MiB
2026/09/14 18:06:00.606, 3, 85 %, 4550 MiB, 32607 MiB
2026/09/14 18:06:05.607, 0, 89 %, 4548 MiB, 32607 MiB
2026/09/14 18:06:05.609, 1, 76 %, 4568 MiB, 32607 MiB
2026/09/14 18:06:05.610, 2, 81 %, 4570 MiB, 32607 MiB
2026/09/14 18:06:05.612, 3, 87 %, 4550 MiB, 32607 MiB
2026/09/14 18:06:10.614, 0, 84 %, 4548 MiB, 32607 MiB
2026/09/14 18:06:10.615, 1, 85 %, 4568 MiB, 32607 MiB
2026/09/14 18:06:10.616, 2, 82 %, 4570 MiB, 32607 MiB
2026/09/14 18:06:10.616, 3, 83 %, 4550 MiB, 32607 MiB
2026/09/14 18:06:15.617, 0, 77 %, 4548 MiB, 32607 MiB
2026/09/14 18:06:15.619, 1, 80 %, 4568 MiB, 32607 MiB
2026/09/14 18:06:15.622, 2, 85 %, 4570 MiB, 32607 MiB
2026/09/14 18:06:15.622, 3, 88 %, 4550 MiB, 32607 MiB
2026/09/14 18:06:20.625, 0, 83 %, 4548 MiB, 32607 MiB
2026/09/14 18:06:20.628, 1, 82 %, 4568 MiB, 32607 MiB
2026/09/14 18:06:20.630, 2, 82 %, 4570 MiB, 32607 MiB
2026/09/14 18:06:20.632, 3, 88 %, 4550 MiB, 32607 MiB
2026/09/14 18:06:25.634, 0, 82 %, 4548 MiB, 32607 MiB
2026/09/14 18:06:25.636, 1, 77 %, 4568 MiB, 32607 MiB
2026/09/14 18:06:25.638, 2, 85 %, 4570 MiB, 32607 MiB
2026/09/14 18:06:25.638, 3, 82 %, 4550 MiB, 32607 MiB
2026/09/14 18:06:30.640, 0, 82 %, 4548 MiB, 32607 MiB
2026/09/14 18:06:30.642, 1, 87 %, 4568 MiB, 32607 MiB
2026/09/14 18:06:30.644, 2, 84 %, 4570 MiB, 32607 MiB
2026/09/14 18:06:30.646, 3, 82 %, 4550 MiB, 32607 MiB
2026/09/14 18:06:35.648, 0, 85 %, 4548 MiB, 32607 MiB
2026/09/14 18:06:35.651, 1, 84 %, 4568 MiB, 32607 MiB
2026/09/14 18:06:35.653, 2, 84 %, 4570 MiB, 32607 MiB
2026/09/14 18:06:35.654, 3, 79 %, 4550 MiB, 32607 MiB
2026/09/14 18:06:40.657, 0, 86 %, 4548 MiB, 32607 MiB
2026/09/14 18:06:40.658, 1, 78 %, 4568 MiB, 32607 MiB
2026/09/14 18:06:40.658, 2, 81 %, 4570 MiB, 32607 MiB
2026/09/14 18:06:40.659, 3, 86 %, 4550 MiB, 32607 MiB
2026/09/14 18:06:45.661, 0, 82 %, 4548 MiB, 32607 MiB
2026/09/14 18:06:45.663, 1, 89 %, 4568 MiB, 32607 MiB
2026/09/14 18:06:45.664, 2, 90 %, 4570 MiB, 32607 MiB
2026/09/14 18:06:45.666, 3, 83 %, 4550 MiB, 32607 MiB
2026/09/14 18:06:50.667, 0, 84 %, 4548 MiB, 32607 MiB
2026/09/14 18:06:50.669, 1, 83 %, 4568 MiB, 32607 MiB
2026/09/14 18:06:50.671, 2, 78 %, 4570 MiB, 32607 MiB
2026/09/14 18:06:50.672, 3, 86 %, 4550 MiB, 32607 MiB
2026/09/14 18:06:55.673, 0, 83 %, 4548 MiB, 32607 MiB
2026/09/14 18:06:55.675, 1, 83 %, 4568 MiB, 32607 MiB
2026/09/14 18:06:55.676, 2, 85 %, 4570 MiB, 32607 MiB
2026/09/14 18:06:55.678, 3, 81 %, 4550 MiB, 32607 MiB
2026/09/14 18:07:00.678, 0, 82 %, 4548 MiB, 32607 MiB
2026/09/14 18:07:00.680, 1, 83 %, 4568 MiB, 32607 MiB
2026/09/14 18:07:00.682, 2, 82 %, 4570 MiB, 32607 MiB
2026/09/14 18:07:00.683, 3, 80 %, 4550 MiB, 32607 MiB
2026/09/14 18:07:05.684, 0, 79 %, 4548 MiB, 32607 MiB
2026/09/14 18:07:05.687, 1, 84 %, 4568 MiB, 32607 MiB
2026/09/14 18:07:05.688, 2, 81 %, 4570 MiB, 32607 MiB
2026/09/14 18:07:05.689, 3, 82 %, 4550 MiB, 32607 MiB
2026/09/14 18:07:10.691, 0, 77 %, 4548 MiB, 32607 MiB
2026/09/14 18:07:10.693, 1, 87 %, 4568 MiB, 32607 MiB
2026/09/14 18:07:10.695, 2, 82 %, 4570 MiB, 32607 MiB
2026/09/14 18:07:10.697, 3, 81 %, 4550 MiB, 32607 MiB
2026/09/14 18:07:15.698, 0, 84 %, 4548 MiB, 32607 MiB
2026/09/14 18:07:15.700, 1, 83 %, 4568 MiB, 32607 MiB
2026/09/14 18:07:15.701, 2, 78 %, 4570 MiB, 32607 MiB
2026/09/14 18:07:15.702, 3, 83 %, 4550 MiB, 32607 MiB
2026/09/14 18:07:20.703, 0, 75 %, 4548 MiB, 32607 MiB
2026/09/14 18:07:20.704, 1, 86 %, 4568 MiB, 32607 MiB
2026/09/14 18:07:20.704, 2, 84 %, 4570 MiB, 32607 MiB
2026/09/14 18:07:20.705, 3, 87 %, 4550 MiB, 32607 MiB
2026/09/14 18:07:25.706, 0, 76 %, 4548 MiB, 32607 MiB
2026/09/14 18:07:25.708, 1, 83 %, 4568 MiB, 32607 MiB
2026/09/14 18:07:25.710, 2, 85 %, 4570 MiB, 32607 MiB
2026/09/14 18:07:25.712, 3, 87 %, 4550 MiB, 32607 MiB
2026/09/14 18:07:30.714, 0, 84 %, 4548 MiB, 32607 MiB
2026/09/14 18:07:30.716, 1, 84 %, 4568 MiB, 32607 MiB
2026/09/14 18:07:30.717, 2, 86 %, 4570 MiB, 32607 MiB
2026/09/14 18:07:30.718, 3, 80 %, 4550 MiB, 32607 MiB
2026/09/14 18:07:35.720, 0, 84 %, 4548 MiB, 32607 MiB
2026/09/14 18:07:35.722, 1, 88 %, 4568 MiB, 32607 MiB
2026/09/14 18:07:35.724, 2, 86 %, 4570 MiB, 32607 MiB
2026/09/14 18:07:35.726, 3, 89 %, 4550 MiB, 32607 MiB
2026/09/14 18:07:40.728, 0, 82 %, 4548 MiB, 32607 MiB
2026/09/14 18:07:40.730, 1, 84 %, 4568 MiB, 32607 MiB
2026/09/14 18:07:40.732, 2, 87 %, 4570 MiB, 32607 MiB
2026/09/14 18:07:40.734, 3, 80 %, 4550 MiB, 32607 MiB
2026/09/14 18:07:45.736, 0, 74 %, 4548 MiB, 32607 MiB
2026/09/14 18:07:45.737, 1, 84 %, 4568 MiB, 32607 MiB
2026/09/14 18:07:45.738, 2, 79 %, 4570 MiB, 32607 MiB
2026/09/14 18:07:45.739, 3, 78 %, 4550 MiB, 32607 MiB
2026/09/14 18:07:50.742, 0, 84 %, 4548 MiB, 32607 MiB
2026/09/14 18:07:50.744, 1, 79 %, 4568 MiB, 32607 MiB
2026/09/14 18:07:50.745, 2, 85 %, 4570 MiB, 32607 MiB
2026/09/14 18:07:50.746, 3, 78 %, 4550 MiB, 32607 MiB
2026/09/14 18:07:55.748, 0, 86 %, 4548 MiB, 32607 MiB
2026/09/14 18:07:55.750, 1, 83 %, 4568 MiB, 32607 MiB
2026/09/14 18:07:55.752, 2, 85 %, 4570 MiB, 32607 MiB
2026/09/14 18:07:55.754, 3, 84 %, 4550 MiB, 32607 MiB
2026/09/14 18:08:00.755, 0, 86 %, 4548 MiB, 32607 MiB
2026/09/14 18:08:00.758, 1, 80 %, 4568 MiB, 32607 MiB
2026/09/14 18:08:00.760, 2, 85 %, 4570 MiB, 32607 MiB
2026/09/14 18:08:00.761, 3, 87 %, 4550 MiB, 32607 MiB
2026/09/14 18:08:05.762, 0, 74 %, 4548 MiB, 32607 MiB
2026/09/14 18:08:05.764, 1, 85 %, 4568 MiB, 32607 MiB
2026/09/14 18:08:05.765, 2, 82 %, 4570 MiB, 32607 MiB
2026/09/14 18:08:05.766, 3, 83 %, 4550 MiB, 32607 MiB
2026/09/14 18:08:10.769, 0, 86 %, 4548 MiB, 32607 MiB
2026/09/14 18:08:10.770, 1, 79 %, 4568 MiB, 32607 MiB
2026/09/14 18:08:10.772, 2, 79 %, 4570 MiB, 32607 MiB
2026/09/14 18:08:10.773, 3, 83 %, 4550 MiB, 32607 MiB
2026/09/14 18:08:15.774, 0, 87 %, 4548 MiB, 32607 MiB
2026/09/14 18:08:15.776, 1, 82 %, 4568 MiB, 32607 MiB
2026/09/14 18:08:15.777, 2, 83 %, 4570 MiB, 32607 MiB
2026/09/14 18:08:15.778, 3, 78 %, 4550 MiB, 32607 MiB
2026/09/14 18:08:20.780, 0, 79 %, 4548 MiB, 32607 MiB
2026/09/14 18:08:20.782, 1, 83 %, 4568 MiB, 32607 MiB
2026/09/14 18:08:20.784, 2, 77 %, 4570 MiB, 32607 MiB
2026/09/14 18:08:20.786, 3, 82 %, 4550 MiB, 32607 MiB
2026/09/14 18:08:25.787, 0, 80 %, 4548 MiB, 32607 MiB
2026/09/14 18:08:25.789, 1, 84 %, 4568 MiB, 32607 MiB
2026/09/14 18:08:25.790, 2, 86 %, 4570 MiB, 32607 MiB
2026/09/14 18:08:25.790, 3, 85 %, 4550 MiB, 32607 MiB
2026/09/14 18:08:30.792, 0, 84 %, 4548 MiB, 32607 MiB
2026/09/14 18:08:30.794, 1, 80 %, 4568 MiB, 32607 MiB
2026/09/14 18:08:30.795, 2, 85 %, 4570 MiB, 32607 MiB
2026/09/14 18:08:30.796, 3, 85 %, 4550 MiB, 32607 MiB
2026/09/14 18:08:35.797, 0, 67 %, 4548 MiB, 32607 MiB
2026/09/14 18:08:35.799, 1, 100 %, 4568 MiB, 32607 MiB
2026/09/14 18:08:35.801, 2, 100 %, 4570 MiB, 32607 MiB
2026/09/14 18:08:35.803, 3, 100 %, 4550 MiB, 32607 MiB
2026/09/14 18:08:40.805, 0, 85 %, 4548 MiB, 32607 MiB
2026/09/14 18:08:40.806, 1, 79 %, 4568 MiB, 32607 MiB
2026/09/14 18:08:40.807, 2, 76 %, 4570 MiB, 32607 MiB
2026/09/14 18:08:40.808, 3, 81 %, 4550 MiB, 32607 MiB
2026/09/14 18:08:45.809, 0, 82 %, 4548 MiB, 32607 MiB
2026/09/14 18:08:45.811, 1, 84 %, 4568 MiB, 32607 MiB
2026/09/14 18:08:45.813, 2, 85 %, 4570 MiB, 32607 MiB
2026/09/14 18:08:45.814, 3, 83 %, 4550 MiB, 32607 MiB
2026/09/14 18:08:50.816, 0, 83 %, 4548 MiB, 32607 MiB
2026/09/14 18:08:50.819, 1, 80 %, 4568 MiB, 32607 MiB
2026/09/14 18:08:50.821, 2, 85 %, 4570 MiB, 32607 MiB
2026/09/14 18:08:50.822, 3, 83 %, 4550 MiB, 32607 MiB
2026/09/14 18:08:55.825, 0, 82 %, 4548 MiB, 32607 MiB
2026/09/14 18:08:55.827, 1, 83 %, 4568 MiB, 32607 MiB
2026/09/14 18:08:55.829, 2, 77 %, 4570 MiB, 32607 MiB
2026/09/14 18:08:55.830, 3, 83 %, 4550 MiB, 32607 MiB
2026/09/14 18:09:00.832, 0, 81 %, 4548 MiB, 32607 MiB
2026/09/14 18:09:00.834, 1, 87 %, 4568 MiB, 32607 MiB
2026/09/14 18:09:00.835, 2, 89 %, 4570 MiB, 32607 MiB
2026/09/14 18:09:00.836, 3, 83 %, 4550 MiB, 32607 MiB
2026/09/14 18:09:05.837, 0, 75 %, 4548 MiB, 32607 MiB
2026/09/14 18:09:05.839, 1, 83 %, 4568 MiB, 32607 MiB
2026/09/14 18:09:05.840, 2, 80 %, 4570 MiB, 32607 MiB
2026/09/14 18:09:05.841, 3, 84 %, 4550 MiB, 32607 MiB
2026/09/14 18:09:10.842, 0, 86 %, 4548 MiB, 32607 MiB
2026/09/14 18:09:10.843, 1, 82 %, 4568 MiB, 32607 MiB
2026/09/14 18:09:10.845, 2, 79 %, 4570 MiB, 32607 MiB
2026/09/14 18:09:10.848, 3, 79 %, 4550 MiB, 32607 MiB
2026/09/14 18:09:15.850, 0, 83 %, 4548 MiB, 32607 MiB
2026/09/14 18:09:15.853, 1, 84 %, 4568 MiB, 32607 MiB
2026/09/14 18:09:15.856, 2, 75 %, 4570 MiB, 32607 MiB
2026/09/14 18:09:15.857, 3, 85 %, 4550 MiB, 32607 MiB
2026/09/14 18:09:20.860, 0, 83 %, 4548 MiB, 32607 MiB
2026/09/14 18:09:20.862, 1, 83 %, 4568 MiB, 32607 MiB
2026/09/14 18:09:20.863, 2, 86 %, 4570 MiB, 32607 MiB
2026/09/14 18:09:20.865, 3, 84 %, 4550 MiB, 32607 MiB
2026/09/14 18:09:25.866, 0, 79 %, 4548 MiB, 32607 MiB
2026/09/14 18:09:25.868, 1, 86 %, 4568 MiB, 32607 MiB
2026/09/14 18:09:25.870, 2, 85 %, 4570 MiB, 32607 MiB
2026/09/14 18:09:25.870, 3, 79 %, 4550 MiB, 32607 MiB
2026/09/14 18:09:30.871, 0, 70 %, 4548 MiB, 32607 MiB
2026/09/14 18:09:30.872, 1, 85 %, 4568 MiB, 32607 MiB
2026/09/14 18:09:30.873, 2, 86 %, 4570 MiB, 32607 MiB
2026/09/14 18:09:30.874, 3, 82 %, 4550 MiB, 32607 MiB
2026/09/14 18:09:35.875, 0, 82 %, 4548 MiB, 32607 MiB
2026/09/14 18:09:35.877, 1, 87 %, 4568 MiB, 32607 MiB
2026/09/14 18:09:35.879, 2, 81 %, 4570 MiB, 32607 MiB
2026/09/14 18:09:35.881, 3, 84 %, 4550 MiB, 32607 MiB
2026/09/14 18:09:40.882, 0, 75 %, 4548 MiB, 32607 MiB
2026/09/14 18:09:40.884, 1, 80 %, 4568 MiB, 32607 MiB
2026/09/14 18:09:40.885, 2, 85 %, 4570 MiB, 32607 MiB
2026/09/14 18:09:40.887, 3, 85 %, 4550 MiB, 32607 MiB
2026/09/14 18:09:45.888, 0, 85 %, 4548 MiB, 32607 MiB
2026/09/14 18:09:45.890, 1, 87 %, 4568 MiB, 32607 MiB
2026/09/14 18:09:45.892, 2, 88 %, 4570 MiB, 32607 MiB
2026/09/14 18:09:45.893, 3, 73 %, 4550 MiB, 32607 MiB
2026/09/14 18:09:50.894, 0, 82 %, 4548 MiB, 32607 MiB
2026/09/14 18:09:50.896, 1, 85 %, 4568 MiB, 32607 MiB
2026/09/14 18:09:50.898, 2, 86 %, 4570 MiB, 32607 MiB
2026/09/14 18:09:50.899, 3, 85 %, 4550 MiB, 32607 MiB
2026/09/14 18:09:55.900, 0, 85 %, 4548 MiB, 32607 MiB
2026/09/14 18:09:55.903, 1, 80 %, 4568 MiB, 32607 MiB
2026/09/14 18:09:55.904, 2, 82 %, 4570 MiB, 32607 MiB
2026/09/14 18:09:55.906, 3, 86 %, 4550 MiB, 32607 MiB
2026/09/14 18:10:00.907, 0, 89 %, 4548 MiB, 32607 MiB
2026/09/14 18:10:00.909, 1, 89 %, 4568 MiB, 32607 MiB
2026/09/14 18:10:00.911, 2, 77 %, 4570 MiB, 32607 MiB
2026/09/14 18:10:00.913, 3, 85 %, 4550 MiB, 32607 MiB
2026/09/14 18:10:05.914, 0, 81 %, 4548 MiB, 32607 MiB
2026/09/14 18:10:05.916, 1, 79 %, 4568 MiB, 32607 MiB
2026/09/14 18:10:05.918, 2, 83 %, 4570 MiB, 32607 MiB
2026/09/14 18:10:05.918, 3, 80 %, 4550 MiB, 32607 MiB
2026/09/14 18:10:10.920, 0, 86 %, 4548 MiB, 32607 MiB
2026/09/14 18:10:10.922, 1, 85 %, 4568 MiB, 32607 MiB
2026/09/14 18:10:10.924, 2, 86 %, 4570 MiB, 32607 MiB
2026/09/14 18:10:10.926, 3, 86 %, 4550 MiB, 32607 MiB
2026/09/14 18:10:15.928, 0, 86 %, 4548 MiB, 32607 MiB
2026/09/14 18:10:15.930, 1, 84 %, 4568 MiB, 32607 MiB
2026/09/14 18:10:15.932, 2, 85 %, 4570 MiB, 32607 MiB
2026/09/14 18:10:15.934, 3, 81 %, 4550 MiB, 32607 MiB
2026/09/14 18:10:20.936, 0, 84 %, 4548 MiB, 32607 MiB
2026/09/14 18:10:20.939, 1, 80 %, 4568 MiB, 32607 MiB
2026/09/14 18:10:20.941, 2, 86 %, 4570 MiB, 32607 MiB
2026/09/14 18:10:20.943, 3, 81 %, 4550 MiB, 32607 MiB
2026/09/14 18:10:25.945, 0, 0 %, 4548 MiB, 32607 MiB
2026/09/14 18:10:25.947, 1, 100 %, 4568 MiB, 32607 MiB
2026/09/14 18:10:25.949, 2, 100 %, 4570 MiB, 32607 MiB
2026/09/14 18:10:25.950, 3, 100 %, 4550 MiB, 32607 MiB
2026/09/14 18:10:30.953, 0, 74 %, 4548 MiB, 32607 MiB
2026/09/14 18:10:30.954, 1, 84 %, 4568 MiB, 32607 MiB
2026/09/14 18:10:30.956, 2, 85 %, 4570 MiB, 32607 MiB
2026/09/14 18:10:30.957, 3, 85 %, 4550 MiB, 32607 MiB
2026/09/14 18:10:35.958, 0, 86 %, 4548 MiB, 32607 MiB
2026/09/14 18:10:35.961, 1, 79 %, 4568 MiB, 32607 MiB
2026/09/14 18:10:35.962, 2, 85 %, 4570 MiB, 32607 MiB
2026/09/14 18:10:35.963, 3, 75 %, 4550 MiB, 32607 MiB
2026/09/14 18:10:40.965, 0, 75 %, 4548 MiB, 32607 MiB
2026/09/14 18:10:40.967, 1, 82 %, 4568 MiB, 32607 MiB
2026/09/14 18:10:40.970, 2, 88 %, 4570 MiB, 32607 MiB
2026/09/14 18:10:40.972, 3, 82 %, 4550 MiB, 32607 MiB
2026/09/14 18:10:45.974, 0, 83 %, 4548 MiB, 32607 MiB
2026/09/14 18:10:45.976, 1, 85 %, 4568 MiB, 32607 MiB
2026/09/14 18:10:45.977, 2, 84 %, 4570 MiB, 32607 MiB
2026/09/14 18:10:45.978, 3, 83 %, 4550 MiB, 32607 MiB
2026/09/14 18:10:50.980, 0, 84 %, 4548 MiB, 32607 MiB
2026/09/14 18:10:50.982, 1, 81 %, 4568 MiB, 32607 MiB
2026/09/14 18:10:50.984, 2, 83 %, 4570 MiB, 32607 MiB
2026/09/14 18:10:50.986, 3, 80 %, 4550 MiB, 32607 MiB
2026/09/14 18:10:55.987, 0, 83 %, 4548 MiB, 32607 MiB
2026/09/14 18:10:55.988, 1, 78 %, 4568 MiB, 32607 MiB
2026/09/14 18:10:55.990, 2, 82 %, 4570 MiB, 32607 MiB
2026/09/14 18:10:55.991, 3, 84 %, 4550 MiB, 32607 MiB
2026/09/14 18:11:00.993, 0, 83 %, 4548 MiB, 32607 MiB
2026/09/14 18:11:00.993, 1, 86 %, 4568 MiB, 32607 MiB
2026/09/14 18:11:00.994, 2, 78 %, 4570 MiB, 32607 MiB
2026/09/14 18:11:00.994, 3, 82 %, 4550 MiB, 32607 MiB
2026/09/14 18:11:05.994, 0, 84 %, 4548 MiB, 32607 MiB
2026/09/14 18:11:05.996, 1, 79 %, 4568 MiB, 32607 MiB
2026/09/14 18:11:05.998, 2, 81 %, 4570 MiB, 32607 MiB
2026/09/14 18:11:05.999, 3, 82 %, 4550 MiB, 32607 MiB
2026/09/14 18:11:11.000, 0, 85 %, 4548 MiB, 32607 MiB
2026/09/14 18:11:11.002, 1, 87 %, 4568 MiB, 32607 MiB
2026/09/14 18:11:11.004, 2, 85 %, 4570 MiB, 32607 MiB
2026/09/14 18:11:11.005, 3, 84 %, 4550 MiB, 32607 MiB
2026/09/14 18:11:16.006, 0, 86 %, 4548 MiB, 32607 MiB
2026/09/14 18:11:16.009, 1, 84 %, 4568 MiB, 32607 MiB
2026/09/14 18:11:16.010, 2, 87 %, 4570 MiB, 32607 MiB
2026/09/14 18:11:16.011, 3, 82 %, 4550 MiB, 32607 MiB
2026/09/14 18:11:21.013, 0, 88 %, 4548 MiB, 32607 MiB
2026/09/14 18:11:21.014, 1, 77 %, 4568 MiB, 32607 MiB
2026/09/14 18:11:21.016, 2, 79 %, 4570 MiB, 32607 MiB
2026/09/14 18:11:21.017, 3, 76 %, 4550 MiB, 32607 MiB
2026/09/14 18:11:26.018, 0, 88 %, 4548 MiB, 32607 MiB
2026/09/14 18:11:26.020, 1, 81 %, 4568 MiB, 32607 MiB
2026/09/14 18:11:26.021, 2, 86 %, 4570 MiB, 32607 MiB
2026/09/14 18:11:26.022, 3, 86 %, 4550 MiB, 32607 MiB
2026/09/14 18:11:31.024, 0, 81 %, 4548 MiB, 32607 MiB
2026/09/14 18:11:31.027, 1, 82 %, 4568 MiB, 32607 MiB
2026/09/14 18:11:31.030, 2, 86 %, 4570 MiB, 32607 MiB
2026/09/14 18:11:31.032, 3, 84 %, 4550 MiB, 32607 MiB
2026/09/14 18:11:36.035, 0, 82 %, 4548 MiB, 32607 MiB
2026/09/14 18:11:36.037, 1, 80 %, 4568 MiB, 32607 MiB
2026/09/14 18:11:36.039, 2, 84 %, 4570 MiB, 32607 MiB
2026/09/14 18:11:36.041, 3, 76 %, 4550 MiB, 32607 MiB
2026/09/14 18:11:41.042, 0, 54 %, 4548 MiB, 32607 MiB
2026/09/14 18:11:41.045, 1, 100 %, 4568 MiB, 32607 MiB
2026/09/14 18:11:41.046, 2, 100 %, 4570 MiB, 32607 MiB
2026/09/14 18:11:41.047, 3, 100 %, 4550 MiB, 32607 MiB
2026/09/14 18:11:46.050, 0, 84 %, 4548 MiB, 32607 MiB
2026/09/14 18:11:46.052, 1, 83 %, 4568 MiB, 32607 MiB
2026/09/14 18:11:46.054, 2, 85 %, 4570 MiB, 32607 MiB
2026/09/14 18:11:46.056, 3, 77 %, 4550 MiB, 32607 MiB
2026/09/14 18:11:51.058, 0, 82 %, 4548 MiB, 32607 MiB
2026/09/14 18:11:51.060, 1, 87 %, 4568 MiB, 32607 MiB
2026/09/14 18:11:51.062, 2, 85 %, 4570 MiB, 32607 MiB
2026/09/14 18:11:51.063, 3, 81 %, 4550 MiB, 32607 MiB
2026/09/14 18:11:56.064, 0, 73 %, 4548 MiB, 32607 MiB
2026/09/14 18:11:56.065, 1, 86 %, 4568 MiB, 32607 MiB
2026/09/14 18:11:56.065, 2, 85 %, 4570 MiB, 32607 MiB
2026/09/14 18:11:56.066, 3, 84 %, 4550 MiB, 32607 MiB
2026/09/14 18:12:01.067, 0, 82 %, 4548 MiB, 32607 MiB
2026/09/14 18:12:01.069, 1, 86 %, 4568 MiB, 32607 MiB
2026/09/14 18:12:01.070, 2, 87 %, 4570 MiB, 32607 MiB
2026/09/14 18:12:01.071, 3, 79 %, 4550 MiB, 32607 MiB
2026/09/14 18:12:06.072, 0, 84 %, 4548 MiB, 32607 MiB
2026/09/14 18:12:06.075, 1, 79 %, 4568 MiB, 32607 MiB
2026/09/14 18:12:06.076, 2, 84 %, 4570 MiB, 32607 MiB
2026/09/14 18:12:06.077, 3, 85 %, 4550 MiB, 32607 MiB
2026/09/14 18:12:11.078, 0, 81 %, 4548 MiB, 32607 MiB
2026/09/14 18:12:11.079, 1, 77 %, 4568 MiB, 32607 MiB
2026/09/14 18:12:11.080, 2, 79 %, 4570 MiB, 32607 MiB
2026/09/14 18:12:11.081, 3, 87 %, 4550 MiB, 32607 MiB
2026/09/14 18:12:16.082, 0, 85 %, 4548 MiB, 32607 MiB
2026/09/14 18:12:16.084, 1, 85 %, 4568 MiB, 32607 MiB
2026/09/14 18:12:16.086, 2, 83 %, 4570 MiB, 32607 MiB
2026/09/14 18:12:16.087, 3, 86 %, 4550 MiB, 32607 MiB
2026/09/14 18:12:21.089, 0, 79 %, 4548 MiB, 32607 MiB
2026/09/14 18:12:21.091, 1, 86 %, 4568 MiB, 32607 MiB
2026/09/14 18:12:21.092, 2, 84 %, 4570 MiB, 32607 MiB
2026/09/14 18:12:21.093, 3, 83 %, 4550 MiB, 32607 MiB
2026/09/14 18:12:26.093, 0, 84 %, 4548 MiB, 32607 MiB
2026/09/14 18:12:26.094, 1, 79 %, 4568 MiB, 32607 MiB
2026/09/14 18:12:26.095, 2, 82 %, 4570 MiB, 32607 MiB
2026/09/14 18:12:26.097, 3, 83 %, 4550 MiB, 32607 MiB
2026/09/14 18:12:31.099, 0, 86 %, 4548 MiB, 32607 MiB
2026/09/14 18:12:31.101, 1, 81 %, 4568 MiB, 32607 MiB
2026/09/14 18:12:31.103, 2, 84 %, 4570 MiB, 32607 MiB
2026/09/14 18:12:31.105, 3, 76 %, 4550 MiB, 32607 MiB
2026/09/14 18:12:36.107, 0, 84 %, 4548 MiB, 32607 MiB
2026/09/14 18:12:36.109, 1, 84 %, 4568 MiB, 32607 MiB
2026/09/14 18:12:36.111, 2, 81 %, 4570 MiB, 32607 MiB
2026/09/14 18:12:36.113, 3, 81 %, 4550 MiB, 32607 MiB
2026/09/14 18:12:41.115, 0, 85 %, 4548 MiB, 32607 MiB
2026/09/14 18:12:41.117, 1, 85 %, 4568 MiB, 32607 MiB
2026/09/14 18:12:41.118, 2, 81 %, 4570 MiB, 32607 MiB
2026/09/14 18:12:41.119, 3, 82 %, 4550 MiB, 32607 MiB
2026/09/14 18:12:46.121, 0, 84 %, 4548 MiB, 32607 MiB
2026/09/14 18:12:46.123, 1, 88 %, 4568 MiB, 32607 MiB
2026/09/14 18:12:46.124, 2, 86 %, 4570 MiB, 32607 MiB
2026/09/14 18:12:46.125, 3, 86 %, 4550 MiB, 32607 MiB
2026/09/14 18:12:51.126, 0, 87 %, 4548 MiB, 32607 MiB
2026/09/14 18:12:51.128, 1, 89 %, 4568 MiB, 32607 MiB
2026/09/14 18:12:51.131, 2, 84 %, 4570 MiB, 32607 MiB
2026/09/14 18:12:51.132, 3, 88 %, 4550 MiB, 32607 MiB
2026/09/14 18:12:56.134, 0, 83 %, 4548 MiB, 32607 MiB
2026/09/14 18:12:56.136, 1, 85 %, 4568 MiB, 32607 MiB
2026/09/14 18:12:56.137, 2, 84 %, 4570 MiB, 32607 MiB
2026/09/14 18:12:56.138, 3, 84 %, 4550 MiB, 32607 MiB
2026/09/14 18:13:01.139, 0, 85 %, 4548 MiB, 32607 MiB
2026/09/14 18:13:01.141, 1, 82 %, 4568 MiB, 32607 MiB
2026/09/14 18:13:01.143, 2, 86 %, 4570 MiB, 32607 MiB
2026/09/14 18:13:01.145, 3, 85 %, 4550 MiB, 32607 MiB
2026/09/14 18:13:06.146, 0, 86 %, 4548 MiB, 32607 MiB
2026/09/14 18:13:06.149, 1, 84 %, 4568 MiB, 32607 MiB
2026/09/14 18:13:06.150, 2, 83 %, 4570 MiB, 32607 MiB
2026/09/14 18:13:06.152, 3, 87 %, 4550 MiB, 32607 MiB
2026/09/14 18:13:11.154, 0, 82 %, 4548 MiB, 32607 MiB
2026/09/14 18:13:11.156, 1, 87 %, 4568 MiB, 32607 MiB
2026/09/14 18:13:11.157, 2, 78 %, 4570 MiB, 32607 MiB
2026/09/14 18:13:11.158, 3, 83 %, 4550 MiB, 32607 MiB
2026/09/14 18:13:16.160, 0, 84 %, 4548 MiB, 32607 MiB
2026/09/14 18:13:16.163, 1, 86 %, 4568 MiB, 32607 MiB
2026/09/14 18:13:16.165, 2, 82 %, 4570 MiB, 32607 MiB
2026/09/14 18:13:16.166, 3, 85 %, 4550 MiB, 32607 MiB
2026/09/14 18:13:21.168, 0, 78 %, 4548 MiB, 32607 MiB
2026/09/14 18:13:21.170, 1, 90 %, 4568 MiB, 32607 MiB
2026/09/14 18:13:21.171, 2, 79 %, 4570 MiB, 32607 MiB
2026/09/14 18:13:21.173, 3, 86 %, 4550 MiB, 32607 MiB
2026/09/14 18:13:26.174, 0, 80 %, 4548 MiB, 32607 MiB
2026/09/14 18:13:26.176, 1, 88 %, 4568 MiB, 32607 MiB
2026/09/14 18:13:26.178, 2, 87 %, 4570 MiB, 32607 MiB
2026/09/14 18:13:26.179, 3, 83 %, 4550 MiB, 32607 MiB
2026/09/14 18:13:31.180, 0, 85 %, 4548 MiB, 32607 MiB
2026/09/14 18:13:31.181, 1, 88 %, 4568 MiB, 32607 MiB
2026/09/14 18:13:31.182, 2, 78 %, 4570 MiB, 32607 MiB
2026/09/14 18:13:31.183, 3, 78 %, 4550 MiB, 32607 MiB
2026/09/14 18:13:36.184, 0, 85 %, 4548 MiB, 32607 MiB
2026/09/14 18:13:36.186, 1, 90 %, 4568 MiB, 32607 MiB
2026/09/14 18:13:36.188, 2, 77 %, 4570 MiB, 32607 MiB
2026/09/14 18:13:36.189, 3, 77 %, 4550 MiB, 32607 MiB
2026/09/14 18:13:41.190, 0, 84 %, 4548 MiB, 32607 MiB
2026/09/14 18:13:41.192, 1, 78 %, 4568 MiB, 32607 MiB
2026/09/14 18:13:41.194, 2, 84 %, 4570 MiB, 32607 MiB
2026/09/14 18:13:41.196, 3, 75 %, 4550 MiB, 32607 MiB
2026/09/14 18:13:46.198, 0, 80 %, 4548 MiB, 32607 MiB
2026/09/14 18:13:46.201, 1, 80 %, 4568 MiB, 32607 MiB
2026/09/14 18:13:46.203, 2, 82 %, 4570 MiB, 32607 MiB
2026/09/14 18:13:46.205, 3, 87 %, 4550 MiB, 32607 MiB
2026/09/14 18:13:51.206, 0, 83 %, 4548 MiB, 32607 MiB
2026/09/14 18:13:51.208, 1, 77 %, 4568 MiB, 32607 MiB
2026/09/14 18:13:51.209, 2, 84 %, 4570 MiB, 32607 MiB
2026/09/14 18:13:51.210, 3, 89 %, 4550 MiB, 32607 MiB
2026/09/14 18:13:56.210, 0, 88 %, 4548 MiB, 32607 MiB
2026/09/14 18:13:56.212, 1, 85 %, 4568 MiB, 32607 MiB
2026/09/14 18:13:56.214, 2, 87 %, 4570 MiB, 32607 MiB
2026/09/14 18:13:56.214, 3, 85 %, 4550 MiB, 32607 MiB
2026/09/14 18:14:01.216, 0, 84 %, 4548 MiB, 32607 MiB
2026/09/14 18:14:01.218, 1, 82 %, 4568 MiB, 32607 MiB
2026/09/14 18:14:01.221, 2, 85 %, 4570 MiB, 32607 MiB
2026/09/14 18:14:01.222, 3, 85 %, 4550 MiB, 32607 MiB
2026/09/14 18:14:06.225, 0, 82 %, 4548 MiB, 32607 MiB
2026/09/14 18:14:06.227, 1, 76 %, 4568 MiB, 32607 MiB
2026/09/14 18:14:06.228, 2, 81 %, 4570 MiB, 32607 MiB
2026/09/14 18:14:06.230, 3, 75 %, 4550 MiB, 32607 MiB
2026/09/14 18:14:11.231, 0, 82 %, 4548 MiB, 32607 MiB
2026/09/14 18:14:11.232, 1, 83 %, 4568 MiB, 32607 MiB
2026/09/14 18:14:11.233, 2, 82 %, 4570 MiB, 32607 MiB
2026/09/14 18:14:11.234, 3, 77 %, 4550 MiB, 32607 MiB
2026/09/14 18:14:16.235, 0, 68 %, 4548 MiB, 32607 MiB
2026/09/14 18:14:16.237, 1, 81 %, 4568 MiB, 32607 MiB
2026/09/14 18:14:16.238, 2, 86 %, 4570 MiB, 32607 MiB
2026/09/14 18:14:16.240, 3, 86 %, 4550 MiB, 32607 MiB
2026/09/14 18:14:21.241, 0, 80 %, 4548 MiB, 32607 MiB
2026/09/14 18:14:21.244, 1, 83 %, 4568 MiB, 32607 MiB
2026/09/14 18:14:21.245, 2, 85 %, 4570 MiB, 32607 MiB
2026/09/14 18:14:21.247, 3, 78 %, 4550 MiB, 32607 MiB
2026/09/14 18:14:26.249, 0, 82 %, 4548 MiB, 32607 MiB
2026/09/14 18:14:26.251, 1, 84 %, 4568 MiB, 32607 MiB
2026/09/14 18:14:26.252, 2, 85 %, 4570 MiB, 32607 MiB
2026/09/14 18:14:26.253, 3, 80 %, 4550 MiB, 32607 MiB
2026/09/14 18:14:31.254, 0, 76 %, 4548 MiB, 32607 MiB
2026/09/14 18:14:31.256, 1, 79 %, 4568 MiB, 32607 MiB
2026/09/14 18:14:31.257, 2, 85 %, 4570 MiB, 32607 MiB
2026/09/14 18:14:31.258, 3, 88 %, 4550 MiB, 32607 MiB
2026/09/14 18:14:36.260, 0, 82 %, 4548 MiB, 32607 MiB
2026/09/14 18:14:36.261, 1, 82 %, 4568 MiB, 32607 MiB
2026/09/14 18:14:36.263, 2, 84 %, 4570 MiB, 32607 MiB
2026/09/14 18:14:36.264, 3, 84 %, 4550 MiB, 32607 MiB
2026/09/14 18:14:41.266, 0, 65 %, 4548 MiB, 32607 MiB
2026/09/14 18:14:41.268, 1, 100 %, 4568 MiB, 32607 MiB
2026/09/14 18:14:41.270, 2, 100 %, 4570 MiB, 32607 MiB
2026/09/14 18:14:41.270, 3, 100 %, 4550 MiB, 32607 MiB
2026/09/14 18:14:46.272, 0, 0 %, 4548 MiB, 32607 MiB
2026/09/14 18:14:46.274, 1, 100 %, 4568 MiB, 32607 MiB
2026/09/14 18:14:46.276, 2, 100 %, 4570 MiB, 32607 MiB
2026/09/14 18:14:46.277, 3, 100 %, 4550 MiB, 32607 MiB
2026/09/14 18:14:51.279, 0, 88 %, 4548 MiB, 32607 MiB
2026/09/14 18:14:51.281, 1, 79 %, 4568 MiB, 32607 MiB
2026/09/14 18:14:51.282, 2, 82 %, 4570 MiB, 32607 MiB
2026/09/14 18:14:51.283, 3, 80 %, 4550 MiB, 32607 MiB
2026/09/14 18:14:56.284, 0, 86 %, 4548 MiB, 32607 MiB
2026/09/14 18:14:56.286, 1, 75 %, 4568 MiB, 32607 MiB
2026/09/14 18:14:56.288, 2, 83 %, 4570 MiB, 32607 MiB
2026/09/14 18:14:56.289, 3, 82 %, 4550 MiB, 32607 MiB
2026/09/14 18:15:01.291, 0, 82 %, 4548 MiB, 32607 MiB
2026/09/14 18:15:01.293, 1, 81 %, 4568 MiB, 32607 MiB
2026/09/14 18:15:01.294, 2, 86 %, 4570 MiB, 32607 MiB
2026/09/14 18:15:01.296, 3, 81 %, 4550 MiB, 32607 MiB
2026/09/14 18:15:06.298, 0, 87 %, 4548 MiB, 32607 MiB
2026/09/14 18:15:06.300, 1, 86 %, 4568 MiB, 32607 MiB
2026/09/14 18:15:06.301, 2, 84 %, 4570 MiB, 32607 MiB
2026/09/14 18:15:06.302, 3, 80 %, 4550 MiB, 32607 MiB
2026/09/14 18:15:11.303, 0, 83 %, 4548 MiB, 32607 MiB
2026/09/14 18:15:11.305, 1, 84 %, 4568 MiB, 32607 MiB
2026/09/14 18:15:11.307, 2, 83 %, 4570 MiB, 32607 MiB
2026/09/14 18:15:11.309, 3, 86 %, 4550 MiB, 32607 MiB
2026/09/14 18:15:16.310, 0, 83 %, 4548 MiB, 32607 MiB
2026/09/14 18:15:16.312, 1, 83 %, 4568 MiB, 32607 MiB
2026/09/14 18:15:16.313, 2, 83 %, 4570 MiB, 32607 MiB
2026/09/14 18:15:16.314, 3, 83 %, 4550 MiB, 32607 MiB
2026/09/14 18:15:21.315, 0, 79 %, 4548 MiB, 32607 MiB
2026/09/14 18:15:21.317, 1, 79 %, 4568 MiB, 32607 MiB
2026/09/14 18:15:21.318, 2, 82 %, 4570 MiB, 32607 MiB
2026/09/14 18:15:21.320, 3, 82 %, 4550 MiB, 32607 MiB
2026/09/14 18:15:26.321, 0, 92 %, 4548 MiB, 32607 MiB
2026/09/14 18:15:26.322, 1, 80 %, 4568 MiB, 32607 MiB
2026/09/14 18:15:26.324, 2, 77 %, 4570 MiB, 32607 MiB
2026/09/14 18:15:26.325, 3, 77 %, 4550 MiB, 32607 MiB
2026/09/14 18:15:31.326, 0, 85 %, 4548 MiB, 32607 MiB
2026/09/14 18:15:31.327, 1, 85 %, 4568 MiB, 32607 MiB
2026/09/14 18:15:31.329, 2, 86 %, 4570 MiB, 32607 MiB
2026/09/14 18:15:31.330, 3, 75 %, 4550 MiB, 32607 MiB
2026/09/14 18:15:36.333, 0, 80 %, 4548 MiB, 32607 MiB
2026/09/14 18:15:36.334, 1, 83 %, 4568 MiB, 32607 MiB
2026/09/14 18:15:36.336, 2, 88 %, 4570 MiB, 32607 MiB
2026/09/14 18:15:36.337, 3, 75 %, 4550 MiB, 32607 MiB
2026/09/14 18:15:41.338, 0, 87 %, 4548 MiB, 32607 MiB
2026/09/14 18:15:41.341, 1, 71 %, 4568 MiB, 32607 MiB
2026/09/14 18:15:41.342, 2, 82 %, 4570 MiB, 32607 MiB
2026/09/14 18:15:41.344, 3, 83 %, 4550 MiB, 32607 MiB
2026/09/14 18:15:46.345, 0, 89 %, 4548 MiB, 32607 MiB
2026/09/14 18:15:46.346, 1, 83 %, 4568 MiB, 32607 MiB
2026/09/14 18:15:46.348, 2, 83 %, 4570 MiB, 32607 MiB
2026/09/14 18:15:46.349, 3, 84 %, 4550 MiB, 32607 MiB
2026/09/14 18:15:51.350, 0, 86 %, 4548 MiB, 32607 MiB
2026/09/14 18:15:51.352, 1, 84 %, 4568 MiB, 32607 MiB
2026/09/14 18:15:51.353, 2, 86 %, 4570 MiB, 32607 MiB
2026/09/14 18:15:51.355, 3, 82 %, 4550 MiB, 32607 MiB
2026/09/14 18:15:56.356, 0, 80 %, 4548 MiB, 32607 MiB
2026/09/14 18:15:56.358, 1, 85 %, 4568 MiB, 32607 MiB
2026/09/14 18:15:56.360, 2, 81 %, 4570 MiB, 32607 MiB
2026/09/14 18:15:56.362, 3, 86 %, 4550 MiB, 32607 MiB
2026/09/14 18:16:01.363, 0, 83 %, 4548 MiB, 32607 MiB
2026/09/14 18:16:01.365, 1, 84 %, 4568 MiB, 32607 MiB
2026/09/14 18:16:01.366, 2, 80 %, 4570 MiB, 32607 MiB
2026/09/14 18:16:01.367, 3, 76 %, 4550 MiB, 32607 MiB
2026/09/14 18:16:06.369, 0, 86 %, 4548 MiB, 32607 MiB
2026/09/14 18:16:06.371, 1, 85 %, 4568 MiB, 32607 MiB
2026/09/14 18:16:06.373, 2, 87 %, 4570 MiB, 32607 MiB
2026/09/14 18:16:06.374, 3, 89 %, 4550 MiB, 32607 MiB
2026/09/14 18:16:11.374, 0, 86 %, 4548 MiB, 32607 MiB
2026/09/14 18:16:11.377, 1, 88 %, 4568 MiB, 32607 MiB
2026/09/14 18:16:11.378, 2, 79 %, 4570 MiB, 32607 MiB
2026/09/14 18:16:11.379, 3, 86 %, 4550 MiB, 32607 MiB
2026/09/14 18:16:16.380, 0, 80 %, 4548 MiB, 32607 MiB
2026/09/14 18:16:16.382, 1, 76 %, 4568 MiB, 32607 MiB
2026/09/14 18:16:16.383, 2, 84 %, 4570 MiB, 32607 MiB
2026/09/14 18:16:16.384, 3, 82 %, 4550 MiB, 32607 MiB
2026/09/14 18:16:21.386, 0, 83 %, 4548 MiB, 32607 MiB
2026/09/14 18:16:21.387, 1, 78 %, 4568 MiB, 32607 MiB
2026/09/14 18:16:21.388, 2, 87 %, 4570 MiB, 32607 MiB
2026/09/14 18:16:21.389, 3, 83 %, 4550 MiB, 32607 MiB
2026/09/14 18:16:26.390, 0, 86 %, 4548 MiB, 32607 MiB
2026/09/14 18:16:26.391, 1, 82 %, 4568 MiB, 32607 MiB
2026/09/14 18:16:26.393, 2, 84 %, 4570 MiB, 32607 MiB
2026/09/14 18:16:26.393, 3, 75 %, 4550 MiB, 32607 MiB
2026/09/14 18:16:31.394, 0, 89 %, 4548 MiB, 32607 MiB
2026/09/14 18:16:31.396, 1, 83 %, 4568 MiB, 32607 MiB
2026/09/14 18:16:31.397, 2, 83 %, 4570 MiB, 32607 MiB
2026/09/14 18:16:31.398, 3, 83 %, 4550 MiB, 32607 MiB
2026/09/14 18:16:36.399, 0, 83 %, 4548 MiB, 32607 MiB
2026/09/14 18:16:36.401, 1, 82 %, 4568 MiB, 32607 MiB
2026/09/14 18:16:36.402, 2, 84 %, 4570 MiB, 32607 MiB
2026/09/14 18:16:36.403, 3, 81 %, 4550 MiB, 32607 MiB
2026/09/14 18:16:41.404, 0, 85 %, 4548 MiB, 32607 MiB
2026/09/14 18:16:41.406, 1, 85 %, 4568 MiB, 32607 MiB
2026/09/14 18:16:41.407, 2, 83 %, 4570 MiB, 32607 MiB
2026/09/14 18:16:41.408, 3, 78 %, 4550 MiB, 32607 MiB
2026/09/14 18:16:46.410, 0, 79 %, 4548 MiB, 32607 MiB
2026/09/14 18:16:46.411, 1, 85 %, 4568 MiB, 32607 MiB
2026/09/14 18:16:46.412, 2, 87 %, 4570 MiB, 32607 MiB
2026/09/14 18:16:46.414, 3, 86 %, 4550 MiB, 32607 MiB
2026/09/14 18:16:51.415, 0, 82 %, 4548 MiB, 32607 MiB
2026/09/14 18:16:51.418, 1, 82 %, 4568 MiB, 32607 MiB
2026/09/14 18:16:51.420, 2, 89 %, 4570 MiB, 32607 MiB
2026/09/14 18:16:51.421, 3, 80 %, 4550 MiB, 32607 MiB
2026/09/14 18:16:56.425, 0, 79 %, 4548 MiB, 32607 MiB
2026/09/14 18:16:56.427, 1, 84 %, 4568 MiB, 32607 MiB
2026/09/14 18:16:56.429, 2, 85 %, 4570 MiB, 32607 MiB
2026/09/14 18:16:56.433, 3, 83 %, 4550 MiB, 32607 MiB
2026/09/14 18:17:01.434, 0, 84 %, 4548 MiB, 32607 MiB
2026/09/14 18:17:01.435, 1, 85 %, 4568 MiB, 32607 MiB
2026/09/14 18:17:01.436, 2, 85 %, 4570 MiB, 32607 MiB
2026/09/14 18:17:01.437, 3, 88 %, 4550 MiB, 32607 MiB
2026/09/14 18:17:06.439, 0, 84 %, 4548 MiB, 32607 MiB
2026/09/14 18:17:06.441, 1, 80 %, 4568 MiB, 32607 MiB
2026/09/14 18:17:06.442, 2, 85 %, 4570 MiB, 32607 MiB
2026/09/14 18:17:06.444, 3, 85 %, 4550 MiB, 32607 MiB
2026/09/14 18:17:11.445, 0, 86 %, 4550 MiB, 32607 MiB
2026/09/14 18:17:11.447, 1, 81 %, 4568 MiB, 32607 MiB
2026/09/14 18:17:11.448, 2, 84 %, 4570 MiB, 32607 MiB
2026/09/14 18:17:11.450, 3, 80 %, 4550 MiB, 32607 MiB
2026/09/14 18:17:16.450, 0, 85 %, 4550 MiB, 32607 MiB
2026/09/14 18:17:16.452, 1, 84 %, 4568 MiB, 32607 MiB
2026/09/14 18:17:16.454, 2, 81 %, 4570 MiB, 32607 MiB
2026/09/14 18:17:16.455, 3, 76 %, 4550 MiB, 32607 MiB
2026/09/14 18:17:21.457, 0, 89 %, 4550 MiB, 32607 MiB
2026/09/14 18:17:21.458, 1, 82 %, 4568 MiB, 32607 MiB
2026/09/14 18:17:21.459, 2, 82 %, 4570 MiB, 32607 MiB
2026/09/14 18:17:21.460, 3, 85 %, 4550 MiB, 32607 MiB
2026/09/14 18:17:26.462, 0, 83 %, 4550 MiB, 32607 MiB
2026/09/14 18:17:26.463, 1, 84 %, 4568 MiB, 32607 MiB
2026/09/14 18:17:26.465, 2, 75 %, 4570 MiB, 32607 MiB
2026/09/14 18:17:26.466, 3, 87 %, 4550 MiB, 32607 MiB
2026/09/14 18:17:31.468, 0, 86 %, 4550 MiB, 32607 MiB
2026/09/14 18:17:31.470, 1, 82 %, 4568 MiB, 32607 MiB
2026/09/14 18:17:31.472, 2, 84 %, 4570 MiB, 32607 MiB
2026/09/14 18:17:31.475, 3, 80 %, 4550 MiB, 32607 MiB
2026/09/14 18:17:36.477, 0, 89 %, 4550 MiB, 32607 MiB
2026/09/14 18:17:36.478, 1, 84 %, 4568 MiB, 32607 MiB
2026/09/14 18:17:36.481, 2, 75 %, 4570 MiB, 32607 MiB
2026/09/14 18:17:36.483, 3, 82 %, 4550 MiB, 32607 MiB
2026/09/14 18:17:41.485, 0, 78 %, 4550 MiB, 32607 MiB
2026/09/14 18:17:41.487, 1, 86 %, 4568 MiB, 32607 MiB
2026/09/14 18:17:41.488, 2, 76 %, 4570 MiB, 32607 MiB
2026/09/14 18:17:41.489, 3, 80 %, 4550 MiB, 32607 MiB
2026/09/14 18:17:46.490, 0, 68 %, 4550 MiB, 32607 MiB
2026/09/14 18:17:46.491, 1, 100 %, 4568 MiB, 32607 MiB
2026/09/14 18:17:46.493, 2, 100 %, 4570 MiB, 32607 MiB
2026/09/14 18:17:46.494, 3, 100 %, 4550 MiB, 32607 MiB
2026/09/14 18:17:51.495, 0, 24 %, 4550 MiB, 32607 MiB
2026/09/14 18:17:51.496, 1, 78 %, 4568 MiB, 32607 MiB
2026/09/14 18:17:51.497, 2, 79 %, 4570 MiB, 32607 MiB
2026/09/14 18:17:51.498, 3, 100 %, 4550 MiB, 32607 MiB
2026/09/14 18:17:56.498, 0, 87 %, 4550 MiB, 32607 MiB
2026/09/14 18:17:56.501, 1, 80 %, 4568 MiB, 32607 MiB
2026/09/14 18:17:56.502, 2, 81 %, 4570 MiB, 32607 MiB
2026/09/14 18:17:56.503, 3, 79 %, 4550 MiB, 32607 MiB
2026/09/14 18:18:01.505, 0, 88 %, 4550 MiB, 32607 MiB
2026/09/14 18:18:01.507, 1, 84 %, 4568 MiB, 32607 MiB
2026/09/14 18:18:01.508, 2, 83 %, 4570 MiB, 32607 MiB
2026/09/14 18:18:01.509, 3, 82 %, 4550 MiB, 32607 MiB
2026/09/14 18:18:06.510, 0, 85 %, 4550 MiB, 32607 MiB
2026/09/14 18:18:06.513, 1, 84 %, 4568 MiB, 32607 MiB
2026/09/14 18:18:06.517, 2, 81 %, 4570 MiB, 32607 MiB
2026/09/14 18:18:06.519, 3, 82 %, 4550 MiB, 32607 MiB
2026/09/14 18:18:11.521, 0, 87 %, 4550 MiB, 32607 MiB
2026/09/14 18:18:11.523, 1, 83 %, 4568 MiB, 32607 MiB
2026/09/14 18:18:11.525, 2, 82 %, 4570 MiB, 32607 MiB
2026/09/14 18:18:11.526, 3, 83 %, 4550 MiB, 32607 MiB
2026/09/14 18:18:16.528, 0, 85 %, 4550 MiB, 32607 MiB
2026/09/14 18:18:16.529, 1, 78 %, 4568 MiB, 32607 MiB
2026/09/14 18:18:16.530, 2, 73 %, 4570 MiB, 32607 MiB
2026/09/14 18:18:16.530, 3, 81 %, 4550 MiB, 32607 MiB
2026/09/14 18:18:21.531, 0, 84 %, 4550 MiB, 32607 MiB
2026/09/14 18:18:21.532, 1, 82 %, 4568 MiB, 32607 MiB
2026/09/14 18:18:21.534, 2, 83 %, 4570 MiB, 32607 MiB
2026/09/14 18:18:21.535, 3, 77 %, 4550 MiB, 32607 MiB
2026/09/14 18:18:26.536, 0, 0 %, 4550 MiB, 32607 MiB
2026/09/14 18:18:26.538, 1, 100 %, 4568 MiB, 32607 MiB
2026/09/14 18:18:26.540, 2, 100 %, 4570 MiB, 32607 MiB
2026/09/14 18:18:26.542, 3, 81 %, 4550 MiB, 32607 MiB
2026/09/14 18:18:31.544, 0, 80 %, 4550 MiB, 32607 MiB
2026/09/14 18:18:31.546, 1, 82 %, 4568 MiB, 32607 MiB
2026/09/14 18:18:31.548, 2, 79 %, 4570 MiB, 32607 MiB
2026/09/14 18:18:31.550, 3, 86 %, 4550 MiB, 32607 MiB
2026/09/14 18:18:36.551, 0, 84 %, 4550 MiB, 32607 MiB
2026/09/14 18:18:36.553, 1, 83 %, 4568 MiB, 32607 MiB
2026/09/14 18:18:36.554, 2, 85 %, 4570 MiB, 32607 MiB
2026/09/14 18:18:36.554, 3, 84 %, 4550 MiB, 32607 MiB
2026/09/14 18:18:41.555, 0, 90 %, 4550 MiB, 32607 MiB
2026/09/14 18:18:41.557, 1, 77 %, 4568 MiB, 32607 MiB
2026/09/14 18:18:41.559, 2, 84 %, 4570 MiB, 32607 MiB
2026/09/14 18:18:41.560, 3, 85 %, 4550 MiB, 32607 MiB
2026/09/14 18:18:46.561, 0, 85 %, 4550 MiB, 32607 MiB
2026/09/14 18:18:46.563, 1, 85 %, 4568 MiB, 32607 MiB
2026/09/14 18:18:46.564, 2, 78 %, 4570 MiB, 32607 MiB
2026/09/14 18:18:46.565, 3, 86 %, 4550 MiB, 32607 MiB
2026/09/14 18:18:51.567, 0, 86 %, 4550 MiB, 32607 MiB
2026/09/14 18:18:51.569, 1, 85 %, 4568 MiB, 32607 MiB
2026/09/14 18:18:51.570, 2, 82 %, 4570 MiB, 32607 MiB
2026/09/14 18:18:51.571, 3, 81 %, 4550 MiB, 32607 MiB
2026/09/14 18:18:56.573, 0, 80 %, 4550 MiB, 32607 MiB
2026/09/14 18:18:56.575, 1, 88 %, 4568 MiB, 32607 MiB
2026/09/14 18:18:56.577, 2, 81 %, 4570 MiB, 32607 MiB
2026/09/14 18:18:56.578, 3, 86 %, 4550 MiB, 32607 MiB
2026/09/14 18:19:01.579, 0, 82 %, 4550 MiB, 32607 MiB
2026/09/14 18:19:01.582, 1, 88 %, 4568 MiB, 32607 MiB
2026/09/14 18:19:01.584, 2, 77 %, 4570 MiB, 32607 MiB
2026/09/14 18:19:01.585, 3, 85 %, 4550 MiB, 32607 MiB
2026/09/14 18:19:06.587, 0, 84 %, 4550 MiB, 32607 MiB
2026/09/14 18:19:06.589, 1, 80 %, 4568 MiB, 32607 MiB
2026/09/14 18:19:06.591, 2, 85 %, 4570 MiB, 32607 MiB
2026/09/14 18:19:06.592, 3, 85 %, 4550 MiB, 32607 MiB
2026/09/14 18:19:11.593, 0, 84 %, 4550 MiB, 32607 MiB
2026/09/14 18:19:11.596, 1, 78 %, 4568 MiB, 32607 MiB
2026/09/14 18:19:11.599, 2, 74 %, 4570 MiB, 32607 MiB
2026/09/14 18:19:11.600, 3, 83 %, 4550 MiB, 32607 MiB
2026/09/14 18:19:16.602, 0, 81 %, 4550 MiB, 32607 MiB
2026/09/14 18:19:16.604, 1, 81 %, 4568 MiB, 32607 MiB
2026/09/14 18:19:16.605, 2, 85 %, 4570 MiB, 32607 MiB
2026/09/14 18:19:16.606, 3, 87 %, 4550 MiB, 32607 MiB
2026/09/14 18:19:21.607, 0, 88 %, 4550 MiB, 32607 MiB
2026/09/14 18:19:21.609, 1, 84 %, 4568 MiB, 32607 MiB
2026/09/14 18:19:21.611, 2, 81 %, 4570 MiB, 32607 MiB
2026/09/14 18:19:21.612, 3, 86 %, 4550 MiB, 32607 MiB
2026/09/14 18:19:26.613, 0, 83 %, 4550 MiB, 32607 MiB
2026/09/14 18:19:26.615, 1, 83 %, 4568 MiB, 32607 MiB
2026/09/14 18:19:26.616, 2, 86 %, 4570 MiB, 32607 MiB
2026/09/14 18:19:26.617, 3, 85 %, 4550 MiB, 32607 MiB
2026/09/14 18:19:31.619, 0, 83 %, 4550 MiB, 32607 MiB
2026/09/14 18:19:31.620, 1, 85 %, 4568 MiB, 32607 MiB
2026/09/14 18:19:31.622, 2, 81 %, 4570 MiB, 32607 MiB
2026/09/14 18:19:31.623, 3, 82 %, 4550 MiB, 32607 MiB
2026/09/14 18:19:36.625, 0, 83 %, 4550 MiB, 32607 MiB
2026/09/14 18:19:36.626, 1, 82 %, 4568 MiB, 32607 MiB
2026/09/14 18:19:36.628, 2, 84 %, 4570 MiB, 32607 MiB
2026/09/14 18:19:36.629, 3, 80 %, 4550 MiB, 32607 MiB
2026/09/14 18:19:41.630, 0, 78 %, 4550 MiB, 32607 MiB
2026/09/14 18:19:41.632, 1, 85 %, 4568 MiB, 32607 MiB
2026/09/14 18:19:41.633, 2, 82 %, 4570 MiB, 32607 MiB
2026/09/14 18:19:41.634, 3, 83 %, 4550 MiB, 32607 MiB
2026/09/14 18:19:46.635, 0, 83 %, 4550 MiB, 32607 MiB
2026/09/14 18:19:46.637, 1, 84 %, 4568 MiB, 32607 MiB
2026/09/14 18:19:46.638, 2, 85 %, 4570 MiB, 32607 MiB
2026/09/14 18:19:46.640, 3, 79 %, 4550 MiB, 32607 MiB
2026/09/14 18:19:51.641, 0, 84 %, 4550 MiB, 32607 MiB
2026/09/14 18:19:51.643, 1, 86 %, 4568 MiB, 32607 MiB
2026/09/14 18:19:51.645, 2, 88 %, 4570 MiB, 32607 MiB
2026/09/14 18:19:51.647, 3, 83 %, 4550 MiB, 32607 MiB
2026/09/14 18:19:56.649, 0, 85 %, 4550 MiB, 32607 MiB
2026/09/14 18:19:56.652, 1, 86 %, 4568 MiB, 32607 MiB
2026/09/14 18:19:56.654, 2, 86 %, 4570 MiB, 32607 MiB
2026/09/14 18:19:56.655, 3, 85 %, 4550 MiB, 32607 MiB
2026/09/14 18:20:01.657, 0, 89 %, 4550 MiB, 32607 MiB
2026/09/14 18:20:01.659, 1, 79 %, 4568 MiB, 32607 MiB
2026/09/14 18:20:01.661, 2, 83 %, 4570 MiB, 32607 MiB
2026/09/14 18:20:01.662, 3, 85 %, 4550 MiB, 32607 MiB
2026/09/14 18:20:06.664, 0, 84 %, 4550 MiB, 32607 MiB
2026/09/14 18:20:06.666, 1, 82 %, 4568 MiB, 32607 MiB
2026/09/14 18:20:06.667, 2, 81 %, 4570 MiB, 32607 MiB
2026/09/14 18:20:06.667, 3, 80 %, 4550 MiB, 32607 MiB
2026/09/14 18:20:11.668, 0, 85 %, 4550 MiB, 32607 MiB
2026/09/14 18:20:11.670, 1, 82 %, 4568 MiB, 32607 MiB
2026/09/14 18:20:11.672, 2, 81 %, 4570 MiB, 32607 MiB
2026/09/14 18:20:11.673, 3, 84 %, 4550 MiB, 32607 MiB
2026/09/14 18:20:16.675, 0, 84 %, 4550 MiB, 32607 MiB
2026/09/14 18:20:16.677, 1, 85 %, 4568 MiB, 32607 MiB
2026/09/14 18:20:16.679, 2, 82 %, 4570 MiB, 32607 MiB
2026/09/14 18:20:16.681, 3, 78 %, 4550 MiB, 32607 MiB
2026/09/14 18:20:21.683, 0, 78 %, 4550 MiB, 32607 MiB
2026/09/14 18:20:21.685, 1, 84 %, 4568 MiB, 32607 MiB
2026/09/14 18:20:21.686, 2, 87 %, 4570 MiB, 32607 MiB
2026/09/14 18:20:21.688, 3, 82 %, 4550 MiB, 32607 MiB
2026/09/14 18:20:26.690, 0, 83 %, 4550 MiB, 32607 MiB
2026/09/14 18:20:26.692, 1, 83 %, 4568 MiB, 32607 MiB
2026/09/14 18:20:26.693, 2, 83 %, 4570 MiB, 32607 MiB
2026/09/14 18:20:26.695, 3, 81 %, 4550 MiB, 32607 MiB
2026/09/14 18:20:31.696, 0, 76 %, 4550 MiB, 32607 MiB
2026/09/14 18:20:31.697, 1, 86 %, 4568 MiB, 32607 MiB
2026/09/14 18:20:31.699, 2, 73 %, 4570 MiB, 32607 MiB
2026/09/14 18:20:31.700, 3, 75 %, 4550 MiB, 32607 MiB
2026/09/14 18:20:36.702, 0, 82 %, 4550 MiB, 32607 MiB
2026/09/14 18:20:36.703, 1, 84 %, 4568 MiB, 32607 MiB
2026/09/14 18:20:36.705, 2, 85 %, 4570 MiB, 32607 MiB
2026/09/14 18:20:36.706, 3, 79 %, 4550 MiB, 32607 MiB
2026/09/14 18:20:41.709, 0, 85 %, 4550 MiB, 32607 MiB
2026/09/14 18:20:41.710, 1, 84 %, 4568 MiB, 32607 MiB
2026/09/14 18:20:41.712, 2, 86 %, 4570 MiB, 32607 MiB
2026/09/14 18:20:41.713, 3, 83 %, 4550 MiB, 32607 MiB
2026/09/14 18:20:46.714, 0, 84 %, 4550 MiB, 32607 MiB
2026/09/14 18:20:46.716, 1, 86 %, 4568 MiB, 32607 MiB
2026/09/14 18:20:46.717, 2, 90 %, 4570 MiB, 32607 MiB
2026/09/14 18:20:46.718, 3, 78 %, 4550 MiB, 32607 MiB
2026/09/14 18:20:51.720, 0, 68 %, 4550 MiB, 32607 MiB
2026/09/14 18:20:51.722, 1, 100 %, 4568 MiB, 32607 MiB
2026/09/14 18:20:51.724, 2, 100 %, 4570 MiB, 32607 MiB
2026/09/14 18:20:51.726, 3, 100 %, 4550 MiB, 32607 MiB
2026/09/14 18:20:56.729, 0, 80 %, 4550 MiB, 32607 MiB
2026/09/14 18:20:56.731, 1, 83 %, 4568 MiB, 32607 MiB
2026/09/14 18:20:56.733, 2, 79 %, 4570 MiB, 32607 MiB
2026/09/14 18:20:56.734, 3, 83 %, 4550 MiB, 32607 MiB
2026/09/14 18:21:01.735, 0, 82 %, 4550 MiB, 32607 MiB
2026/09/14 18:21:01.737, 1, 86 %, 4568 MiB, 32607 MiB
2026/09/14 18:21:01.737, 2, 83 %, 4570 MiB, 32607 MiB
2026/09/14 18:21:01.738, 3, 83 %, 4550 MiB, 32607 MiB
2026/09/14 18:21:06.738, 0, 85 %, 4550 MiB, 32607 MiB
2026/09/14 18:21:06.741, 1, 86 %, 4568 MiB, 32607 MiB
2026/09/14 18:21:06.743, 2, 82 %, 4570 MiB, 32607 MiB
2026/09/14 18:21:06.744, 3, 80 %, 4550 MiB, 32607 MiB
2026/09/14 18:21:11.746, 0, 89 %, 4550 MiB, 32607 MiB
2026/09/14 18:21:11.748, 1, 82 %, 4568 MiB, 32607 MiB
2026/09/14 18:21:11.750, 2, 85 %, 4570 MiB, 32607 MiB
2026/09/14 18:21:11.751, 3, 84 %, 4550 MiB, 32607 MiB
2026/09/14 18:21:16.752, 0, 84 %, 4550 MiB, 32607 MiB
2026/09/14 18:21:16.754, 1, 69 %, 4568 MiB, 32607 MiB
2026/09/14 18:21:16.756, 2, 73 %, 4570 MiB, 32607 MiB
2026/09/14 18:21:16.758, 3, 84 %, 4550 MiB, 32607 MiB
2026/09/14 18:21:21.759, 0, 86 %, 4550 MiB, 32607 MiB
2026/09/14 18:21:21.761, 1, 77 %, 4568 MiB, 32607 MiB
2026/09/14 18:21:21.763, 2, 86 %, 4570 MiB, 32607 MiB
2026/09/14 18:21:21.764, 3, 79 %, 4550 MiB, 32607 MiB
2026/09/14 18:21:26.765, 0, 88 %, 4550 MiB, 32607 MiB
2026/09/14 18:21:26.768, 1, 87 %, 4568 MiB, 32607 MiB
2026/09/14 18:21:26.770, 2, 84 %, 4570 MiB, 32607 MiB
2026/09/14 18:21:26.772, 3, 80 %, 4550 MiB, 32607 MiB
2026/09/14 18:21:31.774, 0, 84 %, 4550 MiB, 32607 MiB
2026/09/14 18:21:31.776, 1, 84 %, 4568 MiB, 32607 MiB
2026/09/14 18:21:31.777, 2, 85 %, 4570 MiB, 32607 MiB
2026/09/14 18:21:31.778, 3, 89 %, 4550 MiB, 32607 MiB
2026/09/14 18:21:36.779, 0, 88 %, 4550 MiB, 32607 MiB
2026/09/14 18:21:36.780, 1, 85 %, 4568 MiB, 32607 MiB
2026/09/14 18:21:36.780, 2, 82 %, 4570 MiB, 32607 MiB
2026/09/14 18:21:36.780, 3, 79 %, 4550 MiB, 32607 MiB
2026/09/14 18:21:41.781, 0, 86 %, 4550 MiB, 32607 MiB
2026/09/14 18:21:41.783, 1, 87 %, 4568 MiB, 32607 MiB
2026/09/14 18:21:41.784, 2, 86 %, 4570 MiB, 32607 MiB
2026/09/14 18:21:41.785, 3, 85 %, 4550 MiB, 32607 MiB
2026/09/14 18:21:46.786, 0, 86 %, 4550 MiB, 32607 MiB
2026/09/14 18:21:46.789, 1, 82 %, 4568 MiB, 32607 MiB
2026/09/14 18:21:46.790, 2, 81 %, 4570 MiB, 32607 MiB
2026/09/14 18:21:46.791, 3, 84 %, 4550 MiB, 32607 MiB
2026/09/14 18:21:51.792, 0, 78 %, 4550 MiB, 32607 MiB
2026/09/14 18:21:51.794, 1, 86 %, 4568 MiB, 32607 MiB
2026/09/14 18:21:51.795, 2, 86 %, 4570 MiB, 32607 MiB
2026/09/14 18:21:51.797, 3, 85 %, 4550 MiB, 32607 MiB
2026/09/14 18:21:56.798, 0, 83 %, 4550 MiB, 32607 MiB
2026/09/14 18:21:56.800, 1, 84 %, 4568 MiB, 32607 MiB
2026/09/14 18:21:56.802, 2, 84 %, 4570 MiB, 32607 MiB
2026/09/14 18:21:56.802, 3, 82 %, 4550 MiB, 32607 MiB
2026/09/14 18:22:01.803, 0, 82 %, 4550 MiB, 32607 MiB
2026/09/14 18:22:01.804, 1, 87 %, 4568 MiB, 32607 MiB
2026/09/14 18:22:01.805, 2, 84 %, 4570 MiB, 32607 MiB
2026/09/14 18:22:01.806, 3, 81 %, 4550 MiB, 32607 MiB
2026/09/14 18:22:06.806, 0, 0 %, 4550 MiB, 32607 MiB
2026/09/14 18:22:06.809, 1, 66 %, 4568 MiB, 32607 MiB
2026/09/14 18:22:06.810, 2, 66 %, 4570 MiB, 32607 MiB
2026/09/14 18:22:06.810, 3, 100 %, 4550 MiB, 32607 MiB
2026/09/14 18:22:11.812, 0, 84 %, 4550 MiB, 32607 MiB
2026/09/14 18:22:11.813, 1, 84 %, 4568 MiB, 32607 MiB
2026/09/14 18:22:11.815, 2, 89 %, 4570 MiB, 32607 MiB
2026/09/14 18:22:11.816, 3, 77 %, 4550 MiB, 32607 MiB
2026/09/14 18:22:16.817, 0, 77 %, 4550 MiB, 32607 MiB
2026/09/14 18:22:16.819, 1, 84 %, 4568 MiB, 32607 MiB
2026/09/14 18:22:16.821, 2, 90 %, 4570 MiB, 32607 MiB
2026/09/14 18:22:16.822, 3, 85 %, 4550 MiB, 32607 MiB
2026/09/14 18:22:21.824, 0, 80 %, 4550 MiB, 32607 MiB
2026/09/14 18:22:21.826, 1, 79 %, 4568 MiB, 32607 MiB
2026/09/14 18:22:21.828, 2, 78 %, 4570 MiB, 32607 MiB
2026/09/14 18:22:21.829, 3, 83 %, 4550 MiB, 32607 MiB
2026/09/14 18:22:26.830, 0, 76 %, 4550 MiB, 32607 MiB
2026/09/14 18:22:26.832, 1, 85 %, 4568 MiB, 32607 MiB
2026/09/14 18:22:26.833, 2, 84 %, 4570 MiB, 32607 MiB
2026/09/14 18:22:26.834, 3, 85 %, 4550 MiB, 32607 MiB
2026/09/14 18:22:31.835, 0, 84 %, 4550 MiB, 32607 MiB
2026/09/14 18:22:31.837, 1, 78 %, 4568 MiB, 32607 MiB
2026/09/14 18:22:31.839, 2, 81 %, 4570 MiB, 32607 MiB
2026/09/14 18:22:31.841, 3, 88 %, 4550 MiB, 32607 MiB
2026/09/14 18:22:36.843, 0, 79 %, 4550 MiB, 32607 MiB
2026/09/14 18:22:36.845, 1, 86 %, 4568 MiB, 32607 MiB
2026/09/14 18:22:36.847, 2, 91 %, 4570 MiB, 32607 MiB
2026/09/14 18:22:36.849, 3, 84 %, 4550 MiB, 32607 MiB
2026/09/14 18:22:41.850, 0, 0 %, 4550 MiB, 32607 MiB
2026/09/14 18:22:41.852, 1, 100 %, 4568 MiB, 32607 MiB
2026/09/14 18:22:41.854, 2, 100 %, 4570 MiB, 32607 MiB
2026/09/14 18:22:41.855, 3, 93 %, 4550 MiB, 32607 MiB
2026/09/14 18:22:46.857, 0, 84 %, 4550 MiB, 32607 MiB
2026/09/14 18:22:46.858, 1, 78 %, 4568 MiB, 32607 MiB
2026/09/14 18:22:46.859, 2, 83 %, 4570 MiB, 32607 MiB
2026/09/14 18:22:46.860, 3, 86 %, 4550 MiB, 32607 MiB
2026/09/14 18:22:51.861, 0, 82 %, 4550 MiB, 32607 MiB
2026/09/14 18:22:51.863, 1, 82 %, 4568 MiB, 32607 MiB
2026/09/14 18:22:51.865, 2, 88 %, 4570 MiB, 32607 MiB
2026/09/14 18:22:51.866, 3, 89 %, 4550 MiB, 32607 MiB
2026/09/14 18:22:56.867, 0, 85 %, 4550 MiB, 32607 MiB
2026/09/14 18:22:56.869, 1, 83 %, 4568 MiB, 32607 MiB
2026/09/14 18:22:56.871, 2, 80 %, 4570 MiB, 32607 MiB
2026/09/14 18:22:56.873, 3, 86 %, 4550 MiB, 32607 MiB
2026/09/14 18:23:01.874, 0, 81 %, 4550 MiB, 32607 MiB
2026/09/14 18:23:01.876, 1, 82 %, 4568 MiB, 32607 MiB
2026/09/14 18:23:01.878, 2, 82 %, 4570 MiB, 32607 MiB
2026/09/14 18:23:01.879, 3, 83 %, 4550 MiB, 32607 MiB
2026/09/14 18:23:06.881, 0, 85 %, 4550 MiB, 32607 MiB
2026/09/14 18:23:06.884, 1, 82 %, 4568 MiB, 32607 MiB
2026/09/14 18:23:06.885, 2, 81 %, 4570 MiB, 32607 MiB
2026/09/14 18:23:06.886, 3, 88 %, 4550 MiB, 32607 MiB
2026/09/14 18:23:11.887, 0, 81 %, 4550 MiB, 32607 MiB
2026/09/14 18:23:11.889, 1, 80 %, 4568 MiB, 32607 MiB
2026/09/14 18:23:11.889, 2, 83 %, 4570 MiB, 32607 MiB
2026/09/14 18:23:11.890, 3, 84 %, 4550 MiB, 32607 MiB
2026/09/14 18:23:16.890, 0, 83 %, 4550 MiB, 32607 MiB
2026/09/14 18:23:16.893, 1, 86 %, 4568 MiB, 32607 MiB
2026/09/14 18:23:16.894, 2, 85 %, 4570 MiB, 32607 MiB
2026/09/14 18:23:16.896, 3, 82 %, 4550 MiB, 32607 MiB
2026/09/14 18:23:21.897, 0, 86 %, 4550 MiB, 32607 MiB
2026/09/14 18:23:21.899, 1, 83 %, 4568 MiB, 32607 MiB
2026/09/14 18:23:21.901, 2, 86 %, 4570 MiB, 32607 MiB
2026/09/14 18:23:21.902, 3, 77 %, 4550 MiB, 32607 MiB
2026/09/14 18:23:26.904, 0, 83 %, 4550 MiB, 32607 MiB
2026/09/14 18:23:26.906, 1, 86 %, 4568 MiB, 32607 MiB
2026/09/14 18:23:26.907, 2, 87 %, 4570 MiB, 32607 MiB
2026/09/14 18:23:26.908, 3, 86 %, 4550 MiB, 32607 MiB
2026/09/14 18:23:31.909, 0, 86 %, 4550 MiB, 32607 MiB
2026/09/14 18:23:31.912, 1, 82 %, 4568 MiB, 32607 MiB
2026/09/14 18:23:31.913, 2, 82 %, 4570 MiB, 32607 MiB
2026/09/14 18:23:31.913, 3, 82 %, 4550 MiB, 32607 MiB
2026/09/14 18:23:36.914, 0, 80 %, 4550 MiB, 32607 MiB
2026/09/14 18:23:36.916, 1, 83 %, 4568 MiB, 32607 MiB
2026/09/14 18:23:36.918, 2, 82 %, 4570 MiB, 32607 MiB
2026/09/14 18:23:36.919, 3, 87 %, 4550 MiB, 32607 MiB
2026/09/14 18:23:41.921, 0, 82 %, 4550 MiB, 32607 MiB
2026/09/14 18:23:41.923, 1, 83 %, 4568 MiB, 32607 MiB
2026/09/14 18:23:41.924, 2, 86 %, 4570 MiB, 32607 MiB
2026/09/14 18:23:41.925, 3, 83 %, 4550 MiB, 32607 MiB
2026/09/14 18:23:46.926, 0, 85 %, 4550 MiB, 32607 MiB
2026/09/14 18:23:46.929, 1, 89 %, 4568 MiB, 32607 MiB
2026/09/14 18:23:46.930, 2, 85 %, 4570 MiB, 32607 MiB
2026/09/14 18:23:46.930, 3, 81 %, 4550 MiB, 32607 MiB
2026/09/14 18:23:51.932, 0, 83 %, 4550 MiB, 32607 MiB
2026/09/14 18:23:51.934, 1, 83 %, 4568 MiB, 32607 MiB
2026/09/14 18:23:51.936, 2, 79 %, 4570 MiB, 32607 MiB
2026/09/14 18:23:51.937, 3, 86 %, 4550 MiB, 32607 MiB
2026/09/14 18:23:56.938, 0, 67 %, 4550 MiB, 32607 MiB
2026/09/14 18:23:56.941, 1, 100 %, 4568 MiB, 32607 MiB
2026/09/14 18:23:56.942, 2, 100 %, 4570 MiB, 32607 MiB
2026/09/14 18:23:56.944, 3, 100 %, 4550 MiB, 32607 MiB
2026/09/14 18:24:01.946, 0, 81 %, 4550 MiB, 32607 MiB
2026/09/14 18:24:01.947, 1, 86 %, 4568 MiB, 32607 MiB
2026/09/14 18:24:01.949, 2, 86 %, 4570 MiB, 32607 MiB
2026/09/14 18:24:01.950, 3, 84 %, 4550 MiB, 32607 MiB
2026/09/14 18:24:06.950, 0, 74 %, 4550 MiB, 32607 MiB
2026/09/14 18:24:06.953, 1, 82 %, 4568 MiB, 32607 MiB
2026/09/14 18:24:06.954, 2, 84 %, 4570 MiB, 32607 MiB
2026/09/14 18:24:06.956, 3, 86 %, 4550 MiB, 32607 MiB
2026/09/14 18:24:11.958, 0, 87 %, 4550 MiB, 32607 MiB
2026/09/14 18:24:11.960, 1, 80 %, 4568 MiB, 32607 MiB
2026/09/14 18:24:11.961, 2, 79 %, 4570 MiB, 32607 MiB
2026/09/14 18:24:11.962, 3, 89 %, 4550 MiB, 32607 MiB
2026/09/14 18:24:16.964, 0, 84 %, 4550 MiB, 32607 MiB
2026/09/14 18:24:16.965, 1, 85 %, 4568 MiB, 32607 MiB
2026/09/14 18:24:16.965, 2, 84 %, 4570 MiB, 32607 MiB
2026/09/14 18:24:16.966, 3, 88 %, 4550 MiB, 32607 MiB
2026/09/14 18:24:21.968, 0, 81 %, 4550 MiB, 32607 MiB
2026/09/14 18:24:21.970, 1, 83 %, 4568 MiB, 32607 MiB
2026/09/14 18:24:21.971, 2, 85 %, 4570 MiB, 32607 MiB
2026/09/14 18:24:21.972, 3, 89 %, 4550 MiB, 32607 MiB
2026/09/14 18:24:26.974, 0, 83 %, 4550 MiB, 32607 MiB
2026/09/14 18:24:26.976, 1, 84 %, 4568 MiB, 32607 MiB
2026/09/14 18:24:26.978, 2, 86 %, 4570 MiB, 32607 MiB
2026/09/14 18:24:26.980, 3, 85 %, 4550 MiB, 32607 MiB
2026/09/14 18:24:31.982, 0, 77 %, 4550 MiB, 32607 MiB
2026/09/14 18:24:31.985, 1, 86 %, 4568 MiB, 32607 MiB
2026/09/14 18:24:31.986, 2, 79 %, 4570 MiB, 32607 MiB
2026/09/14 18:24:31.988, 3, 86 %, 4550 MiB, 32607 MiB
2026/09/14 18:24:36.990, 0, 78 %, 4550 MiB, 32607 MiB
2026/09/14 18:24:36.992, 1, 83 %, 4568 MiB, 32607 MiB
2026/09/14 18:24:36.994, 2, 83 %, 4570 MiB, 32607 MiB
2026/09/14 18:24:36.995, 3, 83 %, 4550 MiB, 32607 MiB
2026/09/14 18:24:41.997, 0, 71 %, 4550 MiB, 32607 MiB
2026/09/14 18:24:41.998, 1, 85 %, 4568 MiB, 32607 MiB
2026/09/14 18:24:42.000, 2, 84 %, 4570 MiB, 32607 MiB
2026/09/14 18:24:42.001, 3, 84 %, 4550 MiB, 32607 MiB
2026/09/14 18:24:47.002, 0, 83 %, 4550 MiB, 32607 MiB
2026/09/14 18:24:47.004, 1, 78 %, 4568 MiB, 32607 MiB
2026/09/14 18:24:47.006, 2, 80 %, 4570 MiB, 32607 MiB
2026/09/14 18:24:47.007, 3, 85 %, 4550 MiB, 32607 MiB
2026/09/14 18:24:52.010, 0, 83 %, 4550 MiB, 32607 MiB
2026/09/14 18:24:52.012, 1, 84 %, 4568 MiB, 32607 MiB
2026/09/14 18:24:52.014, 2, 83 %, 4570 MiB, 32607 MiB
2026/09/14 18:24:52.016, 3, 87 %, 4550 MiB, 32607 MiB
2026/09/14 18:24:57.018, 0, 83 %, 4550 MiB, 32607 MiB
2026/09/14 18:24:57.020, 1, 83 %, 4568 MiB, 32607 MiB
2026/09/14 18:24:57.021, 2, 83 %, 4570 MiB, 32607 MiB
2026/09/14 18:24:57.023, 3, 86 %, 4550 MiB, 32607 MiB
2026/09/14 18:25:02.024, 0, 84 %, 4550 MiB, 32607 MiB
2026/09/14 18:25:02.026, 1, 87 %, 4568 MiB, 32607 MiB
2026/09/14 18:25:02.028, 2, 86 %, 4570 MiB, 32607 MiB
2026/09/14 18:25:02.029, 3, 78 %, 4550 MiB, 32607 MiB
2026/09/14 18:25:07.031, 0, 85 %, 4550 MiB, 32607 MiB
2026/09/14 18:25:07.033, 1, 73 %, 4568 MiB, 32607 MiB
2026/09/14 18:25:07.034, 2, 76 %, 4570 MiB, 32607 MiB
2026/09/14 18:25:07.037, 3, 87 %, 4550 MiB, 32607 MiB
2026/09/14 18:25:12.039, 0, 79 %, 4550 MiB, 32607 MiB
2026/09/14 18:25:12.041, 1, 87 %, 4568 MiB, 32607 MiB
2026/09/14 18:25:12.043, 2, 87 %, 4570 MiB, 32607 MiB
2026/09/14 18:25:12.044, 3, 85 %, 4550 MiB, 32607 MiB
2026/09/14 18:25:17.045, 0, 81 %, 4550 MiB, 32607 MiB
2026/09/14 18:25:17.048, 1, 81 %, 4568 MiB, 32607 MiB
2026/09/14 18:25:17.050, 2, 80 %, 4570 MiB, 32607 MiB
2026/09/14 18:25:17.050, 3, 83 %, 4550 MiB, 32607 MiB
2026/09/14 18:25:22.053, 0, 88 %, 4550 MiB, 32607 MiB
2026/09/14 18:25:22.054, 1, 89 %, 4568 MiB, 32607 MiB
2026/09/14 18:25:22.055, 2, 82 %, 4570 MiB, 32607 MiB
2026/09/14 18:25:22.056, 3, 83 %, 4550 MiB, 32607 MiB
2026/09/14 18:25:27.058, 0, 82 %, 4550 MiB, 32607 MiB
2026/09/14 18:25:27.059, 1, 84 %, 4568 MiB, 32607 MiB
2026/09/14 18:25:27.060, 2, 75 %, 4570 MiB, 32607 MiB
2026/09/14 18:25:27.061, 3, 87 %, 4550 MiB, 32607 MiB
2026/09/14 18:25:32.062, 0, 78 %, 4550 MiB, 32607 MiB
2026/09/14 18:25:32.064, 1, 83 %, 4568 MiB, 32607 MiB
2026/09/14 18:25:32.064, 2, 85 %, 4570 MiB, 32607 MiB
2026/09/14 18:25:32.065, 3, 81 %, 4550 MiB, 32607 MiB
2026/09/14 18:25:37.066, 0, 78 %, 4550 MiB, 32607 MiB
2026/09/14 18:25:37.068, 1, 81 %, 4568 MiB, 32607 MiB
2026/09/14 18:25:37.070, 2, 81 %, 4570 MiB, 32607 MiB
2026/09/14 18:25:37.070, 3, 84 %, 4550 MiB, 32607 MiB
2026/09/14 18:25:42.072, 0, 82 %, 4550 MiB, 32607 MiB
2026/09/14 18:25:42.074, 1, 80 %, 4568 MiB, 32607 MiB
2026/09/14 18:25:42.074, 2, 83 %, 4570 MiB, 32607 MiB
2026/09/14 18:25:42.076, 3, 78 %, 4550 MiB, 32607 MiB
2026/09/14 18:25:47.077, 0, 76 %, 4550 MiB, 32607 MiB
2026/09/14 18:25:47.080, 1, 83 %, 4568 MiB, 32607 MiB
2026/09/14 18:25:47.081, 2, 77 %, 4570 MiB, 32607 MiB
2026/09/14 18:25:47.083, 3, 85 %, 4550 MiB, 32607 MiB
2026/09/14 18:25:52.086, 0, 76 %, 4550 MiB, 32607 MiB
2026/09/14 18:25:52.088, 1, 84 %, 4568 MiB, 32607 MiB
2026/09/14 18:25:52.089, 2, 87 %, 4570 MiB, 32607 MiB
2026/09/14 18:25:52.089, 3, 79 %, 4550 MiB, 32607 MiB
2026/09/14 18:25:57.091, 0, 90 %, 4550 MiB, 32607 MiB
2026/09/14 18:25:57.093, 1, 86 %, 4568 MiB, 32607 MiB
2026/09/14 18:25:57.095, 2, 85 %, 4570 MiB, 32607 MiB
2026/09/14 18:25:57.096, 3, 88 %, 4550 MiB, 32607 MiB
2026/09/14 18:26:02.098, 0, 82 %, 4550 MiB, 32607 MiB
2026/09/14 18:26:02.100, 1, 74 %, 4568 MiB, 32607 MiB
2026/09/14 18:26:02.101, 2, 80 %, 4570 MiB, 32607 MiB
2026/09/14 18:26:02.102, 3, 86 %, 4550 MiB, 32607 MiB
2026/09/14 18:26:07.104, 0, 86 %, 4550 MiB, 32607 MiB
2026/09/14 18:26:07.106, 1, 81 %, 4568 MiB, 32607 MiB
2026/09/14 18:26:07.106, 2, 82 %, 4570 MiB, 32607 MiB
2026/09/14 18:26:07.108, 3, 86 %, 4550 MiB, 32607 MiB
2026/09/14 18:26:12.110, 0, 77 %, 4550 MiB, 32607 MiB
2026/09/14 18:26:12.112, 1, 83 %, 4568 MiB, 32607 MiB
2026/09/14 18:26:12.113, 2, 81 %, 4570 MiB, 32607 MiB
2026/09/14 18:26:12.115, 3, 83 %, 4550 MiB, 32607 MiB
2026/09/14 18:26:17.116, 0, 80 %, 4550 MiB, 32607 MiB
2026/09/14 18:26:17.119, 1, 87 %, 4568 MiB, 32607 MiB
2026/09/14 18:26:17.120, 2, 83 %, 4570 MiB, 32607 MiB
2026/09/14 18:26:17.122, 3, 85 %, 4550 MiB, 32607 MiB
2026/09/14 18:26:22.124, 0, 78 %, 4550 MiB, 32607 MiB
2026/09/14 18:26:22.126, 1, 84 %, 4568 MiB, 32607 MiB
2026/09/14 18:26:22.128, 2, 87 %, 4570 MiB, 32607 MiB
2026/09/14 18:26:22.129, 3, 78 %, 4550 MiB, 32607 MiB
2026/09/14 18:26:27.131, 0, 83 %, 4550 MiB, 32607 MiB
2026/09/14 18:26:27.132, 1, 79 %, 4568 MiB, 32607 MiB
2026/09/14 18:26:27.134, 2, 81 %, 4570 MiB, 32607 MiB
2026/09/14 18:26:27.135, 3, 86 %, 4550 MiB, 32607 MiB
2026/09/14 18:26:32.138, 0, 82 %, 4550 MiB, 32607 MiB
2026/09/14 18:26:32.140, 1, 80 %, 4568 MiB, 32607 MiB
2026/09/14 18:26:32.142, 2, 80 %, 4570 MiB, 32607 MiB
2026/09/14 18:26:32.143, 3, 80 %, 4550 MiB, 32607 MiB
2026/09/14 18:26:37.144, 0, 83 %, 4550 MiB, 32607 MiB
2026/09/14 18:26:37.147, 1, 84 %, 4568 MiB, 32607 MiB
2026/09/14 18:26:37.148, 2, 85 %, 4570 MiB, 32607 MiB
2026/09/14 18:26:37.150, 3, 89 %, 4550 MiB, 32607 MiB
2026/09/14 18:26:42.151, 0, 77 %, 4550 MiB, 32607 MiB
2026/09/14 18:26:42.152, 1, 88 %, 4568 MiB, 32607 MiB
2026/09/14 18:26:42.153, 2, 84 %, 4570 MiB, 32607 MiB
2026/09/14 18:26:42.154, 3, 86 %, 4550 MiB, 32607 MiB
2026/09/14 18:26:47.154, 0, 83 %, 4550 MiB, 32607 MiB
2026/09/14 18:26:47.156, 1, 84 %, 4568 MiB, 32607 MiB
2026/09/14 18:26:47.157, 2, 74 %, 4570 MiB, 32607 MiB
2026/09/14 18:26:47.158, 3, 86 %, 4550 MiB, 32607 MiB
2026/09/14 18:26:52.160, 0, 86 %, 4550 MiB, 32607 MiB
2026/09/14 18:26:52.162, 1, 80 %, 4568 MiB, 32607 MiB
2026/09/14 18:26:52.164, 2, 83 %, 4570 MiB, 32607 MiB
2026/09/14 18:26:52.165, 3, 85 %, 4550 MiB, 32607 MiB
2026/09/14 18:26:57.167, 0, 43 %, 4550 MiB, 32607 MiB
2026/09/14 18:26:57.169, 1, 100 %, 4568 MiB, 32607 MiB
2026/09/14 18:26:57.170, 2, 100 %, 4570 MiB, 32607 MiB
2026/09/14 18:26:57.172, 3, 100 %, 4550 MiB, 32607 MiB
2026/09/14 18:27:02.174, 0, 0 %, 4550 MiB, 32607 MiB
2026/09/14 18:27:02.176, 1, 100 %, 4568 MiB, 32607 MiB
2026/09/14 18:27:02.177, 2, 100 %, 4570 MiB, 32607 MiB
2026/09/14 18:27:02.178, 3, 100 %, 4550 MiB, 32607 MiB
2026/09/14 18:27:07.180, 0, 72 %, 4550 MiB, 32607 MiB
2026/09/14 18:27:07.183, 1, 81 %, 4568 MiB, 32607 MiB
2026/09/14 18:27:07.184, 2, 85 %, 4570 MiB, 32607 MiB
2026/09/14 18:27:07.186, 3, 86 %, 4550 MiB, 32607 MiB
2026/09/14 18:27:12.187, 0, 81 %, 4550 MiB, 32607 MiB
2026/09/14 18:27:12.188, 1, 84 %, 4568 MiB, 32607 MiB
2026/09/14 18:27:12.190, 2, 86 %, 4570 MiB, 32607 MiB
2026/09/14 18:27:12.191, 3, 77 %, 4550 MiB, 32607 MiB
2026/09/14 18:27:17.192, 0, 79 %, 4550 MiB, 32607 MiB
2026/09/14 18:27:17.194, 1, 82 %, 4568 MiB, 32607 MiB
2026/09/14 18:27:17.195, 2, 84 %, 4570 MiB, 32607 MiB
2026/09/14 18:27:17.196, 3, 84 %, 4550 MiB, 32607 MiB
2026/09/14 18:27:22.198, 0, 87 %, 4550 MiB, 32607 MiB
2026/09/14 18:27:22.200, 1, 80 %, 4568 MiB, 32607 MiB
2026/09/14 18:27:22.201, 2, 87 %, 4570 MiB, 32607 MiB
2026/09/14 18:27:22.202, 3, 86 %, 4550 MiB, 32607 MiB
2026/09/14 18:27:27.202, 0, 85 %, 4550 MiB, 32607 MiB
2026/09/14 18:27:27.204, 1, 83 %, 4568 MiB, 32607 MiB
2026/09/14 18:27:27.205, 2, 81 %, 4570 MiB, 32607 MiB
2026/09/14 18:27:27.206, 3, 85 %, 4550 MiB, 32607 MiB
2026/09/14 18:27:32.207, 0, 85 %, 4550 MiB, 32607 MiB
2026/09/14 18:27:32.208, 1, 82 %, 4568 MiB, 32607 MiB
2026/09/14 18:27:32.208, 2, 82 %, 4570 MiB, 32607 MiB
2026/09/14 18:27:32.209, 3, 82 %, 4550 MiB, 32607 MiB
2026/09/14 18:27:37.210, 0, 82 %, 4550 MiB, 32607 MiB
2026/09/14 18:27:37.212, 1, 81 %, 4568 MiB, 32607 MiB
2026/09/14 18:27:37.213, 2, 81 %, 4570 MiB, 32607 MiB
2026/09/14 18:27:37.215, 3, 83 %, 4550 MiB, 32607 MiB
2026/09/14 18:27:42.217, 0, 79 %, 4550 MiB, 32607 MiB
2026/09/14 18:27:42.219, 1, 85 %, 4568 MiB, 32607 MiB
2026/09/14 18:27:42.221, 2, 84 %, 4570 MiB, 32607 MiB
2026/09/14 18:27:42.223, 3, 85 %, 4550 MiB, 32607 MiB
2026/09/14 18:27:47.225, 0, 81 %, 4550 MiB, 32607 MiB
2026/09/14 18:27:47.227, 1, 69 %, 4568 MiB, 32607 MiB
2026/09/14 18:27:47.230, 2, 83 %, 4570 MiB, 32607 MiB
2026/09/14 18:27:47.232, 3, 85 %, 4550 MiB, 32607 MiB
2026/09/14 18:27:52.234, 0, 84 %, 4550 MiB, 32607 MiB
2026/09/14 18:27:52.236, 1, 76 %, 4568 MiB, 32607 MiB
2026/09/14 18:27:52.238, 2, 81 %, 4570 MiB, 32607 MiB
2026/09/14 18:27:52.240, 3, 79 %, 4550 MiB, 32607 MiB
2026/09/14 18:27:57.242, 0, 75 %, 4550 MiB, 32607 MiB
2026/09/14 18:27:57.244, 1, 85 %, 4568 MiB, 32607 MiB
2026/09/14 18:27:57.245, 2, 76 %, 4570 MiB, 32607 MiB
2026/09/14 18:27:57.247, 3, 86 %, 4550 MiB, 32607 MiB
2026/09/14 18:28:02.248, 0, 86 %, 4550 MiB, 32607 MiB
2026/09/14 18:28:02.250, 1, 81 %, 4568 MiB, 32607 MiB
2026/09/14 18:28:02.252, 2, 81 %, 4570 MiB, 32607 MiB
2026/09/14 18:28:02.253, 3, 83 %, 4550 MiB, 32607 MiB
2026/09/14 18:28:07.254, 0, 87 %, 4550 MiB, 32607 MiB
2026/09/14 18:28:07.257, 1, 86 %, 4568 MiB, 32607 MiB
2026/09/14 18:28:07.259, 2, 83 %, 4570 MiB, 32607 MiB
2026/09/14 18:28:07.260, 3, 86 %, 4550 MiB, 32607 MiB
2026/09/14 18:28:12.261, 0, 86 %, 4550 MiB, 32607 MiB
2026/09/14 18:28:12.262, 1, 82 %, 4568 MiB, 32607 MiB
2026/09/14 18:28:12.263, 2, 85 %, 4570 MiB, 32607 MiB
2026/09/14 18:28:12.263, 3, 80 %, 4550 MiB, 32607 MiB
2026/09/14 18:28:17.265, 0, 83 %, 4550 MiB, 32607 MiB
2026/09/14 18:28:17.266, 1, 84 %, 4568 MiB, 32607 MiB
2026/09/14 18:28:17.267, 2, 83 %, 4570 MiB, 32607 MiB
2026/09/14 18:28:17.267, 3, 82 %, 4550 MiB, 32607 MiB
2026/09/14 18:28:22.268, 0, 69 %, 4550 MiB, 32607 MiB
2026/09/14 18:28:22.269, 1, 88 %, 4568 MiB, 32607 MiB
2026/09/14 18:28:22.270, 2, 85 %, 4570 MiB, 32607 MiB
2026/09/14 18:28:22.271, 3, 83 %, 4550 MiB, 32607 MiB
2026/09/14 18:28:27.272, 0, 73 %, 4550 MiB, 32607 MiB
2026/09/14 18:28:27.274, 1, 84 %, 4568 MiB, 32607 MiB
2026/09/14 18:28:27.277, 2, 85 %, 4570 MiB, 32607 MiB
2026/09/14 18:28:27.278, 3, 82 %, 4550 MiB, 32607 MiB
2026/09/14 18:28:32.280, 0, 83 %, 4550 MiB, 32607 MiB
2026/09/14 18:28:32.281, 1, 78 %, 4568 MiB, 32607 MiB
2026/09/14 18:28:32.282, 2, 83 %, 4570 MiB, 32607 MiB
2026/09/14 18:28:32.283, 3, 85 %, 4550 MiB, 32607 MiB
2026/09/14 18:28:37.284, 0, 85 %, 4550 MiB, 32607 MiB
2026/09/14 18:28:37.287, 1, 82 %, 4568 MiB, 32607 MiB
2026/09/14 18:28:37.288, 2, 90 %, 4570 MiB, 32607 MiB
2026/09/14 18:28:37.290, 3, 83 %, 4550 MiB, 32607 MiB
2026/09/14 18:28:42.291, 0, 81 %, 4550 MiB, 32607 MiB
2026/09/14 18:28:42.293, 1, 83 %, 4568 MiB, 32607 MiB
2026/09/14 18:28:42.295, 2, 84 %, 4570 MiB, 32607 MiB
2026/09/14 18:28:42.296, 3, 77 %, 4550 MiB, 32607 MiB
2026/09/14 18:28:47.297, 0, 81 %, 4550 MiB, 32607 MiB
2026/09/14 18:28:47.300, 1, 76 %, 4568 MiB, 32607 MiB
2026/09/14 18:28:47.301, 2, 80 %, 4570 MiB, 32607 MiB
2026/09/14 18:28:47.303, 3, 83 %, 4550 MiB, 32607 MiB
2026/09/14 18:28:52.304, 0, 74 %, 4550 MiB, 32607 MiB
2026/09/14 18:28:52.307, 1, 87 %, 4568 MiB, 32607 MiB
2026/09/14 18:28:52.308, 2, 90 %, 4570 MiB, 32607 MiB
2026/09/14 18:28:52.309, 3, 79 %, 4550 MiB, 32607 MiB
2026/09/14 18:28:57.310, 0, 83 %, 4550 MiB, 32607 MiB
2026/09/14 18:28:57.313, 1, 82 %, 4568 MiB, 32607 MiB
2026/09/14 18:28:57.314, 2, 81 %, 4570 MiB, 32607 MiB
2026/09/14 18:28:57.316, 3, 89 %, 4550 MiB, 32607 MiB
2026/09/14 18:29:02.318, 0, 85 %, 4550 MiB, 32607 MiB
2026/09/14 18:29:02.321, 1, 83 %, 4568 MiB, 32607 MiB
2026/09/14 18:29:02.322, 2, 88 %, 4570 MiB, 32607 MiB
2026/09/14 18:29:02.324, 3, 88 %, 4550 MiB, 32607 MiB
2026/09/14 18:29:07.326, 0, 86 %, 4550 MiB, 32607 MiB
2026/09/14 18:29:07.328, 1, 81 %, 4568 MiB, 32607 MiB
2026/09/14 18:29:07.330, 2, 90 %, 4570 MiB, 32607 MiB
2026/09/14 18:29:07.331, 3, 83 %, 4550 MiB, 32607 MiB
2026/09/14 18:29:12.332, 0, 78 %, 4550 MiB, 32607 MiB
2026/09/14 18:29:12.334, 1, 84 %, 4568 MiB, 32607 MiB
2026/09/14 18:29:12.335, 2, 83 %, 4570 MiB, 32607 MiB
2026/09/14 18:29:12.336, 3, 81 %, 4550 MiB, 32607 MiB
2026/09/14 18:29:17.337, 0, 84 %, 4550 MiB, 32607 MiB
2026/09/14 18:29:17.339, 1, 84 %, 4568 MiB, 32607 MiB
2026/09/14 18:29:17.340, 2, 82 %, 4570 MiB, 32607 MiB
2026/09/14 18:29:17.341, 3, 89 %, 4550 MiB, 32607 MiB
2026/09/14 18:29:22.342, 0, 77 %, 4550 MiB, 32607 MiB
2026/09/14 18:29:22.344, 1, 85 %, 4568 MiB, 32607 MiB
2026/09/14 18:29:22.346, 2, 85 %, 4570 MiB, 32607 MiB
2026/09/14 18:29:22.348, 3, 84 %, 4550 MiB, 32607 MiB
2026/09/14 18:29:27.350, 0, 83 %, 4550 MiB, 32607 MiB
2026/09/14 18:29:27.351, 1, 88 %, 4568 MiB, 32607 MiB
2026/09/14 18:29:27.351, 2, 86 %, 4570 MiB, 32607 MiB
2026/09/14 18:29:27.352, 3, 86 %, 4550 MiB, 32607 MiB
2026/09/14 18:29:32.353, 0, 78 %, 4550 MiB, 32607 MiB
2026/09/14 18:29:32.354, 1, 82 %, 4568 MiB, 32607 MiB
2026/09/14 18:29:32.354, 2, 79 %, 4570 MiB, 32607 MiB
2026/09/14 18:29:32.355, 3, 88 %, 4550 MiB, 32607 MiB
2026/09/14 18:29:37.356, 0, 88 %, 4550 MiB, 32607 MiB
2026/09/14 18:29:37.357, 1, 81 %, 4568 MiB, 32607 MiB
2026/09/14 18:29:37.359, 2, 85 %, 4570 MiB, 32607 MiB
2026/09/14 18:29:37.362, 3, 86 %, 4550 MiB, 32607 MiB
2026/09/14 18:29:42.362, 0, 87 %, 4550 MiB, 32607 MiB
2026/09/14 18:29:42.364, 1, 86 %, 4568 MiB, 32607 MiB
2026/09/14 18:29:42.364, 2, 84 %, 4570 MiB, 32607 MiB
2026/09/14 18:29:42.365, 3, 87 %, 4550 MiB, 32607 MiB
2026/09/14 18:29:47.366, 0, 79 %, 4550 MiB, 32607 MiB
2026/09/14 18:29:47.368, 1, 86 %, 4568 MiB, 32607 MiB
2026/09/14 18:29:47.370, 2, 86 %, 4570 MiB, 32607 MiB
2026/09/14 18:29:47.371, 3, 82 %, 4550 MiB, 32607 MiB
2026/09/14 18:29:52.372, 0, 83 %, 4550 MiB, 32607 MiB
2026/09/14 18:29:52.373, 1, 82 %, 4568 MiB, 32607 MiB
2026/09/14 18:29:52.374, 2, 80 %, 4570 MiB, 32607 MiB
2026/09/14 18:29:52.375, 3, 82 %, 4550 MiB, 32607 MiB
2026/09/14 18:29:57.377, 0, 82 %, 4550 MiB, 32607 MiB
2026/09/14 18:29:57.379, 1, 86 %, 4568 MiB, 32607 MiB
2026/09/14 18:29:57.380, 2, 89 %, 4570 MiB, 32607 MiB
2026/09/14 18:29:57.381, 3, 86 %, 4550 MiB, 32607 MiB
2026/09/14 18:30:02.382, 0, 58 %, 4550 MiB, 32607 MiB
2026/09/14 18:30:02.384, 1, 100 %, 4568 MiB, 32607 MiB
2026/09/14 18:30:02.387, 2, 100 %, 4570 MiB, 32607 MiB
2026/09/14 18:30:02.389, 3, 100 %, 4550 MiB, 32607 MiB
2026/09/14 18:30:07.391, 0, 0 %, 4550 MiB, 32607 MiB
2026/09/14 18:30:07.393, 1, 100 %, 4568 MiB, 32607 MiB
2026/09/14 18:30:07.394, 2, 100 %, 4570 MiB, 32607 MiB
2026/09/14 18:30:07.396, 3, 100 %, 4550 MiB, 32607 MiB
2026/09/14 18:30:12.398, 0, 81 %, 4550 MiB, 32607 MiB
2026/09/14 18:30:12.400, 1, 81 %, 4568 MiB, 32607 MiB
2026/09/14 18:30:12.401, 2, 84 %, 4570 MiB, 32607 MiB
2026/09/14 18:30:12.402, 3, 81 %, 4550 MiB, 32607 MiB
2026/09/14 18:30:17.404, 0, 83 %, 4550 MiB, 32607 MiB
2026/09/14 18:30:17.406, 1, 83 %, 4568 MiB, 32607 MiB
2026/09/14 18:30:17.408, 2, 83 %, 4570 MiB, 32607 MiB
2026/09/14 18:30:17.410, 3, 79 %, 4550 MiB, 32607 MiB
2026/09/14 18:30:22.412, 0, 80 %, 4550 MiB, 32607 MiB
2026/09/14 18:30:22.413, 1, 81 %, 4568 MiB, 32607 MiB
2026/09/14 18:30:22.414, 2, 84 %, 4570 MiB, 32607 MiB
2026/09/14 18:30:22.415, 3, 85 %, 4550 MiB, 32607 MiB
2026/09/14 18:30:27.417, 0, 83 %, 4550 MiB, 32607 MiB
2026/09/14 18:30:27.419, 1, 79 %, 4568 MiB, 32607 MiB
2026/09/14 18:30:27.421, 2, 84 %, 4570 MiB, 32607 MiB
2026/09/14 18:30:27.423, 3, 86 %, 4550 MiB, 32607 MiB
2026/09/14 18:30:32.426, 0, 84 %, 4550 MiB, 32607 MiB
2026/09/14 18:30:32.428, 1, 86 %, 4568 MiB, 32607 MiB
2026/09/14 18:30:32.430, 2, 87 %, 4570 MiB, 32607 MiB
2026/09/14 18:30:32.432, 3, 89 %, 4550 MiB, 32607 MiB
2026/09/14 18:30:37.434, 0, 85 %, 4550 MiB, 32607 MiB
2026/09/14 18:30:37.435, 1, 82 %, 4568 MiB, 32607 MiB
2026/09/14 18:30:37.436, 2, 82 %, 4570 MiB, 32607 MiB
2026/09/14 18:30:37.437, 3, 83 %, 4550 MiB, 32607 MiB
2026/09/14 18:30:42.438, 0, 85 %, 4550 MiB, 32607 MiB
2026/09/14 18:30:42.441, 1, 99 %, 4568 MiB, 32607 MiB
2026/09/14 18:30:42.442, 2, 100 %, 4570 MiB, 32607 MiB
2026/09/14 18:30:42.443, 3, 81 %, 4550 MiB, 32607 MiB
2026/09/14 18:30:47.446, 0, 83 %, 4550 MiB, 32607 MiB
2026/09/14 18:30:47.447, 1, 82 %, 4568 MiB, 32607 MiB
2026/09/14 18:30:47.448, 2, 84 %, 4570 MiB, 32607 MiB
2026/09/14 18:30:47.449, 3, 83 %, 4550 MiB, 32607 MiB
2026/09/14 18:30:52.450, 0, 84 %, 4550 MiB, 32607 MiB
2026/09/14 18:30:52.452, 1, 86 %, 4568 MiB, 32607 MiB
2026/09/14 18:30:52.454, 2, 86 %, 4570 MiB, 32607 MiB
2026/09/14 18:30:52.456, 3, 83 %, 4550 MiB, 32607 MiB
2026/09/14 18:30:57.458, 0, 80 %, 4550 MiB, 32607 MiB
2026/09/14 18:30:57.460, 1, 76 %, 4568 MiB, 32607 MiB
2026/09/14 18:30:57.462, 2, 83 %, 4570 MiB, 32607 MiB
2026/09/14 18:30:57.464, 3, 86 %, 4550 MiB, 32607 MiB
2026/09/14 18:31:02.466, 0, 78 %, 4550 MiB, 32607 MiB
2026/09/14 18:31:02.468, 1, 77 %, 4568 MiB, 32607 MiB
2026/09/14 18:31:02.470, 2, 79 %, 4570 MiB, 32607 MiB
2026/09/14 18:31:02.473, 3, 85 %, 4550 MiB, 32607 MiB
2026/09/14 18:31:07.474, 0, 83 %, 4550 MiB, 32607 MiB
2026/09/14 18:31:07.477, 1, 87 %, 4568 MiB, 32607 MiB
2026/09/14 18:31:07.478, 2, 81 %, 4570 MiB, 32607 MiB
2026/09/14 18:31:07.480, 3, 84 %, 4550 MiB, 32607 MiB
2026/09/14 18:31:12.482, 0, 85 %, 4550 MiB, 32607 MiB
2026/09/14 18:31:12.484, 1, 81 %, 4568 MiB, 32607 MiB
2026/09/14 18:31:12.485, 2, 82 %, 4570 MiB, 32607 MiB
2026/09/14 18:31:12.486, 3, 85 %, 4550 MiB, 32607 MiB
2026/09/14 18:31:17.488, 0, 85 %, 4550 MiB, 32607 MiB
2026/09/14 18:31:17.490, 1, 84 %, 4568 MiB, 32607 MiB
2026/09/14 18:31:17.491, 2, 85 %, 4570 MiB, 32607 MiB
2026/09/14 18:31:17.492, 3, 85 %, 4550 MiB, 32607 MiB
2026/09/14 18:31:22.494, 0, 84 %, 4550 MiB, 32607 MiB
2026/09/14 18:31:22.498, 1, 90 %, 4568 MiB, 32607 MiB
2026/09/14 18:31:22.502, 2, 83 %, 4570 MiB, 32607 MiB
2026/09/14 18:31:22.503, 3, 84 %, 4550 MiB, 32607 MiB
2026/09/14 18:31:27.505, 0, 85 %, 4550 MiB, 32607 MiB
2026/09/14 18:31:27.507, 1, 83 %, 4568 MiB, 32607 MiB
2026/09/14 18:31:27.509, 2, 82 %, 4570 MiB, 32607 MiB
2026/09/14 18:31:27.511, 3, 86 %, 4550 MiB, 32607 MiB
2026/09/14 18:31:32.514, 0, 72 %, 4550 MiB, 32607 MiB
2026/09/14 18:31:32.515, 1, 83 %, 4568 MiB, 32607 MiB
2026/09/14 18:31:32.517, 2, 83 %, 4570 MiB, 32607 MiB
2026/09/14 18:31:32.518, 3, 84 %, 4550 MiB, 32607 MiB
2026/09/14 18:31:37.519, 0, 85 %, 4550 MiB, 32607 MiB
2026/09/14 18:31:37.521, 1, 82 %, 4568 MiB, 32607 MiB
2026/09/14 18:31:37.523, 2, 90 %, 4570 MiB, 32607 MiB
2026/09/14 18:31:37.523, 3, 84 %, 4550 MiB, 32607 MiB
2026/09/14 18:31:42.525, 0, 82 %, 4550 MiB, 32607 MiB
2026/09/14 18:31:42.527, 1, 81 %, 4568 MiB, 32607 MiB
2026/09/14 18:31:42.529, 2, 79 %, 4570 MiB, 32607 MiB
2026/09/14 18:31:42.530, 3, 85 %, 4550 MiB, 32607 MiB
2026/09/14 18:31:47.531, 0, 84 %, 4550 MiB, 32607 MiB
2026/09/14 18:31:47.532, 1, 86 %, 4568 MiB, 32607 MiB
2026/09/14 18:31:47.534, 2, 84 %, 4570 MiB, 32607 MiB
2026/09/14 18:31:47.536, 3, 84 %, 4550 MiB, 32607 MiB
2026/09/14 18:31:52.537, 0, 86 %, 4550 MiB, 32607 MiB
2026/09/14 18:31:52.540, 1, 87 %, 4568 MiB, 32607 MiB
2026/09/14 18:31:52.542, 2, 83 %, 4570 MiB, 32607 MiB
2026/09/14 18:31:52.544, 3, 82 %, 4550 MiB, 32607 MiB
2026/09/14 18:31:57.545, 0, 86 %, 4550 MiB, 32607 MiB
2026/09/14 18:31:57.547, 1, 84 %, 4568 MiB, 32607 MiB
2026/09/14 18:31:57.548, 2, 83 %, 4570 MiB, 32607 MiB
2026/09/14 18:31:57.549, 3, 82 %, 4550 MiB, 32607 MiB
2026/09/14 18:32:02.551, 0, 85 %, 4550 MiB, 32607 MiB
2026/09/14 18:32:02.553, 1, 84 %, 4568 MiB, 32607 MiB
2026/09/14 18:32:02.554, 2, 83 %, 4570 MiB, 32607 MiB
2026/09/14 18:32:02.556, 3, 83 %, 4550 MiB, 32607 MiB
2026/09/14 18:32:07.557, 0, 86 %, 4550 MiB, 32607 MiB
2026/09/14 18:32:07.558, 1, 84 %, 4568 MiB, 32607 MiB
2026/09/14 18:32:07.558, 2, 81 %, 4570 MiB, 32607 MiB
2026/09/14 18:32:07.560, 3, 86 %, 4550 MiB, 32607 MiB
2026/09/14 18:32:12.562, 0, 86 %, 4550 MiB, 32607 MiB
2026/09/14 18:32:12.564, 1, 81 %, 4568 MiB, 32607 MiB
2026/09/14 18:32:12.566, 2, 81 %, 4570 MiB, 32607 MiB
2026/09/14 18:32:12.568, 3, 85 %, 4550 MiB, 32607 MiB
2026/09/14 18:32:17.569, 0, 82 %, 4550 MiB, 32607 MiB
2026/09/14 18:32:17.570, 1, 81 %, 4568 MiB, 32607 MiB
2026/09/14 18:32:17.572, 2, 83 %, 4570 MiB, 32607 MiB
2026/09/14 18:32:17.574, 3, 86 %, 4550 MiB, 32607 MiB
2026/09/14 18:32:22.576, 0, 83 %, 4550 MiB, 32607 MiB
2026/09/14 18:32:22.578, 1, 86 %, 4568 MiB, 32607 MiB
2026/09/14 18:32:22.580, 2, 84 %, 4570 MiB, 32607 MiB
2026/09/14 18:32:22.582, 3, 79 %, 4550 MiB, 32607 MiB
2026/09/14 18:32:27.582, 0, 82 %, 4550 MiB, 32607 MiB
2026/09/14 18:32:27.584, 1, 81 %, 4568 MiB, 32607 MiB
2026/09/14 18:32:27.587, 2, 85 %, 4570 MiB, 32607 MiB
2026/09/14 18:32:27.588, 3, 87 %, 4550 MiB, 32607 MiB
2026/09/14 18:32:32.591, 0, 82 %, 4550 MiB, 32607 MiB
2026/09/14 18:32:32.592, 1, 78 %, 4568 MiB, 32607 MiB
2026/09/14 18:32:32.594, 2, 90 %, 4570 MiB, 32607 MiB
2026/09/14 18:32:32.594, 3, 86 %, 4550 MiB, 32607 MiB
2026/09/14 18:32:37.596, 0, 83 %, 4550 MiB, 32607 MiB
2026/09/14 18:32:37.598, 1, 81 %, 4568 MiB, 32607 MiB
2026/09/14 18:32:37.600, 2, 82 %, 4570 MiB, 32607 MiB
2026/09/14 18:32:37.601, 3, 78 %, 4550 MiB, 32607 MiB
2026/09/14 18:32:42.603, 0, 83 %, 4550 MiB, 32607 MiB
2026/09/14 18:32:42.605, 1, 81 %, 4568 MiB, 32607 MiB
2026/09/14 18:32:42.607, 2, 84 %, 4570 MiB, 32607 MiB
2026/09/14 18:32:42.608, 3, 82 %, 4550 MiB, 32607 MiB
2026/09/14 18:32:47.609, 0, 78 %, 4550 MiB, 32607 MiB
2026/09/14 18:32:47.611, 1, 81 %, 4568 MiB, 32607 MiB
2026/09/14 18:32:47.612, 2, 85 %, 4570 MiB, 32607 MiB
2026/09/14 18:32:47.613, 3, 79 %, 4550 MiB, 32607 MiB
2026/09/14 18:32:52.614, 0, 83 %, 4550 MiB, 32607 MiB
2026/09/14 18:32:52.617, 1, 83 %, 4568 MiB, 32607 MiB
2026/09/14 18:32:52.619, 2, 80 %, 4570 MiB, 32607 MiB
2026/09/14 18:32:52.621, 3, 81 %, 4550 MiB, 32607 MiB
2026/09/14 18:32:57.624, 0, 84 %, 4550 MiB, 32607 MiB
2026/09/14 18:32:57.625, 1, 89 %, 4568 MiB, 32607 MiB
2026/09/14 18:32:57.626, 2, 90 %, 4570 MiB, 32607 MiB
2026/09/14 18:32:57.627, 3, 80 %, 4550 MiB, 32607 MiB
2026/09/14 18:33:02.629, 0, 82 %, 4550 MiB, 32607 MiB
2026/09/14 18:33:02.631, 1, 89 %, 4568 MiB, 32607 MiB
2026/09/14 18:33:02.633, 2, 85 %, 4570 MiB, 32607 MiB
2026/09/14 18:33:02.634, 3, 85 %, 4550 MiB, 32607 MiB
2026/09/14 18:33:07.636, 0, 66 %, 4550 MiB, 32607 MiB
2026/09/14 18:33:07.638, 1, 100 %, 4568 MiB, 32607 MiB
2026/09/14 18:33:07.639, 2, 100 %, 4570 MiB, 32607 MiB
2026/09/14 18:33:07.642, 3, 100 %, 4550 MiB, 32607 MiB
2026/09/14 18:33:12.643, 0, 0 %, 4550 MiB, 32607 MiB
2026/09/14 18:33:12.645, 1, 100 %, 4568 MiB, 32607 MiB
2026/09/14 18:33:12.647, 2, 100 %, 4570 MiB, 32607 MiB
2026/09/14 18:33:12.649, 3, 100 %, 4550 MiB, 32607 MiB
2026/09/14 18:33:17.650, 0, 78 %, 4550 MiB, 32607 MiB
2026/09/14 18:33:17.653, 1, 81 %, 4568 MiB, 32607 MiB
2026/09/14 18:33:17.654, 2, 79 %, 4570 MiB, 32607 MiB
2026/09/14 18:33:17.654, 3, 85 %, 4550 MiB, 32607 MiB
2026/09/14 18:33:22.656, 0, 77 %, 4550 MiB, 32607 MiB
2026/09/14 18:33:22.658, 1, 84 %, 4568 MiB, 32607 MiB
2026/09/14 18:33:22.660, 2, 84 %, 4570 MiB, 32607 MiB
2026/09/14 18:33:22.661, 3, 87 %, 4550 MiB, 32607 MiB
2026/09/14 18:33:27.662, 0, 85 %, 4550 MiB, 32607 MiB
2026/09/14 18:33:27.664, 1, 84 %, 4568 MiB, 32607 MiB
2026/09/14 18:33:27.665, 2, 83 %, 4570 MiB, 32607 MiB
2026/09/14 18:33:27.666, 3, 85 %, 4550 MiB, 32607 MiB
2026/09/14 18:33:32.668, 0, 84 %, 4550 MiB, 32607 MiB
2026/09/14 18:33:32.669, 1, 86 %, 4568 MiB, 32607 MiB
2026/09/14 18:33:32.670, 2, 82 %, 4570 MiB, 32607 MiB
2026/09/14 18:33:32.671, 3, 85 %, 4550 MiB, 32607 MiB
2026/09/14 18:33:37.673, 0, 87 %, 4550 MiB, 32607 MiB
2026/09/14 18:33:37.674, 1, 87 %, 4568 MiB, 32607 MiB
2026/09/14 18:33:37.675, 2, 75 %, 4570 MiB, 32607 MiB
2026/09/14 18:33:37.676, 3, 83 %, 4550 MiB, 32607 MiB
2026/09/14 18:33:42.678, 0, 83 %, 4550 MiB, 32607 MiB
2026/09/14 18:33:42.679, 1, 85 %, 4568 MiB, 32607 MiB
2026/09/14 18:33:42.679, 2, 88 %, 4570 MiB, 32607 MiB
2026/09/14 18:33:42.681, 3, 82 %, 4550 MiB, 32607 MiB
2026/09/14 18:33:47.682, 0, 79 %, 4550 MiB, 32607 MiB
2026/09/14 18:33:47.685, 1, 72 %, 4568 MiB, 32607 MiB
2026/09/14 18:33:47.686, 2, 78 %, 4570 MiB, 32607 MiB
2026/09/14 18:33:47.687, 3, 79 %, 4550 MiB, 32607 MiB
2026/09/14 18:33:52.689, 0, 70 %, 4550 MiB, 32607 MiB
2026/09/14 18:33:52.690, 1, 83 %, 4568 MiB, 32607 MiB
2026/09/14 18:33:52.692, 2, 83 %, 4570 MiB, 32607 MiB
2026/09/14 18:33:52.693, 3, 86 %, 4550 MiB, 32607 MiB
2026/09/14 18:33:57.694, 0, 77 %, 4550 MiB, 32607 MiB
2026/09/14 18:33:57.696, 1, 85 %, 4568 MiB, 32607 MiB
2026/09/14 18:33:57.698, 2, 85 %, 4570 MiB, 32607 MiB
2026/09/14 18:33:57.699, 3, 89 %, 4550 MiB, 32607 MiB
2026/09/14 18:34:02.701, 0, 83 %, 4550 MiB, 32607 MiB
2026/09/14 18:34:02.702, 1, 88 %, 4568 MiB, 32607 MiB
2026/09/14 18:34:02.703, 2, 86 %, 4570 MiB, 32607 MiB
2026/09/14 18:34:02.705, 3, 84 %, 4550 MiB, 32607 MiB
2026/09/14 18:34:07.706, 0, 77 %, 4550 MiB, 32607 MiB
2026/09/14 18:34:07.708, 1, 85 %, 4568 MiB, 32607 MiB
2026/09/14 18:34:07.709, 2, 77 %, 4570 MiB, 32607 MiB
2026/09/14 18:34:07.709, 3, 80 %, 4550 MiB, 32607 MiB
2026/09/14 18:34:12.710, 0, 88 %, 4550 MiB, 32607 MiB
2026/09/14 18:34:12.712, 1, 86 %, 4568 MiB, 32607 MiB
2026/09/14 18:34:12.714, 2, 84 %, 4570 MiB, 32607 MiB
2026/09/14 18:34:12.716, 3, 87 %, 4550 MiB, 32607 MiB
2026/09/14 18:34:17.718, 0, 90 %, 4550 MiB, 32607 MiB
2026/09/14 18:34:17.719, 1, 85 %, 4568 MiB, 32607 MiB
2026/09/14 18:34:17.720, 2, 84 %, 4570 MiB, 32607 MiB
2026/09/14 18:34:17.721, 3, 90 %, 4550 MiB, 32607 MiB
2026/09/14 18:34:22.722, 0, 89 %, 4550 MiB, 32607 MiB
2026/09/14 18:34:22.723, 1, 82 %, 4568 MiB, 32607 MiB
2026/09/14 18:34:22.724, 2, 81 %, 4570 MiB, 32607 MiB
2026/09/14 18:34:22.725, 3, 73 %, 4550 MiB, 32607 MiB
2026/09/14 18:34:27.725, 0, 79 %, 4550 MiB, 32607 MiB
2026/09/14 18:34:27.727, 1, 83 %, 4568 MiB, 32607 MiB
2026/09/14 18:34:27.729, 2, 84 %, 4570 MiB, 32607 MiB
2026/09/14 18:34:27.730, 3, 75 %, 4550 MiB, 32607 MiB
2026/09/14 18:34:32.732, 0, 81 %, 4550 MiB, 32607 MiB
2026/09/14 18:34:32.734, 1, 76 %, 4568 MiB, 32607 MiB
2026/09/14 18:34:32.737, 2, 84 %, 4570 MiB, 32607 MiB
2026/09/14 18:34:32.738, 3, 83 %, 4550 MiB, 32607 MiB
2026/09/14 18:34:37.740, 0, 84 %, 4550 MiB, 32607 MiB
2026/09/14 18:34:37.742, 1, 78 %, 4568 MiB, 32607 MiB
2026/09/14 18:34:37.744, 2, 75 %, 4570 MiB, 32607 MiB
2026/09/14 18:34:37.745, 3, 86 %, 4550 MiB, 32607 MiB
2026/09/14 18:34:42.746, 0, 88 %, 4550 MiB, 32607 MiB
2026/09/14 18:34:42.747, 1, 82 %, 4568 MiB, 32607 MiB
2026/09/14 18:34:42.749, 2, 84 %, 4570 MiB, 32607 MiB
2026/09/14 18:34:42.749, 3, 83 %, 4550 MiB, 32607 MiB
2026/09/14 18:34:47.750, 0, 70 %, 4550 MiB, 32607 MiB
2026/09/14 18:34:47.752, 1, 83 %, 4568 MiB, 32607 MiB
2026/09/14 18:34:47.753, 2, 81 %, 4570 MiB, 32607 MiB
2026/09/14 18:34:47.753, 3, 79 %, 4550 MiB, 32607 MiB
2026/09/14 18:34:52.754, 0, 82 %, 4550 MiB, 32607 MiB
2026/09/14 18:34:52.756, 1, 85 %, 4568 MiB, 32607 MiB
2026/09/14 18:34:52.757, 2, 84 %, 4570 MiB, 32607 MiB
2026/09/14 18:34:52.758, 3, 87 %, 4550 MiB, 32607 MiB
2026/09/14 18:34:57.759, 0, 82 %, 4550 MiB, 32607 MiB
2026/09/14 18:34:57.761, 1, 79 %, 4568 MiB, 32607 MiB
2026/09/14 18:34:57.762, 2, 83 %, 4570 MiB, 32607 MiB
2026/09/14 18:34:57.763, 3, 78 %, 4550 MiB, 32607 MiB
2026/09/14 18:35:02.764, 0, 81 %, 4550 MiB, 32607 MiB
2026/09/14 18:35:02.766, 1, 87 %, 4568 MiB, 32607 MiB
2026/09/14 18:35:02.767, 2, 84 %, 4570 MiB, 32607 MiB
2026/09/14 18:35:02.769, 3, 80 %, 4550 MiB, 32607 MiB
2026/09/14 18:35:07.770, 0, 84 %, 4550 MiB, 32607 MiB
2026/09/14 18:35:07.772, 1, 77 %, 4568 MiB, 32607 MiB
2026/09/14 18:35:07.774, 2, 74 %, 4570 MiB, 32607 MiB
2026/09/14 18:35:07.776, 3, 82 %, 4550 MiB, 32607 MiB
2026/09/14 18:35:12.778, 0, 85 %, 4550 MiB, 32607 MiB
2026/09/14 18:35:12.781, 1, 88 %, 4568 MiB, 32607 MiB
2026/09/14 18:35:12.783, 2, 81 %, 4570 MiB, 32607 MiB
2026/09/14 18:35:12.785, 3, 79 %, 4550 MiB, 32607 MiB
2026/09/14 18:35:17.787, 0, 80 %, 4550 MiB, 32607 MiB
2026/09/14 18:35:17.789, 1, 82 %, 4568 MiB, 32607 MiB
2026/09/14 18:35:17.791, 2, 89 %, 4570 MiB, 32607 MiB
2026/09/14 18:35:17.792, 3, 80 %, 4550 MiB, 32607 MiB
2026/09/14 18:35:22.793, 0, 76 %, 4550 MiB, 32607 MiB
2026/09/14 18:35:22.795, 1, 84 %, 4568 MiB, 32607 MiB
2026/09/14 18:35:22.797, 2, 82 %, 4570 MiB, 32607 MiB
2026/09/14 18:35:22.797, 3, 80 %, 4550 MiB, 32607 MiB
2026/09/14 18:35:27.799, 0, 78 %, 4550 MiB, 32607 MiB
2026/09/14 18:35:27.801, 1, 84 %, 4568 MiB, 32607 MiB
2026/09/14 18:35:27.802, 2, 83 %, 4570 MiB, 32607 MiB
2026/09/14 18:35:27.803, 3, 87 %, 4550 MiB, 32607 MiB
2026/09/14 18:35:32.805, 0, 82 %, 4550 MiB, 32607 MiB
2026/09/14 18:35:32.806, 1, 82 %, 4568 MiB, 32607 MiB
2026/09/14 18:35:32.807, 2, 90 %, 4570 MiB, 32607 MiB
2026/09/14 18:35:32.809, 3, 86 %, 4550 MiB, 32607 MiB
2026/09/14 18:35:37.810, 0, 65 %, 4550 MiB, 32607 MiB
2026/09/14 18:35:37.811, 1, 83 %, 4568 MiB, 32607 MiB
2026/09/14 18:35:37.811, 2, 87 %, 4570 MiB, 32607 MiB
2026/09/14 18:35:37.812, 3, 100 %, 4550 MiB, 32607 MiB
2026/09/14 18:35:42.813, 0, 83 %, 4550 MiB, 32607 MiB
2026/09/14 18:35:42.814, 1, 86 %, 4568 MiB, 32607 MiB
2026/09/14 18:35:42.814, 2, 82 %, 4570 MiB, 32607 MiB
2026/09/14 18:35:42.815, 3, 84 %, 4550 MiB, 32607 MiB
2026/09/14 18:35:47.817, 0, 85 %, 4550 MiB, 32607 MiB
2026/09/14 18:35:47.819, 1, 87 %, 4568 MiB, 32607 MiB
2026/09/14 18:35:47.821, 2, 83 %, 4570 MiB, 32607 MiB
2026/09/14 18:35:47.822, 3, 77 %, 4550 MiB, 32607 MiB
2026/09/14 18:35:52.824, 0, 76 %, 4550 MiB, 32607 MiB
2026/09/14 18:35:52.825, 1, 86 %, 4568 MiB, 32607 MiB
2026/09/14 18:35:52.826, 2, 80 %, 4570 MiB, 32607 MiB
2026/09/14 18:35:52.827, 3, 78 %, 4550 MiB, 32607 MiB
2026/09/14 18:35:57.827, 0, 82 %, 4550 MiB, 32607 MiB
2026/09/14 18:35:57.829, 1, 85 %, 4568 MiB, 32607 MiB
2026/09/14 18:35:57.830, 2, 85 %, 4570 MiB, 32607 MiB
2026/09/14 18:35:57.831, 3, 81 %, 4550 MiB, 32607 MiB
2026/09/14 18:36:02.833, 0, 85 %, 4550 MiB, 32607 MiB
2026/09/14 18:36:02.835, 1, 78 %, 4568 MiB, 32607 MiB
2026/09/14 18:36:02.837, 2, 83 %, 4570 MiB, 32607 MiB
2026/09/14 18:36:02.838, 3, 78 %, 4550 MiB, 32607 MiB
2026/09/14 18:36:07.839, 0, 87 %, 4550 MiB, 32607 MiB
2026/09/14 18:36:07.842, 1, 81 %, 4568 MiB, 32607 MiB
2026/09/14 18:36:07.844, 2, 75 %, 4570 MiB, 32607 MiB
2026/09/14 18:36:07.846, 3, 78 %, 4550 MiB, 32607 MiB
2026/09/14 18:36:12.850, 0, 64 %, 4550 MiB, 32607 MiB
2026/09/14 18:36:12.852, 1, 100 %, 4568 MiB, 32607 MiB
2026/09/14 18:36:12.854, 2, 100 %, 4570 MiB, 32607 MiB
2026/09/14 18:36:12.856, 3, 89 %, 4550 MiB, 32607 MiB
2026/09/14 18:36:17.858, 0, 1 %, 4550 MiB, 32607 MiB
2026/09/14 18:36:17.860, 1, 100 %, 4568 MiB, 32607 MiB
2026/09/14 18:36:17.861, 2, 100 %, 4570 MiB, 32607 MiB
2026/09/14 18:36:17.863, 3, 100 %, 4550 MiB, 32607 MiB
2026/09/14 18:36:22.866, 0, 78 %, 4550 MiB, 32607 MiB
2026/09/14 18:36:22.868, 1, 83 %, 4568 MiB, 32607 MiB
2026/09/14 18:36:22.869, 2, 82 %, 4570 MiB, 32607 MiB
2026/09/14 18:36:22.870, 3, 89 %, 4550 MiB, 32607 MiB
2026/09/14 18:36:27.871, 0, 83 %, 4550 MiB, 32607 MiB
2026/09/14 18:36:27.873, 1, 87 %, 4568 MiB, 32607 MiB
2026/09/14 18:36:27.874, 2, 83 %, 4570 MiB, 32607 MiB
2026/09/14 18:36:27.875, 3, 87 %, 4550 MiB, 32607 MiB
2026/09/14 18:36:32.877, 0, 83 %, 4550 MiB, 32607 MiB
2026/09/14 18:36:32.879, 1, 80 %, 4568 MiB, 32607 MiB
2026/09/14 18:36:32.880, 2, 80 %, 4570 MiB, 32607 MiB
2026/09/14 18:36:32.881, 3, 78 %, 4550 MiB, 32607 MiB
2026/09/14 18:36:37.881, 0, 85 %, 4550 MiB, 32607 MiB
2026/09/14 18:36:37.883, 1, 86 %, 4568 MiB, 32607 MiB
2026/09/14 18:36:37.884, 2, 84 %, 4570 MiB, 32607 MiB
2026/09/14 18:36:37.885, 3, 87 %, 4550 MiB, 32607 MiB
2026/09/14 18:36:42.886, 0, 86 %, 4550 MiB, 32607 MiB
2026/09/14 18:36:42.886, 1, 78 %, 4568 MiB, 32607 MiB
2026/09/14 18:36:42.888, 2, 83 %, 4570 MiB, 32607 MiB
2026/09/14 18:36:42.889, 3, 86 %, 4550 MiB, 32607 MiB
2026/09/14 18:36:47.890, 0, 88 %, 4550 MiB, 32607 MiB
2026/09/14 18:36:47.892, 1, 76 %, 4568 MiB, 32607 MiB
2026/09/14 18:36:47.893, 2, 79 %, 4570 MiB, 32607 MiB
2026/09/14 18:36:47.895, 3, 85 %, 4550 MiB, 32607 MiB
2026/09/14 18:36:52.896, 0, 86 %, 4550 MiB, 32607 MiB
2026/09/14 18:36:52.897, 1, 81 %, 4568 MiB, 32607 MiB
2026/09/14 18:36:52.898, 2, 84 %, 4570 MiB, 32607 MiB
2026/09/14 18:36:52.899, 3, 86 %, 4550 MiB, 32607 MiB
2026/09/14 18:36:57.901, 0, 81 %, 4550 MiB, 32607 MiB
2026/09/14 18:36:57.903, 1, 81 %, 4568 MiB, 32607 MiB
2026/09/14 18:36:57.904, 2, 83 %, 4570 MiB, 32607 MiB
2026/09/14 18:36:57.906, 3, 80 %, 4550 MiB, 32607 MiB
2026/09/14 18:37:02.907, 0, 83 %, 4550 MiB, 32607 MiB
2026/09/14 18:37:02.908, 1, 85 %, 4568 MiB, 32607 MiB
2026/09/14 18:37:02.910, 2, 85 %, 4570 MiB, 32607 MiB
2026/09/14 18:37:02.911, 3, 86 %, 4550 MiB, 32607 MiB
2026/09/14 18:37:07.913, 0, 84 %, 4550 MiB, 32607 MiB
2026/09/14 18:37:07.914, 1, 83 %, 4568 MiB, 32607 MiB
2026/09/14 18:37:07.916, 2, 83 %, 4570 MiB, 32607 MiB
2026/09/14 18:37:07.918, 3, 76 %, 4550 MiB, 32607 MiB
2026/09/14 18:37:12.920, 0, 86 %, 4550 MiB, 32607 MiB
2026/09/14 18:37:12.922, 1, 85 %, 4568 MiB, 32607 MiB
2026/09/14 18:37:12.922, 2, 83 %, 4570 MiB, 32607 MiB
2026/09/14 18:37:12.922, 3, 84 %, 4550 MiB, 32607 MiB
2026/09/14 18:37:17.923, 0, 85 %, 4550 MiB, 32607 MiB
2026/09/14 18:37:17.924, 1, 80 %, 4568 MiB, 32607 MiB
2026/09/14 18:37:17.925, 2, 85 %, 4570 MiB, 32607 MiB
2026/09/14 18:37:17.926, 3, 85 %, 4550 MiB, 32607 MiB
2026/09/14 18:37:22.927, 0, 82 %, 4550 MiB, 32607 MiB
2026/09/14 18:37:22.928, 1, 86 %, 4568 MiB, 32607 MiB
2026/09/14 18:37:22.929, 2, 82 %, 4570 MiB, 32607 MiB
2026/09/14 18:37:22.930, 3, 84 %, 4550 MiB, 32607 MiB
2026/09/14 18:37:27.931, 0, 83 %, 4550 MiB, 32607 MiB
2026/09/14 18:37:27.933, 1, 81 %, 4568 MiB, 32607 MiB
2026/09/14 18:37:27.936, 2, 85 %, 4570 MiB, 32607 MiB
2026/09/14 18:37:27.938, 3, 87 %, 4550 MiB, 32607 MiB
2026/09/14 18:37:32.940, 0, 83 %, 4550 MiB, 32607 MiB
2026/09/14 18:37:32.942, 1, 85 %, 4568 MiB, 32607 MiB
2026/09/14 18:37:32.944, 2, 89 %, 4570 MiB, 32607 MiB
2026/09/14 18:37:32.946, 3, 84 %, 4550 MiB, 32607 MiB
2026/09/14 18:37:37.947, 0, 75 %, 4550 MiB, 32607 MiB
2026/09/14 18:37:37.948, 1, 82 %, 4568 MiB, 32607 MiB
2026/09/14 18:37:37.949, 2, 84 %, 4570 MiB, 32607 MiB
2026/09/14 18:37:37.950, 3, 84 %, 4550 MiB, 32607 MiB
2026/09/14 18:37:42.952, 0, 81 %, 4550 MiB, 32607 MiB
2026/09/14 18:37:42.953, 1, 85 %, 4568 MiB, 32607 MiB
2026/09/14 18:37:42.954, 2, 85 %, 4570 MiB, 32607 MiB
2026/09/14 18:37:42.956, 3, 77 %, 4550 MiB, 32607 MiB
2026/09/14 18:37:47.958, 0, 85 %, 4550 MiB, 32607 MiB
2026/09/14 18:37:47.958, 1, 88 %, 4568 MiB, 32607 MiB
2026/09/14 18:37:47.959, 2, 85 %, 4570 MiB, 32607 MiB
2026/09/14 18:37:47.960, 3, 86 %, 4550 MiB, 32607 MiB
2026/09/14 18:37:52.961, 0, 80 %, 4550 MiB, 32607 MiB
2026/09/14 18:37:52.962, 1, 87 %, 4568 MiB, 32607 MiB
2026/09/14 18:37:52.964, 2, 76 %, 4570 MiB, 32607 MiB
2026/09/14 18:37:52.965, 3, 84 %, 4550 MiB, 32607 MiB
2026/09/14 18:37:57.967, 0, 80 %, 4550 MiB, 32607 MiB
2026/09/14 18:37:57.968, 1, 83 %, 4568 MiB, 32607 MiB
2026/09/14 18:37:57.970, 2, 81 %, 4570 MiB, 32607 MiB
2026/09/14 18:37:57.970, 3, 87 %, 4550 MiB, 32607 MiB
2026/09/14 18:38:02.972, 0, 88 %, 4550 MiB, 32607 MiB
2026/09/14 18:38:02.974, 1, 84 %, 4568 MiB, 32607 MiB
2026/09/14 18:38:02.976, 2, 78 %, 4570 MiB, 32607 MiB
2026/09/14 18:38:02.978, 3, 86 %, 4550 MiB, 32607 MiB
2026/09/14 18:38:07.981, 0, 74 %, 4550 MiB, 32607 MiB
2026/09/14 18:38:07.982, 1, 83 %, 4568 MiB, 32607 MiB
2026/09/14 18:38:07.983, 2, 82 %, 4570 MiB, 32607 MiB
2026/09/14 18:38:07.984, 3, 74 %, 4550 MiB, 32607 MiB
2026/09/14 18:38:12.985, 0, 87 %, 4550 MiB, 32607 MiB
2026/09/14 18:38:12.987, 1, 88 %, 4568 MiB, 32607 MiB
2026/09/14 18:38:12.988, 2, 85 %, 4570 MiB, 32607 MiB
2026/09/14 18:38:12.989, 3, 82 %, 4550 MiB, 32607 MiB
2026/09/14 18:38:17.991, 0, 81 %, 4550 MiB, 32607 MiB
2026/09/14 18:38:17.993, 1, 78 %, 4568 MiB, 32607 MiB
2026/09/14 18:38:17.995, 2, 81 %, 4570 MiB, 32607 MiB
2026/09/14 18:38:17.997, 3, 76 %, 4550 MiB, 32607 MiB
2026/09/14 18:38:22.999, 0, 88 %, 4550 MiB, 32607 MiB
2026/09/14 18:38:23.001, 1, 79 %, 4568 MiB, 32607 MiB
2026/09/14 18:38:23.003, 2, 79 %, 4570 MiB, 32607 MiB
2026/09/14 18:38:23.004, 3, 88 %, 4550 MiB, 32607 MiB
2026/09/14 18:38:28.006, 0, 84 %, 4550 MiB, 32607 MiB
2026/09/14 18:38:28.008, 1, 82 %, 4568 MiB, 32607 MiB
2026/09/14 18:38:28.009, 2, 79 %, 4570 MiB, 32607 MiB
2026/09/14 18:38:28.010, 3, 79 %, 4550 MiB, 32607 MiB
2026/09/14 18:38:33.013, 0, 82 %, 4550 MiB, 32607 MiB
2026/09/14 18:38:33.014, 1, 83 %, 4568 MiB, 32607 MiB
2026/09/14 18:38:33.016, 2, 82 %, 4570 MiB, 32607 MiB
2026/09/14 18:38:33.017, 3, 84 %, 4550 MiB, 32607 MiB
2026/09/14 18:38:38.018, 0, 80 %, 4550 MiB, 32607 MiB
2026/09/14 18:38:38.020, 1, 84 %, 4568 MiB, 32607 MiB
2026/09/14 18:38:38.021, 2, 80 %, 4570 MiB, 32607 MiB
2026/09/14 18:38:38.021, 3, 85 %, 4550 MiB, 32607 MiB
2026/09/14 18:38:43.022, 0, 84 %, 4550 MiB, 32607 MiB
2026/09/14 18:38:43.024, 1, 81 %, 4568 MiB, 32607 MiB
2026/09/14 18:38:43.024, 2, 78 %, 4570 MiB, 32607 MiB
2026/09/14 18:38:43.025, 3, 88 %, 4550 MiB, 32607 MiB
2026/09/14 18:38:48.026, 0, 83 %, 4550 MiB, 32607 MiB
2026/09/14 18:38:48.028, 1, 80 %, 4568 MiB, 32607 MiB
2026/09/14 18:38:48.029, 2, 75 %, 4570 MiB, 32607 MiB
2026/09/14 18:38:48.030, 3, 86 %, 4550 MiB, 32607 MiB
2026/09/14 18:38:53.032, 0, 87 %, 4550 MiB, 32607 MiB
2026/09/14 18:38:53.034, 1, 85 %, 4568 MiB, 32607 MiB
2026/09/14 18:38:53.036, 2, 86 %, 4570 MiB, 32607 MiB
2026/09/14 18:38:53.038, 3, 84 %, 4550 MiB, 32607 MiB
2026/09/14 18:38:58.040, 0, 80 %, 4550 MiB, 32607 MiB
2026/09/14 18:38:58.042, 1, 79 %, 4568 MiB, 32607 MiB
2026/09/14 18:38:58.044, 2, 83 %, 4570 MiB, 32607 MiB
2026/09/14 18:38:58.045, 3, 85 %, 4550 MiB, 32607 MiB
2026/09/14 18:39:03.046, 0, 81 %, 4550 MiB, 32607 MiB
2026/09/14 18:39:03.047, 1, 77 %, 4568 MiB, 32607 MiB
2026/09/14 18:39:03.050, 2, 72 %, 4570 MiB, 32607 MiB
2026/09/14 18:39:03.051, 3, 82 %, 4550 MiB, 32607 MiB
2026/09/14 18:39:08.052, 0, 83 %, 4550 MiB, 32607 MiB
2026/09/14 18:39:08.055, 1, 80 %, 4568 MiB, 32607 MiB
2026/09/14 18:39:08.057, 2, 85 %, 4570 MiB, 32607 MiB
2026/09/14 18:39:08.058, 3, 89 %, 4550 MiB, 32607 MiB
2026/09/14 18:39:13.059, 0, 82 %, 4550 MiB, 32607 MiB
2026/09/14 18:39:13.060, 1, 83 %, 4568 MiB, 32607 MiB
2026/09/14 18:39:13.061, 2, 77 %, 4570 MiB, 32607 MiB
2026/09/14 18:39:13.061, 3, 79 %, 4550 MiB, 32607 MiB
2026/09/14 18:39:18.062, 0, 36 %, 4550 MiB, 32607 MiB
2026/09/14 18:39:18.064, 1, 100 %, 4568 MiB, 32607 MiB
2026/09/14 18:39:18.066, 2, 100 %, 4570 MiB, 32607 MiB
2026/09/14 18:39:18.068, 3, 100 %, 4550 MiB, 32607 MiB
2026/09/14 18:39:23.071, 0, 0 %, 4550 MiB, 32607 MiB
2026/09/14 18:39:23.073, 1, 73 %, 4568 MiB, 32607 MiB
2026/09/14 18:39:23.075, 2, 100 %, 4570 MiB, 32607 MiB
2026/09/14 18:39:23.076, 3, 83 %, 4550 MiB, 32607 MiB
2026/09/14 18:39:28.078, 0, 91 %, 4550 MiB, 32607 MiB
2026/09/14 18:39:28.079, 1, 76 %, 4568 MiB, 32607 MiB
2026/09/14 18:39:28.081, 2, 78 %, 4570 MiB, 32607 MiB
2026/09/14 18:39:28.082, 3, 77 %, 4550 MiB, 32607 MiB
2026/09/14 18:39:33.084, 0, 82 %, 4550 MiB, 32607 MiB
2026/09/14 18:39:33.085, 1, 84 %, 4568 MiB, 32607 MiB
2026/09/14 18:39:33.087, 2, 85 %, 4570 MiB, 32607 MiB
2026/09/14 18:39:33.088, 3, 84 %, 4550 MiB, 32607 MiB
2026/09/14 18:39:38.089, 0, 79 %, 4550 MiB, 32607 MiB
2026/09/14 18:39:38.091, 1, 83 %, 4568 MiB, 32607 MiB
2026/09/14 18:39:38.093, 2, 78 %, 4570 MiB, 32607 MiB
2026/09/14 18:39:38.094, 3, 85 %, 4550 MiB, 32607 MiB
2026/09/14 18:39:43.095, 0, 82 %, 4550 MiB, 32607 MiB
2026/09/14 18:39:43.097, 1, 85 %, 4568 MiB, 32607 MiB
2026/09/14 18:39:43.098, 2, 79 %, 4570 MiB, 32607 MiB
2026/09/14 18:39:43.099, 3, 75 %, 4550 MiB, 32607 MiB
2026/09/14 18:39:48.101, 0, 83 %, 4550 MiB, 32607 MiB
2026/09/14 18:39:48.103, 1, 86 %, 4568 MiB, 32607 MiB
2026/09/14 18:39:48.104, 2, 84 %, 4570 MiB, 32607 MiB
2026/09/14 18:39:48.106, 3, 87 %, 4550 MiB, 32607 MiB
2026/09/14 18:39:53.107, 0, 89 %, 4550 MiB, 32607 MiB
2026/09/14 18:39:53.109, 1, 77 %, 4568 MiB, 32607 MiB
2026/09/14 18:39:53.111, 2, 87 %, 4570 MiB, 32607 MiB
2026/09/14 18:39:53.112, 3, 76 %, 4550 MiB, 32607 MiB
2026/09/14 18:39:58.113, 0, 0 %, 4550 MiB, 32607 MiB
2026/09/14 18:39:58.114, 1, 100 %, 4568 MiB, 32607 MiB
2026/09/14 18:39:58.117, 2, 100 %, 4570 MiB, 32607 MiB
2026/09/14 18:39:58.119, 3, 86 %, 4550 MiB, 32607 MiB
2026/09/14 18:40:03.122, 0, 79 %, 4550 MiB, 32607 MiB
2026/09/14 18:40:03.124, 1, 78 %, 4568 MiB, 32607 MiB
2026/09/14 18:40:03.125, 2, 83 %, 4570 MiB, 32607 MiB
2026/09/14 18:40:03.126, 3, 85 %, 4550 MiB, 32607 MiB
2026/09/14 18:40:08.127, 0, 82 %, 4550 MiB, 32607 MiB
2026/09/14 18:40:08.129, 1, 83 %, 4568 MiB, 32607 MiB
2026/09/14 18:40:08.130, 2, 82 %, 4570 MiB, 32607 MiB
2026/09/14 18:40:08.132, 3, 85 %, 4550 MiB, 32607 MiB
2026/09/14 18:40:13.133, 0, 86 %, 4550 MiB, 32607 MiB
2026/09/14 18:40:13.135, 1, 85 %, 4568 MiB, 32607 MiB
2026/09/14 18:40:13.137, 2, 84 %, 4570 MiB, 32607 MiB
2026/09/14 18:40:13.138, 3, 82 %, 4550 MiB, 32607 MiB
2026/09/14 18:40:18.141, 0, 76 %, 4550 MiB, 32607 MiB
2026/09/14 18:40:18.142, 1, 87 %, 4568 MiB, 32607 MiB
2026/09/14 18:40:18.144, 2, 83 %, 4570 MiB, 32607 MiB
2026/09/14 18:40:18.145, 3, 83 %, 4550 MiB, 32607 MiB
2026/09/14 18:40:23.146, 0, 86 %, 4550 MiB, 32607 MiB
2026/09/14 18:40:23.148, 1, 83 %, 4568 MiB, 32607 MiB
2026/09/14 18:40:23.150, 2, 81 %, 4570 MiB, 32607 MiB
2026/09/14 18:40:23.151, 3, 86 %, 4550 MiB, 32607 MiB
2026/09/14 18:40:28.152, 0, 86 %, 4550 MiB, 32607 MiB
2026/09/14 18:40:28.155, 1, 79 %, 4568 MiB, 32607 MiB
2026/09/14 18:40:28.156, 2, 82 %, 4570 MiB, 32607 MiB
2026/09/14 18:40:28.158, 3, 89 %, 4550 MiB, 32607 MiB
2026/09/14 18:40:33.159, 0, 76 %, 4550 MiB, 32607 MiB
2026/09/14 18:40:33.161, 1, 100 %, 4568 MiB, 32607 MiB
2026/09/14 18:40:33.163, 2, 100 %, 4570 MiB, 32607 MiB
2026/09/14 18:40:33.164, 3, 100 %, 4550 MiB, 32607 MiB
2026/09/14 18:40:38.166, 0, 84 %, 4550 MiB, 32607 MiB
2026/09/14 18:40:38.169, 1, 84 %, 4568 MiB, 32607 MiB
2026/09/14 18:40:38.170, 2, 80 %, 4570 MiB, 32607 MiB
2026/09/14 18:40:38.171, 3, 86 %, 4550 MiB, 32607 MiB
2026/09/14 18:40:43.173, 0, 80 %, 4550 MiB, 32607 MiB
2026/09/14 18:40:43.175, 1, 84 %, 4568 MiB, 32607 MiB
2026/09/14 18:40:43.177, 2, 83 %, 4570 MiB, 32607 MiB
2026/09/14 18:40:43.178, 3, 88 %, 4550 MiB, 32607 MiB
2026/09/14 18:40:48.180, 0, 82 %, 4550 MiB, 32607 MiB
2026/09/14 18:40:48.181, 1, 84 %, 4568 MiB, 32607 MiB
2026/09/14 18:40:48.182, 2, 73 %, 4570 MiB, 32607 MiB
2026/09/14 18:40:48.183, 3, 88 %, 4550 MiB, 32607 MiB
2026/09/14 18:40:53.184, 0, 83 %, 4550 MiB, 32607 MiB
2026/09/14 18:40:53.186, 1, 79 %, 4568 MiB, 32607 MiB
2026/09/14 18:40:53.187, 2, 83 %, 4570 MiB, 32607 MiB
2026/09/14 18:40:53.189, 3, 85 %, 4550 MiB, 32607 MiB
2026/09/14 18:40:58.190, 0, 83 %, 4550 MiB, 32607 MiB
2026/09/14 18:40:58.191, 1, 82 %, 4568 MiB, 32607 MiB
2026/09/14 18:40:58.193, 2, 84 %, 4570 MiB, 32607 MiB
2026/09/14 18:40:58.193, 3, 85 %, 4550 MiB, 32607 MiB
2026/09/14 18:41:03.195, 0, 83 %, 4550 MiB, 32607 MiB
2026/09/14 18:41:03.196, 1, 74 %, 4568 MiB, 32607 MiB
2026/09/14 18:41:03.198, 2, 83 %, 4570 MiB, 32607 MiB
2026/09/14 18:41:03.200, 3, 78 %, 4550 MiB, 32607 MiB
2026/09/14 18:41:08.202, 0, 86 %, 4550 MiB, 32607 MiB
2026/09/14 18:41:08.215, 1, 86 %, 4568 MiB, 32607 MiB
2026/09/14 18:41:08.217, 2, 84 %, 4570 MiB, 32607 MiB
2026/09/14 18:41:08.218, 3, 86 %, 4550 MiB, 32607 MiB
2026/09/14 18:41:13.218, 0, 86 %, 4550 MiB, 32607 MiB
2026/09/14 18:41:13.283, 1, 84 %, 4568 MiB, 32607 MiB
2026/09/14 18:41:13.294, 2, 84 %, 4570 MiB, 32607 MiB
2026/09/14 18:41:13.297, 3, 81 %, 4550 MiB, 32607 MiB
2026/09/14 18:41:18.299, 0, 83 %, 4550 MiB, 32607 MiB
2026/09/14 18:41:18.301, 1, 88 %, 4568 MiB, 32607 MiB
2026/09/14 18:41:18.302, 2, 84 %, 4570 MiB, 32607 MiB
2026/09/14 18:41:18.304, 3, 83 %, 4550 MiB, 32607 MiB
2026/09/14 18:41:23.305, 0, 82 %, 4550 MiB, 32607 MiB
2026/09/14 18:41:23.307, 1, 76 %, 4568 MiB, 32607 MiB
2026/09/14 18:41:23.308, 2, 81 %, 4570 MiB, 32607 MiB
2026/09/14 18:41:23.309, 3, 81 %, 4550 MiB, 32607 MiB
2026/09/14 18:41:28.310, 0, 84 %, 4550 MiB, 32607 MiB
2026/09/14 18:41:28.312, 1, 85 %, 4568 MiB, 32607 MiB
2026/09/14 18:41:28.314, 2, 84 %, 4570 MiB, 32607 MiB
2026/09/14 18:41:28.315, 3, 86 %, 4550 MiB, 32607 MiB
2026/09/14 18:41:33.316, 0, 79 %, 4550 MiB, 32607 MiB
2026/09/14 18:41:33.317, 1, 78 %, 4568 MiB, 32607 MiB
2026/09/14 18:41:33.318, 2, 81 %, 4570 MiB, 32607 MiB
2026/09/14 18:41:33.318, 3, 84 %, 4550 MiB, 32607 MiB
2026/09/14 18:41:38.319, 0, 84 %, 4550 MiB, 32607 MiB
2026/09/14 18:41:38.320, 1, 86 %, 4568 MiB, 32607 MiB
2026/09/14 18:41:38.321, 2, 82 %, 4570 MiB, 32607 MiB
2026/09/14 18:41:38.322, 3, 79 %, 4550 MiB, 32607 MiB
2026/09/14 18:41:43.324, 0, 87 %, 4550 MiB, 32607 MiB
2026/09/14 18:41:43.326, 1, 79 %, 4568 MiB, 32607 MiB
2026/09/14 18:41:43.326, 2, 84 %, 4570 MiB, 32607 MiB
2026/09/14 18:41:43.326, 3, 79 %, 4550 MiB, 32607 MiB
2026/09/14 18:41:48.327, 0, 88 %, 4550 MiB, 32607 MiB
2026/09/14 18:41:48.327, 1, 84 %, 4568 MiB, 32607 MiB
2026/09/14 18:41:48.328, 2, 85 %, 4570 MiB, 32607 MiB
2026/09/14 18:41:48.328, 3, 87 %, 4550 MiB, 32607 MiB
2026/09/14 18:41:53.329, 0, 85 %, 4550 MiB, 32607 MiB
2026/09/14 18:41:53.329, 1, 83 %, 4568 MiB, 32607 MiB
2026/09/14 18:41:53.330, 2, 81 %, 4570 MiB, 32607 MiB
2026/09/14 18:41:53.330, 3, 84 %, 4550 MiB, 32607 MiB
2026/09/14 18:41:58.331, 0, 82 %, 4550 MiB, 32607 MiB
2026/09/14 18:41:58.333, 1, 84 %, 4568 MiB, 32607 MiB
2026/09/14 18:41:58.334, 2, 82 %, 4570 MiB, 32607 MiB
2026/09/14 18:41:58.337, 3, 78 %, 4550 MiB, 32607 MiB
2026/09/14 18:42:03.338, 0, 83 %, 4550 MiB, 32607 MiB
2026/09/14 18:42:03.340, 1, 86 %, 4568 MiB, 32607 MiB
2026/09/14 18:42:03.342, 2, 75 %, 4570 MiB, 32607 MiB
2026/09/14 18:42:03.344, 3, 78 %, 4550 MiB, 32607 MiB
2026/09/14 18:42:08.346, 0, 86 %, 4550 MiB, 32607 MiB
2026/09/14 18:42:08.348, 1, 79 %, 4568 MiB, 32607 MiB
2026/09/14 18:42:08.349, 2, 84 %, 4570 MiB, 32607 MiB
2026/09/14 18:42:08.350, 3, 78 %, 4550 MiB, 32607 MiB
2026/09/14 18:42:13.350, 0, 78 %, 4550 MiB, 32607 MiB
2026/09/14 18:42:13.353, 1, 79 %, 4568 MiB, 32607 MiB
2026/09/14 18:42:13.354, 2, 79 %, 4570 MiB, 32607 MiB
2026/09/14 18:42:13.356, 3, 84 %, 4550 MiB, 32607 MiB
2026/09/14 18:42:18.358, 0, 84 %, 4550 MiB, 32607 MiB
2026/09/14 18:42:18.360, 1, 83 %, 4568 MiB, 32607 MiB
2026/09/14 18:42:18.362, 2, 75 %, 4570 MiB, 32607 MiB
2026/09/14 18:42:18.363, 3, 83 %, 4550 MiB, 32607 MiB
2026/09/14 18:42:23.365, 0, 65 %, 4550 MiB, 32607 MiB
2026/09/14 18:42:23.367, 1, 100 %, 4568 MiB, 32607 MiB
2026/09/14 18:42:23.369, 2, 100 %, 4570 MiB, 32607 MiB
2026/09/14 18:42:23.370, 3, 100 %, 4550 MiB, 32607 MiB
2026/09/14 18:42:28.371, 0, 83 %, 4550 MiB, 32607 MiB
2026/09/14 18:42:28.373, 1, 81 %, 4568 MiB, 32607 MiB
2026/09/14 18:42:28.375, 2, 78 %, 4570 MiB, 32607 MiB
2026/09/14 18:42:28.377, 3, 84 %, 4550 MiB, 32607 MiB
2026/09/14 18:42:33.378, 0, 82 %, 4550 MiB, 32607 MiB
2026/09/14 18:42:33.380, 1, 80 %, 4568 MiB, 32607 MiB
2026/09/14 18:42:33.381, 2, 83 %, 4570 MiB, 32607 MiB
2026/09/14 18:42:33.382, 3, 87 %, 4550 MiB, 32607 MiB
2026/09/14 18:42:38.383, 0, 86 %, 4550 MiB, 32607 MiB
2026/09/14 18:42:38.384, 1, 84 %, 4568 MiB, 32607 MiB
2026/09/14 18:42:38.386, 2, 85 %, 4570 MiB, 32607 MiB
2026/09/14 18:42:38.387, 3, 83 %, 4550 MiB, 32607 MiB
2026/09/14 18:42:43.388, 0, 86 %, 4550 MiB, 32607 MiB
2026/09/14 18:42:43.390, 1, 87 %, 4568 MiB, 32607 MiB
2026/09/14 18:42:43.392, 2, 83 %, 4570 MiB, 32607 MiB
2026/09/14 18:42:43.393, 3, 88 %, 4550 MiB, 32607 MiB
2026/09/14 18:42:48.394, 0, 80 %, 4550 MiB, 32607 MiB
2026/09/14 18:42:48.397, 1, 84 %, 4568 MiB, 32607 MiB
2026/09/14 18:42:48.398, 2, 80 %, 4570 MiB, 32607 MiB
2026/09/14 18:42:48.399, 3, 86 %, 4550 MiB, 32607 MiB
2026/09/14 18:42:53.400, 0, 86 %, 4550 MiB, 32607 MiB
2026/09/14 18:42:53.402, 1, 85 %, 4568 MiB, 32607 MiB
2026/09/14 18:42:53.402, 2, 83 %, 4570 MiB, 32607 MiB
2026/09/14 18:42:53.404, 3, 84 %, 4550 MiB, 32607 MiB
2026/09/14 18:42:58.406, 0, 84 %, 4550 MiB, 32607 MiB
2026/09/14 18:42:58.408, 1, 83 %, 4568 MiB, 32607 MiB
2026/09/14 18:42:58.409, 2, 85 %, 4570 MiB, 32607 MiB
2026/09/14 18:42:58.409, 3, 81 %, 4550 MiB, 32607 MiB
2026/09/14 18:43:03.410, 0, 87 %, 4550 MiB, 32607 MiB
2026/09/14 18:43:03.412, 1, 95 %, 4568 MiB, 32607 MiB
2026/09/14 18:43:03.413, 2, 100 %, 4570 MiB, 32607 MiB
2026/09/14 18:43:03.414, 3, 82 %, 4550 MiB, 32607 MiB
2026/09/14 18:43:08.416, 0, 81 %, 4550 MiB, 32607 MiB
2026/09/14 18:43:08.418, 1, 86 %, 4568 MiB, 32607 MiB
2026/09/14 18:43:08.420, 2, 85 %, 4570 MiB, 32607 MiB
2026/09/14 18:43:08.421, 3, 81 %, 4550 MiB, 32607 MiB
2026/09/14 18:43:13.422, 0, 83 %, 4550 MiB, 32607 MiB
2026/09/14 18:43:13.424, 1, 85 %, 4568 MiB, 32607 MiB
2026/09/14 18:43:13.425, 2, 80 %, 4570 MiB, 32607 MiB
2026/09/14 18:43:13.426, 3, 83 %, 4550 MiB, 32607 MiB
2026/09/14 18:43:18.428, 0, 79 %, 4550 MiB, 32607 MiB
2026/09/14 18:43:18.430, 1, 82 %, 4568 MiB, 32607 MiB
2026/09/14 18:43:18.431, 2, 83 %, 4570 MiB, 32607 MiB
2026/09/14 18:43:18.432, 3, 85 %, 4550 MiB, 32607 MiB
2026/09/14 18:43:23.434, 0, 84 %, 4550 MiB, 32607 MiB
2026/09/14 18:43:23.436, 1, 83 %, 4568 MiB, 32607 MiB
2026/09/14 18:43:23.437, 2, 84 %, 4570 MiB, 32607 MiB
2026/09/14 18:43:23.438, 3, 81 %, 4550 MiB, 32607 MiB
2026/09/14 18:43:28.439, 0, 77 %, 4550 MiB, 32607 MiB
2026/09/14 18:43:28.441, 1, 84 %, 4568 MiB, 32607 MiB
2026/09/14 18:43:28.443, 2, 86 %, 4570 MiB, 32607 MiB
2026/09/14 18:43:28.445, 3, 86 %, 4550 MiB, 32607 MiB
2026/09/14 18:43:33.447, 0, 80 %, 4550 MiB, 32607 MiB
2026/09/14 18:43:33.450, 1, 84 %, 4568 MiB, 32607 MiB
2026/09/14 18:43:33.451, 2, 83 %, 4570 MiB, 32607 MiB
2026/09/14 18:43:33.454, 3, 78 %, 4550 MiB, 32607 MiB
2026/09/14 18:43:38.455, 0, 84 %, 4550 MiB, 32607 MiB
2026/09/14 18:43:38.457, 1, 100 %, 4568 MiB, 32607 MiB
2026/09/14 18:43:38.458, 2, 78 %, 4570 MiB, 32607 MiB
2026/09/14 18:43:38.458, 3, 57 %, 4550 MiB, 32607 MiB
2026/09/14 18:43:43.459, 0, 82 %, 4550 MiB, 32607 MiB
2026/09/14 18:43:43.460, 1, 81 %, 4568 MiB, 32607 MiB
2026/09/14 18:43:43.462, 2, 84 %, 4570 MiB, 32607 MiB
2026/09/14 18:43:43.462, 3, 75 %, 4550 MiB, 32607 MiB
2026/09/14 18:43:48.464, 0, 83 %, 4550 MiB, 32607 MiB
2026/09/14 18:43:48.465, 1, 82 %, 4568 MiB, 32607 MiB
2026/09/14 18:43:48.466, 2, 83 %, 4570 MiB, 32607 MiB
2026/09/14 18:43:48.468, 3, 85 %, 4550 MiB, 32607 MiB
2026/09/14 18:43:53.470, 0, 75 %, 4550 MiB, 32607 MiB
2026/09/14 18:43:53.472, 1, 79 %, 4568 MiB, 32607 MiB
2026/09/14 18:43:53.473, 2, 79 %, 4570 MiB, 32607 MiB
2026/09/14 18:43:53.474, 3, 82 %, 4550 MiB, 32607 MiB
2026/09/14 18:43:58.476, 0, 83 %, 4550 MiB, 32607 MiB
2026/09/14 18:43:58.478, 1, 75 %, 4568 MiB, 32607 MiB
2026/09/14 18:43:58.480, 2, 78 %, 4570 MiB, 32607 MiB
2026/09/14 18:43:58.481, 3, 81 %, 4550 MiB, 32607 MiB
2026/09/14 18:44:03.483, 0, 79 %, 4550 MiB, 32607 MiB
2026/09/14 18:44:03.485, 1, 82 %, 4568 MiB, 32607 MiB
2026/09/14 18:44:03.486, 2, 84 %, 4570 MiB, 32607 MiB
2026/09/14 18:44:03.488, 3, 79 %, 4550 MiB, 32607 MiB
2026/09/14 18:44:08.489, 0, 80 %, 4550 MiB, 32607 MiB
2026/09/14 18:44:08.491, 1, 79 %, 4568 MiB, 32607 MiB
2026/09/14 18:44:08.492, 2, 86 %, 4570 MiB, 32607 MiB
2026/09/14 18:44:08.492, 3, 85 %, 4550 MiB, 32607 MiB
2026/09/14 18:44:13.494, 0, 0 %, 4550 MiB, 32607 MiB
2026/09/14 18:44:13.496, 1, 100 %, 4568 MiB, 32607 MiB
2026/09/14 18:44:13.498, 2, 100 %, 4570 MiB, 32607 MiB
2026/09/14 18:44:13.499, 3, 100 %, 4550 MiB, 32607 MiB
2026/09/14 18:44:18.501, 0, 85 %, 4550 MiB, 32607 MiB
2026/09/14 18:44:18.502, 1, 87 %, 4568 MiB, 32607 MiB
2026/09/14 18:44:18.504, 2, 84 %, 4570 MiB, 32607 MiB
2026/09/14 18:44:18.505, 3, 86 %, 4550 MiB, 32607 MiB
2026/09/14 18:44:23.506, 0, 82 %, 4550 MiB, 32607 MiB
2026/09/14 18:44:23.508, 1, 85 %, 4568 MiB, 32607 MiB
2026/09/14 18:44:23.510, 2, 81 %, 4570 MiB, 32607 MiB
2026/09/14 18:44:23.512, 3, 88 %, 4550 MiB, 32607 MiB
2026/09/14 18:44:28.515, 0, 78 %, 4550 MiB, 32607 MiB
2026/09/14 18:44:28.516, 1, 85 %, 4568 MiB, 32607 MiB
2026/09/14 18:44:28.517, 2, 88 %, 4570 MiB, 32607 MiB
2026/09/14 18:44:28.518, 3, 82 %, 4550 MiB, 32607 MiB
2026/09/14 18:44:33.519, 0, 81 %, 4550 MiB, 32607 MiB
2026/09/14 18:44:33.520, 1, 84 %, 4568 MiB, 32607 MiB
2026/09/14 18:44:33.522, 2, 85 %, 4570 MiB, 32607 MiB
2026/09/14 18:44:33.523, 3, 79 %, 4550 MiB, 32607 MiB
2026/09/14 18:44:38.524, 0, 76 %, 4550 MiB, 32607 MiB
2026/09/14 18:44:38.526, 1, 80 %, 4568 MiB, 32607 MiB
2026/09/14 18:44:38.528, 2, 85 %, 4570 MiB, 32607 MiB
2026/09/14 18:44:38.530, 3, 71 %, 4550 MiB, 32607 MiB
2026/09/14 18:44:43.530, 0, 84 %, 4550 MiB, 32607 MiB
2026/09/14 18:44:43.532, 1, 80 %, 4568 MiB, 32607 MiB
2026/09/14 18:44:43.532, 2, 86 %, 4570 MiB, 32607 MiB
2026/09/14 18:44:43.532, 3, 81 %, 4550 MiB, 32607 MiB
2026/09/14 18:44:48.533, 0, 87 %, 4550 MiB, 32607 MiB
2026/09/14 18:44:48.534, 1, 82 %, 4568 MiB, 32607 MiB
2026/09/14 18:44:48.536, 2, 87 %, 4570 MiB, 32607 MiB
2026/09/14 18:44:48.537, 3, 85 %, 4550 MiB, 32607 MiB
2026/09/14 18:44:53.538, 0, 84 %, 4550 MiB, 32607 MiB
2026/09/14 18:44:53.540, 1, 85 %, 4568 MiB, 32607 MiB
2026/09/14 18:44:53.541, 2, 84 %, 4570 MiB, 32607 MiB
2026/09/14 18:44:53.542, 3, 86 %, 4550 MiB, 32607 MiB
2026/09/14 18:44:58.544, 0, 81 %, 4550 MiB, 32607 MiB
2026/09/14 18:44:58.545, 1, 81 %, 4568 MiB, 32607 MiB
2026/09/14 18:44:58.546, 2, 82 %, 4570 MiB, 32607 MiB
2026/09/14 18:44:58.547, 3, 82 %, 4550 MiB, 32607 MiB
2026/09/14 18:45:03.548, 0, 86 %, 4550 MiB, 32607 MiB
2026/09/14 18:45:03.550, 1, 86 %, 4568 MiB, 32607 MiB
2026/09/14 18:45:03.553, 2, 92 %, 4570 MiB, 32607 MiB
2026/09/14 18:45:03.554, 3, 83 %, 4550 MiB, 32607 MiB
2026/09/14 18:45:08.555, 0, 86 %, 4550 MiB, 32607 MiB
2026/09/14 18:45:08.556, 1, 86 %, 4568 MiB, 32607 MiB
2026/09/14 18:45:08.558, 2, 85 %, 4570 MiB, 32607 MiB
2026/09/14 18:45:08.558, 3, 83 %, 4550 MiB, 32607 MiB
2026/09/14 18:45:13.560, 0, 85 %, 4550 MiB, 32607 MiB
2026/09/14 18:45:13.561, 1, 86 %, 4568 MiB, 32607 MiB
2026/09/14 18:45:13.561, 2, 84 %, 4570 MiB, 32607 MiB
2026/09/14 18:45:13.562, 3, 82 %, 4550 MiB, 32607 MiB
2026/09/14 18:45:18.562, 0, 85 %, 4550 MiB, 32607 MiB
2026/09/14 18:45:18.564, 1, 86 %, 4568 MiB, 32607 MiB
2026/09/14 18:45:18.565, 2, 87 %, 4570 MiB, 32607 MiB
2026/09/14 18:45:18.566, 3, 84 %, 4550 MiB, 32607 MiB
2026/09/14 18:45:23.567, 0, 85 %, 4550 MiB, 32607 MiB
2026/09/14 18:45:23.569, 1, 85 %, 4568 MiB, 32607 MiB
2026/09/14 18:45:23.570, 2, 82 %, 4570 MiB, 32607 MiB
2026/09/14 18:45:23.570, 3, 83 %, 4550 MiB, 32607 MiB
2026/09/14 18:45:28.572, 0, 60 %, 4550 MiB, 32607 MiB
2026/09/14 18:45:28.573, 1, 100 %, 4568 MiB, 32607 MiB
2026/09/14 18:45:28.574, 2, 100 %, 4570 MiB, 32607 MiB
2026/09/14 18:45:28.576, 3, 100 %, 4550 MiB, 32607 MiB
2026/09/14 18:45:33.577, 0, 87 %, 4550 MiB, 32607 MiB
2026/09/14 18:45:33.578, 1, 85 %, 4568 MiB, 32607 MiB
2026/09/14 18:45:33.579, 2, 76 %, 4570 MiB, 32607 MiB
2026/09/14 18:45:33.580, 3, 86 %, 4550 MiB, 32607 MiB
2026/09/14 18:45:38.581, 0, 78 %, 4550 MiB, 32607 MiB
2026/09/14 18:45:38.583, 1, 88 %, 4568 MiB, 32607 MiB
2026/09/14 18:45:38.584, 2, 83 %, 4570 MiB, 32607 MiB
2026/09/14 18:45:38.585, 3, 82 %, 4550 MiB, 32607 MiB
2026/09/14 18:45:43.586, 0, 82 %, 4550 MiB, 32607 MiB
2026/09/14 18:45:43.588, 1, 84 %, 4568 MiB, 32607 MiB
2026/09/14 18:45:43.590, 2, 85 %, 4570 MiB, 32607 MiB
2026/09/14 18:45:43.592, 3, 83 %, 4550 MiB, 32607 MiB
2026/09/14 18:45:48.594, 0, 78 %, 4550 MiB, 32607 MiB
2026/09/14 18:45:48.595, 1, 83 %, 4568 MiB, 32607 MiB
2026/09/14 18:45:48.597, 2, 85 %, 4570 MiB, 32607 MiB
2026/09/14 18:45:48.598, 3, 83 %, 4550 MiB, 32607 MiB
2026/09/14 18:45:53.599, 0, 87 %, 4550 MiB, 32607 MiB
2026/09/14 18:45:53.600, 1, 77 %, 4568 MiB, 32607 MiB
2026/09/14 18:45:53.600, 2, 84 %, 4570 MiB, 32607 MiB
2026/09/14 18:45:53.601, 3, 87 %, 4550 MiB, 32607 MiB
2026/09/14 18:45:58.602, 0, 87 %, 4550 MiB, 32607 MiB
2026/09/14 18:45:58.604, 1, 81 %, 4568 MiB, 32607 MiB
2026/09/14 18:45:58.606, 2, 86 %, 4570 MiB, 32607 MiB
2026/09/14 18:45:58.606, 3, 86 %, 4550 MiB, 32607 MiB
2026/09/14 18:46:03.608, 0, 85 %, 4550 MiB, 32607 MiB
2026/09/14 18:46:03.609, 1, 77 %, 4568 MiB, 32607 MiB
2026/09/14 18:46:03.610, 2, 75 %, 4570 MiB, 32607 MiB
2026/09/14 18:46:03.612, 3, 79 %, 4550 MiB, 32607 MiB
2026/09/14 18:46:08.614, 0, 83 %, 4550 MiB, 32607 MiB
2026/09/14 18:46:08.615, 1, 83 %, 4568 MiB, 32607 MiB
2026/09/14 18:46:08.616, 2, 80 %, 4570 MiB, 32607 MiB
2026/09/14 18:46:08.617, 3, 83 %, 4550 MiB, 32607 MiB
2026/09/14 18:46:13.619, 0, 81 %, 4550 MiB, 32607 MiB
2026/09/14 18:46:13.620, 1, 84 %, 4568 MiB, 32607 MiB
2026/09/14 18:46:13.622, 2, 85 %, 4570 MiB, 32607 MiB
2026/09/14 18:46:13.624, 3, 85 %, 4550 MiB, 32607 MiB
2026/09/14 18:46:18.626, 0, 83 %, 4550 MiB, 32607 MiB
2026/09/14 18:46:18.627, 1, 83 %, 4568 MiB, 32607 MiB
2026/09/14 18:46:18.629, 2, 83 %, 4570 MiB, 32607 MiB
2026/09/14 18:46:18.630, 3, 83 %, 4550 MiB, 32607 MiB
2026/09/14 18:46:23.631, 0, 85 %, 4550 MiB, 32607 MiB
2026/09/14 18:46:23.633, 1, 80 %, 4568 MiB, 32607 MiB
2026/09/14 18:46:23.634, 2, 80 %, 4570 MiB, 32607 MiB
2026/09/14 18:46:23.635, 3, 78 %, 4550 MiB, 32607 MiB
2026/09/14 18:46:28.637, 0, 82 %, 4550 MiB, 32607 MiB
2026/09/14 18:46:28.638, 1, 78 %, 4568 MiB, 32607 MiB
2026/09/14 18:46:28.639, 2, 81 %, 4570 MiB, 32607 MiB
2026/09/14 18:46:28.640, 3, 85 %, 4550 MiB, 32607 MiB
2026/09/14 18:46:33.641, 0, 81 %, 4550 MiB, 32607 MiB
2026/09/14 18:46:33.642, 1, 83 %, 4568 MiB, 32607 MiB
2026/09/14 18:46:33.644, 2, 88 %, 4570 MiB, 32607 MiB
2026/09/14 18:46:33.645, 3, 84 %, 4550 MiB, 32607 MiB
2026/09/14 18:46:38.646, 0, 84 %, 4550 MiB, 32607 MiB
2026/09/14 18:46:38.648, 1, 79 %, 4568 MiB, 32607 MiB
2026/09/14 18:46:38.650, 2, 77 %, 4570 MiB, 32607 MiB
2026/09/14 18:46:38.653, 3, 82 %, 4550 MiB, 32607 MiB
2026/09/14 18:46:43.654, 0, 89 %, 4550 MiB, 32607 MiB
2026/09/14 18:46:43.657, 1, 82 %, 4568 MiB, 32607 MiB
2026/09/14 18:46:43.659, 2, 80 %, 4570 MiB, 32607 MiB
2026/09/14 18:46:43.661, 3, 81 %, 4550 MiB, 32607 MiB
2026/09/14 18:46:48.662, 0, 82 %, 4550 MiB, 32607 MiB
2026/09/14 18:46:48.663, 1, 84 %, 4568 MiB, 32607 MiB
2026/09/14 18:46:48.664, 2, 87 %, 4570 MiB, 32607 MiB
2026/09/14 18:46:48.665, 3, 85 %, 4550 MiB, 32607 MiB
2026/09/14 18:46:53.666, 0, 85 %, 4550 MiB, 32607 MiB
2026/09/14 18:46:53.668, 1, 81 %, 4568 MiB, 32607 MiB
2026/09/14 18:46:53.669, 2, 85 %, 4570 MiB, 32607 MiB
2026/09/14 18:46:53.670, 3, 70 %, 4550 MiB, 32607 MiB
2026/09/14 18:46:58.671, 0, 81 %, 4550 MiB, 32607 MiB
2026/09/14 18:46:58.673, 1, 85 %, 4568 MiB, 32607 MiB
2026/09/14 18:46:58.674, 2, 77 %, 4570 MiB, 32607 MiB
2026/09/14 18:46:58.676, 3, 88 %, 4550 MiB, 32607 MiB
2026/09/14 18:47:03.678, 0, 83 %, 4550 MiB, 32607 MiB
2026/09/14 18:47:03.681, 1, 81 %, 4568 MiB, 32607 MiB
2026/09/14 18:47:03.682, 2, 81 %, 4570 MiB, 32607 MiB
2026/09/14 18:47:03.684, 3, 86 %, 4550 MiB, 32607 MiB
2026/09/14 18:47:08.685, 0, 86 %, 4550 MiB, 32607 MiB
2026/09/14 18:47:08.687, 1, 82 %, 4568 MiB, 32607 MiB
2026/09/14 18:47:08.688, 2, 81 %, 4570 MiB, 32607 MiB
2026/09/14 18:47:08.689, 3, 86 %, 4550 MiB, 32607 MiB
2026/09/14 18:47:13.691, 0, 84 %, 4550 MiB, 32607 MiB
2026/09/14 18:47:13.692, 1, 82 %, 4568 MiB, 32607 MiB
2026/09/14 18:47:13.693, 2, 82 %, 4570 MiB, 32607 MiB
2026/09/14 18:47:13.693, 3, 85 %, 4550 MiB, 32607 MiB
2026/09/14 18:47:18.694, 0, 85 %, 4550 MiB, 32607 MiB
2026/09/14 18:47:18.696, 1, 83 %, 4568 MiB, 32607 MiB
2026/09/14 18:47:18.698, 2, 81 %, 4570 MiB, 32607 MiB
2026/09/14 18:47:18.699, 3, 85 %, 4550 MiB, 32607 MiB
2026/09/14 18:47:23.701, 0, 80 %, 4550 MiB, 32607 MiB
2026/09/14 18:47:23.702, 1, 85 %, 4568 MiB, 32607 MiB
2026/09/14 18:47:23.703, 2, 78 %, 4570 MiB, 32607 MiB
2026/09/14 18:47:23.703, 3, 77 %, 4550 MiB, 32607 MiB
2026/09/14 18:47:28.704, 0, 86 %, 4550 MiB, 32607 MiB
2026/09/14 18:47:28.706, 1, 85 %, 4568 MiB, 32607 MiB
2026/09/14 18:47:28.707, 2, 84 %, 4570 MiB, 32607 MiB
2026/09/14 18:47:28.708, 3, 85 %, 4550 MiB, 32607 MiB
2026/09/14 18:47:33.710, 0, 84 %, 4550 MiB, 32607 MiB
2026/09/14 18:47:33.712, 1, 82 %, 4568 MiB, 32607 MiB
2026/09/14 18:47:33.713, 2, 83 %, 4570 MiB, 32607 MiB
2026/09/14 18:47:33.714, 3, 86 %, 4550 MiB, 32607 MiB
2026/09/14 18:47:38.716, 0, 85 %, 4550 MiB, 32607 MiB
2026/09/14 18:47:38.718, 1, 82 %, 4568 MiB, 32607 MiB
2026/09/14 18:47:38.720, 2, 85 %, 4570 MiB, 32607 MiB
2026/09/14 18:47:38.722, 3, 89 %, 4550 MiB, 32607 MiB
2026/09/14 18:47:43.722, 0, 84 %, 4550 MiB, 32607 MiB
2026/09/14 18:47:43.725, 1, 83 %, 4568 MiB, 32607 MiB
2026/09/14 18:47:43.727, 2, 78 %, 4570 MiB, 32607 MiB
2026/09/14 18:47:43.729, 3, 82 %, 4550 MiB, 32607 MiB
2026/09/14 18:47:48.730, 0, 82 %, 4550 MiB, 32607 MiB
2026/09/14 18:47:48.732, 1, 80 %, 4568 MiB, 32607 MiB
2026/09/14 18:47:48.733, 2, 85 %, 4570 MiB, 32607 MiB
2026/09/14 18:47:48.734, 3, 89 %, 4550 MiB, 32607 MiB
2026/09/14 18:47:53.736, 0, 0 %, 4550 MiB, 32607 MiB
2026/09/14 18:47:53.738, 1, 100 %, 4568 MiB, 32607 MiB
2026/09/14 18:47:53.739, 2, 100 %, 4570 MiB, 32607 MiB
2026/09/14 18:47:53.739, 3, 100 %, 4550 MiB, 32607 MiB
2026/09/14 18:47:58.741, 0, 87 %, 4550 MiB, 32607 MiB
2026/09/14 18:47:58.742, 1, 78 %, 4568 MiB, 32607 MiB
2026/09/14 18:47:58.743, 2, 86 %, 4570 MiB, 32607 MiB
2026/09/14 18:47:58.745, 3, 82 %, 4550 MiB, 32607 MiB
2026/09/14 18:48:03.747, 0, 85 %, 4550 MiB, 32607 MiB
2026/09/14 18:48:03.749, 1, 84 %, 4568 MiB, 32607 MiB
2026/09/14 18:48:03.751, 2, 86 %, 4570 MiB, 32607 MiB
2026/09/14 18:48:03.753, 3, 84 %, 4550 MiB, 32607 MiB
2026/09/14 18:48:08.754, 0, 84 %, 4550 MiB, 32607 MiB
2026/09/14 18:48:08.755, 1, 80 %, 4568 MiB, 32607 MiB
2026/09/14 18:48:08.756, 2, 82 %, 4570 MiB, 32607 MiB
2026/09/14 18:48:08.756, 3, 85 %, 4550 MiB, 32607 MiB
2026/09/14 18:48:13.757, 0, 77 %, 4550 MiB, 32607 MiB
2026/09/14 18:48:13.759, 1, 82 %, 4568 MiB, 32607 MiB
2026/09/14 18:48:13.761, 2, 81 %, 4570 MiB, 32607 MiB
2026/09/14 18:48:13.761, 3, 86 %, 4550 MiB, 32607 MiB
2026/09/14 18:48:18.763, 0, 83 %, 4550 MiB, 32607 MiB
2026/09/14 18:48:18.765, 1, 84 %, 4568 MiB, 32607 MiB
2026/09/14 18:48:18.767, 2, 87 %, 4570 MiB, 32607 MiB
2026/09/14 18:48:18.769, 3, 84 %, 4550 MiB, 32607 MiB
2026/09/14 18:48:23.770, 0, 81 %, 4550 MiB, 32607 MiB
2026/09/14 18:48:23.771, 1, 77 %, 4568 MiB, 32607 MiB
2026/09/14 18:48:23.772, 2, 82 %, 4570 MiB, 32607 MiB
2026/09/14 18:48:23.773, 3, 85 %, 4550 MiB, 32607 MiB
2026/09/14 18:48:28.774, 0, 63 %, 4550 MiB, 32607 MiB
2026/09/14 18:48:28.776, 1, 100 %, 4568 MiB, 32607 MiB
2026/09/14 18:48:28.777, 2, 100 %, 4570 MiB, 32607 MiB
2026/09/14 18:48:28.779, 3, 86 %, 4550 MiB, 32607 MiB
2026/09/14 18:48:33.781, 0, 65 %, 4550 MiB, 32607 MiB
2026/09/14 18:48:33.783, 1, 100 %, 4568 MiB, 32607 MiB
2026/09/14 18:48:33.784, 2, 100 %, 4570 MiB, 32607 MiB
2026/09/14 18:48:33.786, 3, 100 %, 4550 MiB, 32607 MiB
2026/09/14 18:48:38.787, 0, 86 %, 4550 MiB, 32607 MiB
2026/09/14 18:48:38.790, 1, 79 %, 4568 MiB, 32607 MiB
2026/09/14 18:48:38.792, 2, 79 %, 4570 MiB, 32607 MiB
2026/09/14 18:48:38.793, 3, 87 %, 4550 MiB, 32607 MiB
2026/09/14 18:48:43.795, 0, 84 %, 4550 MiB, 32607 MiB
2026/09/14 18:48:43.797, 1, 84 %, 4568 MiB, 32607 MiB
2026/09/14 18:48:43.798, 2, 87 %, 4570 MiB, 32607 MiB
2026/09/14 18:48:43.798, 3, 85 %, 4550 MiB, 32607 MiB
2026/09/14 18:48:48.799, 0, 89 %, 4550 MiB, 32607 MiB
2026/09/14 18:48:48.802, 1, 84 %, 4568 MiB, 32607 MiB
2026/09/14 18:48:48.804, 2, 81 %, 4570 MiB, 32607 MiB
2026/09/14 18:48:48.806, 3, 78 %, 4550 MiB, 32607 MiB
2026/09/14 18:48:53.809, 0, 84 %, 4550 MiB, 32607 MiB
2026/09/14 18:48:53.811, 1, 86 %, 4568 MiB, 32607 MiB
2026/09/14 18:48:53.813, 2, 82 %, 4570 MiB, 32607 MiB
2026/09/14 18:48:53.816, 3, 76 %, 4550 MiB, 32607 MiB
2026/09/14 18:48:58.818, 0, 77 %, 4550 MiB, 32607 MiB
2026/09/14 18:48:58.820, 1, 85 %, 4568 MiB, 32607 MiB
2026/09/14 18:48:58.821, 2, 89 %, 4570 MiB, 32607 MiB
2026/09/14 18:48:58.822, 3, 84 %, 4550 MiB, 32607 MiB
2026/09/14 18:49:03.823, 0, 83 %, 4550 MiB, 32607 MiB
2026/09/14 18:49:03.825, 1, 85 %, 4568 MiB, 32607 MiB
2026/09/14 18:49:03.825, 2, 87 %, 4570 MiB, 32607 MiB
2026/09/14 18:49:03.826, 3, 78 %, 4550 MiB, 32607 MiB
2026/09/14 18:49:08.827, 0, 87 %, 4550 MiB, 32607 MiB
2026/09/14 18:49:08.829, 1, 82 %, 4568 MiB, 32607 MiB
2026/09/14 18:49:08.830, 2, 86 %, 4570 MiB, 32607 MiB
2026/09/14 18:49:08.831, 3, 85 %, 4550 MiB, 32607 MiB
2026/09/14 18:49:13.833, 0, 85 %, 4550 MiB, 32607 MiB
2026/09/14 18:49:13.835, 1, 82 %, 4568 MiB, 32607 MiB
2026/09/14 18:49:13.837, 2, 81 %, 4570 MiB, 32607 MiB
2026/09/14 18:49:13.838, 3, 84 %, 4550 MiB, 32607 MiB
2026/09/14 18:49:18.840, 0, 85 %, 4550 MiB, 32607 MiB
2026/09/14 18:49:18.843, 1, 82 %, 4568 MiB, 32607 MiB
2026/09/14 18:49:18.845, 2, 86 %, 4570 MiB, 32607 MiB
2026/09/14 18:49:18.847, 3, 81 %, 4550 MiB, 32607 MiB
2026/09/14 18:49:23.849, 0, 84 %, 4550 MiB, 32607 MiB
2026/09/14 18:49:23.851, 1, 86 %, 4568 MiB, 32607 MiB
2026/09/14 18:49:23.853, 2, 87 %, 4570 MiB, 32607 MiB
2026/09/14 18:49:23.855, 3, 85 %, 4550 MiB, 32607 MiB
2026/09/14 18:49:28.857, 0, 86 %, 4550 MiB, 32607 MiB
2026/09/14 18:49:28.859, 1, 84 %, 4568 MiB, 32607 MiB
2026/09/14 18:49:28.861, 2, 82 %, 4570 MiB, 32607 MiB
2026/09/14 18:49:28.862, 3, 89 %, 4550 MiB, 32607 MiB
2026/09/14 18:49:33.865, 0, 85 %, 4550 MiB, 32607 MiB
2026/09/14 18:49:33.867, 1, 81 %, 4568 MiB, 32607 MiB
2026/09/14 18:49:33.869, 2, 79 %, 4570 MiB, 32607 MiB
2026/09/14 18:49:33.870, 3, 80 %, 4550 MiB, 32607 MiB
2026/09/14 18:49:38.872, 0, 80 %, 4550 MiB, 32607 MiB
2026/09/14 18:49:38.874, 1, 82 %, 4568 MiB, 32607 MiB
2026/09/14 18:49:38.875, 2, 87 %, 4570 MiB, 32607 MiB
2026/09/14 18:49:38.876, 3, 84 %, 4550 MiB, 32607 MiB
2026/09/14 18:49:43.877, 0, 84 %, 4550 MiB, 32607 MiB
2026/09/14 18:49:43.879, 1, 77 %, 4568 MiB, 32607 MiB
2026/09/14 18:49:43.881, 2, 81 %, 4570 MiB, 32607 MiB
2026/09/14 18:49:43.882, 3, 86 %, 4550 MiB, 32607 MiB
2026/09/14 18:49:48.883, 0, 83 %, 4550 MiB, 32607 MiB
2026/09/14 18:49:48.885, 1, 81 %, 4568 MiB, 32607 MiB
2026/09/14 18:49:48.887, 2, 86 %, 4570 MiB, 32607 MiB
2026/09/14 18:49:48.888, 3, 89 %, 4550 MiB, 32607 MiB
2026/09/14 18:49:53.889, 0, 77 %, 4550 MiB, 32607 MiB
2026/09/14 18:49:53.891, 1, 79 %, 4568 MiB, 32607 MiB
2026/09/14 18:49:53.892, 2, 82 %, 4570 MiB, 32607 MiB
2026/09/14 18:49:53.893, 3, 83 %, 4550 MiB, 32607 MiB
2026/09/14 18:49:58.894, 0, 83 %, 4550 MiB, 32607 MiB
2026/09/14 18:49:58.896, 1, 82 %, 4568 MiB, 32607 MiB
2026/09/14 18:49:58.897, 2, 85 %, 4570 MiB, 32607 MiB
2026/09/14 18:49:58.898, 3, 89 %, 4550 MiB, 32607 MiB
2026/09/14 18:50:03.899, 0, 86 %, 4550 MiB, 32607 MiB
2026/09/14 18:50:03.901, 1, 82 %, 4568 MiB, 32607 MiB
2026/09/14 18:50:03.903, 2, 85 %, 4570 MiB, 32607 MiB
2026/09/14 18:50:03.904, 3, 75 %, 4550 MiB, 32607 MiB
2026/09/14 18:50:08.906, 0, 83 %, 4550 MiB, 32607 MiB
2026/09/14 18:50:08.908, 1, 81 %, 4568 MiB, 32607 MiB
2026/09/14 18:50:08.909, 2, 87 %, 4570 MiB, 32607 MiB
2026/09/14 18:50:08.911, 3, 85 %, 4550 MiB, 32607 MiB
2026/09/14 18:50:13.912, 0, 84 %, 4550 MiB, 32607 MiB
2026/09/14 18:50:13.915, 1, 79 %, 4568 MiB, 32607 MiB
2026/09/14 18:50:13.916, 2, 85 %, 4570 MiB, 32607 MiB
2026/09/14 18:50:13.917, 3, 82 %, 4550 MiB, 32607 MiB
2026/09/14 18:50:18.918, 0, 83 %, 4550 MiB, 32607 MiB
2026/09/14 18:50:18.920, 1, 84 %, 4568 MiB, 32607 MiB
2026/09/14 18:50:18.921, 2, 84 %, 4570 MiB, 32607 MiB
2026/09/14 18:50:18.922, 3, 86 %, 4550 MiB, 32607 MiB
2026/09/14 18:50:23.924, 0, 81 %, 4550 MiB, 32607 MiB
2026/09/14 18:50:23.926, 1, 85 %, 4568 MiB, 32607 MiB
2026/09/14 18:50:23.929, 2, 78 %, 4570 MiB, 32607 MiB
2026/09/14 18:50:23.930, 3, 79 %, 4550 MiB, 32607 MiB
2026/09/14 18:50:28.932, 0, 81 %, 4550 MiB, 32607 MiB
2026/09/14 18:50:28.933, 1, 81 %, 4568 MiB, 32607 MiB
2026/09/14 18:50:28.934, 2, 82 %, 4570 MiB, 32607 MiB
2026/09/14 18:50:28.935, 3, 81 %, 4550 MiB, 32607 MiB
2026/09/14 18:50:33.936, 0, 85 %, 4550 MiB, 32607 MiB
2026/09/14 18:50:33.938, 1, 86 %, 4568 MiB, 32607 MiB
2026/09/14 18:50:33.940, 2, 79 %, 4570 MiB, 32607 MiB
2026/09/14 18:50:33.942, 3, 83 %, 4550 MiB, 32607 MiB
2026/09/14 18:50:38.942, 0, 81 %, 4550 MiB, 32607 MiB
2026/09/14 18:50:38.944, 1, 85 %, 4568 MiB, 32607 MiB
2026/09/14 18:50:38.946, 2, 78 %, 4570 MiB, 32607 MiB
2026/09/14 18:50:38.947, 3, 88 %, 4550 MiB, 32607 MiB
2026/09/14 18:50:43.948, 0, 84 %, 4550 MiB, 32607 MiB
2026/09/14 18:50:43.951, 1, 80 %, 4568 MiB, 32607 MiB
2026/09/14 18:50:43.953, 2, 84 %, 4570 MiB, 32607 MiB
2026/09/14 18:50:43.954, 3, 89 %, 4550 MiB, 32607 MiB
2026/09/14 18:50:48.954, 0, 85 %, 4550 MiB, 32607 MiB
2026/09/14 18:50:48.957, 1, 80 %, 4568 MiB, 32607 MiB
2026/09/14 18:50:48.958, 2, 86 %, 4570 MiB, 32607 MiB
2026/09/14 18:50:48.960, 3, 84 %, 4550 MiB, 32607 MiB
2026/09/14 18:50:53.962, 0, 82 %, 4550 MiB, 32607 MiB
2026/09/14 18:50:53.964, 1, 84 %, 4568 MiB, 32607 MiB
2026/09/14 18:50:53.965, 2, 85 %, 4570 MiB, 32607 MiB
2026/09/14 18:50:53.966, 3, 86 %, 4550 MiB, 32607 MiB
2026/09/14 18:50:58.967, 0, 79 %, 4550 MiB, 32607 MiB
2026/09/14 18:50:58.969, 1, 84 %, 4568 MiB, 32607 MiB
2026/09/14 18:50:58.971, 2, 82 %, 4570 MiB, 32607 MiB
2026/09/14 18:50:58.972, 3, 81 %, 4550 MiB, 32607 MiB
2026/09/14 18:51:03.973, 0, 84 %, 4550 MiB, 32607 MiB
2026/09/14 18:51:03.975, 1, 82 %, 4568 MiB, 32607 MiB
2026/09/14 18:51:03.976, 2, 78 %, 4570 MiB, 32607 MiB
2026/09/14 18:51:03.977, 3, 85 %, 4550 MiB, 32607 MiB
2026/09/14 18:51:08.978, 0, 82 %, 4550 MiB, 32607 MiB
2026/09/14 18:51:08.980, 1, 83 %, 4568 MiB, 32607 MiB
2026/09/14 18:51:08.982, 2, 86 %, 4570 MiB, 32607 MiB
2026/09/14 18:51:08.983, 3, 81 %, 4550 MiB, 32607 MiB
2026/09/14 18:51:13.985, 0, 83 %, 4550 MiB, 32607 MiB
2026/09/14 18:51:13.986, 1, 81 %, 4568 MiB, 32607 MiB
2026/09/14 18:51:13.987, 2, 89 %, 4570 MiB, 32607 MiB
2026/09/14 18:51:13.989, 3, 79 %, 4550 MiB, 32607 MiB
2026/09/14 18:51:18.991, 0, 90 %, 4550 MiB, 32607 MiB
2026/09/14 18:51:18.992, 1, 81 %, 4568 MiB, 32607 MiB
2026/09/14 18:51:18.993, 2, 86 %, 4570 MiB, 32607 MiB
2026/09/14 18:51:18.994, 3, 76 %, 4550 MiB, 32607 MiB
2026/09/14 18:51:23.995, 0, 85 %, 4550 MiB, 32607 MiB
2026/09/14 18:51:23.997, 1, 85 %, 4568 MiB, 32607 MiB
2026/09/14 18:51:23.998, 2, 86 %, 4570 MiB, 32607 MiB
2026/09/14 18:51:23.998, 3, 83 %, 4550 MiB, 32607 MiB
2026/09/14 18:51:28.999, 0, 80 %, 4550 MiB, 32607 MiB
2026/09/14 18:51:29.001, 1, 90 %, 4568 MiB, 32607 MiB
2026/09/14 18:51:29.003, 2, 84 %, 4570 MiB, 32607 MiB
2026/09/14 18:51:29.004, 3, 78 %, 4550 MiB, 32607 MiB
2026/09/14 18:51:34.005, 0, 68 %, 4550 MiB, 32607 MiB
2026/09/14 18:51:34.008, 1, 100 %, 4568 MiB, 32607 MiB
2026/09/14 18:51:34.010, 2, 100 %, 4570 MiB, 32607 MiB
2026/09/14 18:51:34.012, 3, 100 %, 4550 MiB, 32607 MiB
2026/09/14 18:51:39.014, 0, 85 %, 4550 MiB, 32607 MiB
2026/09/14 18:51:39.016, 1, 86 %, 4568 MiB, 32607 MiB
2026/09/14 18:51:39.018, 2, 89 %, 4570 MiB, 32607 MiB
2026/09/14 18:51:39.018, 3, 87 %, 4550 MiB, 32607 MiB
2026/09/14 18:51:44.018, 0, 81 %, 4550 MiB, 32607 MiB
2026/09/14 18:51:44.021, 1, 78 %, 4568 MiB, 32607 MiB
2026/09/14 18:51:44.022, 2, 89 %, 4570 MiB, 32607 MiB
2026/09/14 18:51:44.023, 3, 81 %, 4550 MiB, 32607 MiB
2026/09/14 18:51:49.024, 0, 82 %, 4550 MiB, 32607 MiB
2026/09/14 18:51:49.026, 1, 83 %, 4568 MiB, 32607 MiB
2026/09/14 18:51:49.028, 2, 88 %, 4570 MiB, 32607 MiB
2026/09/14 18:51:49.029, 3, 82 %, 4550 MiB, 32607 MiB
2026/09/14 18:51:54.030, 0, 79 %, 4550 MiB, 32607 MiB
2026/09/14 18:51:54.033, 1, 74 %, 4568 MiB, 32607 MiB
2026/09/14 18:51:54.034, 2, 87 %, 4570 MiB, 32607 MiB
2026/09/14 18:51:54.036, 3, 82 %, 4550 MiB, 32607 MiB
2026/09/14 18:51:59.038, 0, 85 %, 4550 MiB, 32607 MiB
2026/09/14 18:51:59.040, 1, 79 %, 4568 MiB, 32607 MiB
2026/09/14 18:51:59.041, 2, 86 %, 4570 MiB, 32607 MiB
2026/09/14 18:51:59.042, 3, 87 %, 4550 MiB, 32607 MiB
2026/09/14 18:52:04.044, 0, 84 %, 4550 MiB, 32607 MiB
2026/09/14 18:52:04.046, 1, 82 %, 4568 MiB, 32607 MiB
2026/09/14 18:52:04.047, 2, 85 %, 4570 MiB, 32607 MiB
2026/09/14 18:52:04.049, 3, 88 %, 4550 MiB, 32607 MiB
2026/09/14 18:52:09.050, 0, 87 %, 4550 MiB, 32607 MiB
2026/09/14 18:52:09.052, 1, 86 %, 4568 MiB, 32607 MiB
2026/09/14 18:52:09.053, 2, 87 %, 4570 MiB, 32607 MiB
2026/09/14 18:52:09.054, 3, 85 %, 4550 MiB, 32607 MiB
2026/09/14 18:52:14.055, 0, 85 %, 4550 MiB, 32607 MiB
2026/09/14 18:52:14.056, 1, 78 %, 4568 MiB, 32607 MiB
2026/09/14 18:52:14.058, 2, 80 %, 4570 MiB, 32607 MiB
2026/09/14 18:52:14.059, 3, 82 %, 4550 MiB, 32607 MiB
2026/09/14 18:52:19.061, 0, 87 %, 4550 MiB, 32607 MiB
2026/09/14 18:52:19.063, 1, 79 %, 4568 MiB, 32607 MiB
2026/09/14 18:52:19.065, 2, 83 %, 4570 MiB, 32607 MiB
2026/09/14 18:52:19.066, 3, 84 %, 4550 MiB, 32607 MiB
2026/09/14 18:52:24.068, 0, 81 %, 4550 MiB, 32607 MiB
2026/09/14 18:52:24.070, 1, 84 %, 4568 MiB, 32607 MiB
2026/09/14 18:52:24.072, 2, 88 %, 4570 MiB, 32607 MiB
2026/09/14 18:52:24.074, 3, 76 %, 4550 MiB, 32607 MiB
2026/09/14 18:52:29.076, 0, 77 %, 4550 MiB, 32607 MiB
2026/09/14 18:52:29.078, 1, 83 %, 4568 MiB, 32607 MiB
2026/09/14 18:52:29.079, 2, 81 %, 4570 MiB, 32607 MiB
2026/09/14 18:52:29.080, 3, 85 %, 4550 MiB, 32607 MiB
2026/09/14 18:52:34.082, 0, 84 %, 4550 MiB, 32607 MiB
2026/09/14 18:52:34.084, 1, 84 %, 4568 MiB, 32607 MiB
2026/09/14 18:52:34.086, 2, 84 %, 4570 MiB, 32607 MiB
2026/09/14 18:52:34.089, 3, 75 %, 4550 MiB, 32607 MiB
2026/09/14 18:52:39.091, 0, 74 %, 4550 MiB, 32607 MiB
2026/09/14 18:52:39.093, 1, 82 %, 4568 MiB, 32607 MiB
2026/09/14 18:52:39.094, 2, 82 %, 4570 MiB, 32607 MiB
2026/09/14 18:52:39.096, 3, 84 %, 4550 MiB, 32607 MiB
2026/09/14 18:52:44.097, 0, 85 %, 4550 MiB, 32607 MiB
2026/09/14 18:52:44.099, 1, 82 %, 4568 MiB, 32607 MiB
2026/09/14 18:52:44.101, 2, 86 %, 4570 MiB, 32607 MiB
2026/09/14 18:52:44.102, 3, 83 %, 4550 MiB, 32607 MiB
2026/09/14 18:52:49.104, 0, 85 %, 4550 MiB, 32607 MiB
2026/09/14 18:52:49.106, 1, 81 %, 4568 MiB, 32607 MiB
2026/09/14 18:52:49.107, 2, 86 %, 4570 MiB, 32607 MiB
2026/09/14 18:52:49.109, 3, 77 %, 4550 MiB, 32607 MiB
2026/09/14 18:52:54.110, 0, 74 %, 4550 MiB, 32607 MiB
2026/09/14 18:52:54.112, 1, 83 %, 4568 MiB, 32607 MiB
2026/09/14 18:52:54.115, 2, 84 %, 4570 MiB, 32607 MiB
2026/09/14 18:52:54.117, 3, 85 %, 4550 MiB, 32607 MiB
2026/09/14 18:52:59.120, 0, 83 %, 4550 MiB, 32607 MiB
2026/09/14 18:52:59.122, 1, 84 %, 4568 MiB, 32607 MiB
2026/09/14 18:52:59.124, 2, 81 %, 4570 MiB, 32607 MiB
2026/09/14 18:52:59.126, 3, 83 %, 4550 MiB, 32607 MiB
2026/09/14 18:53:04.126, 0, 81 %, 4550 MiB, 32607 MiB
2026/09/14 18:53:04.129, 1, 85 %, 4568 MiB, 32607 MiB
2026/09/14 18:53:04.131, 2, 85 %, 4570 MiB, 32607 MiB
2026/09/14 18:53:04.132, 3, 84 %, 4550 MiB, 32607 MiB
2026/09/14 18:53:09.134, 0, 81 %, 4550 MiB, 32607 MiB
2026/09/14 18:53:09.136, 1, 82 %, 4568 MiB, 32607 MiB
2026/09/14 18:53:09.138, 2, 82 %, 4570 MiB, 32607 MiB
2026/09/14 18:53:09.140, 3, 79 %, 4550 MiB, 32607 MiB
2026/09/14 18:53:14.142, 0, 85 %, 4550 MiB, 32607 MiB
2026/09/14 18:53:14.144, 1, 86 %, 4568 MiB, 32607 MiB
2026/09/14 18:53:14.146, 2, 80 %, 4570 MiB, 32607 MiB
2026/09/14 18:53:14.148, 3, 80 %, 4550 MiB, 32607 MiB
2026/09/14 18:53:19.150, 0, 81 %, 4550 MiB, 32607 MiB
2026/09/14 18:53:19.152, 1, 83 %, 4568 MiB, 32607 MiB
2026/09/14 18:53:19.154, 2, 82 %, 4570 MiB, 32607 MiB
2026/09/14 18:53:19.155, 3, 82 %, 4550 MiB, 32607 MiB
2026/09/14 18:53:24.157, 0, 84 %, 4550 MiB, 32607 MiB
2026/09/14 18:53:24.159, 1, 87 %, 4568 MiB, 32607 MiB
2026/09/14 18:53:24.161, 2, 80 %, 4570 MiB, 32607 MiB
2026/09/14 18:53:24.162, 3, 88 %, 4550 MiB, 32607 MiB
2026/09/14 18:53:29.165, 0, 81 %, 4550 MiB, 32607 MiB
2026/09/14 18:53:29.167, 1, 85 %, 4568 MiB, 32607 MiB
2026/09/14 18:53:29.169, 2, 84 %, 4570 MiB, 32607 MiB
2026/09/14 18:53:29.170, 3, 84 %, 4550 MiB, 32607 MiB
2026/09/14 18:53:34.172, 0, 81 %, 4550 MiB, 32607 MiB
2026/09/14 18:53:34.175, 1, 85 %, 4568 MiB, 32607 MiB
2026/09/14 18:53:34.177, 2, 81 %, 4570 MiB, 32607 MiB
2026/09/14 18:53:34.178, 3, 87 %, 4550 MiB, 32607 MiB
2026/09/14 18:53:39.179, 0, 85 %, 4550 MiB, 32607 MiB
2026/09/14 18:53:39.181, 1, 89 %, 4568 MiB, 32607 MiB
2026/09/14 18:53:39.182, 2, 76 %, 4570 MiB, 32607 MiB
2026/09/14 18:53:39.182, 3, 85 %, 4550 MiB, 32607 MiB
2026/09/14 18:53:44.185, 0, 76 %, 4550 MiB, 32607 MiB
2026/09/14 18:53:44.186, 1, 83 %, 4568 MiB, 32607 MiB
2026/09/14 18:53:44.188, 2, 80 %, 4570 MiB, 32607 MiB
2026/09/14 18:53:44.189, 3, 83 %, 4550 MiB, 32607 MiB
2026/09/14 18:53:49.190, 0, 83 %, 4550 MiB, 32607 MiB
2026/09/14 18:53:49.192, 1, 86 %, 4568 MiB, 32607 MiB
2026/09/14 18:53:49.193, 2, 84 %, 4570 MiB, 32607 MiB
2026/09/14 18:53:49.194, 3, 85 %, 4550 MiB, 32607 MiB
2026/09/14 18:53:54.195, 0, 81 %, 4550 MiB, 32607 MiB
2026/09/14 18:53:54.196, 1, 86 %, 4568 MiB, 32607 MiB
2026/09/14 18:53:54.197, 2, 85 %, 4570 MiB, 32607 MiB
2026/09/14 18:53:54.198, 3, 82 %, 4550 MiB, 32607 MiB
2026/09/14 18:53:59.199, 0, 78 %, 4550 MiB, 32607 MiB
2026/09/14 18:53:59.200, 1, 84 %, 4568 MiB, 32607 MiB
2026/09/14 18:53:59.201, 2, 77 %, 4570 MiB, 32607 MiB
2026/09/14 18:53:59.202, 3, 76 %, 4550 MiB, 32607 MiB
2026/09/14 18:54:04.202, 0, 81 %, 4550 MiB, 32607 MiB
2026/09/14 18:54:04.204, 1, 80 %, 4568 MiB, 32607 MiB
2026/09/14 18:54:04.206, 2, 83 %, 4570 MiB, 32607 MiB
2026/09/14 18:54:04.208, 3, 77 %, 4550 MiB, 32607 MiB
2026/09/14 18:54:09.210, 0, 81 %, 4550 MiB, 32607 MiB
2026/09/14 18:54:09.213, 1, 86 %, 4568 MiB, 32607 MiB
2026/09/14 18:54:09.214, 2, 83 %, 4570 MiB, 32607 MiB
2026/09/14 18:54:09.216, 3, 78 %, 4550 MiB, 32607 MiB
2026/09/14 18:54:14.218, 0, 86 %, 4550 MiB, 32607 MiB
2026/09/14 18:54:14.220, 1, 86 %, 4568 MiB, 32607 MiB
2026/09/14 18:54:14.221, 2, 83 %, 4570 MiB, 32607 MiB
2026/09/14 18:54:14.222, 3, 79 %, 4550 MiB, 32607 MiB
2026/09/14 18:54:19.223, 0, 84 %, 4550 MiB, 32607 MiB
2026/09/14 18:54:19.225, 1, 81 %, 4568 MiB, 32607 MiB
2026/09/14 18:54:19.226, 2, 86 %, 4570 MiB, 32607 MiB
2026/09/14 18:54:19.228, 3, 85 %, 4550 MiB, 32607 MiB
2026/09/14 18:54:24.229, 0, 84 %, 4550 MiB, 32607 MiB
2026/09/14 18:54:24.232, 1, 79 %, 4568 MiB, 32607 MiB
2026/09/14 18:54:24.234, 2, 81 %, 4570 MiB, 32607 MiB
2026/09/14 18:54:24.234, 3, 81 %, 4550 MiB, 32607 MiB
2026/09/14 18:54:29.236, 0, 76 %, 4550 MiB, 32607 MiB
2026/09/14 18:54:29.238, 1, 84 %, 4568 MiB, 32607 MiB
2026/09/14 18:54:29.240, 2, 86 %, 4570 MiB, 32607 MiB
2026/09/14 18:54:29.242, 3, 79 %, 4550 MiB, 32607 MiB
2026/09/14 18:54:34.244, 0, 42 %, 4550 MiB, 32607 MiB
2026/09/14 18:54:34.246, 1, 100 %, 4568 MiB, 32607 MiB
2026/09/14 18:54:34.248, 2, 100 %, 4570 MiB, 32607 MiB
2026/09/14 18:54:34.250, 3, 100 %, 4550 MiB, 32607 MiB
2026/09/14 18:54:39.252, 0, 0 %, 4550 MiB, 32607 MiB
2026/09/14 18:54:39.255, 1, 100 %, 4568 MiB, 32607 MiB
2026/09/14 18:54:39.257, 2, 100 %, 4570 MiB, 32607 MiB
2026/09/14 18:54:39.258, 3, 86 %, 4550 MiB, 32607 MiB
2026/09/14 18:54:44.258, 0, 86 %, 4550 MiB, 32607 MiB
2026/09/14 18:54:44.261, 1, 85 %, 4568 MiB, 32607 MiB
2026/09/14 18:54:44.262, 2, 84 %, 4570 MiB, 32607 MiB
2026/09/14 18:54:44.265, 3, 90 %, 4550 MiB, 32607 MiB
2026/09/14 18:54:49.266, 0, 84 %, 4550 MiB, 32607 MiB
2026/09/14 18:54:49.269, 1, 86 %, 4568 MiB, 32607 MiB
2026/09/14 18:54:49.270, 2, 87 %, 4570 MiB, 32607 MiB
2026/09/14 18:54:49.272, 3, 87 %, 4550 MiB, 32607 MiB
2026/09/14 18:54:54.274, 0, 79 %, 4550 MiB, 32607 MiB
2026/09/14 18:54:54.276, 1, 79 %, 4568 MiB, 32607 MiB
2026/09/14 18:54:54.278, 2, 84 %, 4570 MiB, 32607 MiB
2026/09/14 18:54:54.279, 3, 88 %, 4550 MiB, 32607 MiB
2026/09/14 18:54:59.281, 0, 82 %, 4550 MiB, 32607 MiB
2026/09/14 18:54:59.282, 1, 82 %, 4568 MiB, 32607 MiB
2026/09/14 18:54:59.284, 2, 85 %, 4570 MiB, 32607 MiB
2026/09/14 18:54:59.285, 3, 79 %, 4550 MiB, 32607 MiB
2026/09/14 18:55:04.286, 0, 84 %, 4550 MiB, 32607 MiB
2026/09/14 18:55:04.288, 1, 80 %, 4568 MiB, 32607 MiB
2026/09/14 18:55:04.290, 2, 86 %, 4570 MiB, 32607 MiB
2026/09/14 18:55:04.291, 3, 83 %, 4550 MiB, 32607 MiB
2026/09/14 18:55:09.293, 0, 84 %, 4550 MiB, 32607 MiB
2026/09/14 18:55:09.295, 1, 79 %, 4568 MiB, 32607 MiB
2026/09/14 18:55:09.297, 2, 82 %, 4570 MiB, 32607 MiB
2026/09/14 18:55:09.298, 3, 84 %, 4550 MiB, 32607 MiB
2026/09/14 18:55:14.299, 0, 82 %, 4550 MiB, 32607 MiB
2026/09/14 18:55:14.301, 1, 100 %, 4568 MiB, 32607 MiB
2026/09/14 18:55:14.303, 2, 100 %, 4570 MiB, 32607 MiB
2026/09/14 18:55:14.305, 3, 100 %, 4550 MiB, 32607 MiB
2026/09/14 18:55:19.307, 0, 86 %, 4550 MiB, 32607 MiB
2026/09/14 18:55:19.309, 1, 81 %, 4568 MiB, 32607 MiB
2026/09/14 18:55:19.311, 2, 86 %, 4570 MiB, 32607 MiB
2026/09/14 18:55:19.313, 3, 80 %, 4550 MiB, 32607 MiB
2026/09/14 18:55:24.314, 0, 68 %, 4550 MiB, 32607 MiB
2026/09/14 18:55:24.316, 1, 84 %, 4568 MiB, 32607 MiB
2026/09/14 18:55:24.318, 2, 81 %, 4570 MiB, 32607 MiB
2026/09/14 18:55:24.320, 3, 84 %, 4550 MiB, 32607 MiB
2026/09/14 18:55:29.323, 0, 88 %, 4550 MiB, 32607 MiB
2026/09/14 18:55:29.325, 1, 86 %, 4568 MiB, 32607 MiB
2026/09/14 18:55:29.326, 2, 85 %, 4570 MiB, 32607 MiB
2026/09/14 18:55:29.328, 3, 81 %, 4550 MiB, 32607 MiB
2026/09/14 18:55:34.330, 0, 83 %, 4550 MiB, 32607 MiB
2026/09/14 18:55:34.332, 1, 84 %, 4568 MiB, 32607 MiB
2026/09/14 18:55:34.333, 2, 84 %, 4570 MiB, 32607 MiB
2026/09/14 18:55:34.334, 3, 81 %, 4550 MiB, 32607 MiB
2026/09/14 18:55:39.336, 0, 85 %, 4550 MiB, 32607 MiB
2026/09/14 18:55:39.338, 1, 84 %, 4568 MiB, 32607 MiB
2026/09/14 18:55:39.340, 2, 79 %, 4570 MiB, 32607 MiB
2026/09/14 18:55:39.342, 3, 86 %, 4550 MiB, 32607 MiB
2026/09/14 18:55:44.344, 0, 86 %, 4550 MiB, 32607 MiB
2026/09/14 18:55:44.345, 1, 87 %, 4568 MiB, 32607 MiB
2026/09/14 18:55:44.346, 2, 85 %, 4570 MiB, 32607 MiB
2026/09/14 18:55:44.348, 3, 86 %, 4550 MiB, 32607 MiB
2026/09/14 18:55:49.350, 0, 0 %, 4550 MiB, 32607 MiB
2026/09/14 18:55:49.352, 1, 84 %, 4568 MiB, 32607 MiB
2026/09/14 18:55:49.353, 2, 84 %, 4570 MiB, 32607 MiB
2026/09/14 18:55:49.354, 3, 91 %, 4550 MiB, 32607 MiB
2026/09/14 18:55:54.356, 0, 81 %, 4550 MiB, 32607 MiB
2026/09/14 18:55:54.358, 1, 80 %, 4568 MiB, 32607 MiB
2026/09/14 18:55:54.359, 2, 85 %, 4570 MiB, 32607 MiB
2026/09/14 18:55:54.360, 3, 86 %, 4550 MiB, 32607 MiB
2026/09/14 18:55:59.361, 0, 87 %, 4550 MiB, 32607 MiB
2026/09/14 18:55:59.364, 1, 83 %, 4568 MiB, 32607 MiB
2026/09/14 18:55:59.366, 2, 87 %, 4570 MiB, 32607 MiB
2026/09/14 18:55:59.368, 3, 81 %, 4550 MiB, 32607 MiB
2026/09/14 18:56:04.370, 0, 82 %, 4550 MiB, 32607 MiB
2026/09/14 18:56:04.373, 1, 80 %, 4568 MiB, 32607 MiB
2026/09/14 18:56:04.374, 2, 79 %, 4570 MiB, 32607 MiB
2026/09/14 18:56:04.376, 3, 84 %, 4550 MiB, 32607 MiB
2026/09/14 18:56:09.377, 0, 81 %, 4550 MiB, 32607 MiB
2026/09/14 18:56:09.380, 1, 85 %, 4568 MiB, 32607 MiB
2026/09/14 18:56:09.382, 2, 85 %, 4570 MiB, 32607 MiB
2026/09/14 18:56:09.384, 3, 87 %, 4550 MiB, 32607 MiB
2026/09/14 18:56:14.385, 0, 83 %, 4550 MiB, 32607 MiB
2026/09/14 18:56:14.388, 1, 84 %, 4568 MiB, 32607 MiB
2026/09/14 18:56:14.389, 2, 81 %, 4570 MiB, 32607 MiB
2026/09/14 18:56:14.390, 3, 80 %, 4550 MiB, 32607 MiB
2026/09/14 18:56:19.392, 0, 80 %, 4550 MiB, 32607 MiB
2026/09/14 18:56:19.394, 1, 85 %, 4568 MiB, 32607 MiB
2026/09/14 18:56:19.395, 2, 91 %, 4570 MiB, 32607 MiB
2026/09/14 18:56:19.396, 3, 78 %, 4550 MiB, 32607 MiB
2026/09/14 18:56:24.397, 0, 84 %, 4550 MiB, 32607 MiB
2026/09/14 18:56:24.399, 1, 84 %, 4568 MiB, 32607 MiB
2026/09/14 18:56:24.400, 2, 84 %, 4570 MiB, 32607 MiB
2026/09/14 18:56:24.401, 3, 85 %, 4550 MiB, 32607 MiB
2026/09/14 18:56:29.402, 0, 79 %, 4550 MiB, 32607 MiB
2026/09/14 18:56:29.404, 1, 79 %, 4568 MiB, 32607 MiB
2026/09/14 18:56:29.405, 2, 76 %, 4570 MiB, 32607 MiB
2026/09/14 18:56:29.405, 3, 78 %, 4550 MiB, 32607 MiB
2026/09/14 18:56:34.406, 0, 85 %, 4550 MiB, 32607 MiB
2026/09/14 18:56:34.408, 1, 83 %, 4568 MiB, 32607 MiB
2026/09/14 18:56:34.410, 2, 83 %, 4570 MiB, 32607 MiB
2026/09/14 18:56:34.412, 3, 85 %, 4550 MiB, 32607 MiB
2026/09/14 18:56:39.414, 0, 83 %, 4550 MiB, 32607 MiB
2026/09/14 18:56:39.415, 1, 76 %, 4568 MiB, 32607 MiB
2026/09/14 18:56:39.416, 2, 76 %, 4570 MiB, 32607 MiB
2026/09/14 18:56:39.416, 3, 79 %, 4550 MiB, 32607 MiB
2026/09/14 18:56:44.417, 0, 82 %, 4550 MiB, 32607 MiB
2026/09/14 18:56:44.419, 1, 83 %, 4568 MiB, 32607 MiB
2026/09/14 18:56:44.421, 2, 82 %, 4570 MiB, 32607 MiB
2026/09/14 18:56:44.422, 3, 87 %, 4550 MiB, 32607 MiB
2026/09/14 18:56:49.423, 0, 85 %, 4550 MiB, 32607 MiB
2026/09/14 18:56:49.425, 1, 81 %, 4568 MiB, 32607 MiB
2026/09/14 18:56:49.427, 2, 83 %, 4570 MiB, 32607 MiB
2026/09/14 18:56:49.428, 3, 82 %, 4550 MiB, 32607 MiB
2026/09/14 18:56:54.429, 0, 82 %, 4550 MiB, 32607 MiB
2026/09/14 18:56:54.431, 1, 84 %, 4568 MiB, 32607 MiB
2026/09/14 18:56:54.433, 2, 79 %, 4570 MiB, 32607 MiB
2026/09/14 18:56:54.434, 3, 82 %, 4550 MiB, 32607 MiB
2026/09/14 18:56:59.436, 0, 82 %, 4550 MiB, 32607 MiB
2026/09/14 18:56:59.437, 1, 80 %, 4568 MiB, 32607 MiB
2026/09/14 18:56:59.439, 2, 77 %, 4570 MiB, 32607 MiB
2026/09/14 18:56:59.440, 3, 81 %, 4550 MiB, 32607 MiB
2026/09/14 18:57:04.441, 0, 84 %, 4550 MiB, 32607 MiB
2026/09/14 18:57:04.443, 1, 84 %, 4568 MiB, 32607 MiB
2026/09/14 18:57:04.445, 2, 85 %, 4570 MiB, 32607 MiB
2026/09/14 18:57:04.446, 3, 87 %, 4550 MiB, 32607 MiB
2026/09/14 18:57:09.446, 0, 80 %, 4550 MiB, 32607 MiB
2026/09/14 18:57:09.448, 1, 75 %, 4568 MiB, 32607 MiB
2026/09/14 18:57:09.449, 2, 80 %, 4570 MiB, 32607 MiB
2026/09/14 18:57:09.450, 3, 87 %, 4550 MiB, 32607 MiB
2026/09/14 18:57:14.451, 0, 87 %, 4550 MiB, 32607 MiB
2026/09/14 18:57:14.452, 1, 83 %, 4568 MiB, 32607 MiB
2026/09/14 18:57:14.454, 2, 82 %, 4570 MiB, 32607 MiB
2026/09/14 18:57:14.455, 3, 80 %, 4550 MiB, 32607 MiB
2026/09/14 18:57:19.456, 0, 85 %, 4550 MiB, 32607 MiB
2026/09/14 18:57:19.458, 1, 78 %, 4568 MiB, 32607 MiB
2026/09/14 18:57:19.459, 2, 79 %, 4570 MiB, 32607 MiB
2026/09/14 18:57:19.460, 3, 82 %, 4550 MiB, 32607 MiB
2026/09/14 18:57:24.461, 0, 85 %, 4550 MiB, 32607 MiB
2026/09/14 18:57:24.463, 1, 85 %, 4568 MiB, 32607 MiB
2026/09/14 18:57:24.464, 2, 85 %, 4570 MiB, 32607 MiB
2026/09/14 18:57:24.465, 3, 88 %, 4550 MiB, 32607 MiB
2026/09/14 18:57:29.466, 0, 85 %, 4550 MiB, 32607 MiB
2026/09/14 18:57:29.469, 1, 87 %, 4568 MiB, 32607 MiB
2026/09/14 18:57:29.470, 2, 87 %, 4570 MiB, 32607 MiB
2026/09/14 18:57:29.471, 3, 87 %, 4550 MiB, 32607 MiB
2026/09/14 18:57:34.474, 0, 85 %, 4550 MiB, 32607 MiB
2026/09/14 18:57:34.476, 1, 81 %, 4568 MiB, 32607 MiB
2026/09/14 18:57:34.478, 2, 79 %, 4570 MiB, 32607 MiB
2026/09/14 18:57:34.481, 3, 69 %, 4550 MiB, 32607 MiB
2026/09/14 18:57:39.484, 0, 66 %, 4550 MiB, 32607 MiB
2026/09/14 18:57:39.486, 1, 100 %, 4568 MiB, 32607 MiB
2026/09/14 18:57:39.488, 2, 100 %, 4570 MiB, 32607 MiB
2026/09/14 18:57:39.490, 3, 100 %, 4550 MiB, 32607 MiB
2026/09/14 18:57:44.492, 0, 77 %, 4550 MiB, 32607 MiB
2026/09/14 18:57:44.494, 1, 100 %, 4568 MiB, 32607 MiB
2026/09/14 18:57:44.496, 2, 80 %, 4570 MiB, 32607 MiB
2026/09/14 18:57:44.497, 3, 72 %, 4550 MiB, 32607 MiB
2026/09/14 18:57:49.498, 0, 84 %, 4550 MiB, 32607 MiB
2026/09/14 18:57:49.500, 1, 86 %, 4568 MiB, 32607 MiB
2026/09/14 18:57:49.501, 2, 75 %, 4570 MiB, 32607 MiB
2026/09/14 18:57:49.503, 3, 87 %, 4550 MiB, 32607 MiB
2026/09/14 18:57:54.504, 0, 82 %, 4550 MiB, 32607 MiB
2026/09/14 18:57:54.507, 1, 86 %, 4568 MiB, 32607 MiB
2026/09/14 18:57:54.509, 2, 79 %, 4570 MiB, 32607 MiB
2026/09/14 18:57:54.511, 3, 83 %, 4550 MiB, 32607 MiB
2026/09/14 18:57:59.513, 0, 83 %, 4550 MiB, 32607 MiB
2026/09/14 18:57:59.515, 1, 79 %, 4568 MiB, 32607 MiB
2026/09/14 18:57:59.518, 2, 75 %, 4570 MiB, 32607 MiB
2026/09/14 18:57:59.519, 3, 81 %, 4550 MiB, 32607 MiB
2026/09/14 18:58:04.520, 0, 85 %, 4550 MiB, 32607 MiB
2026/09/14 18:58:04.522, 1, 86 %, 4568 MiB, 32607 MiB
2026/09/14 18:58:04.523, 2, 85 %, 4570 MiB, 32607 MiB
2026/09/14 18:58:04.524, 3, 81 %, 4550 MiB, 32607 MiB
2026/09/14 18:58:09.526, 0, 86 %, 4550 MiB, 32607 MiB
2026/09/14 18:58:09.528, 1, 78 %, 4568 MiB, 32607 MiB
2026/09/14 18:58:09.530, 2, 80 %, 4570 MiB, 32607 MiB
2026/09/14 18:58:09.530, 3, 87 %, 4550 MiB, 32607 MiB
2026/09/14 18:58:14.531, 0, 79 %, 4550 MiB, 32607 MiB
2026/09/14 18:58:14.533, 1, 79 %, 4568 MiB, 32607 MiB
2026/09/14 18:58:14.535, 2, 83 %, 4570 MiB, 32607 MiB
2026/09/14 18:58:14.537, 3, 77 %, 4550 MiB, 32607 MiB
2026/09/14 18:58:19.538, 0, 86 %, 4550 MiB, 32607 MiB
2026/09/14 18:58:19.540, 1, 78 %, 4568 MiB, 32607 MiB
2026/09/14 18:58:19.543, 2, 79 %, 4570 MiB, 32607 MiB
2026/09/14 18:58:19.545, 3, 100 %, 4550 MiB, 32607 MiB
2026/09/14 18:58:24.546, 0, 85 %, 4550 MiB, 32607 MiB
2026/09/14 18:58:24.548, 1, 82 %, 4568 MiB, 32607 MiB
2026/09/14 18:58:24.549, 2, 81 %, 4570 MiB, 32607 MiB
2026/09/14 18:58:24.550, 3, 82 %, 4550 MiB, 32607 MiB
2026/09/14 18:58:29.551, 0, 79 %, 4550 MiB, 32607 MiB
2026/09/14 18:58:29.552, 1, 83 %, 4568 MiB, 32607 MiB
2026/09/14 18:58:29.553, 2, 81 %, 4570 MiB, 32607 MiB
2026/09/14 18:58:29.554, 3, 84 %, 4550 MiB, 32607 MiB
2026/09/14 18:58:34.556, 0, 85 %, 4550 MiB, 32607 MiB
2026/09/14 18:58:34.558, 1, 80 %, 4568 MiB, 32607 MiB
2026/09/14 18:58:34.559, 2, 77 %, 4570 MiB, 32607 MiB
2026/09/14 18:58:34.560, 3, 86 %, 4550 MiB, 32607 MiB
2026/09/14 18:58:39.561, 0, 80 %, 4550 MiB, 32607 MiB
2026/09/14 18:58:39.562, 1, 79 %, 4568 MiB, 32607 MiB
2026/09/14 18:58:39.563, 2, 79 %, 4570 MiB, 32607 MiB
2026/09/14 18:58:39.565, 3, 80 %, 4550 MiB, 32607 MiB
2026/09/14 18:58:44.566, 0, 85 %, 4550 MiB, 32607 MiB
2026/09/14 18:58:44.568, 1, 87 %, 4568 MiB, 32607 MiB
2026/09/14 18:58:44.570, 2, 83 %, 4570 MiB, 32607 MiB
2026/09/14 18:58:44.572, 3, 84 %, 4550 MiB, 32607 MiB
2026/09/14 18:58:49.575, 0, 85 %, 4550 MiB, 32607 MiB
2026/09/14 18:58:49.577, 1, 81 %, 4568 MiB, 32607 MiB
2026/09/14 18:58:49.579, 2, 85 %, 4570 MiB, 32607 MiB
2026/09/14 18:58:49.580, 3, 85 %, 4550 MiB, 32607 MiB
2026/09/14 18:58:54.581, 0, 81 %, 4550 MiB, 32607 MiB
2026/09/14 18:58:54.583, 1, 80 %, 4568 MiB, 32607 MiB
2026/09/14 18:58:54.584, 2, 76 %, 4570 MiB, 32607 MiB
2026/09/14 18:58:54.585, 3, 100 %, 4550 MiB, 32607 MiB
2026/09/14 18:58:59.586, 0, 84 %, 4550 MiB, 32607 MiB
2026/09/14 18:58:59.588, 1, 83 %, 4568 MiB, 32607 MiB
2026/09/14 18:58:59.589, 2, 79 %, 4570 MiB, 32607 MiB
2026/09/14 18:58:59.590, 3, 84 %, 4550 MiB, 32607 MiB
2026/09/14 18:59:04.591, 0, 85 %, 4550 MiB, 32607 MiB
2026/09/14 18:59:04.594, 1, 81 %, 4568 MiB, 32607 MiB
2026/09/14 18:59:04.596, 2, 86 %, 4570 MiB, 32607 MiB
2026/09/14 18:59:04.598, 3, 86 %, 4550 MiB, 32607 MiB
2026/09/14 18:59:09.601, 0, 84 %, 4550 MiB, 32607 MiB
2026/09/14 18:59:09.603, 1, 84 %, 4568 MiB, 32607 MiB
2026/09/14 18:59:09.604, 2, 84 %, 4570 MiB, 32607 MiB
2026/09/14 18:59:09.606, 3, 81 %, 4550 MiB, 32607 MiB
2026/09/14 18:59:14.606, 0, 82 %, 4550 MiB, 32607 MiB
2026/09/14 18:59:14.609, 1, 85 %, 4568 MiB, 32607 MiB
2026/09/14 18:59:14.611, 2, 84 %, 4570 MiB, 32607 MiB
2026/09/14 18:59:14.613, 3, 86 %, 4550 MiB, 32607 MiB
2026/09/14 18:59:19.614, 0, 85 %, 4550 MiB, 32607 MiB
2026/09/14 18:59:19.617, 1, 84 %, 4568 MiB, 32607 MiB
2026/09/14 18:59:19.619, 2, 84 %, 4570 MiB, 32607 MiB
2026/09/14 18:59:19.621, 3, 84 %, 4550 MiB, 32607 MiB
2026/09/14 18:59:24.623, 0, 79 %, 4550 MiB, 32607 MiB
2026/09/14 18:59:24.624, 1, 82 %, 4568 MiB, 32607 MiB
2026/09/14 18:59:24.625, 2, 84 %, 4570 MiB, 32607 MiB
2026/09/14 18:59:24.626, 3, 76 %, 4550 MiB, 32607 MiB
2026/09/14 18:59:29.628, 0, 0 %, 4550 MiB, 32607 MiB
2026/09/14 18:59:29.630, 1, 95 %, 4568 MiB, 32607 MiB
2026/09/14 18:59:29.632, 2, 75 %, 4570 MiB, 32607 MiB
2026/09/14 18:59:29.633, 3, 76 %, 4550 MiB, 32607 MiB
2026/09/14 18:59:34.634, 0, 78 %, 4550 MiB, 32607 MiB
2026/09/14 18:59:34.636, 1, 80 %, 4568 MiB, 32607 MiB
2026/09/14 18:59:34.638, 2, 80 %, 4570 MiB, 32607 MiB
2026/09/14 18:59:34.639, 3, 80 %, 4550 MiB, 32607 MiB
2026/09/14 18:59:39.641, 0, 84 %, 4550 MiB, 32607 MiB
2026/09/14 18:59:39.642, 1, 82 %, 4568 MiB, 32607 MiB
2026/09/14 18:59:39.645, 2, 84 %, 4570 MiB, 32607 MiB
2026/09/14 18:59:39.647, 3, 84 %, 4550 MiB, 32607 MiB
2026/09/14 18:59:44.650, 0, 89 %, 4550 MiB, 32607 MiB
2026/09/14 18:59:44.652, 1, 78 %, 4568 MiB, 32607 MiB
2026/09/14 18:59:44.654, 2, 86 %, 4570 MiB, 32607 MiB
2026/09/14 18:59:44.657, 3, 84 %, 4550 MiB, 32607 MiB
2026/09/14 18:59:49.658, 0, 80 %, 4550 MiB, 32607 MiB
2026/09/14 18:59:49.660, 1, 84 %, 4568 MiB, 32607 MiB
2026/09/14 18:59:49.663, 2, 86 %, 4570 MiB, 32607 MiB
2026/09/14 18:59:49.665, 3, 83 %, 4550 MiB, 32607 MiB
2026/09/14 18:59:54.667, 0, 82 %, 4550 MiB, 32607 MiB
2026/09/14 18:59:54.669, 1, 81 %, 4568 MiB, 32607 MiB
2026/09/14 18:59:54.671, 2, 79 %, 4570 MiB, 32607 MiB
2026/09/14 18:59:54.673, 3, 85 %, 4550 MiB, 32607 MiB
2026/09/14 18:59:59.675, 0, 85 %, 4550 MiB, 32607 MiB
2026/09/14 18:59:59.676, 1, 85 %, 4568 MiB, 32607 MiB
2026/09/14 18:59:59.678, 2, 86 %, 4570 MiB, 32607 MiB
2026/09/14 18:59:59.679, 3, 86 %, 4550 MiB, 32607 MiB
2026/09/14 19:00:04.681, 0, 86 %, 4550 MiB, 32607 MiB
2026/09/14 19:00:04.683, 1, 89 %, 4568 MiB, 32607 MiB
2026/09/14 19:00:04.684, 2, 95 %, 4570 MiB, 32607 MiB
2026/09/14 19:00:04.686, 3, 84 %, 4550 MiB, 32607 MiB
2026/09/14 19:00:09.689, 0, 89 %, 4550 MiB, 32607 MiB
2026/09/14 19:00:09.690, 1, 87 %, 4568 MiB, 32607 MiB
2026/09/14 19:00:09.692, 2, 85 %, 4570 MiB, 32607 MiB
2026/09/14 19:00:09.693, 3, 78 %, 4550 MiB, 32607 MiB
2026/09/14 19:00:14.693, 0, 86 %, 4550 MiB, 32607 MiB
2026/09/14 19:00:14.696, 1, 84 %, 4568 MiB, 32607 MiB
2026/09/14 19:00:14.698, 2, 83 %, 4570 MiB, 32607 MiB
2026/09/14 19:00:14.700, 3, 86 %, 4550 MiB, 32607 MiB
2026/09/14 19:00:19.702, 0, 79 %, 4550 MiB, 32607 MiB
2026/09/14 19:00:19.704, 1, 86 %, 4568 MiB, 32607 MiB
2026/09/14 19:00:19.705, 2, 86 %, 4570 MiB, 32607 MiB
2026/09/14 19:00:19.706, 3, 85 %, 4550 MiB, 32607 MiB
2026/09/14 19:00:24.706, 0, 89 %, 4550 MiB, 32607 MiB
2026/09/14 19:00:24.707, 1, 82 %, 4568 MiB, 32607 MiB
2026/09/14 19:00:24.709, 2, 78 %, 4570 MiB, 32607 MiB
2026/09/14 19:00:24.710, 3, 90 %, 4550 MiB, 32607 MiB
2026/09/14 19:00:29.711, 0, 79 %, 4550 MiB, 32607 MiB
2026/09/14 19:00:29.713, 1, 82 %, 4568 MiB, 32607 MiB
2026/09/14 19:00:29.714, 2, 82 %, 4570 MiB, 32607 MiB
2026/09/14 19:00:29.715, 3, 86 %, 4550 MiB, 32607 MiB
2026/09/14 19:00:34.716, 0, 77 %, 4550 MiB, 32607 MiB
2026/09/14 19:00:34.718, 1, 80 %, 4568 MiB, 32607 MiB
2026/09/14 19:00:34.719, 2, 79 %, 4570 MiB, 32607 MiB
2026/09/14 19:00:34.720, 3, 85 %, 4550 MiB, 32607 MiB
2026/09/14 19:00:39.721, 0, 85 %, 4550 MiB, 32607 MiB
2026/09/14 19:00:39.723, 1, 84 %, 4568 MiB, 32607 MiB
2026/09/14 19:00:39.724, 2, 83 %, 4570 MiB, 32607 MiB
2026/09/14 19:00:39.725, 3, 85 %, 4550 MiB, 32607 MiB
2026/09/14 19:00:44.726, 0, 43 %, 4550 MiB, 32607 MiB
2026/09/14 19:00:44.727, 1, 100 %, 4568 MiB, 32607 MiB
2026/09/14 19:00:44.728, 2, 100 %, 4570 MiB, 32607 MiB
2026/09/14 19:00:44.729, 3, 100 %, 4550 MiB, 32607 MiB
2026/09/14 19:00:49.730, 0, 86 %, 4550 MiB, 32607 MiB
2026/09/14 19:00:49.732, 1, 89 %, 4568 MiB, 32607 MiB
2026/09/14 19:00:49.734, 2, 86 %, 4570 MiB, 32607 MiB
2026/09/14 19:00:49.735, 3, 84 %, 4550 MiB, 32607 MiB
2026/09/14 19:00:54.737, 0, 84 %, 4550 MiB, 32607 MiB
2026/09/14 19:00:54.738, 1, 83 %, 4568 MiB, 32607 MiB
2026/09/14 19:00:54.739, 2, 82 %, 4570 MiB, 32607 MiB
2026/09/14 19:00:54.739, 3, 84 %, 4550 MiB, 32607 MiB
2026/09/14 19:00:59.740, 0, 78 %, 4550 MiB, 32607 MiB
2026/09/14 19:00:59.742, 1, 85 %, 4568 MiB, 32607 MiB
2026/09/14 19:00:59.743, 2, 83 %, 4570 MiB, 32607 MiB
2026/09/14 19:00:59.744, 3, 77 %, 4550 MiB, 32607 MiB
2026/09/14 19:01:04.745, 0, 85 %, 4550 MiB, 32607 MiB
2026/09/14 19:01:04.747, 1, 84 %, 4568 MiB, 32607 MiB
2026/09/14 19:01:04.748, 2, 85 %, 4570 MiB, 32607 MiB
2026/09/14 19:01:04.750, 3, 74 %, 4550 MiB, 32607 MiB
2026/09/14 19:01:09.751, 0, 82 %, 4550 MiB, 32607 MiB
2026/09/14 19:01:09.753, 1, 83 %, 4568 MiB, 32607 MiB
2026/09/14 19:01:09.753, 2, 79 %, 4570 MiB, 32607 MiB
2026/09/14 19:01:09.754, 3, 86 %, 4550 MiB, 32607 MiB
2026/09/14 19:01:14.755, 0, 85 %, 4550 MiB, 32607 MiB
2026/09/14 19:01:14.757, 1, 83 %, 4568 MiB, 32607 MiB
2026/09/14 19:01:14.758, 2, 80 %, 4570 MiB, 32607 MiB
2026/09/14 19:01:14.760, 3, 82 %, 4550 MiB, 32607 MiB
2026/09/14 19:01:19.762, 0, 85 %, 4550 MiB, 32607 MiB
2026/09/14 19:01:19.763, 1, 80 %, 4568 MiB, 32607 MiB
2026/09/14 19:01:19.763, 2, 84 %, 4570 MiB, 32607 MiB
2026/09/14 19:01:19.764, 3, 88 %, 4550 MiB, 32607 MiB
2026/09/14 19:01:24.766, 0, 84 %, 4550 MiB, 32607 MiB
2026/09/14 19:01:24.767, 1, 83 %, 4568 MiB, 32607 MiB
2026/09/14 19:01:24.769, 2, 84 %, 4570 MiB, 32607 MiB
2026/09/14 19:01:24.771, 3, 88 %, 4550 MiB, 32607 MiB
2026/09/14 19:01:29.774, 0, 82 %, 4550 MiB, 32607 MiB
2026/09/14 19:01:29.776, 1, 86 %, 4568 MiB, 32607 MiB
2026/09/14 19:01:29.778, 2, 81 %, 4570 MiB, 32607 MiB
2026/09/14 19:01:29.780, 3, 81 %, 4550 MiB, 32607 MiB
2026/09/14 19:01:34.782, 0, 84 %, 4550 MiB, 32607 MiB
2026/09/14 19:01:34.785, 1, 83 %, 4568 MiB, 32607 MiB
2026/09/14 19:01:34.786, 2, 86 %, 4570 MiB, 32607 MiB
2026/09/14 19:01:34.786, 3, 83 %, 4550 MiB, 32607 MiB
2026/09/14 19:01:39.787, 0, 84 %, 4550 MiB, 32607 MiB
2026/09/14 19:01:39.789, 1, 84 %, 4568 MiB, 32607 MiB
2026/09/14 19:01:39.791, 2, 85 %, 4570 MiB, 32607 MiB
2026/09/14 19:01:39.793, 3, 80 %, 4550 MiB, 32607 MiB
2026/09/14 19:01:44.794, 0, 82 %, 4550 MiB, 32607 MiB
2026/09/14 19:01:44.796, 1, 85 %, 4568 MiB, 32607 MiB
2026/09/14 19:01:44.797, 2, 83 %, 4570 MiB, 32607 MiB
2026/09/14 19:01:44.798, 3, 82 %, 4550 MiB, 32607 MiB
2026/09/14 19:01:49.800, 0, 86 %, 4550 MiB, 32607 MiB
2026/09/14 19:01:49.802, 1, 78 %, 4568 MiB, 32607 MiB
2026/09/14 19:01:49.803, 2, 84 %, 4570 MiB, 32607 MiB
2026/09/14 19:01:49.805, 3, 84 %, 4550 MiB, 32607 MiB
2026/09/14 19:01:54.806, 0, 78 %, 4550 MiB, 32607 MiB
2026/09/14 19:01:54.807, 1, 83 %, 4568 MiB, 32607 MiB
2026/09/14 19:01:54.809, 2, 87 %, 4570 MiB, 32607 MiB
2026/09/14 19:01:54.810, 3, 84 %, 4550 MiB, 32607 MiB
2026/09/14 19:01:59.811, 0, 83 %, 4550 MiB, 32607 MiB
2026/09/14 19:01:59.813, 1, 82 %, 4568 MiB, 32607 MiB
2026/09/14 19:01:59.815, 2, 85 %, 4570 MiB, 32607 MiB
2026/09/14 19:01:59.817, 3, 86 %, 4550 MiB, 32607 MiB
2026/09/14 19:02:04.818, 0, 90 %, 4550 MiB, 32607 MiB
2026/09/14 19:02:04.821, 1, 85 %, 4568 MiB, 32607 MiB
2026/09/14 19:02:04.822, 2, 84 %, 4570 MiB, 32607 MiB
2026/09/14 19:02:04.825, 3, 79 %, 4550 MiB, 32607 MiB
2026/09/14 19:02:09.826, 0, 87 %, 4550 MiB, 32607 MiB
2026/09/14 19:02:09.828, 1, 86 %, 4568 MiB, 32607 MiB
2026/09/14 19:02:09.829, 2, 85 %, 4570 MiB, 32607 MiB
2026/09/14 19:02:09.830, 3, 86 %, 4550 MiB, 32607 MiB
2026/09/14 19:02:14.831, 0, 85 %, 4550 MiB, 32607 MiB
2026/09/14 19:02:14.833, 1, 88 %, 4568 MiB, 32607 MiB
2026/09/14 19:02:14.834, 2, 84 %, 4570 MiB, 32607 MiB
2026/09/14 19:02:14.835, 3, 86 %, 4550 MiB, 32607 MiB
2026/09/14 19:02:19.837, 0, 81 %, 4550 MiB, 32607 MiB
2026/09/14 19:02:19.838, 1, 81 %, 4568 MiB, 32607 MiB
2026/09/14 19:02:19.840, 2, 86 %, 4570 MiB, 32607 MiB
2026/09/14 19:02:19.841, 3, 79 %, 4550 MiB, 32607 MiB
2026/09/14 19:02:24.842, 0, 86 %, 4550 MiB, 32607 MiB
2026/09/14 19:02:24.844, 1, 84 %, 4568 MiB, 32607 MiB
2026/09/14 19:02:24.846, 2, 85 %, 4570 MiB, 32607 MiB
2026/09/14 19:02:24.848, 3, 82 %, 4550 MiB, 32607 MiB
2026/09/14 19:02:29.851, 0, 88 %, 4550 MiB, 32607 MiB
2026/09/14 19:02:29.852, 1, 79 %, 4568 MiB, 32607 MiB
2026/09/14 19:02:29.853, 2, 84 %, 4570 MiB, 32607 MiB
2026/09/14 19:02:29.854, 3, 85 %, 4550 MiB, 32607 MiB
2026/09/14 19:02:34.855, 0, 78 %, 4550 MiB, 32607 MiB
2026/09/14 19:02:34.857, 1, 88 %, 4568 MiB, 32607 MiB
2026/09/14 19:02:34.859, 2, 88 %, 4570 MiB, 32607 MiB
2026/09/14 19:02:34.860, 3, 85 %, 4550 MiB, 32607 MiB
2026/09/14 19:02:39.862, 0, 86 %, 4550 MiB, 32607 MiB
2026/09/14 19:02:39.864, 1, 85 %, 4568 MiB, 32607 MiB
2026/09/14 19:02:39.866, 2, 76 %, 4570 MiB, 32607 MiB
2026/09/14 19:02:39.868, 3, 85 %, 4550 MiB, 32607 MiB
2026/09/14 19:02:44.870, 0, 79 %, 4550 MiB, 32607 MiB
2026/09/14 19:02:44.872, 1, 80 %, 4568 MiB, 32607 MiB
2026/09/14 19:02:44.874, 2, 84 %, 4570 MiB, 32607 MiB
2026/09/14 19:02:44.876, 3, 85 %, 4550 MiB, 32607 MiB
2026/09/14 19:02:49.878, 0, 80 %, 4550 MiB, 32607 MiB
2026/09/14 19:02:49.880, 1, 83 %, 4568 MiB, 32607 MiB
2026/09/14 19:02:49.881, 2, 89 %, 4570 MiB, 32607 MiB
2026/09/14 19:02:49.883, 3, 83 %, 4550 MiB, 32607 MiB
2026/09/14 19:02:54.885, 0, 85 %, 4550 MiB, 32607 MiB
2026/09/14 19:02:54.886, 1, 83 %, 4568 MiB, 32607 MiB
2026/09/14 19:02:54.888, 2, 86 %, 4570 MiB, 32607 MiB
2026/09/14 19:02:54.890, 3, 86 %, 4550 MiB, 32607 MiB
2026/09/14 19:02:59.892, 0, 90 %, 4550 MiB, 32607 MiB
2026/09/14 19:02:59.894, 1, 80 %, 4568 MiB, 32607 MiB
2026/09/14 19:02:59.897, 2, 86 %, 4570 MiB, 32607 MiB
2026/09/14 19:02:59.898, 3, 84 %, 4550 MiB, 32607 MiB
2026/09/14 19:03:04.901, 0, 85 %, 4550 MiB, 32607 MiB
2026/09/14 19:03:04.904, 1, 83 %, 4568 MiB, 32607 MiB
2026/09/14 19:03:04.906, 2, 86 %, 4570 MiB, 32607 MiB
2026/09/14 19:03:04.908, 3, 78 %, 4550 MiB, 32607 MiB
2026/09/14 19:03:09.910, 0, 83 %, 4550 MiB, 32607 MiB
2026/09/14 19:03:09.912, 1, 85 %, 4568 MiB, 32607 MiB
2026/09/14 19:03:09.913, 2, 84 %, 4570 MiB, 32607 MiB
2026/09/14 19:03:09.914, 3, 88 %, 4550 MiB, 32607 MiB
2026/09/14 19:03:14.915, 0, 88 %, 4550 MiB, 32607 MiB
2026/09/14 19:03:14.917, 1, 86 %, 4568 MiB, 32607 MiB
2026/09/14 19:03:14.918, 2, 79 %, 4570 MiB, 32607 MiB
2026/09/14 19:03:14.919, 3, 78 %, 4550 MiB, 32607 MiB
2026/09/14 19:03:19.920, 0, 84 %, 4550 MiB, 32607 MiB
2026/09/14 19:03:19.925, 1, 87 %, 4568 MiB, 32607 MiB
2026/09/14 19:03:19.929, 2, 85 %, 4570 MiB, 32607 MiB
2026/09/14 19:03:19.931, 3, 82 %, 4550 MiB, 32607 MiB
2026/09/14 19:03:24.933, 0, 85 %, 4550 MiB, 32607 MiB
2026/09/14 19:03:24.934, 1, 82 %, 4568 MiB, 32607 MiB
2026/09/14 19:03:24.936, 2, 83 %, 4570 MiB, 32607 MiB
2026/09/14 19:03:24.937, 3, 83 %, 4550 MiB, 32607 MiB
2026/09/14 19:03:29.938, 0, 83 %, 4550 MiB, 32607 MiB
2026/09/14 19:03:29.940, 1, 83 %, 4568 MiB, 32607 MiB
2026/09/14 19:03:29.941, 2, 81 %, 4570 MiB, 32607 MiB
2026/09/14 19:03:29.943, 3, 90 %, 4550 MiB, 32607 MiB
2026/09/14 19:03:34.945, 0, 83 %, 4550 MiB, 32607 MiB
2026/09/14 19:03:34.947, 1, 86 %, 4568 MiB, 32607 MiB
2026/09/14 19:03:34.949, 2, 84 %, 4570 MiB, 32607 MiB
2026/09/14 19:03:34.951, 3, 78 %, 4550 MiB, 32607 MiB
2026/09/14 19:03:39.952, 0, 86 %, 4550 MiB, 32607 MiB
2026/09/14 19:03:39.954, 1, 82 %, 4568 MiB, 32607 MiB
2026/09/14 19:03:39.954, 2, 84 %, 4570 MiB, 32607 MiB
2026/09/14 19:03:39.954, 3, 85 %, 4550 MiB, 32607 MiB
2026/09/14 19:03:44.955, 0, 67 %, 4550 MiB, 32607 MiB
2026/09/14 19:03:44.957, 1, 100 %, 4568 MiB, 32607 MiB
2026/09/14 19:03:44.959, 2, 100 %, 4570 MiB, 32607 MiB
2026/09/14 19:03:44.960, 3, 100 %, 4550 MiB, 32607 MiB
2026/09/14 19:03:49.962, 0, 0 %, 4550 MiB, 32607 MiB
2026/09/14 19:03:49.964, 1, 100 %, 4568 MiB, 32607 MiB
2026/09/14 19:03:49.966, 2, 100 %, 4570 MiB, 32607 MiB
2026/09/14 19:03:49.969, 3, 100 %, 4550 MiB, 32607 MiB
