timestamp, index, utilization.gpu [%], memory.used [MiB], memory.total [MiB]
2026/09/11 18:55:28.113, 0, 0 %, 0 MiB, 32607 MiB
2026/09/11 18:55:28.116, 1, 0 %, 0 MiB, 32607 MiB
2026/09/11 18:55:28.120, 2, 0 %, 0 MiB, 32607 MiB
2026/09/11 18:55:28.123, 3, 0 %, 0 MiB, 32607 MiB
2026/09/11 18:55:33.126, 0, 0 %, 3 MiB, 32607 MiB
2026/09/11 18:55:33.136, 1, 0 %, 3 MiB, 32607 MiB
2026/09/11 18:55:33.145, 2, 0 %, 3 MiB, 32607 MiB
2026/09/11 18:55:33.164, 3, 0 %, 3 MiB, 32607 MiB
2026/09/11 18:55:38.168, 0, 90 %, 3879 MiB, 32607 MiB
2026/09/11 18:55:38.168, 1, 38 %, 3385 MiB, 32607 MiB
2026/09/11 18:55:38.168, 2, 93 %, 4103 MiB, 32607 MiB
2026/09/11 18:55:38.168, 3, 89 %, 3741 MiB, 32607 MiB
2026/09/11 18:55:43.169, 0, 100 %, 4139 MiB, 32607 MiB
2026/09/11 18:55:43.169, 1, 19 %, 4505 MiB, 32607 MiB
2026/09/11 18:55:43.170, 2, 0 %, 4487 MiB, 32607 MiB
2026/09/11 18:55:43.170, 3, 94 %, 4187 MiB, 32607 MiB
2026/09/11 18:55:48.170, 0, 91 %, 4459 MiB, 32607 MiB
2026/09/11 18:55:48.171, 1, 92 %, 4505 MiB, 32607 MiB
2026/09/11 18:55:48.171, 2, 100 %, 4567 MiB, 32607 MiB
2026/09/11 18:55:48.171, 3, 31 %, 4507 MiB, 32607 MiB
2026/09/11 18:55:53.172, 0, 80 %, 4539 MiB, 32607 MiB
2026/09/11 18:55:53.172, 1, 0 %, 4505 MiB, 32607 MiB
2026/09/11 18:55:53.172, 2, 100 %, 4567 MiB, 32607 MiB
2026/09/11 18:55:53.172, 3, 84 %, 4507 MiB, 32607 MiB
2026/09/11 18:55:58.173, 0, 100 %, 4545 MiB, 32607 MiB
2026/09/11 18:55:58.173, 1, 100 %, 4505 MiB, 32607 MiB
2026/09/11 18:55:58.173, 2, 0 %, 4567 MiB, 32607 MiB
2026/09/11 18:55:58.174, 3, 100 %, 4507 MiB, 32607 MiB
2026/09/11 18:56:03.174, 0, 90 %, 4545 MiB, 32607 MiB
2026/09/11 18:56:03.174, 1, 51 %, 4505 MiB, 32607 MiB
2026/09/11 18:56:03.175, 2, 83 %, 4567 MiB, 32607 MiB
2026/09/11 18:56:03.175, 3, 100 %, 4507 MiB, 32607 MiB
2026/09/11 18:56:08.175, 0, 100 %, 4545 MiB, 32607 MiB
2026/09/11 18:56:08.176, 1, 100 %, 4505 MiB, 32607 MiB
2026/09/11 18:56:08.176, 2, 0 %, 4567 MiB, 32607 MiB
2026/09/11 18:56:08.176, 3, 31 %, 4507 MiB, 32607 MiB
2026/09/11 18:56:13.176, 0, 49 %, 4545 MiB, 32607 MiB
2026/09/11 18:56:13.177, 1, 76 %, 4565 MiB, 32607 MiB
2026/09/11 18:56:13.177, 2, 84 %, 4567 MiB, 32607 MiB
2026/09/11 18:56:13.177, 3, 100 %, 4507 MiB, 32607 MiB
2026/09/11 18:56:18.178, 0, 94 %, 4545 MiB, 32607 MiB
2026/09/11 18:56:18.178, 1, 77 %, 4565 MiB, 32607 MiB
2026/09/11 18:56:18.178, 2, 84 %, 4567 MiB, 32607 MiB
2026/09/11 18:56:18.178, 3, 7 %, 4507 MiB, 32607 MiB
2026/09/11 18:56:23.179, 0, 100 %, 4545 MiB, 32607 MiB
2026/09/11 18:56:23.179, 1, 85 %, 4565 MiB, 32607 MiB
2026/09/11 18:56:23.179, 2, 6 %, 4567 MiB, 32607 MiB
2026/09/11 18:56:23.179, 3, 100 %, 4507 MiB, 32607 MiB
2026/09/11 18:56:28.180, 0, 85 %, 4545 MiB, 32607 MiB
2026/09/11 18:56:28.180, 1, 92 %, 4565 MiB, 32607 MiB
2026/09/11 18:56:28.180, 2, 91 %, 4567 MiB, 32607 MiB
2026/09/11 18:56:28.181, 3, 0 %, 4507 MiB, 32607 MiB
2026/09/11 18:56:33.181, 0, 95 %, 4545 MiB, 32607 MiB
2026/09/11 18:56:33.181, 1, 95 %, 4565 MiB, 32607 MiB
2026/09/11 18:56:33.182, 2, 35 %, 4567 MiB, 32607 MiB
2026/09/11 18:56:33.182, 3, 100 %, 4507 MiB, 32607 MiB
2026/09/11 18:56:38.182, 0, 12 %, 4547 MiB, 32607 MiB
2026/09/11 18:56:38.182, 1, 100 %, 4565 MiB, 32607 MiB
2026/09/11 18:56:38.183, 2, 100 %, 4567 MiB, 32607 MiB
2026/09/11 18:56:38.183, 3, 76 %, 4507 MiB, 32607 MiB
2026/09/11 18:56:43.183, 0, 0 %, 4547 MiB, 32607 MiB
2026/09/11 18:56:43.184, 1, 96 %, 4565 MiB, 32607 MiB
2026/09/11 18:56:43.184, 2, 39 %, 4567 MiB, 32607 MiB
2026/09/11 18:56:43.184, 3, 88 %, 4547 MiB, 32607 MiB
2026/09/11 18:56:48.184, 0, 100 %, 4547 MiB, 32607 MiB
2026/09/11 18:56:48.185, 1, 45 %, 4565 MiB, 32607 MiB
2026/09/11 18:56:48.185, 2, 72 %, 4567 MiB, 32607 MiB
2026/09/11 18:56:48.185, 3, 100 %, 4547 MiB, 32607 MiB
2026/09/11 18:56:53.186, 0, 0 %, 4547 MiB, 32607 MiB
2026/09/11 18:56:53.186, 1, 89 %, 4565 MiB, 32607 MiB
2026/09/11 18:56:53.186, 2, 90 %, 4567 MiB, 32607 MiB
2026/09/11 18:56:53.187, 3, 89 %, 4547 MiB, 32607 MiB
2026/09/11 18:56:58.187, 0, 14 %, 4547 MiB, 32607 MiB
2026/09/11 18:56:58.187, 1, 49 %, 4565 MiB, 32607 MiB
2026/09/11 18:56:58.188, 2, 84 %, 4567 MiB, 32607 MiB
2026/09/11 18:56:58.188, 3, 94 %, 4547 MiB, 32607 MiB
2026/09/11 18:57:03.188, 0, 32 %, 4547 MiB, 32607 MiB
2026/09/11 18:57:03.189, 1, 100 %, 4565 MiB, 32607 MiB
2026/09/11 18:57:03.189, 2, 100 %, 4567 MiB, 32607 MiB
2026/09/11 18:57:03.189, 3, 74 %, 4547 MiB, 32607 MiB
2026/09/11 18:57:08.190, 0, 100 %, 4547 MiB, 32607 MiB
2026/09/11 18:57:08.190, 1, 56 %, 4565 MiB, 32607 MiB
2026/09/11 18:57:08.190, 2, 94 %, 4567 MiB, 32607 MiB
2026/09/11 18:57:08.190, 3, 38 %, 4547 MiB, 32607 MiB
2026/09/11 18:57:13.191, 0, 100 %, 4547 MiB, 32607 MiB
2026/09/11 18:57:13.191, 1, 70 %, 4565 MiB, 32607 MiB
2026/09/11 18:57:13.191, 2, 22 %, 4567 MiB, 32607 MiB
2026/09/11 18:57:13.191, 3, 81 %, 4547 MiB, 32607 MiB
2026/09/11 18:57:18.192, 0, 91 %, 4547 MiB, 32607 MiB
2026/09/11 18:57:18.192, 1, 100 %, 4565 MiB, 32607 MiB
2026/09/11 18:57:18.192, 2, 1 %, 4567 MiB, 32607 MiB
2026/09/11 18:57:18.193, 3, 100 %, 4547 MiB, 32607 MiB
2026/09/11 18:57:23.193, 0, 100 %, 4547 MiB, 32607 MiB
2026/09/11 18:57:23.193, 1, 100 %, 4565 MiB, 32607 MiB
2026/09/11 18:57:23.194, 2, 99 %, 4567 MiB, 32607 MiB
2026/09/11 18:57:23.194, 3, 7 %, 4547 MiB, 32607 MiB
2026/09/11 18:57:28.194, 0, 89 %, 4547 MiB, 32607 MiB
2026/09/11 18:57:28.195, 1, 6 %, 4567 MiB, 32607 MiB
2026/09/11 18:57:28.195, 2, 100 %, 4567 MiB, 32607 MiB
2026/09/11 18:57:28.195, 3, 55 %, 4547 MiB, 32607 MiB
2026/09/11 18:57:33.196, 0, 100 %, 4547 MiB, 32607 MiB
2026/09/11 18:57:33.196, 1, 0 %, 4567 MiB, 32607 MiB
2026/09/11 18:57:33.196, 2, 100 %, 4567 MiB, 32607 MiB
2026/09/11 18:57:33.197, 3, 90 %, 4547 MiB, 32607 MiB
2026/09/11 18:57:38.197, 0, 88 %, 4547 MiB, 32607 MiB
2026/09/11 18:57:38.197, 1, 0 %, 4567 MiB, 32607 MiB
2026/09/11 18:57:38.198, 2, 54 %, 4567 MiB, 32607 MiB
2026/09/11 18:57:38.198, 3, 95 %, 4547 MiB, 32607 MiB
2026/09/11 18:57:43.198, 0, 59 %, 4547 MiB, 32607 MiB
2026/09/11 18:57:43.202, 1, 0 %, 4567 MiB, 32607 MiB
2026/09/11 18:57:43.202, 2, 100 %, 4567 MiB, 32607 MiB
2026/09/11 18:57:43.202, 3, 93 %, 4547 MiB, 32607 MiB
2026/09/11 18:57:48.203, 0, 28 %, 4547 MiB, 32607 MiB
2026/09/11 18:57:48.203, 1, 98 %, 4567 MiB, 32607 MiB
2026/09/11 18:57:48.203, 2, 100 %, 4567 MiB, 32607 MiB
2026/09/11 18:57:48.203, 3, 95 %, 4547 MiB, 32607 MiB
2026/09/11 18:57:53.204, 0, 90 %, 4547 MiB, 32607 MiB
2026/09/11 18:57:53.204, 1, 82 %, 4567 MiB, 32607 MiB
2026/09/11 18:57:53.204, 2, 21 %, 4567 MiB, 32607 MiB
2026/09/11 18:57:53.205, 3, 100 %, 4547 MiB, 32607 MiB
2026/09/11 18:57:58.205, 0, 93 %, 4547 MiB, 32607 MiB
2026/09/11 18:57:58.205, 1, 25 %, 4567 MiB, 32607 MiB
2026/09/11 18:57:58.206, 2, 88 %, 4567 MiB, 32607 MiB
2026/09/11 18:57:58.206, 3, 100 %, 4547 MiB, 32607 MiB
2026/09/11 18:58:03.206, 0, 76 %, 4547 MiB, 32607 MiB
2026/09/11 18:58:03.207, 1, 70 %, 4567 MiB, 32607 MiB
2026/09/11 18:58:03.207, 2, 59 %, 4567 MiB, 32607 MiB
2026/09/11 18:58:03.207, 3, 67 %, 4547 MiB, 32607 MiB
2026/09/11 18:58:08.208, 0, 77 %, 4547 MiB, 32607 MiB
2026/09/11 18:58:08.208, 1, 63 %, 4567 MiB, 32607 MiB
2026/09/11 18:58:08.208, 2, 79 %, 4567 MiB, 32607 MiB
2026/09/11 18:58:08.208, 3, 80 %, 4547 MiB, 32607 MiB
2026/09/11 18:58:13.209, 0, 77 %, 4547 MiB, 32607 MiB
2026/09/11 18:58:13.209, 1, 66 %, 4567 MiB, 32607 MiB
2026/09/11 18:58:13.209, 2, 57 %, 4567 MiB, 32607 MiB
2026/09/11 18:58:13.210, 3, 76 %, 4547 MiB, 32607 MiB
2026/09/11 18:58:18.210, 0, 77 %, 4547 MiB, 32607 MiB
2026/09/11 18:58:18.210, 1, 77 %, 4567 MiB, 32607 MiB
2026/09/11 18:58:18.211, 2, 68 %, 4567 MiB, 32607 MiB
2026/09/11 18:58:18.211, 3, 81 %, 4547 MiB, 32607 MiB
2026/09/11 18:58:23.211, 0, 70 %, 4547 MiB, 32607 MiB
2026/09/11 18:58:23.212, 1, 59 %, 4567 MiB, 32607 MiB
2026/09/11 18:58:23.212, 2, 76 %, 4567 MiB, 32607 MiB
2026/09/11 18:58:23.212, 3, 78 %, 4547 MiB, 32607 MiB
2026/09/11 18:58:28.213, 0, 74 %, 4547 MiB, 32607 MiB
2026/09/11 18:58:28.213, 1, 73 %, 4567 MiB, 32607 MiB
2026/09/11 18:58:28.213, 2, 66 %, 4567 MiB, 32607 MiB
2026/09/11 18:58:28.213, 3, 69 %, 4547 MiB, 32607 MiB
2026/09/11 18:58:33.214, 0, 80 %, 4547 MiB, 32607 MiB
2026/09/11 18:58:33.214, 1, 62 %, 4567 MiB, 32607 MiB
2026/09/11 18:58:33.214, 2, 60 %, 4567 MiB, 32607 MiB
2026/09/11 18:58:33.215, 3, 77 %, 4547 MiB, 32607 MiB
2026/09/11 18:58:38.215, 0, 0 %, 4547 MiB, 32607 MiB
2026/09/11 18:58:38.215, 1, 100 %, 4567 MiB, 32607 MiB
2026/09/11 18:58:38.216, 2, 100 %, 4567 MiB, 32607 MiB
2026/09/11 18:58:38.216, 3, 100 %, 4547 MiB, 32607 MiB
2026/09/11 18:58:43.216, 0, 72 %, 4547 MiB, 32607 MiB
2026/09/11 18:58:43.217, 1, 64 %, 4567 MiB, 32607 MiB
2026/09/11 18:58:43.217, 2, 74 %, 4567 MiB, 32607 MiB
2026/09/11 18:58:43.217, 3, 76 %, 4547 MiB, 32607 MiB
2026/09/11 18:58:48.218, 0, 66 %, 4547 MiB, 32607 MiB
2026/09/11 18:58:48.218, 1, 62 %, 4567 MiB, 32607 MiB
2026/09/11 18:58:48.218, 2, 71 %, 4567 MiB, 32607 MiB
2026/09/11 18:58:48.218, 3, 72 %, 4547 MiB, 32607 MiB
2026/09/11 18:58:53.219, 0, 83 %, 4547 MiB, 32607 MiB
2026/09/11 18:58:53.219, 1, 56 %, 4567 MiB, 32607 MiB
2026/09/11 18:58:53.220, 2, 67 %, 4567 MiB, 32607 MiB
2026/09/11 18:58:53.220, 3, 65 %, 4547 MiB, 32607 MiB
2026/09/11 18:58:58.220, 0, 85 %, 4547 MiB, 32607 MiB
2026/09/11 18:58:58.221, 1, 66 %, 4567 MiB, 32607 MiB
2026/09/11 18:58:58.221, 2, 77 %, 4567 MiB, 32607 MiB
2026/09/11 18:58:58.221, 3, 83 %, 4547 MiB, 32607 MiB
2026/09/11 18:59:03.222, 0, 77 %, 4547 MiB, 32607 MiB
2026/09/11 18:59:03.222, 1, 57 %, 4567 MiB, 32607 MiB
2026/09/11 18:59:03.222, 2, 71 %, 4567 MiB, 32607 MiB
2026/09/11 18:59:03.222, 3, 73 %, 4547 MiB, 32607 MiB
2026/09/11 18:59:08.223, 0, 63 %, 4547 MiB, 32607 MiB
2026/09/11 18:59:08.224, 1, 74 %, 4567 MiB, 32607 MiB
2026/09/11 18:59:08.224, 2, 59 %, 4567 MiB, 32607 MiB
2026/09/11 18:59:08.224, 3, 78 %, 4547 MiB, 32607 MiB
2026/09/11 18:59:13.225, 0, 57 %, 4547 MiB, 32607 MiB
2026/09/11 18:59:13.225, 1, 76 %, 4567 MiB, 32607 MiB
2026/09/11 18:59:13.225, 2, 68 %, 4567 MiB, 32607 MiB
2026/09/11 18:59:13.225, 3, 81 %, 4549 MiB, 32607 MiB
2026/09/11 18:59:18.226, 0, 78 %, 4547 MiB, 32607 MiB
2026/09/11 18:59:18.226, 1, 68 %, 4567 MiB, 32607 MiB
2026/09/11 18:59:18.226, 2, 66 %, 4567 MiB, 32607 MiB
2026/09/11 18:59:18.227, 3, 83 %, 4549 MiB, 32607 MiB
2026/09/11 18:59:23.227, 0, 78 %, 4547 MiB, 32607 MiB
2026/09/11 18:59:23.228, 1, 74 %, 4567 MiB, 32607 MiB
2026/09/11 18:59:23.228, 2, 38 %, 4567 MiB, 32607 MiB
2026/09/11 18:59:23.228, 3, 83 %, 4549 MiB, 32607 MiB
2026/09/11 18:59:28.228, 0, 71 %, 4547 MiB, 32607 MiB
2026/09/11 18:59:28.229, 1, 76 %, 4567 MiB, 32607 MiB
2026/09/11 18:59:28.229, 2, 75 %, 4567 MiB, 32607 MiB
2026/09/11 18:59:28.229, 3, 75 %, 4549 MiB, 32607 MiB
2026/09/11 18:59:33.230, 0, 74 %, 4547 MiB, 32607 MiB
2026/09/11 18:59:33.230, 1, 77 %, 4567 MiB, 32607 MiB
2026/09/11 18:59:33.230, 2, 73 %, 4567 MiB, 32607 MiB
2026/09/11 18:59:33.230, 3, 79 %, 4549 MiB, 32607 MiB
2026/09/11 18:59:38.231, 0, 73 %, 4547 MiB, 32607 MiB
2026/09/11 18:59:38.231, 1, 62 %, 4567 MiB, 32607 MiB
2026/09/11 18:59:38.231, 2, 66 %, 4567 MiB, 32607 MiB
2026/09/11 18:59:38.231, 3, 83 %, 4549 MiB, 32607 MiB
2026/09/11 18:59:43.232, 0, 61 %, 4547 MiB, 32607 MiB
2026/09/11 18:59:43.232, 1, 83 %, 4567 MiB, 32607 MiB
2026/09/11 18:59:43.232, 2, 68 %, 4567 MiB, 32607 MiB
2026/09/11 18:59:43.233, 3, 73 %, 4549 MiB, 32607 MiB
2026/09/11 18:59:48.233, 0, 67 %, 4547 MiB, 32607 MiB
2026/09/11 18:59:48.236, 1, 79 %, 4567 MiB, 32607 MiB
2026/09/11 18:59:48.238, 2, 72 %, 4567 MiB, 32607 MiB
2026/09/11 18:59:48.238, 3, 80 %, 4549 MiB, 32607 MiB
2026/09/11 18:59:53.239, 0, 62 %, 4547 MiB, 32607 MiB
2026/09/11 18:59:53.241, 1, 81 %, 4567 MiB, 32607 MiB
2026/09/11 18:59:53.241, 2, 66 %, 4567 MiB, 32607 MiB
2026/09/11 18:59:53.241, 3, 80 %, 4549 MiB, 32607 MiB
2026/09/11 18:59:58.242, 0, 73 %, 4547 MiB, 32607 MiB
2026/09/11 18:59:58.242, 1, 82 %, 4567 MiB, 32607 MiB
2026/09/11 18:59:58.242, 2, 65 %, 4567 MiB, 32607 MiB
2026/09/11 18:59:58.242, 3, 75 %, 4549 MiB, 32607 MiB
2026/09/11 19:00:03.243, 0, 82 %, 4547 MiB, 32607 MiB
2026/09/11 19:00:03.243, 1, 54 %, 4567 MiB, 32607 MiB
2026/09/11 19:00:03.243, 2, 69 %, 4567 MiB, 32607 MiB
2026/09/11 19:00:03.244, 3, 77 %, 4549 MiB, 32607 MiB
2026/09/11 19:00:08.244, 0, 80 %, 4547 MiB, 32607 MiB
2026/09/11 19:00:08.245, 1, 78 %, 4567 MiB, 32607 MiB
2026/09/11 19:00:08.245, 2, 81 %, 4567 MiB, 32607 MiB
2026/09/11 19:00:08.245, 3, 72 %, 4549 MiB, 32607 MiB
2026/09/11 19:00:13.245, 0, 72 %, 4547 MiB, 32607 MiB
2026/09/11 19:00:13.246, 1, 75 %, 4567 MiB, 32607 MiB
2026/09/11 19:00:13.246, 2, 59 %, 4567 MiB, 32607 MiB
2026/09/11 19:00:13.246, 3, 65 %, 4549 MiB, 32607 MiB
2026/09/11 19:00:18.247, 0, 82 %, 4547 MiB, 32607 MiB
2026/09/11 19:00:18.247, 1, 71 %, 4567 MiB, 32607 MiB
2026/09/11 19:00:18.247, 2, 57 %, 4567 MiB, 32607 MiB
2026/09/11 19:00:18.247, 3, 80 %, 4549 MiB, 32607 MiB
2026/09/11 19:00:23.248, 0, 77 %, 4547 MiB, 32607 MiB
2026/09/11 19:00:23.248, 1, 77 %, 4567 MiB, 32607 MiB
2026/09/11 19:00:23.248, 2, 73 %, 4567 MiB, 32607 MiB
2026/09/11 19:00:23.249, 3, 64 %, 4549 MiB, 32607 MiB
2026/09/11 19:00:28.249, 0, 75 %, 4547 MiB, 32607 MiB
2026/09/11 19:00:28.249, 1, 63 %, 4567 MiB, 32607 MiB
2026/09/11 19:00:28.250, 2, 61 %, 4567 MiB, 32607 MiB
2026/09/11 19:00:28.250, 3, 73 %, 4549 MiB, 32607 MiB
2026/09/11 19:00:33.250, 0, 8 %, 4547 MiB, 32607 MiB
2026/09/11 19:00:33.250, 1, 100 %, 4567 MiB, 32607 MiB
2026/09/11 19:00:33.251, 2, 100 %, 4567 MiB, 32607 MiB
2026/09/11 19:00:33.251, 3, 100 %, 4549 MiB, 32607 MiB
2026/09/11 19:00:38.251, 0, 0 %, 4547 MiB, 32607 MiB
2026/09/11 19:00:38.252, 1, 100 %, 4567 MiB, 32607 MiB
2026/09/11 19:00:38.252, 2, 100 %, 4567 MiB, 32607 MiB
2026/09/11 19:00:38.252, 3, 100 %, 4549 MiB, 32607 MiB
2026/09/11 19:00:43.252, 0, 0 %, 4547 MiB, 32607 MiB
2026/09/11 19:00:43.253, 1, 100 %, 4567 MiB, 32607 MiB
2026/09/11 19:00:43.253, 2, 100 %, 4567 MiB, 32607 MiB
2026/09/11 19:00:43.253, 3, 100 %, 4549 MiB, 32607 MiB
2026/09/11 19:00:48.253, 0, 2 %, 4547 MiB, 32607 MiB
2026/09/11 19:00:48.254, 1, 100 %, 4567 MiB, 32607 MiB
2026/09/11 19:00:48.254, 2, 100 %, 4567 MiB, 32607 MiB
2026/09/11 19:00:48.254, 3, 100 %, 4549 MiB, 32607 MiB
2026/09/11 19:00:53.254, 0, 0 %, 4547 MiB, 32607 MiB
2026/09/11 19:00:53.255, 1, 100 %, 4567 MiB, 32607 MiB
2026/09/11 19:00:53.255, 2, 100 %, 4567 MiB, 32607 MiB
2026/09/11 19:00:53.255, 3, 100 %, 4549 MiB, 32607 MiB
2026/09/11 19:00:58.256, 0, 5 %, 4547 MiB, 32607 MiB
2026/09/11 19:00:58.256, 1, 100 %, 4567 MiB, 32607 MiB
2026/09/11 19:00:58.256, 2, 100 %, 4567 MiB, 32607 MiB
2026/09/11 19:00:58.256, 3, 100 %, 4549 MiB, 32607 MiB
2026/09/11 19:01:03.257, 0, 5 %, 4547 MiB, 32607 MiB
2026/09/11 19:01:03.257, 1, 100 %, 4567 MiB, 32607 MiB
2026/09/11 19:01:03.257, 2, 100 %, 4567 MiB, 32607 MiB
2026/09/11 19:01:03.257, 3, 100 %, 4549 MiB, 32607 MiB
2026/09/11 19:01:08.258, 0, 0 %, 4547 MiB, 32607 MiB
2026/09/11 19:01:08.258, 1, 100 %, 4567 MiB, 32607 MiB
2026/09/11 19:01:08.259, 2, 100 %, 4567 MiB, 32607 MiB
2026/09/11 19:01:08.259, 3, 100 %, 4549 MiB, 32607 MiB
2026/09/11 19:01:13.259, 0, 0 %, 4547 MiB, 32607 MiB
2026/09/11 19:01:13.260, 1, 100 %, 4567 MiB, 32607 MiB
2026/09/11 19:01:13.260, 2, 100 %, 4567 MiB, 32607 MiB
2026/09/11 19:01:13.260, 3, 100 %, 4549 MiB, 32607 MiB
2026/09/11 19:01:18.260, 0, 0 %, 4547 MiB, 32607 MiB
2026/09/11 19:01:18.261, 1, 100 %, 4567 MiB, 32607 MiB
2026/09/11 19:01:18.261, 2, 100 %, 4567 MiB, 32607 MiB
2026/09/11 19:01:18.261, 3, 100 %, 4549 MiB, 32607 MiB
2026/09/11 19:01:23.262, 0, 0 %, 4547 MiB, 32607 MiB
2026/09/11 19:01:23.262, 1, 100 %, 4567 MiB, 32607 MiB
2026/09/11 19:01:23.262, 2, 100 %, 4567 MiB, 32607 MiB
2026/09/11 19:01:23.262, 3, 100 %, 4549 MiB, 32607 MiB
2026/09/11 19:01:28.263, 0, 0 %, 4547 MiB, 32607 MiB
2026/09/11 19:01:28.263, 1, 100 %, 4567 MiB, 32607 MiB
2026/09/11 19:01:28.263, 2, 100 %, 4567 MiB, 32607 MiB
2026/09/11 19:01:28.263, 3, 100 %, 4549 MiB, 32607 MiB
2026/09/11 19:01:33.264, 0, 9 %, 4547 MiB, 32607 MiB
2026/09/11 19:01:33.264, 1, 100 %, 4567 MiB, 32607 MiB
2026/09/11 19:01:33.264, 2, 100 %, 4567 MiB, 32607 MiB
2026/09/11 19:01:33.265, 3, 100 %, 4549 MiB, 32607 MiB
2026/09/11 19:01:38.265, 0, 0 %, 4547 MiB, 32607 MiB
2026/09/11 19:01:38.265, 1, 100 %, 4567 MiB, 32607 MiB
2026/09/11 19:01:38.266, 2, 100 %, 4567 MiB, 32607 MiB
2026/09/11 19:01:38.266, 3, 100 %, 4549 MiB, 32607 MiB
2026/09/11 19:01:43.266, 0, 9 %, 4547 MiB, 32607 MiB
2026/09/11 19:01:43.267, 1, 100 %, 4567 MiB, 32607 MiB
2026/09/11 19:01:43.267, 2, 100 %, 4567 MiB, 32607 MiB
2026/09/11 19:01:43.267, 3, 100 %, 4549 MiB, 32607 MiB
2026/09/11 19:01:48.267, 0, 10 %, 4547 MiB, 32607 MiB
2026/09/11 19:01:48.268, 1, 100 %, 4567 MiB, 32607 MiB
2026/09/11 19:01:48.268, 2, 100 %, 4567 MiB, 32607 MiB
2026/09/11 19:01:48.268, 3, 100 %, 4549 MiB, 32607 MiB
2026/09/11 19:01:53.269, 0, 4 %, 4547 MiB, 32607 MiB
2026/09/11 19:01:53.269, 1, 100 %, 4567 MiB, 32607 MiB
2026/09/11 19:01:53.269, 2, 100 %, 4567 MiB, 32607 MiB
2026/09/11 19:01:53.269, 3, 100 %, 4549 MiB, 32607 MiB
2026/09/11 19:01:58.270, 0, 2 %, 4547 MiB, 32607 MiB
2026/09/11 19:01:58.270, 1, 100 %, 4567 MiB, 32607 MiB
2026/09/11 19:01:58.270, 2, 100 %, 4567 MiB, 32607 MiB
2026/09/11 19:01:58.271, 3, 100 %, 4549 MiB, 32607 MiB
2026/09/11 19:02:03.271, 0, 2 %, 4547 MiB, 32607 MiB
2026/09/11 19:02:03.271, 1, 100 %, 4567 MiB, 32607 MiB
2026/09/11 19:02:03.272, 2, 100 %, 4567 MiB, 32607 MiB
2026/09/11 19:02:03.272, 3, 100 %, 4549 MiB, 32607 MiB
2026/09/11 19:02:08.272, 0, 3 %, 4547 MiB, 32607 MiB
2026/09/11 19:02:08.272, 1, 100 %, 4567 MiB, 32607 MiB
2026/09/11 19:02:08.273, 2, 100 %, 4567 MiB, 32607 MiB
2026/09/11 19:02:08.273, 3, 100 %, 4549 MiB, 32607 MiB
2026/09/11 19:02:13.273, 0, 6 %, 4547 MiB, 32607 MiB
2026/09/11 19:02:13.274, 1, 100 %, 4567 MiB, 32607 MiB
2026/09/11 19:02:13.274, 2, 100 %, 4567 MiB, 32607 MiB
2026/09/11 19:02:13.274, 3, 100 %, 4549 MiB, 32607 MiB
2026/09/11 19:02:18.274, 0, 5 %, 4547 MiB, 32607 MiB
2026/09/11 19:02:18.275, 1, 100 %, 4567 MiB, 32607 MiB
2026/09/11 19:02:18.275, 2, 100 %, 4567 MiB, 32607 MiB
2026/09/11 19:02:18.275, 3, 100 %, 4549 MiB, 32607 MiB
2026/09/11 19:02:23.276, 0, 0 %, 4547 MiB, 32607 MiB
2026/09/11 19:02:23.276, 1, 100 %, 4567 MiB, 32607 MiB
2026/09/11 19:02:23.276, 2, 100 %, 4567 MiB, 32607 MiB
2026/09/11 19:02:23.276, 3, 100 %, 4549 MiB, 32607 MiB
2026/09/11 19:02:28.277, 0, 70 %, 4547 MiB, 32607 MiB
2026/09/11 19:02:28.277, 1, 74 %, 4567 MiB, 32607 MiB
2026/09/11 19:02:28.277, 2, 70 %, 4567 MiB, 32607 MiB
2026/09/11 19:02:28.278, 3, 78 %, 4549 MiB, 32607 MiB
2026/09/11 19:02:33.278, 0, 70 %, 4547 MiB, 32607 MiB
2026/09/11 19:02:33.278, 1, 67 %, 4567 MiB, 32607 MiB
2026/09/11 19:02:33.278, 2, 74 %, 4567 MiB, 32607 MiB
2026/09/11 19:02:33.279, 3, 81 %, 4549 MiB, 32607 MiB
2026/09/11 19:02:38.279, 0, 76 %, 4547 MiB, 32607 MiB
2026/09/11 19:02:38.279, 1, 80 %, 4567 MiB, 32607 MiB
2026/09/11 19:02:38.280, 2, 62 %, 4567 MiB, 32607 MiB
2026/09/11 19:02:38.280, 3, 74 %, 4549 MiB, 32607 MiB
2026/09/11 19:02:43.280, 0, 78 %, 4547 MiB, 32607 MiB
2026/09/11 19:02:43.281, 1, 76 %, 4567 MiB, 32607 MiB
2026/09/11 19:02:43.281, 2, 83 %, 4567 MiB, 32607 MiB
2026/09/11 19:02:43.281, 3, 79 %, 4549 MiB, 32607 MiB
2026/09/11 19:02:48.281, 0, 74 %, 4547 MiB, 32607 MiB
2026/09/11 19:02:48.282, 1, 71 %, 4567 MiB, 32607 MiB
2026/09/11 19:02:48.282, 2, 71 %, 4567 MiB, 32607 MiB
2026/09/11 19:02:48.282, 3, 74 %, 4549 MiB, 32607 MiB
2026/09/11 19:02:53.283, 0, 70 %, 4547 MiB, 32607 MiB
2026/09/11 19:02:53.283, 1, 64 %, 4567 MiB, 32607 MiB
2026/09/11 19:02:53.283, 2, 60 %, 4567 MiB, 32607 MiB
2026/09/11 19:02:53.283, 3, 76 %, 4549 MiB, 32607 MiB
2026/09/11 19:02:58.284, 0, 79 %, 4547 MiB, 32607 MiB
2026/09/11 19:02:58.284, 1, 81 %, 4567 MiB, 32607 MiB
2026/09/11 19:02:58.284, 2, 74 %, 4567 MiB, 32607 MiB
2026/09/11 19:02:58.285, 3, 72 %, 4549 MiB, 32607 MiB
2026/09/11 19:03:03.285, 0, 58 %, 4547 MiB, 32607 MiB
2026/09/11 19:03:03.285, 1, 75 %, 4567 MiB, 32607 MiB
2026/09/11 19:03:03.286, 2, 79 %, 4567 MiB, 32607 MiB
2026/09/11 19:03:03.286, 3, 76 %, 4549 MiB, 32607 MiB
2026/09/11 19:03:08.286, 0, 81 %, 4547 MiB, 32607 MiB
2026/09/11 19:03:08.287, 1, 62 %, 4567 MiB, 32607 MiB
2026/09/11 19:03:08.287, 2, 58 %, 4567 MiB, 32607 MiB
2026/09/11 19:03:08.287, 3, 72 %, 4549 MiB, 32607 MiB
2026/09/11 19:03:13.288, 0, 72 %, 4547 MiB, 32607 MiB
2026/09/11 19:03:13.288, 1, 71 %, 4567 MiB, 32607 MiB
2026/09/11 19:03:13.288, 2, 64 %, 4569 MiB, 32607 MiB
2026/09/11 19:03:13.288, 3, 72 %, 4549 MiB, 32607 MiB
2026/09/11 19:03:18.289, 0, 72 %, 4547 MiB, 32607 MiB
2026/09/11 19:03:18.289, 1, 70 %, 4567 MiB, 32607 MiB
2026/09/11 19:03:18.289, 2, 73 %, 4569 MiB, 32607 MiB
2026/09/11 19:03:18.290, 3, 79 %, 4549 MiB, 32607 MiB
2026/09/11 19:03:23.290, 0, 76 %, 4547 MiB, 32607 MiB
2026/09/11 19:03:23.290, 1, 81 %, 4567 MiB, 32607 MiB
2026/09/11 19:03:23.291, 2, 77 %, 4569 MiB, 32607 MiB
2026/09/11 19:03:23.291, 3, 80 %, 4549 MiB, 32607 MiB
2026/09/11 19:03:28.291, 0, 79 %, 4547 MiB, 32607 MiB
2026/09/11 19:03:28.292, 1, 73 %, 4567 MiB, 32607 MiB
2026/09/11 19:03:28.292, 2, 60 %, 4569 MiB, 32607 MiB
2026/09/11 19:03:28.292, 3, 74 %, 4549 MiB, 32607 MiB
2026/09/11 19:03:33.293, 0, 77 %, 4547 MiB, 32607 MiB
2026/09/11 19:03:33.293, 1, 76 %, 4567 MiB, 32607 MiB
2026/09/11 19:03:33.293, 2, 63 %, 4569 MiB, 32607 MiB
2026/09/11 19:03:33.293, 3, 66 %, 4549 MiB, 32607 MiB
2026/09/11 19:03:38.294, 0, 68 %, 4547 MiB, 32607 MiB
2026/09/11 19:03:38.294, 1, 60 %, 4567 MiB, 32607 MiB
2026/09/11 19:03:38.294, 2, 77 %, 4569 MiB, 32607 MiB
2026/09/11 19:03:38.295, 3, 80 %, 4549 MiB, 32607 MiB
2026/09/11 19:03:43.295, 0, 67 %, 4547 MiB, 32607 MiB
2026/09/11 19:03:43.295, 1, 77 %, 4567 MiB, 32607 MiB
2026/09/11 19:03:43.296, 2, 67 %, 4569 MiB, 32607 MiB
2026/09/11 19:03:43.296, 3, 82 %, 4549 MiB, 32607 MiB
2026/09/11 19:03:48.296, 0, 82 %, 4547 MiB, 32607 MiB
2026/09/11 19:03:48.297, 1, 76 %, 4567 MiB, 32607 MiB
2026/09/11 19:03:48.297, 2, 63 %, 4569 MiB, 32607 MiB
2026/09/11 19:03:48.297, 3, 64 %, 4549 MiB, 32607 MiB
2026/09/11 19:03:53.298, 0, 67 %, 4547 MiB, 32607 MiB
2026/09/11 19:03:53.298, 1, 71 %, 4567 MiB, 32607 MiB
2026/09/11 19:03:53.298, 2, 61 %, 4569 MiB, 32607 MiB
2026/09/11 19:03:53.298, 3, 67 %, 4549 MiB, 32607 MiB
2026/09/11 19:03:58.299, 0, 69 %, 4547 MiB, 32607 MiB
2026/09/11 19:03:58.299, 1, 63 %, 4567 MiB, 32607 MiB
2026/09/11 19:03:58.299, 2, 71 %, 4569 MiB, 32607 MiB
2026/09/11 19:03:58.299, 3, 82 %, 4549 MiB, 32607 MiB
2026/09/11 19:04:03.300, 0, 78 %, 4547 MiB, 32607 MiB
2026/09/11 19:04:03.300, 1, 76 %, 4567 MiB, 32607 MiB
2026/09/11 19:04:03.300, 2, 61 %, 4569 MiB, 32607 MiB
2026/09/11 19:04:03.301, 3, 79 %, 4549 MiB, 32607 MiB
2026/09/11 19:04:08.301, 0, 79 %, 4547 MiB, 32607 MiB
2026/09/11 19:04:08.301, 1, 60 %, 4567 MiB, 32607 MiB
2026/09/11 19:04:08.302, 2, 78 %, 4569 MiB, 32607 MiB
2026/09/11 19:04:08.302, 3, 77 %, 4549 MiB, 32607 MiB
2026/09/11 19:04:13.302, 0, 60 %, 4547 MiB, 32607 MiB
2026/09/11 19:04:13.302, 1, 72 %, 4567 MiB, 32607 MiB
2026/09/11 19:04:13.303, 2, 70 %, 4569 MiB, 32607 MiB
2026/09/11 19:04:13.303, 3, 81 %, 4549 MiB, 32607 MiB
2026/09/11 19:04:18.303, 0, 64 %, 4547 MiB, 32607 MiB
2026/09/11 19:04:18.304, 1, 67 %, 4567 MiB, 32607 MiB
2026/09/11 19:04:18.304, 2, 78 %, 4569 MiB, 32607 MiB
2026/09/11 19:04:18.304, 3, 79 %, 4549 MiB, 32607 MiB
2026/09/11 19:04:23.304, 0, 68 %, 4547 MiB, 32607 MiB
2026/09/11 19:04:23.305, 1, 67 %, 4567 MiB, 32607 MiB
2026/09/11 19:04:23.305, 2, 79 %, 4569 MiB, 32607 MiB
2026/09/11 19:04:23.305, 3, 78 %, 4549 MiB, 32607 MiB
2026/09/11 19:04:28.306, 0, 68 %, 4547 MiB, 32607 MiB
2026/09/11 19:04:28.306, 1, 71 %, 4567 MiB, 32607 MiB
2026/09/11 19:04:28.306, 2, 61 %, 4569 MiB, 32607 MiB
2026/09/11 19:04:28.306, 3, 81 %, 4549 MiB, 32607 MiB
2026/09/11 19:04:33.307, 0, 77 %, 4547 MiB, 32607 MiB
2026/09/11 19:04:33.307, 1, 81 %, 4567 MiB, 32607 MiB
2026/09/11 19:04:33.307, 2, 72 %, 4569 MiB, 32607 MiB
2026/09/11 19:04:33.308, 3, 86 %, 4549 MiB, 32607 MiB
2026/09/11 19:04:38.308, 0, 81 %, 4547 MiB, 32607 MiB
2026/09/11 19:04:38.308, 1, 78 %, 4567 MiB, 32607 MiB
2026/09/11 19:04:38.308, 2, 59 %, 4569 MiB, 32607 MiB
2026/09/11 19:04:38.309, 3, 79 %, 4549 MiB, 32607 MiB
2026/09/11 19:04:43.309, 0, 58 %, 4547 MiB, 32607 MiB
2026/09/11 19:04:43.309, 1, 82 %, 4567 MiB, 32607 MiB
2026/09/11 19:04:43.310, 2, 69 %, 4569 MiB, 32607 MiB
2026/09/11 19:04:43.310, 3, 68 %, 4549 MiB, 32607 MiB
2026/09/11 19:04:48.310, 0, 72 %, 4547 MiB, 32607 MiB
2026/09/11 19:04:48.310, 1, 73 %, 4567 MiB, 32607 MiB
2026/09/11 19:04:48.311, 2, 76 %, 4569 MiB, 32607 MiB
2026/09/11 19:04:48.311, 3, 76 %, 4549 MiB, 32607 MiB
2026/09/11 19:04:53.311, 0, 81 %, 4547 MiB, 32607 MiB
2026/09/11 19:04:53.312, 1, 72 %, 4567 MiB, 32607 MiB
2026/09/11 19:04:53.312, 2, 66 %, 4569 MiB, 32607 MiB
2026/09/11 19:04:53.312, 3, 72 %, 4549 MiB, 32607 MiB
2026/09/11 19:04:58.313, 0, 75 %, 4547 MiB, 32607 MiB
2026/09/11 19:04:58.313, 1, 73 %, 4567 MiB, 32607 MiB
2026/09/11 19:04:58.313, 2, 75 %, 4569 MiB, 32607 MiB
2026/09/11 19:04:58.313, 3, 56 %, 4549 MiB, 32607 MiB
2026/09/11 19:05:03.314, 0, 69 %, 4547 MiB, 32607 MiB
2026/09/11 19:05:03.314, 1, 55 %, 4567 MiB, 32607 MiB
2026/09/11 19:05:03.314, 2, 58 %, 4569 MiB, 32607 MiB
2026/09/11 19:05:03.314, 3, 76 %, 4549 MiB, 32607 MiB
2026/09/11 19:05:08.315, 0, 69 %, 4547 MiB, 32607 MiB
2026/09/11 19:05:08.315, 1, 73 %, 4567 MiB, 32607 MiB
2026/09/11 19:05:08.315, 2, 68 %, 4569 MiB, 32607 MiB
2026/09/11 19:05:08.316, 3, 73 %, 4549 MiB, 32607 MiB
2026/09/11 19:05:13.316, 0, 61 %, 4547 MiB, 32607 MiB
2026/09/11 19:05:13.316, 1, 67 %, 4567 MiB, 32607 MiB
2026/09/11 19:05:13.317, 2, 60 %, 4569 MiB, 32607 MiB
2026/09/11 19:05:13.317, 3, 75 %, 4549 MiB, 32607 MiB
2026/09/11 19:05:18.317, 0, 73 %, 4547 MiB, 32607 MiB
2026/09/11 19:05:18.318, 1, 68 %, 4567 MiB, 32607 MiB
2026/09/11 19:05:18.318, 2, 73 %, 4569 MiB, 32607 MiB
2026/09/11 19:05:18.318, 3, 77 %, 4549 MiB, 32607 MiB
2026/09/11 19:05:23.318, 0, 63 %, 4547 MiB, 32607 MiB
2026/09/11 19:05:23.319, 1, 74 %, 4567 MiB, 32607 MiB
2026/09/11 19:05:23.319, 2, 55 %, 4569 MiB, 32607 MiB
2026/09/11 19:05:23.319, 3, 67 %, 4549 MiB, 32607 MiB
2026/09/11 19:05:28.320, 0, 79 %, 4547 MiB, 32607 MiB
2026/09/11 19:05:28.320, 1, 75 %, 4567 MiB, 32607 MiB
2026/09/11 19:05:28.320, 2, 75 %, 4569 MiB, 32607 MiB
2026/09/11 19:05:28.320, 3, 79 %, 4549 MiB, 32607 MiB
2026/09/11 19:05:33.321, 0, 58 %, 4547 MiB, 32607 MiB
2026/09/11 19:05:33.321, 1, 100 %, 4567 MiB, 32607 MiB
2026/09/11 19:05:33.321, 2, 100 %, 4569 MiB, 32607 MiB
2026/09/11 19:05:33.321, 3, 100 %, 4549 MiB, 32607 MiB
2026/09/11 19:05:38.322, 0, 70 %, 4547 MiB, 32607 MiB
2026/09/11 19:05:38.322, 1, 83 %, 4567 MiB, 32607 MiB
2026/09/11 19:05:38.322, 2, 67 %, 4569 MiB, 32607 MiB
2026/09/11 19:05:38.323, 3, 62 %, 4549 MiB, 32607 MiB
2026/09/11 19:05:43.323, 0, 78 %, 4547 MiB, 32607 MiB
2026/09/11 19:05:43.323, 1, 81 %, 4567 MiB, 32607 MiB
2026/09/11 19:05:43.324, 2, 66 %, 4569 MiB, 32607 MiB
2026/09/11 19:05:43.324, 3, 81 %, 4549 MiB, 32607 MiB
2026/09/11 19:05:48.324, 0, 72 %, 4547 MiB, 32607 MiB
2026/09/11 19:05:48.327, 1, 79 %, 4567 MiB, 32607 MiB
2026/09/11 19:05:48.328, 2, 67 %, 4569 MiB, 32607 MiB
2026/09/11 19:05:48.328, 3, 79 %, 4549 MiB, 32607 MiB
2026/09/11 19:05:53.328, 0, 84 %, 4547 MiB, 32607 MiB
2026/09/11 19:05:53.329, 1, 77 %, 4567 MiB, 32607 MiB
2026/09/11 19:05:53.329, 2, 77 %, 4569 MiB, 32607 MiB
2026/09/11 19:05:53.329, 3, 73 %, 4549 MiB, 32607 MiB
2026/09/11 19:05:58.330, 0, 67 %, 4547 MiB, 32607 MiB
2026/09/11 19:05:58.330, 1, 62 %, 4567 MiB, 32607 MiB
2026/09/11 19:05:58.330, 2, 75 %, 4569 MiB, 32607 MiB
2026/09/11 19:05:58.330, 3, 72 %, 4549 MiB, 32607 MiB
2026/09/11 19:06:03.331, 0, 85 %, 4547 MiB, 32607 MiB
2026/09/11 19:06:03.331, 1, 72 %, 4567 MiB, 32607 MiB
2026/09/11 19:06:03.331, 2, 73 %, 4569 MiB, 32607 MiB
2026/09/11 19:06:03.331, 3, 68 %, 4549 MiB, 32607 MiB
2026/09/11 19:06:08.332, 0, 78 %, 4547 MiB, 32607 MiB
2026/09/11 19:06:08.332, 1, 65 %, 4567 MiB, 32607 MiB
2026/09/11 19:06:08.332, 2, 63 %, 4569 MiB, 32607 MiB
2026/09/11 19:06:08.333, 3, 71 %, 4549 MiB, 32607 MiB
2026/09/11 19:06:13.333, 0, 72 %, 4547 MiB, 32607 MiB
2026/09/11 19:06:13.333, 1, 74 %, 4567 MiB, 32607 MiB
2026/09/11 19:06:13.333, 2, 80 %, 4569 MiB, 32607 MiB
2026/09/11 19:06:13.334, 3, 75 %, 4549 MiB, 32607 MiB
2026/09/11 19:06:18.334, 0, 64 %, 4547 MiB, 32607 MiB
2026/09/11 19:06:18.334, 1, 68 %, 4567 MiB, 32607 MiB
2026/09/11 19:06:18.335, 2, 67 %, 4569 MiB, 32607 MiB
2026/09/11 19:06:18.335, 3, 70 %, 4549 MiB, 32607 MiB
2026/09/11 19:06:23.335, 0, 71 %, 4547 MiB, 32607 MiB
2026/09/11 19:06:23.336, 1, 72 %, 4567 MiB, 32607 MiB
2026/09/11 19:06:23.336, 2, 73 %, 4569 MiB, 32607 MiB
2026/09/11 19:06:23.336, 3, 74 %, 4549 MiB, 32607 MiB
2026/09/11 19:06:28.336, 0, 56 %, 4547 MiB, 32607 MiB
2026/09/11 19:06:28.337, 1, 75 %, 4567 MiB, 32607 MiB
2026/09/11 19:06:28.337, 2, 72 %, 4569 MiB, 32607 MiB
2026/09/11 19:06:28.337, 3, 74 %, 4549 MiB, 32607 MiB
2026/09/11 19:06:33.338, 0, 81 %, 4547 MiB, 32607 MiB
2026/09/11 19:06:33.338, 1, 69 %, 4567 MiB, 32607 MiB
2026/09/11 19:06:33.338, 2, 67 %, 4569 MiB, 32607 MiB
2026/09/11 19:06:33.338, 3, 76 %, 4549 MiB, 32607 MiB
2026/09/11 19:06:38.339, 0, 75 %, 4547 MiB, 32607 MiB
2026/09/11 19:06:38.339, 1, 65 %, 4567 MiB, 32607 MiB
2026/09/11 19:06:38.339, 2, 68 %, 4569 MiB, 32607 MiB
2026/09/11 19:06:38.340, 3, 73 %, 4549 MiB, 32607 MiB
2026/09/11 19:06:43.340, 0, 79 %, 4547 MiB, 32607 MiB
2026/09/11 19:06:43.341, 1, 71 %, 4567 MiB, 32607 MiB
2026/09/11 19:06:43.341, 2, 68 %, 4569 MiB, 32607 MiB
2026/09/11 19:06:43.341, 3, 79 %, 4549 MiB, 32607 MiB
2026/09/11 19:06:48.341, 0, 71 %, 4547 MiB, 32607 MiB
2026/09/11 19:06:48.342, 1, 68 %, 4567 MiB, 32607 MiB
2026/09/11 19:06:48.342, 2, 69 %, 4569 MiB, 32607 MiB
2026/09/11 19:06:48.342, 3, 74 %, 4549 MiB, 32607 MiB
2026/09/11 19:06:53.343, 0, 71 %, 4547 MiB, 32607 MiB
2026/09/11 19:06:53.343, 1, 77 %, 4567 MiB, 32607 MiB
2026/09/11 19:06:53.343, 2, 68 %, 4569 MiB, 32607 MiB
2026/09/11 19:06:53.344, 3, 70 %, 4549 MiB, 32607 MiB
2026/09/11 19:06:58.344, 0, 78 %, 4547 MiB, 32607 MiB
2026/09/11 19:06:58.344, 1, 58 %, 4567 MiB, 32607 MiB
2026/09/11 19:06:58.344, 2, 65 %, 4569 MiB, 32607 MiB
2026/09/11 19:06:58.345, 3, 77 %, 4549 MiB, 32607 MiB
2026/09/11 19:07:03.345, 0, 79 %, 4547 MiB, 32607 MiB
2026/09/11 19:07:03.345, 1, 79 %, 4567 MiB, 32607 MiB
2026/09/11 19:07:03.346, 2, 82 %, 4569 MiB, 32607 MiB
2026/09/11 19:07:03.346, 3, 74 %, 4549 MiB, 32607 MiB
2026/09/11 19:07:08.346, 0, 84 %, 4547 MiB, 32607 MiB
2026/09/11 19:07:08.347, 1, 83 %, 4567 MiB, 32607 MiB
2026/09/11 19:07:08.347, 2, 78 %, 4569 MiB, 32607 MiB
2026/09/11 19:07:08.347, 3, 69 %, 4549 MiB, 32607 MiB
2026/09/11 19:07:13.347, 0, 82 %, 4547 MiB, 32607 MiB
2026/09/11 19:07:13.348, 1, 74 %, 4567 MiB, 32607 MiB
2026/09/11 19:07:13.348, 2, 72 %, 4569 MiB, 32607 MiB
2026/09/11 19:07:13.348, 3, 76 %, 4549 MiB, 32607 MiB
2026/09/11 19:07:18.348, 0, 67 %, 4547 MiB, 32607 MiB
2026/09/11 19:07:18.349, 1, 62 %, 4567 MiB, 32607 MiB
2026/09/11 19:07:18.349, 2, 66 %, 4569 MiB, 32607 MiB
2026/09/11 19:07:18.349, 3, 77 %, 4549 MiB, 32607 MiB
2026/09/11 19:07:23.350, 0, 77 %, 4547 MiB, 32607 MiB
2026/09/11 19:07:23.350, 1, 68 %, 4567 MiB, 32607 MiB
2026/09/11 19:07:23.350, 2, 69 %, 4569 MiB, 32607 MiB
2026/09/11 19:07:23.350, 3, 64 %, 4549 MiB, 32607 MiB
2026/09/11 19:07:28.351, 0, 73 %, 4547 MiB, 32607 MiB
2026/09/11 19:07:28.351, 1, 63 %, 4567 MiB, 32607 MiB
2026/09/11 19:07:28.351, 2, 76 %, 4569 MiB, 32607 MiB
2026/09/11 19:07:28.351, 3, 70 %, 4549 MiB, 32607 MiB
2026/09/11 19:07:33.352, 0, 73 %, 4547 MiB, 32607 MiB
2026/09/11 19:07:33.352, 1, 78 %, 4567 MiB, 32607 MiB
2026/09/11 19:07:33.353, 2, 74 %, 4569 MiB, 32607 MiB
2026/09/11 19:07:33.353, 3, 69 %, 4549 MiB, 32607 MiB
2026/09/11 19:07:38.353, 0, 72 %, 4547 MiB, 32607 MiB
2026/09/11 19:07:38.354, 1, 70 %, 4567 MiB, 32607 MiB
2026/09/11 19:07:38.354, 2, 76 %, 4569 MiB, 32607 MiB
2026/09/11 19:07:38.354, 3, 74 %, 4549 MiB, 32607 MiB
2026/09/11 19:07:43.355, 0, 79 %, 4547 MiB, 32607 MiB
2026/09/11 19:07:43.355, 1, 66 %, 4567 MiB, 32607 MiB
2026/09/11 19:07:43.355, 2, 66 %, 4569 MiB, 32607 MiB
2026/09/11 19:07:43.355, 3, 77 %, 4549 MiB, 32607 MiB
2026/09/11 19:07:48.356, 0, 66 %, 4547 MiB, 32607 MiB
2026/09/11 19:07:48.356, 1, 59 %, 4567 MiB, 32607 MiB
2026/09/11 19:07:48.356, 2, 61 %, 4569 MiB, 32607 MiB
2026/09/11 19:07:48.357, 3, 75 %, 4549 MiB, 32607 MiB
2026/09/11 19:07:53.357, 0, 74 %, 4547 MiB, 32607 MiB
2026/09/11 19:07:53.357, 1, 70 %, 4567 MiB, 32607 MiB
2026/09/11 19:07:53.358, 2, 74 %, 4569 MiB, 32607 MiB
2026/09/11 19:07:53.358, 3, 80 %, 4549 MiB, 32607 MiB
2026/09/11 19:07:58.358, 0, 76 %, 4547 MiB, 32607 MiB
2026/09/11 19:07:58.359, 1, 59 %, 4567 MiB, 32607 MiB
2026/09/11 19:07:58.359, 2, 71 %, 4569 MiB, 32607 MiB
2026/09/11 19:07:58.359, 3, 77 %, 4549 MiB, 32607 MiB
2026/09/11 19:08:03.360, 0, 76 %, 4547 MiB, 32607 MiB
2026/09/11 19:08:03.360, 1, 62 %, 4567 MiB, 32607 MiB
2026/09/11 19:08:03.360, 2, 71 %, 4569 MiB, 32607 MiB
2026/09/11 19:08:03.361, 3, 77 %, 4549 MiB, 32607 MiB
2026/09/11 19:08:08.361, 0, 74 %, 4547 MiB, 32607 MiB
2026/09/11 19:08:08.361, 1, 74 %, 4567 MiB, 32607 MiB
2026/09/11 19:08:08.362, 2, 63 %, 4569 MiB, 32607 MiB
2026/09/11 19:08:08.362, 3, 79 %, 4549 MiB, 32607 MiB
2026/09/11 19:08:13.362, 0, 70 %, 4547 MiB, 32607 MiB
2026/09/11 19:08:13.363, 1, 66 %, 4567 MiB, 32607 MiB
2026/09/11 19:08:13.363, 2, 69 %, 4569 MiB, 32607 MiB
2026/09/11 19:08:13.363, 3, 77 %, 4549 MiB, 32607 MiB
2026/09/11 19:08:18.363, 0, 80 %, 4547 MiB, 32607 MiB
2026/09/11 19:08:18.364, 1, 66 %, 4567 MiB, 32607 MiB
2026/09/11 19:08:18.364, 2, 56 %, 4569 MiB, 32607 MiB
2026/09/11 19:08:18.364, 3, 67 %, 4549 MiB, 32607 MiB
2026/09/11 19:08:23.365, 0, 73 %, 4547 MiB, 32607 MiB
2026/09/11 19:08:23.365, 1, 83 %, 4567 MiB, 32607 MiB
2026/09/11 19:08:23.365, 2, 68 %, 4569 MiB, 32607 MiB
2026/09/11 19:08:23.365, 3, 78 %, 4549 MiB, 32607 MiB
2026/09/11 19:08:28.366, 0, 80 %, 4547 MiB, 32607 MiB
2026/09/11 19:08:28.366, 1, 74 %, 4567 MiB, 32607 MiB
2026/09/11 19:08:28.366, 2, 85 %, 4569 MiB, 32607 MiB
2026/09/11 19:08:28.367, 3, 100 %, 4549 MiB, 32607 MiB
2026/09/11 19:08:33.367, 0, 84 %, 4547 MiB, 32607 MiB
2026/09/11 19:08:33.367, 1, 76 %, 4567 MiB, 32607 MiB
2026/09/11 19:08:33.368, 2, 79 %, 4569 MiB, 32607 MiB
2026/09/11 19:08:33.368, 3, 74 %, 4549 MiB, 32607 MiB
2026/09/11 19:08:38.368, 0, 55 %, 4547 MiB, 32607 MiB
2026/09/11 19:08:38.369, 1, 100 %, 4567 MiB, 32607 MiB
2026/09/11 19:08:38.369, 2, 100 %, 4569 MiB, 32607 MiB
2026/09/11 19:08:38.369, 3, 100 %, 4549 MiB, 32607 MiB
2026/09/11 19:08:43.370, 0, 0 %, 4547 MiB, 32607 MiB
2026/09/11 19:08:43.370, 1, 100 %, 4567 MiB, 32607 MiB
2026/09/11 19:08:43.370, 2, 100 %, 4569 MiB, 32607 MiB
2026/09/11 19:08:43.370, 3, 100 %, 4549 MiB, 32607 MiB
2026/09/11 19:08:48.371, 0, 69 %, 4547 MiB, 32607 MiB
2026/09/11 19:08:48.371, 1, 72 %, 4567 MiB, 32607 MiB
2026/09/11 19:08:48.371, 2, 77 %, 4569 MiB, 32607 MiB
2026/09/11 19:08:48.372, 3, 81 %, 4549 MiB, 32607 MiB
2026/09/11 19:08:53.372, 0, 77 %, 4547 MiB, 32607 MiB
2026/09/11 19:08:53.372, 1, 55 %, 4567 MiB, 32607 MiB
2026/09/11 19:08:53.373, 2, 78 %, 4569 MiB, 32607 MiB
2026/09/11 19:08:53.373, 3, 72 %, 4549 MiB, 32607 MiB
2026/09/11 19:08:58.373, 0, 73 %, 4547 MiB, 32607 MiB
2026/09/11 19:08:58.374, 1, 59 %, 4567 MiB, 32607 MiB
2026/09/11 19:08:58.374, 2, 75 %, 4569 MiB, 32607 MiB
2026/09/11 19:08:58.374, 3, 85 %, 4549 MiB, 32607 MiB
2026/09/11 19:09:03.374, 0, 66 %, 4547 MiB, 32607 MiB
2026/09/11 19:09:03.375, 1, 70 %, 4567 MiB, 32607 MiB
2026/09/11 19:09:03.375, 2, 68 %, 4569 MiB, 32607 MiB
2026/09/11 19:09:03.375, 3, 76 %, 4549 MiB, 32607 MiB
2026/09/11 19:09:08.376, 0, 72 %, 4547 MiB, 32607 MiB
2026/09/11 19:09:08.376, 1, 69 %, 4567 MiB, 32607 MiB
2026/09/11 19:09:08.376, 2, 69 %, 4569 MiB, 32607 MiB
2026/09/11 19:09:08.376, 3, 76 %, 4549 MiB, 32607 MiB
2026/09/11 19:09:13.377, 0, 73 %, 4547 MiB, 32607 MiB
2026/09/11 19:09:13.377, 1, 88 %, 4567 MiB, 32607 MiB
2026/09/11 19:09:13.377, 2, 65 %, 4569 MiB, 32607 MiB
2026/09/11 19:09:13.377, 3, 66 %, 4549 MiB, 32607 MiB
2026/09/11 19:09:18.378, 0, 80 %, 4547 MiB, 32607 MiB
2026/09/11 19:09:18.378, 1, 71 %, 4567 MiB, 32607 MiB
2026/09/11 19:09:18.378, 2, 75 %, 4569 MiB, 32607 MiB
2026/09/11 19:09:18.378, 3, 73 %, 4549 MiB, 32607 MiB
2026/09/11 19:09:23.379, 0, 77 %, 4547 MiB, 32607 MiB
2026/09/11 19:09:23.379, 1, 71 %, 4567 MiB, 32607 MiB
2026/09/11 19:09:23.380, 2, 67 %, 4569 MiB, 32607 MiB
2026/09/11 19:09:23.380, 3, 76 %, 4549 MiB, 32607 MiB
2026/09/11 19:09:28.380, 0, 74 %, 4547 MiB, 32607 MiB
2026/09/11 19:09:28.381, 1, 68 %, 4567 MiB, 32607 MiB
2026/09/11 19:09:28.381, 2, 62 %, 4569 MiB, 32607 MiB
2026/09/11 19:09:28.381, 3, 72 %, 4549 MiB, 32607 MiB
2026/09/11 19:09:33.382, 0, 62 %, 4547 MiB, 32607 MiB
2026/09/11 19:09:33.382, 1, 68 %, 4567 MiB, 32607 MiB
2026/09/11 19:09:33.382, 2, 79 %, 4569 MiB, 32607 MiB
2026/09/11 19:09:33.382, 3, 76 %, 4549 MiB, 32607 MiB
2026/09/11 19:09:38.383, 0, 75 %, 4547 MiB, 32607 MiB
2026/09/11 19:09:38.383, 1, 73 %, 4567 MiB, 32607 MiB
2026/09/11 19:09:38.383, 2, 80 %, 4569 MiB, 32607 MiB
2026/09/11 19:09:38.384, 3, 78 %, 4549 MiB, 32607 MiB
2026/09/11 19:09:43.384, 0, 77 %, 4547 MiB, 32607 MiB
2026/09/11 19:09:43.385, 1, 74 %, 4567 MiB, 32607 MiB
2026/09/11 19:09:43.385, 2, 68 %, 4569 MiB, 32607 MiB
2026/09/11 19:09:43.385, 3, 74 %, 4549 MiB, 32607 MiB
2026/09/11 19:09:48.385, 0, 75 %, 4547 MiB, 32607 MiB
2026/09/11 19:09:48.386, 1, 73 %, 4567 MiB, 32607 MiB
2026/09/11 19:09:48.386, 2, 74 %, 4569 MiB, 32607 MiB
2026/09/11 19:09:48.386, 3, 76 %, 4549 MiB, 32607 MiB
2026/09/11 19:09:53.387, 0, 78 %, 4547 MiB, 32607 MiB
2026/09/11 19:09:53.387, 1, 64 %, 4567 MiB, 32607 MiB
2026/09/11 19:09:53.387, 2, 70 %, 4569 MiB, 32607 MiB
2026/09/11 19:09:53.387, 3, 65 %, 4549 MiB, 32607 MiB
2026/09/11 19:09:58.388, 0, 61 %, 4547 MiB, 32607 MiB
2026/09/11 19:09:58.388, 1, 67 %, 4567 MiB, 32607 MiB
2026/09/11 19:09:58.389, 2, 77 %, 4569 MiB, 32607 MiB
2026/09/11 19:09:58.389, 3, 66 %, 4549 MiB, 32607 MiB
2026/09/11 19:10:03.389, 0, 75 %, 4547 MiB, 32607 MiB
2026/09/11 19:10:03.390, 1, 74 %, 4567 MiB, 32607 MiB
2026/09/11 19:10:03.390, 2, 73 %, 4569 MiB, 32607 MiB
2026/09/11 19:10:03.390, 3, 78 %, 4549 MiB, 32607 MiB
2026/09/11 19:10:08.391, 0, 74 %, 4547 MiB, 32607 MiB
2026/09/11 19:10:08.391, 1, 79 %, 4567 MiB, 32607 MiB
2026/09/11 19:10:08.391, 2, 69 %, 4569 MiB, 32607 MiB
2026/09/11 19:10:08.391, 3, 76 %, 4549 MiB, 32607 MiB
2026/09/11 19:10:13.392, 0, 60 %, 4547 MiB, 32607 MiB
2026/09/11 19:10:13.392, 1, 61 %, 4567 MiB, 32607 MiB
2026/09/11 19:10:13.392, 2, 66 %, 4569 MiB, 32607 MiB
2026/09/11 19:10:13.393, 3, 69 %, 4549 MiB, 32607 MiB
2026/09/11 19:10:18.393, 0, 68 %, 4547 MiB, 32607 MiB
2026/09/11 19:10:18.393, 1, 72 %, 4567 MiB, 32607 MiB
2026/09/11 19:10:18.394, 2, 68 %, 4569 MiB, 32607 MiB
2026/09/11 19:10:18.394, 3, 70 %, 4549 MiB, 32607 MiB
2026/09/11 19:10:23.394, 0, 76 %, 4547 MiB, 32607 MiB
2026/09/11 19:10:23.395, 1, 81 %, 4567 MiB, 32607 MiB
2026/09/11 19:10:23.395, 2, 73 %, 4569 MiB, 32607 MiB
2026/09/11 19:10:23.395, 3, 79 %, 4549 MiB, 32607 MiB
2026/09/11 19:10:28.396, 0, 65 %, 4547 MiB, 32607 MiB
2026/09/11 19:10:28.396, 1, 74 %, 4567 MiB, 32607 MiB
2026/09/11 19:10:28.396, 2, 70 %, 4569 MiB, 32607 MiB
2026/09/11 19:10:28.396, 3, 57 %, 4549 MiB, 32607 MiB
2026/09/11 19:10:33.397, 0, 0 %, 4547 MiB, 32607 MiB
2026/09/11 19:10:33.397, 1, 100 %, 4567 MiB, 32607 MiB
2026/09/11 19:10:33.397, 2, 98 %, 4569 MiB, 32607 MiB
2026/09/11 19:10:33.398, 3, 88 %, 4549 MiB, 32607 MiB
2026/09/11 19:10:38.398, 0, 76 %, 4547 MiB, 32607 MiB
2026/09/11 19:10:38.398, 1, 70 %, 4567 MiB, 32607 MiB
2026/09/11 19:10:38.399, 2, 68 %, 4569 MiB, 32607 MiB
2026/09/11 19:10:38.399, 3, 72 %, 4549 MiB, 32607 MiB
2026/09/11 19:10:43.399, 0, 72 %, 4547 MiB, 32607 MiB
2026/09/11 19:10:43.400, 1, 73 %, 4567 MiB, 32607 MiB
2026/09/11 19:10:43.400, 2, 74 %, 4569 MiB, 32607 MiB
2026/09/11 19:10:43.400, 3, 80 %, 4549 MiB, 32607 MiB
2026/09/11 19:10:48.401, 0, 68 %, 4547 MiB, 32607 MiB
2026/09/11 19:10:48.401, 1, 75 %, 4567 MiB, 32607 MiB
2026/09/11 19:10:48.401, 2, 62 %, 4569 MiB, 32607 MiB
2026/09/11 19:10:48.401, 3, 73 %, 4549 MiB, 32607 MiB
2026/09/11 19:10:53.402, 0, 72 %, 4547 MiB, 32607 MiB
2026/09/11 19:10:53.402, 1, 75 %, 4567 MiB, 32607 MiB
2026/09/11 19:10:53.402, 2, 74 %, 4569 MiB, 32607 MiB
2026/09/11 19:10:53.402, 3, 68 %, 4549 MiB, 32607 MiB
2026/09/11 19:10:58.403, 0, 80 %, 4547 MiB, 32607 MiB
2026/09/11 19:10:58.403, 1, 84 %, 4567 MiB, 32607 MiB
2026/09/11 19:10:58.403, 2, 77 %, 4569 MiB, 32607 MiB
2026/09/11 19:10:58.404, 3, 81 %, 4549 MiB, 32607 MiB
2026/09/11 19:11:03.404, 0, 80 %, 4547 MiB, 32607 MiB
2026/09/11 19:11:03.404, 1, 72 %, 4567 MiB, 32607 MiB
2026/09/11 19:11:03.405, 2, 72 %, 4569 MiB, 32607 MiB
2026/09/11 19:11:03.405, 3, 75 %, 4549 MiB, 32607 MiB
2026/09/11 19:11:08.405, 0, 74 %, 4547 MiB, 32607 MiB
2026/09/11 19:11:08.406, 1, 77 %, 4567 MiB, 32607 MiB
2026/09/11 19:11:08.406, 2, 60 %, 4569 MiB, 32607 MiB
2026/09/11 19:11:08.406, 3, 79 %, 4549 MiB, 32607 MiB
2026/09/11 19:11:13.407, 0, 71 %, 4547 MiB, 32607 MiB
2026/09/11 19:11:13.407, 1, 76 %, 4567 MiB, 32607 MiB
2026/09/11 19:11:13.407, 2, 73 %, 4569 MiB, 32607 MiB
2026/09/11 19:11:13.407, 3, 81 %, 4549 MiB, 32607 MiB
2026/09/11 19:11:18.408, 0, 77 %, 4547 MiB, 32607 MiB
2026/09/11 19:11:18.408, 1, 72 %, 4567 MiB, 32607 MiB
2026/09/11 19:11:18.408, 2, 74 %, 4569 MiB, 32607 MiB
2026/09/11 19:11:18.408, 3, 73 %, 4549 MiB, 32607 MiB
2026/09/11 19:11:23.409, 0, 72 %, 4547 MiB, 32607 MiB
2026/09/11 19:11:23.409, 1, 77 %, 4567 MiB, 32607 MiB
2026/09/11 19:11:23.409, 2, 74 %, 4569 MiB, 32607 MiB
2026/09/11 19:11:23.410, 3, 81 %, 4549 MiB, 32607 MiB
2026/09/11 19:11:28.410, 0, 74 %, 4547 MiB, 32607 MiB
2026/09/11 19:11:28.410, 1, 72 %, 4567 MiB, 32607 MiB
2026/09/11 19:11:28.411, 2, 66 %, 4569 MiB, 32607 MiB
2026/09/11 19:11:28.411, 3, 60 %, 4549 MiB, 32607 MiB
2026/09/11 19:11:33.411, 0, 71 %, 4547 MiB, 32607 MiB
2026/09/11 19:11:33.412, 1, 81 %, 4567 MiB, 32607 MiB
2026/09/11 19:11:33.412, 2, 73 %, 4569 MiB, 32607 MiB
2026/09/11 19:11:33.412, 3, 78 %, 4549 MiB, 32607 MiB
2026/09/11 19:11:38.413, 0, 73 %, 4547 MiB, 32607 MiB
2026/09/11 19:11:38.413, 1, 70 %, 4567 MiB, 32607 MiB
2026/09/11 19:11:38.413, 2, 81 %, 4569 MiB, 32607 MiB
2026/09/11 19:11:38.413, 3, 79 %, 4549 MiB, 32607 MiB
2026/09/11 19:11:43.414, 0, 48 %, 4547 MiB, 32607 MiB
2026/09/11 19:11:43.414, 1, 70 %, 4567 MiB, 32607 MiB
2026/09/11 19:11:43.414, 2, 69 %, 4569 MiB, 32607 MiB
2026/09/11 19:11:43.415, 3, 77 %, 4549 MiB, 32607 MiB
2026/09/11 19:11:48.415, 0, 55 %, 4547 MiB, 32607 MiB
2026/09/11 19:11:48.415, 1, 100 %, 4567 MiB, 32607 MiB
2026/09/11 19:11:48.416, 2, 100 %, 4569 MiB, 32607 MiB
2026/09/11 19:11:48.416, 3, 100 %, 4549 MiB, 32607 MiB
2026/09/11 19:11:53.416, 0, 73 %, 4547 MiB, 32607 MiB
2026/09/11 19:11:53.417, 1, 68 %, 4567 MiB, 32607 MiB
2026/09/11 19:11:53.417, 2, 71 %, 4569 MiB, 32607 MiB
2026/09/11 19:11:53.417, 3, 69 %, 4549 MiB, 32607 MiB
2026/09/11 19:11:58.418, 0, 74 %, 4547 MiB, 32607 MiB
2026/09/11 19:11:58.418, 1, 77 %, 4567 MiB, 32607 MiB
2026/09/11 19:11:58.418, 2, 68 %, 4569 MiB, 32607 MiB
2026/09/11 19:11:58.418, 3, 74 %, 4549 MiB, 32607 MiB
2026/09/11 19:12:03.419, 0, 77 %, 4547 MiB, 32607 MiB
2026/09/11 19:12:03.419, 1, 62 %, 4567 MiB, 32607 MiB
2026/09/11 19:12:03.419, 2, 57 %, 4569 MiB, 32607 MiB
2026/09/11 19:12:03.419, 3, 55 %, 4549 MiB, 32607 MiB
2026/09/11 19:12:08.420, 0, 70 %, 4547 MiB, 32607 MiB
2026/09/11 19:12:08.420, 1, 77 %, 4567 MiB, 32607 MiB
2026/09/11 19:12:08.421, 2, 74 %, 4569 MiB, 32607 MiB
2026/09/11 19:12:08.421, 3, 70 %, 4549 MiB, 32607 MiB
2026/09/11 19:12:13.421, 0, 68 %, 4547 MiB, 32607 MiB
2026/09/11 19:12:13.422, 1, 71 %, 4567 MiB, 32607 MiB
2026/09/11 19:12:13.422, 2, 77 %, 4569 MiB, 32607 MiB
2026/09/11 19:12:13.422, 3, 74 %, 4549 MiB, 32607 MiB
2026/09/11 19:12:18.423, 0, 77 %, 4547 MiB, 32607 MiB
2026/09/11 19:12:18.423, 1, 64 %, 4567 MiB, 32607 MiB
2026/09/11 19:12:18.423, 2, 57 %, 4569 MiB, 32607 MiB
2026/09/11 19:12:18.423, 3, 72 %, 4549 MiB, 32607 MiB
2026/09/11 19:12:23.424, 0, 71 %, 4547 MiB, 32607 MiB
2026/09/11 19:12:23.424, 1, 75 %, 4567 MiB, 32607 MiB
2026/09/11 19:12:23.424, 2, 59 %, 4569 MiB, 32607 MiB
2026/09/11 19:12:23.425, 3, 81 %, 4549 MiB, 32607 MiB
2026/09/11 19:12:28.425, 0, 65 %, 4547 MiB, 32607 MiB
2026/09/11 19:12:28.426, 1, 71 %, 4567 MiB, 32607 MiB
2026/09/11 19:12:28.427, 2, 66 %, 4569 MiB, 32607 MiB
2026/09/11 19:12:28.427, 3, 67 %, 4549 MiB, 32607 MiB
2026/09/11 19:12:33.428, 0, 77 %, 4547 MiB, 32607 MiB
2026/09/11 19:12:33.428, 1, 73 %, 4567 MiB, 32607 MiB
2026/09/11 19:12:33.428, 2, 61 %, 4569 MiB, 32607 MiB
2026/09/11 19:12:33.429, 3, 74 %, 4549 MiB, 32607 MiB
2026/09/11 19:12:38.429, 0, 73 %, 4547 MiB, 32607 MiB
2026/09/11 19:12:38.429, 1, 67 %, 4567 MiB, 32607 MiB
2026/09/11 19:12:38.429, 2, 73 %, 4569 MiB, 32607 MiB
2026/09/11 19:12:38.430, 3, 72 %, 4549 MiB, 32607 MiB
2026/09/11 19:12:43.430, 0, 73 %, 4547 MiB, 32607 MiB
2026/09/11 19:12:43.430, 1, 70 %, 4567 MiB, 32607 MiB
2026/09/11 19:12:43.431, 2, 63 %, 4569 MiB, 32607 MiB
2026/09/11 19:12:43.431, 3, 73 %, 4549 MiB, 32607 MiB
2026/09/11 19:12:48.431, 0, 62 %, 4547 MiB, 32607 MiB
2026/09/11 19:12:48.432, 1, 81 %, 4567 MiB, 32607 MiB
2026/09/11 19:12:48.432, 2, 60 %, 4569 MiB, 32607 MiB
2026/09/11 19:12:48.432, 3, 81 %, 4549 MiB, 32607 MiB
2026/09/11 19:12:53.433, 0, 54 %, 4547 MiB, 32607 MiB
2026/09/11 19:12:53.433, 1, 74 %, 4567 MiB, 32607 MiB
2026/09/11 19:12:53.433, 2, 69 %, 4569 MiB, 32607 MiB
2026/09/11 19:12:53.433, 3, 70 %, 4549 MiB, 32607 MiB
2026/09/11 19:12:58.434, 0, 67 %, 4547 MiB, 32607 MiB
2026/09/11 19:12:58.434, 1, 68 %, 4567 MiB, 32607 MiB
2026/09/11 19:12:58.434, 2, 66 %, 4569 MiB, 32607 MiB
2026/09/11 19:12:58.435, 3, 76 %, 4549 MiB, 32607 MiB
2026/09/11 19:13:03.435, 0, 69 %, 4547 MiB, 32607 MiB
2026/09/11 19:13:03.435, 1, 73 %, 4567 MiB, 32607 MiB
2026/09/11 19:13:03.436, 2, 73 %, 4569 MiB, 32607 MiB
2026/09/11 19:13:03.436, 3, 75 %, 4549 MiB, 32607 MiB
2026/09/11 19:13:08.436, 0, 64 %, 4547 MiB, 32607 MiB
2026/09/11 19:13:08.437, 1, 68 %, 4567 MiB, 32607 MiB
2026/09/11 19:13:08.437, 2, 78 %, 4569 MiB, 32607 MiB
2026/09/11 19:13:08.437, 3, 73 %, 4549 MiB, 32607 MiB
2026/09/11 19:13:13.437, 0, 83 %, 4547 MiB, 32607 MiB
2026/09/11 19:13:13.438, 1, 49 %, 4567 MiB, 32607 MiB
2026/09/11 19:13:13.438, 2, 81 %, 4569 MiB, 32607 MiB
2026/09/11 19:13:13.438, 3, 83 %, 4549 MiB, 32607 MiB
2026/09/11 19:13:18.439, 0, 78 %, 4547 MiB, 32607 MiB
2026/09/11 19:13:18.439, 1, 66 %, 4567 MiB, 32607 MiB
2026/09/11 19:13:18.439, 2, 82 %, 4569 MiB, 32607 MiB
2026/09/11 19:13:18.440, 3, 84 %, 4549 MiB, 32607 MiB
2026/09/11 19:13:23.440, 0, 74 %, 4547 MiB, 32607 MiB
2026/09/11 19:13:23.440, 1, 60 %, 4567 MiB, 32607 MiB
2026/09/11 19:13:23.441, 2, 52 %, 4569 MiB, 32607 MiB
2026/09/11 19:13:23.441, 3, 77 %, 4549 MiB, 32607 MiB
2026/09/11 19:13:28.441, 0, 59 %, 4547 MiB, 32607 MiB
2026/09/11 19:13:28.442, 1, 73 %, 4567 MiB, 32607 MiB
2026/09/11 19:13:28.442, 2, 65 %, 4569 MiB, 32607 MiB
2026/09/11 19:13:28.442, 3, 79 %, 4549 MiB, 32607 MiB
2026/09/11 19:13:33.443, 0, 74 %, 4547 MiB, 32607 MiB
2026/09/11 19:13:33.443, 1, 70 %, 4567 MiB, 32607 MiB
2026/09/11 19:13:33.443, 2, 72 %, 4569 MiB, 32607 MiB
2026/09/11 19:13:33.445, 3, 74 %, 4549 MiB, 32607 MiB
2026/09/11 19:13:38.446, 0, 81 %, 4547 MiB, 32607 MiB
2026/09/11 19:13:38.446, 1, 65 %, 4567 MiB, 32607 MiB
2026/09/11 19:13:38.446, 2, 79 %, 4569 MiB, 32607 MiB
2026/09/11 19:13:38.446, 3, 81 %, 4549 MiB, 32607 MiB
2026/09/11 19:13:43.447, 0, 69 %, 4547 MiB, 32607 MiB
2026/09/11 19:13:43.447, 1, 70 %, 4567 MiB, 32607 MiB
2026/09/11 19:13:43.447, 2, 73 %, 4569 MiB, 32607 MiB
2026/09/11 19:13:43.448, 3, 79 %, 4549 MiB, 32607 MiB
2026/09/11 19:13:48.448, 0, 81 %, 4547 MiB, 32607 MiB
2026/09/11 19:13:48.449, 1, 63 %, 4567 MiB, 32607 MiB
2026/09/11 19:13:48.449, 2, 72 %, 4569 MiB, 32607 MiB
2026/09/11 19:13:48.449, 3, 81 %, 4549 MiB, 32607 MiB
2026/09/11 19:13:53.450, 0, 81 %, 4547 MiB, 32607 MiB
2026/09/11 19:13:53.450, 1, 71 %, 4567 MiB, 32607 MiB
2026/09/11 19:13:53.450, 2, 72 %, 4569 MiB, 32607 MiB
2026/09/11 19:13:53.450, 3, 84 %, 4549 MiB, 32607 MiB
2026/09/11 19:13:58.451, 0, 75 %, 4547 MiB, 32607 MiB
2026/09/11 19:13:58.451, 1, 69 %, 4567 MiB, 32607 MiB
2026/09/11 19:13:58.451, 2, 59 %, 4569 MiB, 32607 MiB
2026/09/11 19:13:58.451, 3, 71 %, 4549 MiB, 32607 MiB
2026/09/11 19:14:03.452, 0, 75 %, 4547 MiB, 32607 MiB
2026/09/11 19:14:03.452, 1, 66 %, 4567 MiB, 32607 MiB
2026/09/11 19:14:03.453, 2, 69 %, 4569 MiB, 32607 MiB
2026/09/11 19:14:03.453, 3, 78 %, 4549 MiB, 32607 MiB
2026/09/11 19:14:08.453, 0, 80 %, 4547 MiB, 32607 MiB
2026/09/11 19:14:08.454, 1, 77 %, 4567 MiB, 32607 MiB
2026/09/11 19:14:08.454, 2, 78 %, 4569 MiB, 32607 MiB
2026/09/11 19:14:08.454, 3, 72 %, 4549 MiB, 32607 MiB
2026/09/11 19:14:13.454, 0, 73 %, 4547 MiB, 32607 MiB
2026/09/11 19:14:13.455, 1, 77 %, 4567 MiB, 32607 MiB
2026/09/11 19:14:13.455, 2, 65 %, 4569 MiB, 32607 MiB
2026/09/11 19:14:13.455, 3, 74 %, 4549 MiB, 32607 MiB
2026/09/11 19:14:18.456, 0, 0 %, 4547 MiB, 32607 MiB
2026/09/11 19:14:18.456, 1, 100 %, 4567 MiB, 32607 MiB
2026/09/11 19:14:18.456, 2, 81 %, 4569 MiB, 32607 MiB
2026/09/11 19:14:18.456, 3, 77 %, 4549 MiB, 32607 MiB
2026/09/11 19:14:23.457, 0, 77 %, 4547 MiB, 32607 MiB
2026/09/11 19:14:23.457, 1, 79 %, 4567 MiB, 32607 MiB
2026/09/11 19:14:23.457, 2, 49 %, 4569 MiB, 32607 MiB
2026/09/11 19:14:23.457, 3, 77 %, 4549 MiB, 32607 MiB
2026/09/11 19:14:28.458, 0, 72 %, 4547 MiB, 32607 MiB
2026/09/11 19:14:28.458, 1, 72 %, 4567 MiB, 32607 MiB
2026/09/11 19:14:28.458, 2, 66 %, 4569 MiB, 32607 MiB
2026/09/11 19:14:28.459, 3, 77 %, 4549 MiB, 32607 MiB
2026/09/11 19:14:33.459, 0, 73 %, 4547 MiB, 32607 MiB
2026/09/11 19:14:33.459, 1, 75 %, 4567 MiB, 32607 MiB
2026/09/11 19:14:33.460, 2, 75 %, 4569 MiB, 32607 MiB
2026/09/11 19:14:33.460, 3, 75 %, 4549 MiB, 32607 MiB
2026/09/11 19:14:38.460, 0, 63 %, 4547 MiB, 32607 MiB
2026/09/11 19:14:38.461, 1, 66 %, 4567 MiB, 32607 MiB
2026/09/11 19:14:38.461, 2, 72 %, 4569 MiB, 32607 MiB
2026/09/11 19:14:38.461, 3, 81 %, 4549 MiB, 32607 MiB
2026/09/11 19:14:43.461, 0, 75 %, 4547 MiB, 32607 MiB
2026/09/11 19:14:43.462, 1, 75 %, 4567 MiB, 32607 MiB
2026/09/11 19:14:43.462, 2, 76 %, 4569 MiB, 32607 MiB
2026/09/11 19:14:43.462, 3, 69 %, 4549 MiB, 32607 MiB
2026/09/11 19:14:48.463, 0, 52 %, 4547 MiB, 32607 MiB
2026/09/11 19:14:48.463, 1, 65 %, 4567 MiB, 32607 MiB
2026/09/11 19:14:48.463, 2, 72 %, 4569 MiB, 32607 MiB
2026/09/11 19:14:48.463, 3, 77 %, 4549 MiB, 32607 MiB
2026/09/11 19:14:53.464, 0, 77 %, 4547 MiB, 32607 MiB
2026/09/11 19:14:53.464, 1, 76 %, 4567 MiB, 32607 MiB
2026/09/11 19:14:53.464, 2, 71 %, 4569 MiB, 32607 MiB
2026/09/11 19:14:53.464, 3, 77 %, 4549 MiB, 32607 MiB
2026/09/11 19:14:58.465, 0, 66 %, 4547 MiB, 32607 MiB
2026/09/11 19:14:58.465, 1, 100 %, 4567 MiB, 32607 MiB
2026/09/11 19:14:58.466, 2, 100 %, 4569 MiB, 32607 MiB
2026/09/11 19:14:58.468, 3, 100 %, 4549 MiB, 32607 MiB
2026/09/11 19:15:03.468, 0, 0 %, 4547 MiB, 32607 MiB
2026/09/11 19:15:03.469, 1, 100 %, 4567 MiB, 32607 MiB
2026/09/11 19:15:03.469, 2, 100 %, 4569 MiB, 32607 MiB
2026/09/11 19:15:03.469, 3, 100 %, 4549 MiB, 32607 MiB
2026/09/11 19:15:08.469, 0, 71 %, 4547 MiB, 32607 MiB
2026/09/11 19:15:08.470, 1, 69 %, 4567 MiB, 32607 MiB
2026/09/11 19:15:08.470, 2, 72 %, 4569 MiB, 32607 MiB
2026/09/11 19:15:08.470, 3, 66 %, 4549 MiB, 32607 MiB
2026/09/11 19:15:13.471, 0, 81 %, 4547 MiB, 32607 MiB
2026/09/11 19:15:13.471, 1, 80 %, 4567 MiB, 32607 MiB
2026/09/11 19:15:13.471, 2, 66 %, 4569 MiB, 32607 MiB
2026/09/11 19:15:13.471, 3, 77 %, 4549 MiB, 32607 MiB
2026/09/11 19:15:18.472, 0, 72 %, 4547 MiB, 32607 MiB
2026/09/11 19:15:18.472, 1, 65 %, 4567 MiB, 32607 MiB
2026/09/11 19:15:18.472, 2, 75 %, 4569 MiB, 32607 MiB
2026/09/11 19:15:18.473, 3, 78 %, 4549 MiB, 32607 MiB
2026/09/11 19:15:23.473, 0, 77 %, 4547 MiB, 32607 MiB
2026/09/11 19:15:23.473, 1, 71 %, 4567 MiB, 32607 MiB
2026/09/11 19:15:23.474, 2, 64 %, 4569 MiB, 32607 MiB
2026/09/11 19:15:23.474, 3, 69 %, 4549 MiB, 32607 MiB
2026/09/11 19:15:28.474, 0, 77 %, 4547 MiB, 32607 MiB
2026/09/11 19:15:28.475, 1, 65 %, 4567 MiB, 32607 MiB
2026/09/11 19:15:28.475, 2, 70 %, 4569 MiB, 32607 MiB
2026/09/11 19:15:28.475, 3, 80 %, 4549 MiB, 32607 MiB
2026/09/11 19:15:33.476, 0, 59 %, 4547 MiB, 32607 MiB
2026/09/11 19:15:33.476, 1, 78 %, 4567 MiB, 32607 MiB
2026/09/11 19:15:33.476, 2, 58 %, 4569 MiB, 32607 MiB
2026/09/11 19:15:33.476, 3, 80 %, 4549 MiB, 32607 MiB
2026/09/11 19:15:38.477, 0, 58 %, 4547 MiB, 32607 MiB
2026/09/11 19:15:38.477, 1, 74 %, 4567 MiB, 32607 MiB
2026/09/11 19:15:38.477, 2, 59 %, 4569 MiB, 32607 MiB
2026/09/11 19:15:38.477, 3, 77 %, 4549 MiB, 32607 MiB
2026/09/11 19:15:43.478, 0, 76 %, 4547 MiB, 32607 MiB
2026/09/11 19:15:43.478, 1, 71 %, 4567 MiB, 32607 MiB
2026/09/11 19:15:43.479, 2, 67 %, 4569 MiB, 32607 MiB
2026/09/11 19:15:43.479, 3, 80 %, 4549 MiB, 32607 MiB
2026/09/11 19:15:48.479, 0, 71 %, 4547 MiB, 32607 MiB
2026/09/11 19:15:48.480, 1, 78 %, 4567 MiB, 32607 MiB
2026/09/11 19:15:48.480, 2, 69 %, 4569 MiB, 32607 MiB
2026/09/11 19:15:48.480, 3, 73 %, 4549 MiB, 32607 MiB
2026/09/11 19:15:53.481, 0, 66 %, 4547 MiB, 32607 MiB
2026/09/11 19:15:53.481, 1, 72 %, 4567 MiB, 32607 MiB
2026/09/11 19:15:53.481, 2, 73 %, 4569 MiB, 32607 MiB
2026/09/11 19:15:53.481, 3, 64 %, 4549 MiB, 32607 MiB
2026/09/11 19:15:58.482, 0, 78 %, 4547 MiB, 32607 MiB
2026/09/11 19:15:58.482, 1, 68 %, 4567 MiB, 32607 MiB
2026/09/11 19:15:58.483, 2, 70 %, 4569 MiB, 32607 MiB
2026/09/11 19:15:58.483, 3, 75 %, 4549 MiB, 32607 MiB
2026/09/11 19:16:03.483, 0, 68 %, 4547 MiB, 32607 MiB
2026/09/11 19:16:03.484, 1, 74 %, 4567 MiB, 32607 MiB
2026/09/11 19:16:03.484, 2, 50 %, 4569 MiB, 32607 MiB
2026/09/11 19:16:03.484, 3, 72 %, 4549 MiB, 32607 MiB
2026/09/11 19:16:08.484, 0, 76 %, 4547 MiB, 32607 MiB
2026/09/11 19:16:08.485, 1, 75 %, 4567 MiB, 32607 MiB
2026/09/11 19:16:08.485, 2, 63 %, 4569 MiB, 32607 MiB
2026/09/11 19:16:08.485, 3, 80 %, 4549 MiB, 32607 MiB
2026/09/11 19:16:13.486, 0, 77 %, 4547 MiB, 32607 MiB
2026/09/11 19:16:13.502, 1, 78 %, 4567 MiB, 32607 MiB
2026/09/11 19:16:13.504, 2, 67 %, 4569 MiB, 32607 MiB
2026/09/11 19:16:13.505, 3, 71 %, 4549 MiB, 32607 MiB
2026/09/11 19:16:18.505, 0, 75 %, 4547 MiB, 32607 MiB
2026/09/11 19:16:18.506, 1, 81 %, 4567 MiB, 32607 MiB
2026/09/11 19:16:18.506, 2, 73 %, 4569 MiB, 32607 MiB
2026/09/11 19:16:18.506, 3, 82 %, 4549 MiB, 32607 MiB
2026/09/11 19:16:23.506, 0, 71 %, 4547 MiB, 32607 MiB
2026/09/11 19:16:23.507, 1, 76 %, 4567 MiB, 32607 MiB
2026/09/11 19:16:23.507, 2, 73 %, 4569 MiB, 32607 MiB
2026/09/11 19:16:23.507, 3, 84 %, 4549 MiB, 32607 MiB
2026/09/11 19:16:28.508, 0, 78 %, 4547 MiB, 32607 MiB
2026/09/11 19:16:28.508, 1, 69 %, 4567 MiB, 32607 MiB
2026/09/11 19:16:28.508, 2, 73 %, 4569 MiB, 32607 MiB
2026/09/11 19:16:28.509, 3, 66 %, 4549 MiB, 32607 MiB
2026/09/11 19:16:33.509, 0, 78 %, 4547 MiB, 32607 MiB
2026/09/11 19:16:33.509, 1, 69 %, 4567 MiB, 32607 MiB
2026/09/11 19:16:33.510, 2, 80 %, 4569 MiB, 32607 MiB
2026/09/11 19:16:33.510, 3, 84 %, 4549 MiB, 32607 MiB
2026/09/11 19:16:38.510, 0, 73 %, 4547 MiB, 32607 MiB
2026/09/11 19:16:38.511, 1, 74 %, 4567 MiB, 32607 MiB
2026/09/11 19:16:38.511, 2, 65 %, 4569 MiB, 32607 MiB
2026/09/11 19:16:38.511, 3, 72 %, 4549 MiB, 32607 MiB
2026/09/11 19:16:43.512, 0, 82 %, 4547 MiB, 32607 MiB
2026/09/11 19:16:43.512, 1, 72 %, 4567 MiB, 32607 MiB
2026/09/11 19:16:43.512, 2, 78 %, 4569 MiB, 32607 MiB
2026/09/11 19:16:43.512, 3, 77 %, 4549 MiB, 32607 MiB
2026/09/11 19:16:48.513, 0, 64 %, 4547 MiB, 32607 MiB
2026/09/11 19:16:48.513, 1, 72 %, 4567 MiB, 32607 MiB
2026/09/11 19:16:48.514, 2, 77 %, 4569 MiB, 32607 MiB
2026/09/11 19:16:48.514, 3, 71 %, 4549 MiB, 32607 MiB
2026/09/11 19:16:53.514, 0, 71 %, 4547 MiB, 32607 MiB
2026/09/11 19:16:53.515, 1, 57 %, 4567 MiB, 32607 MiB
2026/09/11 19:16:53.515, 2, 69 %, 4569 MiB, 32607 MiB
2026/09/11 19:16:53.515, 3, 58 %, 4549 MiB, 32607 MiB
2026/09/11 19:16:58.516, 0, 75 %, 4547 MiB, 32607 MiB
2026/09/11 19:16:58.516, 1, 81 %, 4567 MiB, 32607 MiB
2026/09/11 19:16:58.516, 2, 67 %, 4569 MiB, 32607 MiB
2026/09/11 19:16:58.516, 3, 72 %, 4549 MiB, 32607 MiB
2026/09/11 19:17:03.517, 0, 61 %, 4547 MiB, 32607 MiB
2026/09/11 19:17:03.517, 1, 70 %, 4567 MiB, 32607 MiB
2026/09/11 19:17:03.517, 2, 66 %, 4569 MiB, 32607 MiB
2026/09/11 19:17:03.518, 3, 69 %, 4549 MiB, 32607 MiB
2026/09/11 19:17:08.518, 0, 83 %, 4547 MiB, 32607 MiB
2026/09/11 19:17:08.519, 1, 65 %, 4567 MiB, 32607 MiB
2026/09/11 19:17:08.519, 2, 68 %, 4569 MiB, 32607 MiB
2026/09/11 19:17:08.519, 3, 77 %, 4549 MiB, 32607 MiB
2026/09/11 19:17:13.519, 0, 72 %, 4547 MiB, 32607 MiB
2026/09/11 19:17:13.520, 1, 71 %, 4567 MiB, 32607 MiB
2026/09/11 19:17:13.520, 2, 81 %, 4569 MiB, 32607 MiB
2026/09/11 19:17:13.520, 3, 82 %, 4549 MiB, 32607 MiB
2026/09/11 19:17:18.521, 0, 75 %, 4547 MiB, 32607 MiB
2026/09/11 19:17:18.521, 1, 73 %, 4567 MiB, 32607 MiB
2026/09/11 19:17:18.521, 2, 70 %, 4569 MiB, 32607 MiB
2026/09/11 19:17:18.521, 3, 72 %, 4549 MiB, 32607 MiB
2026/09/11 19:17:23.522, 0, 62 %, 4547 MiB, 32607 MiB
2026/09/11 19:17:23.522, 1, 67 %, 4567 MiB, 32607 MiB
2026/09/11 19:17:23.522, 2, 78 %, 4569 MiB, 32607 MiB
2026/09/11 19:17:23.523, 3, 69 %, 4549 MiB, 32607 MiB
2026/09/11 19:17:28.523, 0, 72 %, 4547 MiB, 32607 MiB
2026/09/11 19:17:28.523, 1, 64 %, 4567 MiB, 32607 MiB
2026/09/11 19:17:28.524, 2, 63 %, 4569 MiB, 32607 MiB
2026/09/11 19:17:28.524, 3, 67 %, 4549 MiB, 32607 MiB
2026/09/11 19:17:33.524, 0, 77 %, 4547 MiB, 32607 MiB
2026/09/11 19:17:33.525, 1, 76 %, 4567 MiB, 32607 MiB
2026/09/11 19:17:33.525, 2, 56 %, 4569 MiB, 32607 MiB
2026/09/11 19:17:33.525, 3, 82 %, 4549 MiB, 32607 MiB
2026/09/11 19:17:38.526, 0, 73 %, 4547 MiB, 32607 MiB
2026/09/11 19:17:38.526, 1, 69 %, 4567 MiB, 32607 MiB
2026/09/11 19:17:38.526, 2, 82 %, 4569 MiB, 32607 MiB
2026/09/11 19:17:38.526, 3, 77 %, 4549 MiB, 32607 MiB
2026/09/11 19:17:43.527, 0, 82 %, 4547 MiB, 32607 MiB
2026/09/11 19:17:43.527, 1, 72 %, 4567 MiB, 32607 MiB
2026/09/11 19:17:43.527, 2, 64 %, 4569 MiB, 32607 MiB
2026/09/11 19:17:43.528, 3, 62 %, 4549 MiB, 32607 MiB
2026/09/11 19:17:48.528, 0, 65 %, 4547 MiB, 32607 MiB
2026/09/11 19:17:48.528, 1, 81 %, 4567 MiB, 32607 MiB
2026/09/11 19:17:48.529, 2, 68 %, 4569 MiB, 32607 MiB
2026/09/11 19:17:48.529, 3, 71 %, 4549 MiB, 32607 MiB
2026/09/11 19:17:53.529, 0, 81 %, 4547 MiB, 32607 MiB
2026/09/11 19:17:53.530, 1, 72 %, 4567 MiB, 32607 MiB
2026/09/11 19:17:53.530, 2, 62 %, 4569 MiB, 32607 MiB
2026/09/11 19:17:53.530, 3, 83 %, 4549 MiB, 32607 MiB
2026/09/11 19:17:58.530, 0, 82 %, 4547 MiB, 32607 MiB
2026/09/11 19:17:58.531, 1, 74 %, 4567 MiB, 32607 MiB
2026/09/11 19:17:58.531, 2, 70 %, 4569 MiB, 32607 MiB
2026/09/11 19:17:58.531, 3, 77 %, 4549 MiB, 32607 MiB
2026/09/11 19:18:03.532, 0, 76 %, 4547 MiB, 32607 MiB
2026/09/11 19:18:03.532, 1, 73 %, 4567 MiB, 32607 MiB
2026/09/11 19:18:03.532, 2, 72 %, 4569 MiB, 32607 MiB
2026/09/11 19:18:03.532, 3, 67 %, 4549 MiB, 32607 MiB
2026/09/11 19:18:08.533, 0, 68 %, 4547 MiB, 32607 MiB
2026/09/11 19:18:08.533, 1, 100 %, 4567 MiB, 32607 MiB
2026/09/11 19:18:08.533, 2, 100 %, 4569 MiB, 32607 MiB
2026/09/11 19:18:08.533, 3, 100 %, 4549 MiB, 32607 MiB
2026/09/11 19:18:13.534, 0, 82 %, 4547 MiB, 32607 MiB
2026/09/11 19:18:13.534, 1, 73 %, 4567 MiB, 32607 MiB
2026/09/11 19:18:13.535, 2, 78 %, 4569 MiB, 32607 MiB
2026/09/11 19:18:13.535, 3, 76 %, 4549 MiB, 32607 MiB
2026/09/11 19:18:18.535, 0, 71 %, 4549 MiB, 32607 MiB
2026/09/11 19:18:18.536, 1, 76 %, 4567 MiB, 32607 MiB
2026/09/11 19:18:18.536, 2, 66 %, 4569 MiB, 32607 MiB
2026/09/11 19:18:18.536, 3, 73 %, 4549 MiB, 32607 MiB
2026/09/11 19:18:23.536, 0, 79 %, 4549 MiB, 32607 MiB
2026/09/11 19:18:23.537, 1, 81 %, 4567 MiB, 32607 MiB
2026/09/11 19:18:23.537, 2, 83 %, 4569 MiB, 32607 MiB
2026/09/11 19:18:23.537, 3, 62 %, 4549 MiB, 32607 MiB
2026/09/11 19:18:28.538, 0, 72 %, 4549 MiB, 32607 MiB
2026/09/11 19:18:28.538, 1, 86 %, 4567 MiB, 32607 MiB
2026/09/11 19:18:28.538, 2, 78 %, 4569 MiB, 32607 MiB
2026/09/11 19:18:28.538, 3, 77 %, 4549 MiB, 32607 MiB
2026/09/11 19:18:33.539, 0, 73 %, 4549 MiB, 32607 MiB
2026/09/11 19:18:33.539, 1, 69 %, 4567 MiB, 32607 MiB
2026/09/11 19:18:33.539, 2, 65 %, 4569 MiB, 32607 MiB
2026/09/11 19:18:33.540, 3, 80 %, 4549 MiB, 32607 MiB
2026/09/11 19:18:38.540, 0, 71 %, 4549 MiB, 32607 MiB
2026/09/11 19:18:38.540, 1, 64 %, 4567 MiB, 32607 MiB
2026/09/11 19:18:38.541, 2, 63 %, 4569 MiB, 32607 MiB
2026/09/11 19:18:38.541, 3, 73 %, 4549 MiB, 32607 MiB
2026/09/11 19:18:43.541, 0, 80 %, 4549 MiB, 32607 MiB
2026/09/11 19:18:43.542, 1, 61 %, 4567 MiB, 32607 MiB
2026/09/11 19:18:43.542, 2, 69 %, 4569 MiB, 32607 MiB
2026/09/11 19:18:43.542, 3, 84 %, 4549 MiB, 32607 MiB
2026/09/11 19:18:48.542, 0, 69 %, 4549 MiB, 32607 MiB
2026/09/11 19:18:48.543, 1, 75 %, 4567 MiB, 32607 MiB
2026/09/11 19:18:48.543, 2, 79 %, 4569 MiB, 32607 MiB
2026/09/11 19:18:48.543, 3, 84 %, 4549 MiB, 32607 MiB
2026/09/11 19:18:53.543, 0, 81 %, 4549 MiB, 32607 MiB
2026/09/11 19:18:53.544, 1, 64 %, 4567 MiB, 32607 MiB
2026/09/11 19:18:53.544, 2, 68 %, 4569 MiB, 32607 MiB
2026/09/11 19:18:53.544, 3, 86 %, 4549 MiB, 32607 MiB
2026/09/11 19:18:58.545, 0, 65 %, 4549 MiB, 32607 MiB
2026/09/11 19:18:58.545, 1, 62 %, 4567 MiB, 32607 MiB
2026/09/11 19:18:58.545, 2, 72 %, 4569 MiB, 32607 MiB
2026/09/11 19:18:58.545, 3, 82 %, 4549 MiB, 32607 MiB
2026/09/11 19:19:03.546, 0, 77 %, 4549 MiB, 32607 MiB
2026/09/11 19:19:03.546, 1, 75 %, 4567 MiB, 32607 MiB
2026/09/11 19:19:03.546, 2, 72 %, 4569 MiB, 32607 MiB
2026/09/11 19:19:03.547, 3, 70 %, 4549 MiB, 32607 MiB
2026/09/11 19:19:08.547, 0, 73 %, 4549 MiB, 32607 MiB
2026/09/11 19:19:08.547, 1, 75 %, 4567 MiB, 32607 MiB
2026/09/11 19:19:08.548, 2, 78 %, 4569 MiB, 32607 MiB
2026/09/11 19:19:08.548, 3, 67 %, 4549 MiB, 32607 MiB
2026/09/11 19:19:13.548, 0, 65 %, 4549 MiB, 32607 MiB
2026/09/11 19:19:13.549, 1, 67 %, 4567 MiB, 32607 MiB
2026/09/11 19:19:13.549, 2, 77 %, 4569 MiB, 32607 MiB
2026/09/11 19:19:13.549, 3, 79 %, 4549 MiB, 32607 MiB
2026/09/11 19:19:18.550, 0, 64 %, 4549 MiB, 32607 MiB
2026/09/11 19:19:18.550, 1, 56 %, 4567 MiB, 32607 MiB
2026/09/11 19:19:18.550, 2, 70 %, 4569 MiB, 32607 MiB
2026/09/11 19:19:18.550, 3, 72 %, 4549 MiB, 32607 MiB
2026/09/11 19:19:23.551, 0, 69 %, 4549 MiB, 32607 MiB
2026/09/11 19:19:23.551, 1, 100 %, 4567 MiB, 32607 MiB
2026/09/11 19:19:23.551, 2, 100 %, 4569 MiB, 32607 MiB
2026/09/11 19:19:23.551, 3, 100 %, 4549 MiB, 32607 MiB
2026/09/11 19:19:28.552, 0, 77 %, 4549 MiB, 32607 MiB
2026/09/11 19:19:28.552, 1, 57 %, 4567 MiB, 32607 MiB
2026/09/11 19:19:28.552, 2, 63 %, 4569 MiB, 32607 MiB
2026/09/11 19:19:28.552, 3, 72 %, 4549 MiB, 32607 MiB
2026/09/11 19:19:33.553, 0, 72 %, 4549 MiB, 32607 MiB
2026/09/11 19:19:33.553, 1, 76 %, 4567 MiB, 32607 MiB
2026/09/11 19:19:33.553, 2, 76 %, 4569 MiB, 32607 MiB
2026/09/11 19:19:33.554, 3, 84 %, 4549 MiB, 32607 MiB
2026/09/11 19:19:38.554, 0, 79 %, 4549 MiB, 32607 MiB
2026/09/11 19:19:38.554, 1, 68 %, 4567 MiB, 32607 MiB
2026/09/11 19:19:38.555, 2, 83 %, 4569 MiB, 32607 MiB
2026/09/11 19:19:38.555, 3, 70 %, 4549 MiB, 32607 MiB
2026/09/11 19:19:43.555, 0, 82 %, 4549 MiB, 32607 MiB
2026/09/11 19:19:43.556, 1, 81 %, 4567 MiB, 32607 MiB
2026/09/11 19:19:43.556, 2, 69 %, 4569 MiB, 32607 MiB
2026/09/11 19:19:43.556, 3, 81 %, 4549 MiB, 32607 MiB
2026/09/11 19:19:48.557, 0, 79 %, 4549 MiB, 32607 MiB
2026/09/11 19:19:48.557, 1, 77 %, 4567 MiB, 32607 MiB
2026/09/11 19:19:48.557, 2, 84 %, 4569 MiB, 32607 MiB
2026/09/11 19:19:48.557, 3, 87 %, 4549 MiB, 32607 MiB
2026/09/11 19:19:53.558, 0, 71 %, 4549 MiB, 32607 MiB
2026/09/11 19:19:53.558, 1, 77 %, 4567 MiB, 32607 MiB
2026/09/11 19:19:53.558, 2, 75 %, 4569 MiB, 32607 MiB
2026/09/11 19:19:53.558, 3, 67 %, 4549 MiB, 32607 MiB
2026/09/11 19:19:58.559, 0, 67 %, 4549 MiB, 32607 MiB
2026/09/11 19:19:58.559, 1, 79 %, 4567 MiB, 32607 MiB
2026/09/11 19:19:58.559, 2, 74 %, 4569 MiB, 32607 MiB
2026/09/11 19:19:58.560, 3, 69 %, 4549 MiB, 32607 MiB
2026/09/11 19:20:03.560, 0, 57 %, 4549 MiB, 32607 MiB
2026/09/11 19:20:03.560, 1, 79 %, 4567 MiB, 32607 MiB
2026/09/11 19:20:03.561, 2, 71 %, 4569 MiB, 32607 MiB
2026/09/11 19:20:03.561, 3, 70 %, 4549 MiB, 32607 MiB
2026/09/11 19:20:08.561, 0, 70 %, 4549 MiB, 32607 MiB
2026/09/11 19:20:08.562, 1, 69 %, 4567 MiB, 32607 MiB
2026/09/11 19:20:08.562, 2, 69 %, 4569 MiB, 32607 MiB
2026/09/11 19:20:08.562, 3, 69 %, 4549 MiB, 32607 MiB
2026/09/11 19:20:13.562, 0, 73 %, 4549 MiB, 32607 MiB
2026/09/11 19:20:13.563, 1, 55 %, 4567 MiB, 32607 MiB
2026/09/11 19:20:13.563, 2, 42 %, 4569 MiB, 32607 MiB
2026/09/11 19:20:13.563, 3, 84 %, 4549 MiB, 32607 MiB
2026/09/11 19:20:18.563, 0, 70 %, 4549 MiB, 32607 MiB
2026/09/11 19:20:18.564, 1, 77 %, 4567 MiB, 32607 MiB
2026/09/11 19:20:18.564, 2, 79 %, 4569 MiB, 32607 MiB
2026/09/11 19:20:18.564, 3, 81 %, 4549 MiB, 32607 MiB
2026/09/11 19:20:23.565, 0, 68 %, 4549 MiB, 32607 MiB
2026/09/11 19:20:23.565, 1, 70 %, 4567 MiB, 32607 MiB
2026/09/11 19:20:23.565, 2, 71 %, 4569 MiB, 32607 MiB
2026/09/11 19:20:23.565, 3, 52 %, 4549 MiB, 32607 MiB
2026/09/11 19:20:28.566, 0, 79 %, 4549 MiB, 32607 MiB
2026/09/11 19:20:28.566, 1, 76 %, 4567 MiB, 32607 MiB
2026/09/11 19:20:28.567, 2, 62 %, 4569 MiB, 32607 MiB
2026/09/11 19:20:28.567, 3, 78 %, 4549 MiB, 32607 MiB
2026/09/11 19:20:33.567, 0, 67 %, 4549 MiB, 32607 MiB
2026/09/11 19:20:33.568, 1, 73 %, 4567 MiB, 32607 MiB
2026/09/11 19:20:33.568, 2, 64 %, 4569 MiB, 32607 MiB
2026/09/11 19:20:33.568, 3, 81 %, 4549 MiB, 32607 MiB
2026/09/11 19:20:38.568, 0, 79 %, 4549 MiB, 32607 MiB
2026/09/11 19:20:38.569, 1, 69 %, 4567 MiB, 32607 MiB
2026/09/11 19:20:38.569, 2, 73 %, 4569 MiB, 32607 MiB
2026/09/11 19:20:38.569, 3, 61 %, 4549 MiB, 32607 MiB
2026/09/11 19:20:43.570, 0, 74 %, 4549 MiB, 32607 MiB
2026/09/11 19:20:43.570, 1, 77 %, 4567 MiB, 32607 MiB
2026/09/11 19:20:43.570, 2, 72 %, 4569 MiB, 32607 MiB
2026/09/11 19:20:43.570, 3, 75 %, 4549 MiB, 32607 MiB
2026/09/11 19:20:48.571, 0, 70 %, 4549 MiB, 32607 MiB
2026/09/11 19:20:48.571, 1, 75 %, 4567 MiB, 32607 MiB
2026/09/11 19:20:48.572, 2, 72 %, 4569 MiB, 32607 MiB
2026/09/11 19:20:48.572, 3, 77 %, 4549 MiB, 32607 MiB
2026/09/11 19:20:53.572, 0, 77 %, 4549 MiB, 32607 MiB
2026/09/11 19:20:53.573, 1, 74 %, 4567 MiB, 32607 MiB
2026/09/11 19:20:53.573, 2, 62 %, 4569 MiB, 32607 MiB
2026/09/11 19:20:53.573, 3, 75 %, 4549 MiB, 32607 MiB
2026/09/11 19:20:58.574, 0, 63 %, 4549 MiB, 32607 MiB
2026/09/11 19:20:58.574, 1, 76 %, 4567 MiB, 32607 MiB
2026/09/11 19:20:58.574, 2, 68 %, 4569 MiB, 32607 MiB
2026/09/11 19:20:58.574, 3, 70 %, 4549 MiB, 32607 MiB
2026/09/11 19:21:03.575, 0, 73 %, 4549 MiB, 32607 MiB
2026/09/11 19:21:03.575, 1, 68 %, 4567 MiB, 32607 MiB
2026/09/11 19:21:03.576, 2, 79 %, 4569 MiB, 32607 MiB
2026/09/11 19:21:03.576, 3, 61 %, 4549 MiB, 32607 MiB
2026/09/11 19:21:08.576, 0, 68 %, 4549 MiB, 32607 MiB
2026/09/11 19:21:08.581, 1, 60 %, 4567 MiB, 32607 MiB
2026/09/11 19:21:08.582, 2, 72 %, 4569 MiB, 32607 MiB
2026/09/11 19:21:08.582, 3, 61 %, 4549 MiB, 32607 MiB
2026/09/11 19:21:13.583, 0, 62 %, 4549 MiB, 32607 MiB
2026/09/11 19:21:13.583, 1, 100 %, 4567 MiB, 32607 MiB
2026/09/11 19:21:13.583, 2, 100 %, 4569 MiB, 32607 MiB
2026/09/11 19:21:13.583, 3, 100 %, 4549 MiB, 32607 MiB
2026/09/11 19:21:18.584, 0, 0 %, 4549 MiB, 32607 MiB
2026/09/11 19:21:18.584, 1, 100 %, 4567 MiB, 32607 MiB
2026/09/11 19:21:18.584, 2, 100 %, 4569 MiB, 32607 MiB
2026/09/11 19:21:18.584, 3, 100 %, 4549 MiB, 32607 MiB
2026/09/11 19:21:23.585, 0, 82 %, 4549 MiB, 32607 MiB
2026/09/11 19:21:23.585, 1, 76 %, 4567 MiB, 32607 MiB
2026/09/11 19:21:23.586, 2, 74 %, 4569 MiB, 32607 MiB
2026/09/11 19:21:23.586, 3, 76 %, 4549 MiB, 32607 MiB
2026/09/11 19:21:28.586, 0, 69 %, 4549 MiB, 32607 MiB
2026/09/11 19:21:28.587, 1, 73 %, 4567 MiB, 32607 MiB
2026/09/11 19:21:28.587, 2, 77 %, 4569 MiB, 32607 MiB
2026/09/11 19:21:28.587, 3, 74 %, 4549 MiB, 32607 MiB
2026/09/11 19:21:33.588, 0, 0 %, 4549 MiB, 32607 MiB
2026/09/11 19:21:33.588, 1, 63 %, 4567 MiB, 32607 MiB
2026/09/11 19:21:33.589, 2, 66 %, 4569 MiB, 32607 MiB
2026/09/11 19:21:33.589, 3, 73 %, 4549 MiB, 32607 MiB
2026/09/11 19:21:38.589, 0, 76 %, 4549 MiB, 32607 MiB
2026/09/11 19:21:38.590, 1, 61 %, 4567 MiB, 32607 MiB
2026/09/11 19:21:38.590, 2, 59 %, 4569 MiB, 32607 MiB
2026/09/11 19:21:38.590, 3, 75 %, 4549 MiB, 32607 MiB
2026/09/11 19:21:43.590, 0, 74 %, 4549 MiB, 32607 MiB
2026/09/11 19:21:43.591, 1, 62 %, 4567 MiB, 32607 MiB
2026/09/11 19:21:43.591, 2, 64 %, 4569 MiB, 32607 MiB
2026/09/11 19:21:43.591, 3, 68 %, 4549 MiB, 32607 MiB
2026/09/11 19:21:48.592, 0, 75 %, 4549 MiB, 32607 MiB
2026/09/11 19:21:48.592, 1, 63 %, 4567 MiB, 32607 MiB
2026/09/11 19:21:48.592, 2, 75 %, 4569 MiB, 32607 MiB
2026/09/11 19:21:48.593, 3, 67 %, 4549 MiB, 32607 MiB
2026/09/11 19:21:53.593, 0, 75 %, 4549 MiB, 32607 MiB
2026/09/11 19:21:53.593, 1, 68 %, 4567 MiB, 32607 MiB
2026/09/11 19:21:53.594, 2, 58 %, 4569 MiB, 32607 MiB
2026/09/11 19:21:53.594, 3, 79 %, 4549 MiB, 32607 MiB
2026/09/11 19:21:58.594, 0, 66 %, 4549 MiB, 32607 MiB
2026/09/11 19:21:58.595, 1, 76 %, 4567 MiB, 32607 MiB
2026/09/11 19:21:58.595, 2, 72 %, 4569 MiB, 32607 MiB
2026/09/11 19:21:58.595, 3, 76 %, 4549 MiB, 32607 MiB
2026/09/11 19:22:03.596, 0, 65 %, 4549 MiB, 32607 MiB
2026/09/11 19:22:03.596, 1, 63 %, 4567 MiB, 32607 MiB
2026/09/11 19:22:03.596, 2, 59 %, 4569 MiB, 32607 MiB
2026/09/11 19:22:03.596, 3, 80 %, 4549 MiB, 32607 MiB
2026/09/11 19:22:08.597, 0, 71 %, 4549 MiB, 32607 MiB
2026/09/11 19:22:08.597, 1, 64 %, 4567 MiB, 32607 MiB
2026/09/11 19:22:08.598, 2, 61 %, 4569 MiB, 32607 MiB
2026/09/11 19:22:08.598, 3, 72 %, 4549 MiB, 32607 MiB
2026/09/11 19:22:13.598, 0, 78 %, 4549 MiB, 32607 MiB
2026/09/11 19:22:13.599, 1, 73 %, 4567 MiB, 32607 MiB
2026/09/11 19:22:13.599, 2, 70 %, 4569 MiB, 32607 MiB
2026/09/11 19:22:13.599, 3, 82 %, 4549 MiB, 32607 MiB
2026/09/11 19:22:18.600, 0, 71 %, 4549 MiB, 32607 MiB
2026/09/11 19:22:18.600, 1, 70 %, 4567 MiB, 32607 MiB
2026/09/11 19:22:18.600, 2, 73 %, 4569 MiB, 32607 MiB
2026/09/11 19:22:18.600, 3, 76 %, 4549 MiB, 32607 MiB
2026/09/11 19:22:23.601, 0, 71 %, 4549 MiB, 32607 MiB
2026/09/11 19:22:23.601, 1, 58 %, 4567 MiB, 32607 MiB
2026/09/11 19:22:23.601, 2, 75 %, 4569 MiB, 32607 MiB
2026/09/11 19:22:23.602, 3, 76 %, 4549 MiB, 32607 MiB
2026/09/11 19:22:28.602, 0, 68 %, 4549 MiB, 32607 MiB
2026/09/11 19:22:28.602, 1, 72 %, 4567 MiB, 32607 MiB
2026/09/11 19:22:28.603, 2, 76 %, 4569 MiB, 32607 MiB
2026/09/11 19:22:28.603, 3, 75 %, 4549 MiB, 32607 MiB
2026/09/11 19:22:33.603, 0, 76 %, 4549 MiB, 32607 MiB
2026/09/11 19:22:33.604, 1, 79 %, 4567 MiB, 32607 MiB
2026/09/11 19:22:33.604, 2, 68 %, 4569 MiB, 32607 MiB
2026/09/11 19:22:33.604, 3, 52 %, 4549 MiB, 32607 MiB
2026/09/11 19:22:38.605, 0, 82 %, 4549 MiB, 32607 MiB
2026/09/11 19:22:38.605, 1, 47 %, 4567 MiB, 32607 MiB
2026/09/11 19:22:38.605, 2, 56 %, 4569 MiB, 32607 MiB
2026/09/11 19:22:38.606, 3, 64 %, 4549 MiB, 32607 MiB
2026/09/11 19:22:43.606, 0, 75 %, 4549 MiB, 32607 MiB
2026/09/11 19:22:43.607, 1, 77 %, 4567 MiB, 32607 MiB
2026/09/11 19:22:43.607, 2, 77 %, 4569 MiB, 32607 MiB
2026/09/11 19:22:43.607, 3, 83 %, 4549 MiB, 32607 MiB
2026/09/11 19:22:48.608, 0, 67 %, 4549 MiB, 32607 MiB
2026/09/11 19:22:48.608, 1, 77 %, 4567 MiB, 32607 MiB
2026/09/11 19:22:48.608, 2, 60 %, 4569 MiB, 32607 MiB
2026/09/11 19:22:48.608, 3, 79 %, 4549 MiB, 32607 MiB
2026/09/11 19:22:53.609, 0, 65 %, 4549 MiB, 32607 MiB
2026/09/11 19:22:53.609, 1, 68 %, 4567 MiB, 32607 MiB
2026/09/11 19:22:53.610, 2, 77 %, 4569 MiB, 32607 MiB
2026/09/11 19:22:53.610, 3, 74 %, 4549 MiB, 32607 MiB
2026/09/11 19:22:58.610, 0, 76 %, 4549 MiB, 32607 MiB
2026/09/11 19:22:58.611, 1, 77 %, 4567 MiB, 32607 MiB
2026/09/11 19:22:58.611, 2, 71 %, 4569 MiB, 32607 MiB
2026/09/11 19:22:58.611, 3, 69 %, 4549 MiB, 32607 MiB
2026/09/11 19:23:03.612, 0, 73 %, 4549 MiB, 32607 MiB
2026/09/11 19:23:03.612, 1, 62 %, 4567 MiB, 32607 MiB
2026/09/11 19:23:03.612, 2, 62 %, 4569 MiB, 32607 MiB
2026/09/11 19:23:03.612, 3, 78 %, 4549 MiB, 32607 MiB
2026/09/11 19:23:08.613, 0, 81 %, 4549 MiB, 32607 MiB
2026/09/11 19:23:08.613, 1, 69 %, 4567 MiB, 32607 MiB
2026/09/11 19:23:08.613, 2, 67 %, 4569 MiB, 32607 MiB
2026/09/11 19:23:08.614, 3, 64 %, 4549 MiB, 32607 MiB
2026/09/11 19:23:13.614, 0, 66 %, 4549 MiB, 32607 MiB
2026/09/11 19:23:13.614, 1, 79 %, 4567 MiB, 32607 MiB
2026/09/11 19:23:13.614, 2, 60 %, 4569 MiB, 32607 MiB
2026/09/11 19:23:13.615, 3, 79 %, 4549 MiB, 32607 MiB
2026/09/11 19:23:18.615, 0, 68 %, 4549 MiB, 32607 MiB
2026/09/11 19:23:18.615, 1, 67 %, 4567 MiB, 32607 MiB
2026/09/11 19:23:18.616, 2, 69 %, 4569 MiB, 32607 MiB
2026/09/11 19:23:18.616, 3, 76 %, 4549 MiB, 32607 MiB
2026/09/11 19:23:23.616, 0, 67 %, 4549 MiB, 32607 MiB
2026/09/11 19:23:23.617, 1, 68 %, 4567 MiB, 32607 MiB
2026/09/11 19:23:23.617, 2, 51 %, 4569 MiB, 32607 MiB
2026/09/11 19:23:23.617, 3, 69 %, 4549 MiB, 32607 MiB
2026/09/11 19:23:28.618, 0, 75 %, 4549 MiB, 32607 MiB
2026/09/11 19:23:28.618, 1, 76 %, 4567 MiB, 32607 MiB
2026/09/11 19:23:28.618, 2, 64 %, 4569 MiB, 32607 MiB
2026/09/11 19:23:28.618, 3, 85 %, 4549 MiB, 32607 MiB
2026/09/11 19:23:33.619, 0, 78 %, 4549 MiB, 32607 MiB
2026/09/11 19:23:33.619, 1, 64 %, 4567 MiB, 32607 MiB
2026/09/11 19:23:33.619, 2, 60 %, 4569 MiB, 32607 MiB
2026/09/11 19:23:33.620, 3, 73 %, 4549 MiB, 32607 MiB
2026/09/11 19:23:38.620, 0, 92 %, 4549 MiB, 32607 MiB
2026/09/11 19:23:38.623, 1, 66 %, 4567 MiB, 32607 MiB
2026/09/11 19:23:38.624, 2, 49 %, 4569 MiB, 32607 MiB
2026/09/11 19:23:38.624, 3, 77 %, 4549 MiB, 32607 MiB
2026/09/11 19:23:43.624, 0, 84 %, 4549 MiB, 32607 MiB
2026/09/11 19:23:43.625, 1, 73 %, 4567 MiB, 32607 MiB
2026/09/11 19:23:43.625, 2, 73 %, 4569 MiB, 32607 MiB
2026/09/11 19:23:43.625, 3, 82 %, 4549 MiB, 32607 MiB
2026/09/11 19:23:48.626, 0, 74 %, 4549 MiB, 32607 MiB
2026/09/11 19:23:48.626, 1, 73 %, 4567 MiB, 32607 MiB
2026/09/11 19:23:48.626, 2, 71 %, 4569 MiB, 32607 MiB
2026/09/11 19:23:48.626, 3, 75 %, 4549 MiB, 32607 MiB
2026/09/11 19:23:53.627, 0, 78 %, 4549 MiB, 32607 MiB
2026/09/11 19:23:53.627, 1, 74 %, 4567 MiB, 32607 MiB
2026/09/11 19:23:53.627, 2, 84 %, 4569 MiB, 32607 MiB
2026/09/11 19:23:53.628, 3, 84 %, 4549 MiB, 32607 MiB
2026/09/11 19:23:58.628, 0, 67 %, 4549 MiB, 32607 MiB
2026/09/11 19:23:58.629, 1, 77 %, 4567 MiB, 32607 MiB
2026/09/11 19:23:58.629, 2, 82 %, 4569 MiB, 32607 MiB
2026/09/11 19:23:58.629, 3, 79 %, 4549 MiB, 32607 MiB
2026/09/11 19:24:03.630, 0, 76 %, 4549 MiB, 32607 MiB
2026/09/11 19:24:03.630, 1, 68 %, 4567 MiB, 32607 MiB
2026/09/11 19:24:03.630, 2, 60 %, 4569 MiB, 32607 MiB
2026/09/11 19:24:03.630, 3, 83 %, 4549 MiB, 32607 MiB
2026/09/11 19:24:08.631, 0, 79 %, 4549 MiB, 32607 MiB
2026/09/11 19:24:08.631, 1, 72 %, 4567 MiB, 32607 MiB
2026/09/11 19:24:08.631, 2, 75 %, 4569 MiB, 32607 MiB
2026/09/11 19:24:08.632, 3, 67 %, 4549 MiB, 32607 MiB
2026/09/11 19:24:13.632, 0, 78 %, 4549 MiB, 32607 MiB
2026/09/11 19:24:13.632, 1, 83 %, 4567 MiB, 32607 MiB
2026/09/11 19:24:13.632, 2, 61 %, 4569 MiB, 32607 MiB
2026/09/11 19:24:13.633, 3, 78 %, 4549 MiB, 32607 MiB
2026/09/11 19:24:18.633, 0, 69 %, 4549 MiB, 32607 MiB
2026/09/11 19:24:18.633, 1, 70 %, 4567 MiB, 32607 MiB
2026/09/11 19:24:18.634, 2, 69 %, 4569 MiB, 32607 MiB
2026/09/11 19:24:18.634, 3, 75 %, 4549 MiB, 32607 MiB
2026/09/11 19:24:23.634, 0, 68 %, 4549 MiB, 32607 MiB
2026/09/11 19:24:23.635, 1, 100 %, 4567 MiB, 32607 MiB
2026/09/11 19:24:23.635, 2, 100 %, 4569 MiB, 32607 MiB
2026/09/11 19:24:23.635, 3, 100 %, 4549 MiB, 32607 MiB
2026/09/11 19:24:28.635, 0, 82 %, 4549 MiB, 32607 MiB
2026/09/11 19:24:28.636, 1, 75 %, 4567 MiB, 32607 MiB
2026/09/11 19:24:28.636, 2, 77 %, 4569 MiB, 32607 MiB
2026/09/11 19:24:28.636, 3, 71 %, 4549 MiB, 32607 MiB
2026/09/11 19:24:33.637, 0, 74 %, 4549 MiB, 32607 MiB
2026/09/11 19:24:33.637, 1, 77 %, 4567 MiB, 32607 MiB
2026/09/11 19:24:33.637, 2, 75 %, 4569 MiB, 32607 MiB
2026/09/11 19:24:33.637, 3, 84 %, 4549 MiB, 32607 MiB
2026/09/11 19:24:38.638, 0, 64 %, 4549 MiB, 32607 MiB
2026/09/11 19:24:38.638, 1, 57 %, 4567 MiB, 32607 MiB
2026/09/11 19:24:38.638, 2, 71 %, 4569 MiB, 32607 MiB
2026/09/11 19:24:38.639, 3, 72 %, 4549 MiB, 32607 MiB
2026/09/11 19:24:43.639, 0, 66 %, 4549 MiB, 32607 MiB
2026/09/11 19:24:43.639, 1, 63 %, 4567 MiB, 32607 MiB
2026/09/11 19:24:43.640, 2, 60 %, 4569 MiB, 32607 MiB
2026/09/11 19:24:43.640, 3, 70 %, 4549 MiB, 32607 MiB
2026/09/11 19:24:48.640, 0, 71 %, 4549 MiB, 32607 MiB
2026/09/11 19:24:48.641, 1, 54 %, 4567 MiB, 32607 MiB
2026/09/11 19:24:48.641, 2, 59 %, 4569 MiB, 32607 MiB
2026/09/11 19:24:48.641, 3, 73 %, 4549 MiB, 32607 MiB
2026/09/11 19:24:53.641, 0, 76 %, 4549 MiB, 32607 MiB
2026/09/11 19:24:53.642, 1, 72 %, 4567 MiB, 32607 MiB
2026/09/11 19:24:53.642, 2, 67 %, 4569 MiB, 32607 MiB
2026/09/11 19:24:53.642, 3, 78 %, 4549 MiB, 32607 MiB
2026/09/11 19:24:58.643, 0, 72 %, 4549 MiB, 32607 MiB
2026/09/11 19:24:58.643, 1, 80 %, 4567 MiB, 32607 MiB
2026/09/11 19:24:58.643, 2, 83 %, 4569 MiB, 32607 MiB
2026/09/11 19:24:58.643, 3, 79 %, 4549 MiB, 32607 MiB
2026/09/11 19:25:03.644, 0, 0 %, 4549 MiB, 32607 MiB
2026/09/11 19:25:03.644, 1, 97 %, 4567 MiB, 32607 MiB
2026/09/11 19:25:03.644, 2, 99 %, 4569 MiB, 32607 MiB
2026/09/11 19:25:03.644, 3, 68 %, 4549 MiB, 32607 MiB
2026/09/11 19:25:08.645, 0, 81 %, 4549 MiB, 32607 MiB
2026/09/11 19:25:08.645, 1, 66 %, 4567 MiB, 32607 MiB
2026/09/11 19:25:08.645, 2, 80 %, 4569 MiB, 32607 MiB
2026/09/11 19:25:08.645, 3, 60 %, 4549 MiB, 32607 MiB
2026/09/11 19:25:13.646, 0, 73 %, 4549 MiB, 32607 MiB
2026/09/11 19:25:13.646, 1, 73 %, 4567 MiB, 32607 MiB
2026/09/11 19:25:13.646, 2, 79 %, 4569 MiB, 32607 MiB
2026/09/11 19:25:13.647, 3, 70 %, 4549 MiB, 32607 MiB
2026/09/11 19:25:18.647, 0, 64 %, 4549 MiB, 32607 MiB
2026/09/11 19:25:18.648, 1, 58 %, 4567 MiB, 32607 MiB
2026/09/11 19:25:18.648, 2, 60 %, 4569 MiB, 32607 MiB
2026/09/11 19:25:18.648, 3, 76 %, 4549 MiB, 32607 MiB
2026/09/11 19:25:23.649, 0, 79 %, 4549 MiB, 32607 MiB
2026/09/11 19:25:23.649, 1, 82 %, 4567 MiB, 32607 MiB
2026/09/11 19:25:23.649, 2, 74 %, 4569 MiB, 32607 MiB
2026/09/11 19:25:23.649, 3, 69 %, 4549 MiB, 32607 MiB
2026/09/11 19:25:28.650, 0, 88 %, 4549 MiB, 32607 MiB
2026/09/11 19:25:28.650, 1, 76 %, 4567 MiB, 32607 MiB
2026/09/11 19:25:28.650, 2, 71 %, 4569 MiB, 32607 MiB
2026/09/11 19:25:28.650, 3, 63 %, 4549 MiB, 32607 MiB
2026/09/11 19:25:33.651, 0, 63 %, 4549 MiB, 32607 MiB
2026/09/11 19:25:33.651, 1, 69 %, 4567 MiB, 32607 MiB
2026/09/11 19:25:33.651, 2, 61 %, 4569 MiB, 32607 MiB
2026/09/11 19:25:33.652, 3, 67 %, 4549 MiB, 32607 MiB
2026/09/11 19:25:38.652, 0, 60 %, 4549 MiB, 32607 MiB
2026/09/11 19:25:38.653, 1, 74 %, 4567 MiB, 32607 MiB
2026/09/11 19:25:38.653, 2, 73 %, 4569 MiB, 32607 MiB
2026/09/11 19:25:38.653, 3, 65 %, 4549 MiB, 32607 MiB
2026/09/11 19:25:43.653, 0, 82 %, 4549 MiB, 32607 MiB
2026/09/11 19:25:43.654, 1, 63 %, 4567 MiB, 32607 MiB
2026/09/11 19:25:43.654, 2, 49 %, 4569 MiB, 32607 MiB
2026/09/11 19:25:43.654, 3, 73 %, 4549 MiB, 32607 MiB
2026/09/11 19:25:48.654, 0, 78 %, 4549 MiB, 32607 MiB
2026/09/11 19:25:48.655, 1, 66 %, 4567 MiB, 32607 MiB
2026/09/11 19:25:48.655, 2, 67 %, 4569 MiB, 32607 MiB
2026/09/11 19:25:48.655, 3, 71 %, 4549 MiB, 32607 MiB
2026/09/11 19:25:53.656, 0, 71 %, 4549 MiB, 32607 MiB
2026/09/11 19:25:53.657, 1, 76 %, 4567 MiB, 32607 MiB
2026/09/11 19:25:53.658, 2, 82 %, 4569 MiB, 32607 MiB
2026/09/11 19:25:53.658, 3, 75 %, 4549 MiB, 32607 MiB
2026/09/11 19:25:58.658, 0, 75 %, 4549 MiB, 32607 MiB
2026/09/11 19:25:58.658, 1, 78 %, 4567 MiB, 32607 MiB
2026/09/11 19:25:58.659, 2, 76 %, 4569 MiB, 32607 MiB
2026/09/11 19:25:58.659, 3, 72 %, 4549 MiB, 32607 MiB
2026/09/11 19:26:03.659, 0, 74 %, 4549 MiB, 32607 MiB
2026/09/11 19:26:03.660, 1, 75 %, 4567 MiB, 32607 MiB
2026/09/11 19:26:03.660, 2, 78 %, 4569 MiB, 32607 MiB
2026/09/11 19:26:03.660, 3, 80 %, 4549 MiB, 32607 MiB
2026/09/11 19:26:08.661, 0, 64 %, 4549 MiB, 32607 MiB
2026/09/11 19:26:08.661, 1, 68 %, 4567 MiB, 32607 MiB
2026/09/11 19:26:08.661, 2, 67 %, 4569 MiB, 32607 MiB
2026/09/11 19:26:08.661, 3, 68 %, 4549 MiB, 32607 MiB
2026/09/11 19:26:13.662, 0, 75 %, 4549 MiB, 32607 MiB
2026/09/11 19:26:13.662, 1, 77 %, 4567 MiB, 32607 MiB
2026/09/11 19:26:13.662, 2, 77 %, 4569 MiB, 32607 MiB
2026/09/11 19:26:13.663, 3, 66 %, 4549 MiB, 32607 MiB
2026/09/11 19:26:18.663, 0, 78 %, 4549 MiB, 32607 MiB
2026/09/11 19:26:18.663, 1, 71 %, 4567 MiB, 32607 MiB
2026/09/11 19:26:18.664, 2, 61 %, 4569 MiB, 32607 MiB
2026/09/11 19:26:18.664, 3, 80 %, 4549 MiB, 32607 MiB
2026/09/11 19:26:23.664, 0, 75 %, 4549 MiB, 32607 MiB
2026/09/11 19:26:23.665, 1, 68 %, 4567 MiB, 32607 MiB
2026/09/11 19:26:23.665, 2, 67 %, 4569 MiB, 32607 MiB
2026/09/11 19:26:23.665, 3, 71 %, 4549 MiB, 32607 MiB
2026/09/11 19:26:28.666, 0, 80 %, 4549 MiB, 32607 MiB
2026/09/11 19:26:28.666, 1, 61 %, 4567 MiB, 32607 MiB
2026/09/11 19:26:28.666, 2, 67 %, 4569 MiB, 32607 MiB
2026/09/11 19:26:28.666, 3, 76 %, 4549 MiB, 32607 MiB
2026/09/11 19:26:33.667, 0, 57 %, 4549 MiB, 32607 MiB
2026/09/11 19:26:33.667, 1, 77 %, 4567 MiB, 32607 MiB
2026/09/11 19:26:33.667, 2, 77 %, 4569 MiB, 32607 MiB
2026/09/11 19:26:33.668, 3, 80 %, 4549 MiB, 32607 MiB
2026/09/11 19:26:38.668, 0, 72 %, 4549 MiB, 32607 MiB
2026/09/11 19:26:38.668, 1, 64 %, 4567 MiB, 32607 MiB
2026/09/11 19:26:38.669, 2, 59 %, 4569 MiB, 32607 MiB
2026/09/11 19:26:38.669, 3, 65 %, 4549 MiB, 32607 MiB
2026/09/11 19:26:43.669, 0, 74 %, 4549 MiB, 32607 MiB
2026/09/11 19:26:43.670, 1, 56 %, 4567 MiB, 32607 MiB
2026/09/11 19:26:43.670, 2, 62 %, 4569 MiB, 32607 MiB
2026/09/11 19:26:43.670, 3, 73 %, 4549 MiB, 32607 MiB
2026/09/11 19:26:48.670, 0, 77 %, 4549 MiB, 32607 MiB
2026/09/11 19:26:48.671, 1, 73 %, 4567 MiB, 32607 MiB
2026/09/11 19:26:48.671, 2, 66 %, 4569 MiB, 32607 MiB
2026/09/11 19:26:48.671, 3, 78 %, 4549 MiB, 32607 MiB
2026/09/11 19:26:53.672, 0, 76 %, 4549 MiB, 32607 MiB
2026/09/11 19:26:53.672, 1, 50 %, 4567 MiB, 32607 MiB
2026/09/11 19:26:53.672, 2, 51 %, 4569 MiB, 32607 MiB
2026/09/11 19:26:53.672, 3, 68 %, 4549 MiB, 32607 MiB
2026/09/11 19:26:58.673, 0, 82 %, 4549 MiB, 32607 MiB
2026/09/11 19:26:58.673, 1, 67 %, 4567 MiB, 32607 MiB
2026/09/11 19:26:58.673, 2, 59 %, 4569 MiB, 32607 MiB
2026/09/11 19:26:58.674, 3, 81 %, 4549 MiB, 32607 MiB
2026/09/11 19:27:03.674, 0, 80 %, 4549 MiB, 32607 MiB
2026/09/11 19:27:03.674, 1, 72 %, 4567 MiB, 32607 MiB
2026/09/11 19:27:03.674, 2, 65 %, 4569 MiB, 32607 MiB
2026/09/11 19:27:03.675, 3, 79 %, 4549 MiB, 32607 MiB
2026/09/11 19:27:08.675, 0, 80 %, 4549 MiB, 32607 MiB
2026/09/11 19:27:08.675, 1, 77 %, 4567 MiB, 32607 MiB
2026/09/11 19:27:08.676, 2, 80 %, 4569 MiB, 32607 MiB
2026/09/11 19:27:08.676, 3, 70 %, 4549 MiB, 32607 MiB
2026/09/11 19:27:13.676, 0, 77 %, 4549 MiB, 32607 MiB
2026/09/11 19:27:13.677, 1, 74 %, 4567 MiB, 32607 MiB
2026/09/11 19:27:13.677, 2, 67 %, 4569 MiB, 32607 MiB
2026/09/11 19:27:13.677, 3, 66 %, 4549 MiB, 32607 MiB
2026/09/11 19:27:18.677, 0, 76 %, 4549 MiB, 32607 MiB
2026/09/11 19:27:18.678, 1, 72 %, 4567 MiB, 32607 MiB
2026/09/11 19:27:18.678, 2, 82 %, 4569 MiB, 32607 MiB
2026/09/11 19:27:18.678, 3, 55 %, 4549 MiB, 32607 MiB
2026/09/11 19:27:23.679, 0, 76 %, 4549 MiB, 32607 MiB
2026/09/11 19:27:23.679, 1, 76 %, 4567 MiB, 32607 MiB
2026/09/11 19:27:23.679, 2, 61 %, 4569 MiB, 32607 MiB
2026/09/11 19:27:23.679, 3, 67 %, 4549 MiB, 32607 MiB
2026/09/11 19:27:28.680, 0, 67 %, 4549 MiB, 32607 MiB
2026/09/11 19:27:28.680, 1, 66 %, 4567 MiB, 32607 MiB
2026/09/11 19:27:28.680, 2, 54 %, 4569 MiB, 32607 MiB
2026/09/11 19:27:28.681, 3, 71 %, 4549 MiB, 32607 MiB
2026/09/11 19:27:33.681, 0, 70 %, 4549 MiB, 32607 MiB
2026/09/11 19:27:33.681, 1, 100 %, 4567 MiB, 32607 MiB
2026/09/11 19:27:33.682, 2, 100 %, 4569 MiB, 32607 MiB
2026/09/11 19:27:33.682, 3, 100 %, 4549 MiB, 32607 MiB
2026/09/11 19:27:38.682, 0, 78 %, 4549 MiB, 32607 MiB
2026/09/11 19:27:38.683, 1, 66 %, 4567 MiB, 32607 MiB
2026/09/11 19:27:38.683, 2, 49 %, 4569 MiB, 32607 MiB
2026/09/11 19:27:38.683, 3, 71 %, 4549 MiB, 32607 MiB
2026/09/11 19:27:43.683, 0, 76 %, 4549 MiB, 32607 MiB
2026/09/11 19:27:43.684, 1, 68 %, 4567 MiB, 32607 MiB
2026/09/11 19:27:43.684, 2, 67 %, 4569 MiB, 32607 MiB
2026/09/11 19:27:43.684, 3, 70 %, 4549 MiB, 32607 MiB
2026/09/11 19:27:48.684, 0, 78 %, 4549 MiB, 32607 MiB
2026/09/11 19:27:48.685, 1, 89 %, 4567 MiB, 32607 MiB
2026/09/11 19:27:48.685, 2, 29 %, 4569 MiB, 32607 MiB
2026/09/11 19:27:48.685, 3, 39 %, 4549 MiB, 32607 MiB
2026/09/11 19:27:53.686, 0, 68 %, 4549 MiB, 32607 MiB
2026/09/11 19:27:53.686, 1, 79 %, 4567 MiB, 32607 MiB
2026/09/11 19:27:53.686, 2, 63 %, 4569 MiB, 32607 MiB
2026/09/11 19:27:53.686, 3, 70 %, 4549 MiB, 32607 MiB
2026/09/11 19:27:58.687, 0, 69 %, 4549 MiB, 32607 MiB
2026/09/11 19:27:58.687, 1, 75 %, 4567 MiB, 32607 MiB
2026/09/11 19:27:58.687, 2, 72 %, 4569 MiB, 32607 MiB
2026/09/11 19:27:58.687, 3, 73 %, 4549 MiB, 32607 MiB
2026/09/11 19:28:03.688, 0, 84 %, 4549 MiB, 32607 MiB
2026/09/11 19:28:03.688, 1, 66 %, 4567 MiB, 32607 MiB
2026/09/11 19:28:03.688, 2, 72 %, 4569 MiB, 32607 MiB
2026/09/11 19:28:03.689, 3, 78 %, 4549 MiB, 32607 MiB
2026/09/11 19:28:08.689, 0, 70 %, 4549 MiB, 32607 MiB
2026/09/11 19:28:08.689, 1, 72 %, 4567 MiB, 32607 MiB
2026/09/11 19:28:08.690, 2, 65 %, 4569 MiB, 32607 MiB
2026/09/11 19:28:08.690, 3, 76 %, 4549 MiB, 32607 MiB
2026/09/11 19:28:13.690, 0, 73 %, 4549 MiB, 32607 MiB
2026/09/11 19:28:13.691, 1, 75 %, 4567 MiB, 32607 MiB
2026/09/11 19:28:13.691, 2, 73 %, 4569 MiB, 32607 MiB
2026/09/11 19:28:13.691, 3, 81 %, 4549 MiB, 32607 MiB
2026/09/11 19:28:18.692, 0, 64 %, 4549 MiB, 32607 MiB
2026/09/11 19:28:18.692, 1, 66 %, 4567 MiB, 32607 MiB
2026/09/11 19:28:18.692, 2, 69 %, 4569 MiB, 32607 MiB
2026/09/11 19:28:18.692, 3, 72 %, 4549 MiB, 32607 MiB
2026/09/11 19:28:23.693, 0, 72 %, 4549 MiB, 32607 MiB
2026/09/11 19:28:23.693, 1, 75 %, 4567 MiB, 32607 MiB
2026/09/11 19:28:23.693, 2, 67 %, 4569 MiB, 32607 MiB
2026/09/11 19:28:23.694, 3, 72 %, 4549 MiB, 32607 MiB
2026/09/11 19:28:28.694, 0, 79 %, 4549 MiB, 32607 MiB
2026/09/11 19:28:28.694, 1, 69 %, 4567 MiB, 32607 MiB
2026/09/11 19:28:28.694, 2, 66 %, 4569 MiB, 32607 MiB
2026/09/11 19:28:28.695, 3, 77 %, 4549 MiB, 32607 MiB
2026/09/11 19:28:33.695, 0, 78 %, 4549 MiB, 32607 MiB
2026/09/11 19:28:33.696, 1, 77 %, 4567 MiB, 32607 MiB
2026/09/11 19:28:33.696, 2, 79 %, 4569 MiB, 32607 MiB
2026/09/11 19:28:33.696, 3, 75 %, 4549 MiB, 32607 MiB
2026/09/11 19:28:38.697, 0, 60 %, 4549 MiB, 32607 MiB
2026/09/11 19:28:38.697, 1, 63 %, 4567 MiB, 32607 MiB
2026/09/11 19:28:38.697, 2, 72 %, 4569 MiB, 32607 MiB
2026/09/11 19:28:38.698, 3, 73 %, 4549 MiB, 32607 MiB
2026/09/11 19:28:43.698, 0, 66 %, 4549 MiB, 32607 MiB
2026/09/11 19:28:43.698, 1, 73 %, 4567 MiB, 32607 MiB
2026/09/11 19:28:43.699, 2, 73 %, 4569 MiB, 32607 MiB
2026/09/11 19:28:43.699, 3, 82 %, 4549 MiB, 32607 MiB
2026/09/11 19:28:48.699, 0, 71 %, 4549 MiB, 32607 MiB
2026/09/11 19:28:48.700, 1, 67 %, 4567 MiB, 32607 MiB
2026/09/11 19:28:48.700, 2, 100 %, 4569 MiB, 32607 MiB
2026/09/11 19:28:48.700, 3, 100 %, 4549 MiB, 32607 MiB
2026/09/11 19:28:53.701, 0, 67 %, 4549 MiB, 32607 MiB
2026/09/11 19:28:53.701, 1, 75 %, 4567 MiB, 32607 MiB
2026/09/11 19:28:53.701, 2, 56 %, 4569 MiB, 32607 MiB
2026/09/11 19:28:53.701, 3, 78 %, 4549 MiB, 32607 MiB
2026/09/11 19:28:58.702, 0, 82 %, 4549 MiB, 32607 MiB
2026/09/11 19:28:58.702, 1, 69 %, 4567 MiB, 32607 MiB
2026/09/11 19:28:58.702, 2, 79 %, 4569 MiB, 32607 MiB
2026/09/11 19:28:58.703, 3, 82 %, 4549 MiB, 32607 MiB
2026/09/11 19:29:03.703, 0, 71 %, 4549 MiB, 32607 MiB
2026/09/11 19:29:03.703, 1, 82 %, 4567 MiB, 32607 MiB
2026/09/11 19:29:03.704, 2, 77 %, 4569 MiB, 32607 MiB
2026/09/11 19:29:03.704, 3, 72 %, 4549 MiB, 32607 MiB
2026/09/11 19:29:08.704, 0, 68 %, 4549 MiB, 32607 MiB
2026/09/11 19:29:08.705, 1, 64 %, 4567 MiB, 32607 MiB
2026/09/11 19:29:08.705, 2, 74 %, 4569 MiB, 32607 MiB
2026/09/11 19:29:08.705, 3, 63 %, 4549 MiB, 32607 MiB
2026/09/11 19:29:13.706, 0, 64 %, 4549 MiB, 32607 MiB
2026/09/11 19:29:13.706, 1, 74 %, 4567 MiB, 32607 MiB
2026/09/11 19:29:13.706, 2, 61 %, 4569 MiB, 32607 MiB
2026/09/11 19:29:13.706, 3, 79 %, 4549 MiB, 32607 MiB
2026/09/11 19:29:18.707, 0, 76 %, 4549 MiB, 32607 MiB
2026/09/11 19:29:18.707, 1, 81 %, 4567 MiB, 32607 MiB
2026/09/11 19:29:18.707, 2, 67 %, 4569 MiB, 32607 MiB
2026/09/11 19:29:18.708, 3, 67 %, 4549 MiB, 32607 MiB
2026/09/11 19:29:23.708, 0, 72 %, 4549 MiB, 32607 MiB
2026/09/11 19:29:23.708, 1, 70 %, 4567 MiB, 32607 MiB
2026/09/11 19:29:23.709, 2, 54 %, 4569 MiB, 32607 MiB
2026/09/11 19:29:23.709, 3, 71 %, 4549 MiB, 32607 MiB
2026/09/11 19:29:28.709, 0, 65 %, 4549 MiB, 32607 MiB
2026/09/11 19:29:28.710, 1, 82 %, 4567 MiB, 32607 MiB
2026/09/11 19:29:28.710, 2, 75 %, 4569 MiB, 32607 MiB
2026/09/11 19:29:28.710, 3, 73 %, 4549 MiB, 32607 MiB
2026/09/11 19:29:33.710, 0, 66 %, 4549 MiB, 32607 MiB
2026/09/11 19:29:33.711, 1, 76 %, 4567 MiB, 32607 MiB
2026/09/11 19:29:33.711, 2, 79 %, 4569 MiB, 32607 MiB
2026/09/11 19:29:33.711, 3, 79 %, 4549 MiB, 32607 MiB
2026/09/11 19:29:38.712, 0, 82 %, 4549 MiB, 32607 MiB
2026/09/11 19:29:38.712, 1, 68 %, 4567 MiB, 32607 MiB
2026/09/11 19:29:38.712, 2, 59 %, 4569 MiB, 32607 MiB
2026/09/11 19:29:38.712, 3, 67 %, 4549 MiB, 32607 MiB
2026/09/11 19:29:43.713, 0, 76 %, 4549 MiB, 32607 MiB
2026/09/11 19:29:43.713, 1, 70 %, 4567 MiB, 32607 MiB
2026/09/11 19:29:43.713, 2, 68 %, 4569 MiB, 32607 MiB
2026/09/11 19:29:43.713, 3, 74 %, 4549 MiB, 32607 MiB
2026/09/11 19:29:48.714, 0, 78 %, 4549 MiB, 32607 MiB
2026/09/11 19:29:48.714, 1, 65 %, 4567 MiB, 32607 MiB
2026/09/11 19:29:48.714, 2, 66 %, 4569 MiB, 32607 MiB
2026/09/11 19:29:48.715, 3, 73 %, 4549 MiB, 32607 MiB
2026/09/11 19:29:53.715, 0, 63 %, 4549 MiB, 32607 MiB
2026/09/11 19:29:53.715, 1, 77 %, 4567 MiB, 32607 MiB
2026/09/11 19:29:53.716, 2, 57 %, 4569 MiB, 32607 MiB
2026/09/11 19:29:53.716, 3, 84 %, 4549 MiB, 32607 MiB
2026/09/11 19:29:58.716, 0, 76 %, 4549 MiB, 32607 MiB
2026/09/11 19:29:58.717, 1, 64 %, 4567 MiB, 32607 MiB
2026/09/11 19:29:58.717, 2, 63 %, 4569 MiB, 32607 MiB
2026/09/11 19:29:58.717, 3, 83 %, 4549 MiB, 32607 MiB
2026/09/11 19:30:03.717, 0, 83 %, 4549 MiB, 32607 MiB
2026/09/11 19:30:03.718, 1, 60 %, 4567 MiB, 32607 MiB
2026/09/11 19:30:03.718, 2, 79 %, 4569 MiB, 32607 MiB
2026/09/11 19:30:03.718, 3, 75 %, 4549 MiB, 32607 MiB
2026/09/11 19:30:08.718, 0, 81 %, 4549 MiB, 32607 MiB
2026/09/11 19:30:08.719, 1, 69 %, 4567 MiB, 32607 MiB
2026/09/11 19:30:08.719, 2, 66 %, 4569 MiB, 32607 MiB
2026/09/11 19:30:08.719, 3, 81 %, 4549 MiB, 32607 MiB
2026/09/11 19:30:13.720, 0, 82 %, 4549 MiB, 32607 MiB
2026/09/11 19:30:13.720, 1, 71 %, 4567 MiB, 32607 MiB
2026/09/11 19:30:13.720, 2, 63 %, 4569 MiB, 32607 MiB
2026/09/11 19:30:13.721, 3, 75 %, 4549 MiB, 32607 MiB
2026/09/11 19:30:18.721, 0, 65 %, 4549 MiB, 32607 MiB
2026/09/11 19:30:18.721, 1, 73 %, 4567 MiB, 32607 MiB
2026/09/11 19:30:18.722, 2, 80 %, 4569 MiB, 32607 MiB
2026/09/11 19:30:18.722, 3, 83 %, 4549 MiB, 32607 MiB
2026/09/11 19:30:23.722, 0, 73 %, 4549 MiB, 32607 MiB
2026/09/11 19:30:23.723, 1, 77 %, 4567 MiB, 32607 MiB
2026/09/11 19:30:23.723, 2, 57 %, 4569 MiB, 32607 MiB
2026/09/11 19:30:23.723, 3, 71 %, 4549 MiB, 32607 MiB
2026/09/11 19:30:28.724, 0, 69 %, 4549 MiB, 32607 MiB
2026/09/11 19:30:28.724, 1, 75 %, 4567 MiB, 32607 MiB
2026/09/11 19:30:28.725, 2, 63 %, 4569 MiB, 32607 MiB
2026/09/11 19:30:28.725, 3, 82 %, 4549 MiB, 32607 MiB
2026/09/11 19:30:33.725, 0, 68 %, 4549 MiB, 32607 MiB
2026/09/11 19:30:33.726, 1, 78 %, 4567 MiB, 32607 MiB
2026/09/11 19:30:33.726, 2, 77 %, 4569 MiB, 32607 MiB
2026/09/11 19:30:33.726, 3, 88 %, 4549 MiB, 32607 MiB
2026/09/11 19:30:38.727, 0, 69 %, 4549 MiB, 32607 MiB
2026/09/11 19:30:38.727, 1, 100 %, 4567 MiB, 32607 MiB
2026/09/11 19:30:38.727, 2, 100 %, 4569 MiB, 32607 MiB
2026/09/11 19:30:38.727, 3, 100 %, 4549 MiB, 32607 MiB
2026/09/11 19:30:43.728, 0, 0 %, 4549 MiB, 32607 MiB
2026/09/11 19:30:43.728, 1, 100 %, 4567 MiB, 32607 MiB
2026/09/11 19:30:43.728, 2, 100 %, 4569 MiB, 32607 MiB
2026/09/11 19:30:43.728, 3, 100 %, 4549 MiB, 32607 MiB
2026/09/11 19:30:48.729, 0, 80 %, 4549 MiB, 32607 MiB
2026/09/11 19:30:48.729, 1, 76 %, 4567 MiB, 32607 MiB
2026/09/11 19:30:48.729, 2, 54 %, 4569 MiB, 32607 MiB
2026/09/11 19:30:48.730, 3, 60 %, 4549 MiB, 32607 MiB
2026/09/11 19:30:53.730, 0, 76 %, 4549 MiB, 32607 MiB
2026/09/11 19:30:53.730, 1, 84 %, 4567 MiB, 32607 MiB
2026/09/11 19:30:53.731, 2, 69 %, 4569 MiB, 32607 MiB
2026/09/11 19:30:53.731, 3, 79 %, 4549 MiB, 32607 MiB
2026/09/11 19:30:58.731, 0, 75 %, 4549 MiB, 32607 MiB
2026/09/11 19:30:58.732, 1, 65 %, 4567 MiB, 32607 MiB
2026/09/11 19:30:58.732, 2, 63 %, 4569 MiB, 32607 MiB
2026/09/11 19:30:58.732, 3, 79 %, 4549 MiB, 32607 MiB
2026/09/11 19:31:03.732, 0, 72 %, 4549 MiB, 32607 MiB
2026/09/11 19:31:03.733, 1, 77 %, 4567 MiB, 32607 MiB
2026/09/11 19:31:03.733, 2, 68 %, 4569 MiB, 32607 MiB
2026/09/11 19:31:03.733, 3, 77 %, 4549 MiB, 32607 MiB
2026/09/11 19:31:08.734, 0, 80 %, 4549 MiB, 32607 MiB
2026/09/11 19:31:08.734, 1, 74 %, 4567 MiB, 32607 MiB
2026/09/11 19:31:08.734, 2, 81 %, 4569 MiB, 32607 MiB
2026/09/11 19:31:08.734, 3, 72 %, 4549 MiB, 32607 MiB
2026/09/11 19:31:13.735, 0, 77 %, 4549 MiB, 32607 MiB
2026/09/11 19:31:13.735, 1, 71 %, 4567 MiB, 32607 MiB
2026/09/11 19:31:13.735, 2, 75 %, 4569 MiB, 32607 MiB
2026/09/11 19:31:13.736, 3, 74 %, 4549 MiB, 32607 MiB
2026/09/11 19:31:18.736, 0, 75 %, 4549 MiB, 32607 MiB
2026/09/11 19:31:18.736, 1, 63 %, 4567 MiB, 32607 MiB
2026/09/11 19:31:18.737, 2, 69 %, 4569 MiB, 32607 MiB
2026/09/11 19:31:18.737, 3, 66 %, 4549 MiB, 32607 MiB
2026/09/11 19:31:23.737, 0, 73 %, 4549 MiB, 32607 MiB
2026/09/11 19:31:23.738, 1, 63 %, 4567 MiB, 32607 MiB
2026/09/11 19:31:23.738, 2, 65 %, 4569 MiB, 32607 MiB
2026/09/11 19:31:23.738, 3, 71 %, 4549 MiB, 32607 MiB
2026/09/11 19:31:28.739, 0, 73 %, 4549 MiB, 32607 MiB
2026/09/11 19:31:28.739, 1, 79 %, 4567 MiB, 32607 MiB
2026/09/11 19:31:28.739, 2, 69 %, 4569 MiB, 32607 MiB
2026/09/11 19:31:28.740, 3, 74 %, 4549 MiB, 32607 MiB
2026/09/11 19:31:33.740, 0, 69 %, 4549 MiB, 32607 MiB
2026/09/11 19:31:33.741, 1, 63 %, 4567 MiB, 32607 MiB
2026/09/11 19:31:33.741, 2, 66 %, 4569 MiB, 32607 MiB
2026/09/11 19:31:33.741, 3, 75 %, 4549 MiB, 32607 MiB
2026/09/11 19:31:38.742, 0, 70 %, 4549 MiB, 32607 MiB
2026/09/11 19:31:38.742, 1, 47 %, 4567 MiB, 32607 MiB
2026/09/11 19:31:38.742, 2, 48 %, 4569 MiB, 32607 MiB
2026/09/11 19:31:38.742, 3, 74 %, 4549 MiB, 32607 MiB
2026/09/11 19:31:43.743, 0, 78 %, 4549 MiB, 32607 MiB
2026/09/11 19:31:43.743, 1, 74 %, 4567 MiB, 32607 MiB
2026/09/11 19:31:43.744, 2, 73 %, 4569 MiB, 32607 MiB
2026/09/11 19:31:43.744, 3, 81 %, 4549 MiB, 32607 MiB
2026/09/11 19:31:48.744, 0, 82 %, 4549 MiB, 32607 MiB
2026/09/11 19:31:48.745, 1, 53 %, 4567 MiB, 32607 MiB
2026/09/11 19:31:48.745, 2, 62 %, 4569 MiB, 32607 MiB
2026/09/11 19:31:48.745, 3, 83 %, 4549 MiB, 32607 MiB
2026/09/11 19:31:53.745, 0, 81 %, 4549 MiB, 32607 MiB
2026/09/11 19:31:53.746, 1, 59 %, 4567 MiB, 32607 MiB
2026/09/11 19:31:53.746, 2, 68 %, 4569 MiB, 32607 MiB
2026/09/11 19:31:53.746, 3, 78 %, 4549 MiB, 32607 MiB
2026/09/11 19:31:58.747, 0, 82 %, 4549 MiB, 32607 MiB
2026/09/11 19:31:58.747, 1, 63 %, 4567 MiB, 32607 MiB
2026/09/11 19:31:58.747, 2, 73 %, 4569 MiB, 32607 MiB
2026/09/11 19:31:58.747, 3, 52 %, 4549 MiB, 32607 MiB
2026/09/11 19:32:03.748, 0, 72 %, 4549 MiB, 32607 MiB
2026/09/11 19:32:03.748, 1, 85 %, 4567 MiB, 32607 MiB
2026/09/11 19:32:03.748, 2, 55 %, 4569 MiB, 32607 MiB
2026/09/11 19:32:03.749, 3, 52 %, 4549 MiB, 32607 MiB
2026/09/11 19:32:08.749, 0, 78 %, 4549 MiB, 32607 MiB
2026/09/11 19:32:08.749, 1, 70 %, 4567 MiB, 32607 MiB
2026/09/11 19:32:08.750, 2, 72 %, 4569 MiB, 32607 MiB
2026/09/11 19:32:08.750, 3, 75 %, 4549 MiB, 32607 MiB
2026/09/11 19:32:13.750, 0, 74 %, 4549 MiB, 32607 MiB
2026/09/11 19:32:13.750, 1, 73 %, 4567 MiB, 32607 MiB
2026/09/11 19:32:13.751, 2, 57 %, 4569 MiB, 32607 MiB
2026/09/11 19:32:13.751, 3, 78 %, 4549 MiB, 32607 MiB
2026/09/11 19:32:18.751, 0, 82 %, 4549 MiB, 32607 MiB
2026/09/11 19:32:18.752, 1, 64 %, 4567 MiB, 32607 MiB
2026/09/11 19:32:18.752, 2, 81 %, 4569 MiB, 32607 MiB
2026/09/11 19:32:18.752, 3, 81 %, 4549 MiB, 32607 MiB
2026/09/11 19:32:23.753, 0, 78 %, 4549 MiB, 32607 MiB
2026/09/11 19:32:23.753, 1, 73 %, 4567 MiB, 32607 MiB
2026/09/11 19:32:23.754, 2, 63 %, 4569 MiB, 32607 MiB
2026/09/11 19:32:23.754, 3, 66 %, 4549 MiB, 32607 MiB
2026/09/11 19:32:28.754, 0, 73 %, 4549 MiB, 32607 MiB
2026/09/11 19:32:28.755, 1, 83 %, 4567 MiB, 32607 MiB
2026/09/11 19:32:28.755, 2, 57 %, 4569 MiB, 32607 MiB
2026/09/11 19:32:28.755, 3, 64 %, 4549 MiB, 32607 MiB
2026/09/11 19:32:33.756, 0, 81 %, 4549 MiB, 32607 MiB
2026/09/11 19:32:33.756, 1, 58 %, 4567 MiB, 32607 MiB
2026/09/11 19:32:33.756, 2, 71 %, 4569 MiB, 32607 MiB
2026/09/11 19:32:33.756, 3, 67 %, 4549 MiB, 32607 MiB
2026/09/11 19:32:38.757, 0, 75 %, 4549 MiB, 32607 MiB
2026/09/11 19:32:38.757, 1, 77 %, 4567 MiB, 32607 MiB
2026/09/11 19:32:38.757, 2, 78 %, 4569 MiB, 32607 MiB
2026/09/11 19:32:38.757, 3, 81 %, 4549 MiB, 32607 MiB
2026/09/11 19:32:43.758, 0, 69 %, 4549 MiB, 32607 MiB
2026/09/11 19:32:43.758, 1, 73 %, 4567 MiB, 32607 MiB
2026/09/11 19:32:43.758, 2, 69 %, 4569 MiB, 32607 MiB
2026/09/11 19:32:43.759, 3, 75 %, 4549 MiB, 32607 MiB
2026/09/11 19:32:48.759, 0, 70 %, 4549 MiB, 32607 MiB
2026/09/11 19:32:48.759, 1, 74 %, 4567 MiB, 32607 MiB
2026/09/11 19:32:48.760, 2, 75 %, 4569 MiB, 32607 MiB
2026/09/11 19:32:48.760, 3, 80 %, 4549 MiB, 32607 MiB
2026/09/11 19:32:53.760, 0, 68 %, 4549 MiB, 32607 MiB
2026/09/11 19:32:53.761, 1, 58 %, 4567 MiB, 32607 MiB
2026/09/11 19:32:53.761, 2, 69 %, 4569 MiB, 32607 MiB
2026/09/11 19:32:53.761, 3, 75 %, 4549 MiB, 32607 MiB
2026/09/11 19:32:58.761, 0, 78 %, 4549 MiB, 32607 MiB
2026/09/11 19:32:58.762, 1, 69 %, 4567 MiB, 32607 MiB
2026/09/11 19:32:58.762, 2, 66 %, 4569 MiB, 32607 MiB
2026/09/11 19:32:58.762, 3, 78 %, 4549 MiB, 32607 MiB
2026/09/11 19:33:03.763, 0, 62 %, 4549 MiB, 32607 MiB
2026/09/11 19:33:03.763, 1, 58 %, 4567 MiB, 32607 MiB
2026/09/11 19:33:03.763, 2, 59 %, 4569 MiB, 32607 MiB
2026/09/11 19:33:03.763, 3, 63 %, 4549 MiB, 32607 MiB
2026/09/11 19:33:08.764, 0, 78 %, 4549 MiB, 32607 MiB
2026/09/11 19:33:08.764, 1, 77 %, 4567 MiB, 32607 MiB
2026/09/11 19:33:08.764, 2, 63 %, 4569 MiB, 32607 MiB
2026/09/11 19:33:08.764, 3, 72 %, 4549 MiB, 32607 MiB
2026/09/11 19:33:13.765, 0, 76 %, 4549 MiB, 32607 MiB
2026/09/11 19:33:13.765, 1, 62 %, 4567 MiB, 32607 MiB
2026/09/11 19:33:13.766, 2, 58 %, 4569 MiB, 32607 MiB
2026/09/11 19:33:13.766, 3, 72 %, 4549 MiB, 32607 MiB
2026/09/11 19:33:18.766, 0, 87 %, 4549 MiB, 32607 MiB
2026/09/11 19:33:18.767, 1, 73 %, 4567 MiB, 32607 MiB
2026/09/11 19:33:18.767, 2, 78 %, 4569 MiB, 32607 MiB
2026/09/11 19:33:18.767, 3, 78 %, 4549 MiB, 32607 MiB
2026/09/11 19:33:23.768, 0, 68 %, 4549 MiB, 32607 MiB
2026/09/11 19:33:23.768, 1, 82 %, 4567 MiB, 32607 MiB
2026/09/11 19:33:23.768, 2, 69 %, 4569 MiB, 32607 MiB
2026/09/11 19:33:23.768, 3, 79 %, 4549 MiB, 32607 MiB
2026/09/11 19:33:28.769, 0, 57 %, 4549 MiB, 32607 MiB
2026/09/11 19:33:28.769, 1, 77 %, 4567 MiB, 32607 MiB
2026/09/11 19:33:28.769, 2, 70 %, 4569 MiB, 32607 MiB
2026/09/11 19:33:28.770, 3, 79 %, 4549 MiB, 32607 MiB
2026/09/11 19:33:33.770, 0, 60 %, 4549 MiB, 32607 MiB
2026/09/11 19:33:33.771, 1, 82 %, 4567 MiB, 32607 MiB
2026/09/11 19:33:33.771, 2, 74 %, 4569 MiB, 32607 MiB
2026/09/11 19:33:33.771, 3, 69 %, 4549 MiB, 32607 MiB
2026/09/11 19:33:38.771, 0, 72 %, 4549 MiB, 32607 MiB
2026/09/11 19:33:38.772, 1, 69 %, 4567 MiB, 32607 MiB
2026/09/11 19:33:38.772, 2, 56 %, 4569 MiB, 32607 MiB
2026/09/11 19:33:38.772, 3, 69 %, 4549 MiB, 32607 MiB
2026/09/11 19:33:43.772, 0, 72 %, 4549 MiB, 32607 MiB
2026/09/11 19:33:43.773, 1, 65 %, 4567 MiB, 32607 MiB
2026/09/11 19:33:43.773, 2, 70 %, 4569 MiB, 32607 MiB
2026/09/11 19:33:43.773, 3, 78 %, 4549 MiB, 32607 MiB
2026/09/11 19:33:48.774, 0, 69 %, 4549 MiB, 32607 MiB
2026/09/11 19:33:48.774, 1, 100 %, 4567 MiB, 32607 MiB
2026/09/11 19:33:48.774, 2, 100 %, 4569 MiB, 32607 MiB
2026/09/11 19:33:48.774, 3, 100 %, 4549 MiB, 32607 MiB
2026/09/11 19:33:53.774, 0, 53 %, 4549 MiB, 32607 MiB
2026/09/11 19:33:53.775, 1, 100 %, 4567 MiB, 32607 MiB
2026/09/11 19:33:53.775, 2, 100 %, 4569 MiB, 32607 MiB
2026/09/11 19:33:53.775, 3, 100 %, 4549 MiB, 32607 MiB
2026/09/11 19:33:58.776, 0, 57 %, 4549 MiB, 32607 MiB
2026/09/11 19:33:58.776, 1, 73 %, 4567 MiB, 32607 MiB
2026/09/11 19:33:58.776, 2, 70 %, 4569 MiB, 32607 MiB
2026/09/11 19:33:58.776, 3, 85 %, 4549 MiB, 32607 MiB
2026/09/11 19:34:03.777, 0, 81 %, 4549 MiB, 32607 MiB
2026/09/11 19:34:03.777, 1, 75 %, 4567 MiB, 32607 MiB
2026/09/11 19:34:03.777, 2, 68 %, 4569 MiB, 32607 MiB
2026/09/11 19:34:03.777, 3, 80 %, 4549 MiB, 32607 MiB
2026/09/11 19:34:08.778, 0, 62 %, 4549 MiB, 32607 MiB
2026/09/11 19:34:08.778, 1, 69 %, 4567 MiB, 32607 MiB
2026/09/11 19:34:08.778, 2, 76 %, 4569 MiB, 32607 MiB
2026/09/11 19:34:08.779, 3, 69 %, 4549 MiB, 32607 MiB
2026/09/11 19:34:13.779, 0, 79 %, 4549 MiB, 32607 MiB
2026/09/11 19:34:13.780, 1, 73 %, 4567 MiB, 32607 MiB
2026/09/11 19:34:13.780, 2, 77 %, 4569 MiB, 32607 MiB
2026/09/11 19:34:13.780, 3, 61 %, 4549 MiB, 32607 MiB
2026/09/11 19:34:18.780, 0, 77 %, 4549 MiB, 32607 MiB
2026/09/11 19:34:18.781, 1, 78 %, 4567 MiB, 32607 MiB
2026/09/11 19:34:18.781, 2, 80 %, 4569 MiB, 32607 MiB
2026/09/11 19:34:18.781, 3, 68 %, 4549 MiB, 32607 MiB
2026/09/11 19:34:23.782, 0, 76 %, 4549 MiB, 32607 MiB
2026/09/11 19:34:23.782, 1, 65 %, 4567 MiB, 32607 MiB
2026/09/11 19:34:23.782, 2, 81 %, 4569 MiB, 32607 MiB
2026/09/11 19:34:23.782, 3, 71 %, 4549 MiB, 32607 MiB
2026/09/11 19:34:28.783, 0, 74 %, 4549 MiB, 32607 MiB
2026/09/11 19:34:28.783, 1, 63 %, 4567 MiB, 32607 MiB
2026/09/11 19:34:28.783, 2, 73 %, 4569 MiB, 32607 MiB
2026/09/11 19:34:28.784, 3, 77 %, 4549 MiB, 32607 MiB
2026/09/11 19:34:33.784, 0, 79 %, 4549 MiB, 32607 MiB
2026/09/11 19:34:33.785, 1, 77 %, 4567 MiB, 32607 MiB
2026/09/11 19:34:33.785, 2, 71 %, 4569 MiB, 32607 MiB
2026/09/11 19:34:33.785, 3, 74 %, 4549 MiB, 32607 MiB
2026/09/11 19:34:38.785, 0, 71 %, 4549 MiB, 32607 MiB
2026/09/11 19:34:38.786, 1, 73 %, 4567 MiB, 32607 MiB
2026/09/11 19:34:38.786, 2, 69 %, 4569 MiB, 32607 MiB
2026/09/11 19:34:38.786, 3, 70 %, 4549 MiB, 32607 MiB
2026/09/11 19:34:43.787, 0, 63 %, 4549 MiB, 32607 MiB
2026/09/11 19:34:43.787, 1, 61 %, 4567 MiB, 32607 MiB
2026/09/11 19:34:43.787, 2, 80 %, 4569 MiB, 32607 MiB
2026/09/11 19:34:43.788, 3, 80 %, 4549 MiB, 32607 MiB
2026/09/11 19:34:48.788, 0, 66 %, 4549 MiB, 32607 MiB
2026/09/11 19:34:48.789, 1, 75 %, 4567 MiB, 32607 MiB
2026/09/11 19:34:48.789, 2, 65 %, 4569 MiB, 32607 MiB
2026/09/11 19:34:48.789, 3, 81 %, 4549 MiB, 32607 MiB
2026/09/11 19:34:53.790, 0, 70 %, 4549 MiB, 32607 MiB
2026/09/11 19:34:53.790, 1, 76 %, 4567 MiB, 32607 MiB
2026/09/11 19:34:53.790, 2, 77 %, 4569 MiB, 32607 MiB
2026/09/11 19:34:53.791, 3, 81 %, 4549 MiB, 32607 MiB
2026/09/11 19:34:58.791, 0, 83 %, 4549 MiB, 32607 MiB
2026/09/11 19:34:58.791, 1, 66 %, 4567 MiB, 32607 MiB
2026/09/11 19:34:58.792, 2, 76 %, 4569 MiB, 32607 MiB
2026/09/11 19:34:58.792, 3, 82 %, 4549 MiB, 32607 MiB
2026/09/11 19:35:03.792, 0, 76 %, 4549 MiB, 32607 MiB
2026/09/11 19:35:03.793, 1, 68 %, 4567 MiB, 32607 MiB
2026/09/11 19:35:03.793, 2, 76 %, 4569 MiB, 32607 MiB
2026/09/11 19:35:03.793, 3, 78 %, 4549 MiB, 32607 MiB
2026/09/11 19:35:08.794, 0, 78 %, 4549 MiB, 32607 MiB
2026/09/11 19:35:08.794, 1, 67 %, 4567 MiB, 32607 MiB
2026/09/11 19:35:08.794, 2, 69 %, 4569 MiB, 32607 MiB
2026/09/11 19:35:08.794, 3, 76 %, 4549 MiB, 32607 MiB
2026/09/11 19:35:13.795, 0, 88 %, 4549 MiB, 32607 MiB
2026/09/11 19:35:13.795, 1, 54 %, 4567 MiB, 32607 MiB
2026/09/11 19:35:13.795, 2, 72 %, 4569 MiB, 32607 MiB
2026/09/11 19:35:13.796, 3, 73 %, 4549 MiB, 32607 MiB
2026/09/11 19:35:18.796, 0, 75 %, 4549 MiB, 32607 MiB
2026/09/11 19:35:18.797, 1, 74 %, 4567 MiB, 32607 MiB
2026/09/11 19:35:18.797, 2, 56 %, 4569 MiB, 32607 MiB
2026/09/11 19:35:18.797, 3, 71 %, 4549 MiB, 32607 MiB
2026/09/11 19:35:23.797, 0, 79 %, 4549 MiB, 32607 MiB
2026/09/11 19:35:23.798, 1, 65 %, 4567 MiB, 32607 MiB
2026/09/11 19:35:23.798, 2, 74 %, 4569 MiB, 32607 MiB
2026/09/11 19:35:23.798, 3, 76 %, 4549 MiB, 32607 MiB
2026/09/11 19:35:28.799, 0, 72 %, 4549 MiB, 32607 MiB
2026/09/11 19:35:28.799, 1, 68 %, 4567 MiB, 32607 MiB
2026/09/11 19:35:28.799, 2, 57 %, 4569 MiB, 32607 MiB
2026/09/11 19:35:28.799, 3, 61 %, 4549 MiB, 32607 MiB
2026/09/11 19:35:33.800, 0, 78 %, 4549 MiB, 32607 MiB
2026/09/11 19:35:33.800, 1, 58 %, 4567 MiB, 32607 MiB
2026/09/11 19:35:33.800, 2, 69 %, 4569 MiB, 32607 MiB
2026/09/11 19:35:33.801, 3, 73 %, 4549 MiB, 32607 MiB
2026/09/11 19:35:38.801, 0, 69 %, 4549 MiB, 32607 MiB
2026/09/11 19:35:38.801, 1, 79 %, 4567 MiB, 32607 MiB
2026/09/11 19:35:38.802, 2, 69 %, 4569 MiB, 32607 MiB
2026/09/11 19:35:38.802, 3, 62 %, 4549 MiB, 32607 MiB
2026/09/11 19:35:43.802, 0, 71 %, 4549 MiB, 32607 MiB
2026/09/11 19:35:43.802, 1, 72 %, 4567 MiB, 32607 MiB
2026/09/11 19:35:43.803, 2, 73 %, 4569 MiB, 32607 MiB
2026/09/11 19:35:43.803, 3, 72 %, 4549 MiB, 32607 MiB
2026/09/11 19:35:48.803, 0, 79 %, 4549 MiB, 32607 MiB
2026/09/11 19:35:48.804, 1, 74 %, 4567 MiB, 32607 MiB
2026/09/11 19:35:48.804, 2, 78 %, 4569 MiB, 32607 MiB
2026/09/11 19:35:48.804, 3, 80 %, 4549 MiB, 32607 MiB
2026/09/11 19:35:53.804, 0, 81 %, 4549 MiB, 32607 MiB
2026/09/11 19:35:53.805, 1, 73 %, 4567 MiB, 32607 MiB
2026/09/11 19:35:53.805, 2, 74 %, 4569 MiB, 32607 MiB
2026/09/11 19:35:53.805, 3, 77 %, 4549 MiB, 32607 MiB
2026/09/11 19:35:58.806, 0, 74 %, 4549 MiB, 32607 MiB
2026/09/11 19:35:58.806, 1, 66 %, 4567 MiB, 32607 MiB
2026/09/11 19:35:58.806, 2, 73 %, 4569 MiB, 32607 MiB
2026/09/11 19:35:58.806, 3, 78 %, 4549 MiB, 32607 MiB
2026/09/11 19:36:03.807, 0, 81 %, 4549 MiB, 32607 MiB
2026/09/11 19:36:03.807, 1, 68 %, 4567 MiB, 32607 MiB
2026/09/11 19:36:03.807, 2, 62 %, 4569 MiB, 32607 MiB
2026/09/11 19:36:03.808, 3, 81 %, 4549 MiB, 32607 MiB
2026/09/11 19:36:08.808, 0, 80 %, 4549 MiB, 32607 MiB
2026/09/11 19:36:08.808, 1, 73 %, 4567 MiB, 32607 MiB
2026/09/11 19:36:08.809, 2, 66 %, 4569 MiB, 32607 MiB
2026/09/11 19:36:08.809, 3, 67 %, 4549 MiB, 32607 MiB
2026/09/11 19:36:13.809, 0, 62 %, 4549 MiB, 32607 MiB
2026/09/11 19:36:13.810, 1, 68 %, 4567 MiB, 32607 MiB
2026/09/11 19:36:13.810, 2, 69 %, 4569 MiB, 32607 MiB
2026/09/11 19:36:13.810, 3, 78 %, 4549 MiB, 32607 MiB
2026/09/11 19:36:18.811, 0, 52 %, 4549 MiB, 32607 MiB
2026/09/11 19:36:18.811, 1, 71 %, 4567 MiB, 32607 MiB
2026/09/11 19:36:18.811, 2, 100 %, 4569 MiB, 32607 MiB
2026/09/11 19:36:18.812, 3, 100 %, 4549 MiB, 32607 MiB
2026/09/11 19:36:23.812, 0, 87 %, 4549 MiB, 32607 MiB
2026/09/11 19:36:23.813, 1, 67 %, 4567 MiB, 32607 MiB
2026/09/11 19:36:23.813, 2, 78 %, 4569 MiB, 32607 MiB
2026/09/11 19:36:23.813, 3, 77 %, 4549 MiB, 32607 MiB
2026/09/11 19:36:28.813, 0, 79 %, 4549 MiB, 32607 MiB
2026/09/11 19:36:28.814, 1, 81 %, 4567 MiB, 32607 MiB
2026/09/11 19:36:28.814, 2, 69 %, 4569 MiB, 32607 MiB
2026/09/11 19:36:28.814, 3, 70 %, 4549 MiB, 32607 MiB
2026/09/11 19:36:33.815, 0, 72 %, 4549 MiB, 32607 MiB
2026/09/11 19:36:33.815, 1, 67 %, 4567 MiB, 32607 MiB
2026/09/11 19:36:33.815, 2, 64 %, 4569 MiB, 32607 MiB
2026/09/11 19:36:33.815, 3, 69 %, 4549 MiB, 32607 MiB
2026/09/11 19:36:38.816, 0, 79 %, 4549 MiB, 32607 MiB
2026/09/11 19:36:38.816, 1, 64 %, 4567 MiB, 32607 MiB
2026/09/11 19:36:38.816, 2, 71 %, 4569 MiB, 32607 MiB
2026/09/11 19:36:38.817, 3, 71 %, 4549 MiB, 32607 MiB
2026/09/11 19:36:43.817, 0, 77 %, 4549 MiB, 32607 MiB
2026/09/11 19:36:43.817, 1, 58 %, 4567 MiB, 32607 MiB
2026/09/11 19:36:43.818, 2, 69 %, 4569 MiB, 32607 MiB
2026/09/11 19:36:43.818, 3, 70 %, 4549 MiB, 32607 MiB
2026/09/11 19:36:48.818, 0, 79 %, 4549 MiB, 32607 MiB
2026/09/11 19:36:48.819, 1, 76 %, 4567 MiB, 32607 MiB
2026/09/11 19:36:48.819, 2, 73 %, 4569 MiB, 32607 MiB
2026/09/11 19:36:48.819, 3, 77 %, 4549 MiB, 32607 MiB
2026/09/11 19:36:53.820, 0, 64 %, 4549 MiB, 32607 MiB
2026/09/11 19:36:53.820, 1, 67 %, 4567 MiB, 32607 MiB
2026/09/11 19:36:53.820, 2, 76 %, 4569 MiB, 32607 MiB
2026/09/11 19:36:53.820, 3, 83 %, 4549 MiB, 32607 MiB
2026/09/11 19:36:58.821, 0, 68 %, 4549 MiB, 32607 MiB
2026/09/11 19:36:58.821, 1, 100 %, 4567 MiB, 32607 MiB
2026/09/11 19:36:58.822, 2, 100 %, 4569 MiB, 32607 MiB
2026/09/11 19:36:58.822, 3, 100 %, 4549 MiB, 32607 MiB
2026/09/11 19:37:03.822, 0, 79 %, 4549 MiB, 32607 MiB
2026/09/11 19:37:03.823, 1, 77 %, 4567 MiB, 32607 MiB
2026/09/11 19:37:03.823, 2, 78 %, 4569 MiB, 32607 MiB
2026/09/11 19:37:03.823, 3, 67 %, 4549 MiB, 32607 MiB
2026/09/11 19:37:08.824, 0, 72 %, 4549 MiB, 32607 MiB
2026/09/11 19:37:08.824, 1, 57 %, 4567 MiB, 32607 MiB
2026/09/11 19:37:08.824, 2, 69 %, 4569 MiB, 32607 MiB
2026/09/11 19:37:08.825, 3, 71 %, 4549 MiB, 32607 MiB
2026/09/11 19:37:13.825, 0, 70 %, 4549 MiB, 32607 MiB
2026/09/11 19:37:13.825, 1, 64 %, 4567 MiB, 32607 MiB
2026/09/11 19:37:13.826, 2, 69 %, 4569 MiB, 32607 MiB
2026/09/11 19:37:13.826, 3, 64 %, 4549 MiB, 32607 MiB
2026/09/11 19:37:18.826, 0, 79 %, 4549 MiB, 32607 MiB
2026/09/11 19:37:18.827, 1, 80 %, 4567 MiB, 32607 MiB
2026/09/11 19:37:18.827, 2, 76 %, 4569 MiB, 32607 MiB
2026/09/11 19:37:18.827, 3, 83 %, 4549 MiB, 32607 MiB
2026/09/11 19:37:23.827, 0, 79 %, 4549 MiB, 32607 MiB
2026/09/11 19:37:23.828, 1, 77 %, 4567 MiB, 32607 MiB
2026/09/11 19:37:23.828, 2, 78 %, 4569 MiB, 32607 MiB
2026/09/11 19:37:23.828, 3, 79 %, 4549 MiB, 32607 MiB
2026/09/11 19:37:28.829, 0, 79 %, 4549 MiB, 32607 MiB
2026/09/11 19:37:28.829, 1, 79 %, 4567 MiB, 32607 MiB
2026/09/11 19:37:28.829, 2, 73 %, 4569 MiB, 32607 MiB
2026/09/11 19:37:28.829, 3, 68 %, 4549 MiB, 32607 MiB
2026/09/11 19:37:33.830, 0, 65 %, 4549 MiB, 32607 MiB
2026/09/11 19:37:33.830, 1, 78 %, 4567 MiB, 32607 MiB
2026/09/11 19:37:33.830, 2, 69 %, 4569 MiB, 32607 MiB
2026/09/11 19:37:33.830, 3, 83 %, 4549 MiB, 32607 MiB
2026/09/11 19:37:38.831, 0, 83 %, 4549 MiB, 32607 MiB
2026/09/11 19:37:38.831, 1, 73 %, 4567 MiB, 32607 MiB
2026/09/11 19:37:38.831, 2, 65 %, 4569 MiB, 32607 MiB
2026/09/11 19:37:38.831, 3, 64 %, 4549 MiB, 32607 MiB
2026/09/11 19:37:43.832, 0, 69 %, 4549 MiB, 32607 MiB
2026/09/11 19:37:43.832, 1, 79 %, 4567 MiB, 32607 MiB
2026/09/11 19:37:43.832, 2, 68 %, 4569 MiB, 32607 MiB
2026/09/11 19:37:43.833, 3, 75 %, 4549 MiB, 32607 MiB
2026/09/11 19:37:48.833, 0, 80 %, 4549 MiB, 32607 MiB
2026/09/11 19:37:48.834, 1, 69 %, 4567 MiB, 32607 MiB
2026/09/11 19:37:48.834, 2, 77 %, 4569 MiB, 32607 MiB
2026/09/11 19:37:48.834, 3, 80 %, 4549 MiB, 32607 MiB
2026/09/11 19:37:53.834, 0, 80 %, 4549 MiB, 32607 MiB
2026/09/11 19:37:53.835, 1, 77 %, 4567 MiB, 32607 MiB
2026/09/11 19:37:53.835, 2, 61 %, 4569 MiB, 32607 MiB
2026/09/11 19:37:53.835, 3, 78 %, 4549 MiB, 32607 MiB
2026/09/11 19:37:58.836, 0, 72 %, 4549 MiB, 32607 MiB
2026/09/11 19:37:58.836, 1, 77 %, 4567 MiB, 32607 MiB
2026/09/11 19:37:58.836, 2, 65 %, 4569 MiB, 32607 MiB
2026/09/11 19:37:58.836, 3, 71 %, 4549 MiB, 32607 MiB
2026/09/11 19:38:03.837, 0, 72 %, 4549 MiB, 32607 MiB
2026/09/11 19:38:03.837, 1, 66 %, 4567 MiB, 32607 MiB
2026/09/11 19:38:03.837, 2, 65 %, 4569 MiB, 32607 MiB
2026/09/11 19:38:03.838, 3, 73 %, 4549 MiB, 32607 MiB
2026/09/11 19:38:08.838, 0, 68 %, 4549 MiB, 32607 MiB
2026/09/11 19:38:08.838, 1, 69 %, 4567 MiB, 32607 MiB
2026/09/11 19:38:08.839, 2, 78 %, 4569 MiB, 32607 MiB
2026/09/11 19:38:08.839, 3, 80 %, 4549 MiB, 32607 MiB
2026/09/11 19:38:13.839, 0, 71 %, 4549 MiB, 32607 MiB
2026/09/11 19:38:13.840, 1, 75 %, 4567 MiB, 32607 MiB
2026/09/11 19:38:13.840, 2, 71 %, 4569 MiB, 32607 MiB
2026/09/11 19:38:13.840, 3, 70 %, 4549 MiB, 32607 MiB
2026/09/11 19:38:18.840, 0, 71 %, 4549 MiB, 32607 MiB
2026/09/11 19:38:18.841, 1, 70 %, 4567 MiB, 32607 MiB
2026/09/11 19:38:18.841, 2, 44 %, 4569 MiB, 32607 MiB
2026/09/11 19:38:18.841, 3, 66 %, 4549 MiB, 32607 MiB
2026/09/11 19:38:23.842, 0, 79 %, 4549 MiB, 32607 MiB
2026/09/11 19:38:23.842, 1, 83 %, 4567 MiB, 32607 MiB
2026/09/11 19:38:23.842, 2, 79 %, 4569 MiB, 32607 MiB
2026/09/11 19:38:23.842, 3, 82 %, 4549 MiB, 32607 MiB
2026/09/11 19:38:28.843, 0, 70 %, 4549 MiB, 32607 MiB
2026/09/11 19:38:28.843, 1, 63 %, 4567 MiB, 32607 MiB
2026/09/11 19:38:28.843, 2, 63 %, 4569 MiB, 32607 MiB
2026/09/11 19:38:28.844, 3, 67 %, 4549 MiB, 32607 MiB
2026/09/11 19:38:33.844, 0, 77 %, 4549 MiB, 32607 MiB
2026/09/11 19:38:33.845, 1, 65 %, 4567 MiB, 32607 MiB
2026/09/11 19:38:33.845, 2, 62 %, 4569 MiB, 32607 MiB
2026/09/11 19:38:33.845, 3, 66 %, 4549 MiB, 32607 MiB
2026/09/11 19:38:38.845, 0, 75 %, 4549 MiB, 32607 MiB
2026/09/11 19:38:38.846, 1, 76 %, 4567 MiB, 32607 MiB
2026/09/11 19:38:38.846, 2, 70 %, 4569 MiB, 32607 MiB
2026/09/11 19:38:38.846, 3, 72 %, 4549 MiB, 32607 MiB
2026/09/11 19:38:43.847, 0, 76 %, 4549 MiB, 32607 MiB
2026/09/11 19:38:43.847, 1, 80 %, 4567 MiB, 32607 MiB
2026/09/11 19:38:43.847, 2, 74 %, 4569 MiB, 32607 MiB
2026/09/11 19:38:43.848, 3, 85 %, 4549 MiB, 32607 MiB
2026/09/11 19:38:48.848, 0, 0 %, 4549 MiB, 32607 MiB
2026/09/11 19:38:48.848, 1, 100 %, 4567 MiB, 32607 MiB
2026/09/11 19:38:48.849, 2, 82 %, 4569 MiB, 32607 MiB
2026/09/11 19:38:48.849, 3, 81 %, 4549 MiB, 32607 MiB
2026/09/11 19:38:53.849, 0, 58 %, 4549 MiB, 32607 MiB
2026/09/11 19:38:53.850, 1, 81 %, 4567 MiB, 32607 MiB
2026/09/11 19:38:53.850, 2, 72 %, 4569 MiB, 32607 MiB
2026/09/11 19:38:53.850, 3, 65 %, 4549 MiB, 32607 MiB
2026/09/11 19:38:58.851, 0, 55 %, 4549 MiB, 32607 MiB
2026/09/11 19:38:58.851, 1, 77 %, 4567 MiB, 32607 MiB
2026/09/11 19:38:58.851, 2, 85 %, 4569 MiB, 32607 MiB
2026/09/11 19:38:58.851, 3, 89 %, 4549 MiB, 32607 MiB
2026/09/11 19:39:03.852, 0, 84 %, 4549 MiB, 32607 MiB
2026/09/11 19:39:03.852, 1, 72 %, 4567 MiB, 32607 MiB
2026/09/11 19:39:03.852, 2, 67 %, 4569 MiB, 32607 MiB
2026/09/11 19:39:03.853, 3, 55 %, 4549 MiB, 32607 MiB
2026/09/11 19:39:08.853, 0, 64 %, 4549 MiB, 32607 MiB
2026/09/11 19:39:08.853, 1, 63 %, 4567 MiB, 32607 MiB
2026/09/11 19:39:08.854, 2, 70 %, 4569 MiB, 32607 MiB
2026/09/11 19:39:08.854, 3, 65 %, 4549 MiB, 32607 MiB
2026/09/11 19:39:13.854, 0, 72 %, 4549 MiB, 32607 MiB
2026/09/11 19:39:13.855, 1, 74 %, 4567 MiB, 32607 MiB
2026/09/11 19:39:13.855, 2, 64 %, 4569 MiB, 32607 MiB
2026/09/11 19:39:13.855, 3, 71 %, 4549 MiB, 32607 MiB
2026/09/11 19:39:18.855, 0, 73 %, 4549 MiB, 32607 MiB
2026/09/11 19:39:18.856, 1, 60 %, 4567 MiB, 32607 MiB
2026/09/11 19:39:18.856, 2, 72 %, 4569 MiB, 32607 MiB
2026/09/11 19:39:18.856, 3, 60 %, 4549 MiB, 32607 MiB
2026/09/11 19:39:23.857, 0, 83 %, 4549 MiB, 32607 MiB
2026/09/11 19:39:23.857, 1, 68 %, 4567 MiB, 32607 MiB
2026/09/11 19:39:23.857, 2, 68 %, 4569 MiB, 32607 MiB
2026/09/11 19:39:23.857, 3, 73 %, 4549 MiB, 32607 MiB
2026/09/11 19:39:28.858, 0, 71 %, 4549 MiB, 32607 MiB
2026/09/11 19:39:28.859, 1, 72 %, 4567 MiB, 32607 MiB
2026/09/11 19:39:28.859, 2, 83 %, 4569 MiB, 32607 MiB
2026/09/11 19:39:28.859, 3, 79 %, 4549 MiB, 32607 MiB
2026/09/11 19:39:33.859, 0, 69 %, 4549 MiB, 32607 MiB
2026/09/11 19:39:33.860, 1, 68 %, 4567 MiB, 32607 MiB
2026/09/11 19:39:33.860, 2, 67 %, 4569 MiB, 32607 MiB
2026/09/11 19:39:33.860, 3, 78 %, 4549 MiB, 32607 MiB
2026/09/11 19:39:38.861, 0, 72 %, 4549 MiB, 32607 MiB
2026/09/11 19:39:38.861, 1, 77 %, 4567 MiB, 32607 MiB
2026/09/11 19:39:38.861, 2, 68 %, 4569 MiB, 32607 MiB
2026/09/11 19:39:38.861, 3, 63 %, 4549 MiB, 32607 MiB
2026/09/11 19:39:43.862, 0, 76 %, 4549 MiB, 32607 MiB
2026/09/11 19:39:43.862, 1, 71 %, 4567 MiB, 32607 MiB
2026/09/11 19:39:43.863, 2, 76 %, 4569 MiB, 32607 MiB
2026/09/11 19:39:43.863, 3, 70 %, 4549 MiB, 32607 MiB
2026/09/11 19:39:48.863, 0, 77 %, 4549 MiB, 32607 MiB
2026/09/11 19:39:48.864, 1, 72 %, 4567 MiB, 32607 MiB
2026/09/11 19:39:48.864, 2, 72 %, 4569 MiB, 32607 MiB
2026/09/11 19:39:48.864, 3, 71 %, 4549 MiB, 32607 MiB
2026/09/11 19:39:53.865, 0, 64 %, 4549 MiB, 32607 MiB
2026/09/11 19:39:53.865, 1, 64 %, 4567 MiB, 32607 MiB
2026/09/11 19:39:53.865, 2, 81 %, 4569 MiB, 32607 MiB
2026/09/11 19:39:53.865, 3, 82 %, 4549 MiB, 32607 MiB
2026/09/11 19:39:58.866, 0, 72 %, 4549 MiB, 32607 MiB
2026/09/11 19:39:58.866, 1, 63 %, 4567 MiB, 32607 MiB
2026/09/11 19:39:58.866, 2, 79 %, 4569 MiB, 32607 MiB
2026/09/11 19:39:58.867, 3, 65 %, 4549 MiB, 32607 MiB
2026/09/11 19:40:03.867, 0, 70 %, 4549 MiB, 32607 MiB
2026/09/11 19:40:03.867, 1, 100 %, 4567 MiB, 32607 MiB
2026/09/11 19:40:03.868, 2, 100 %, 4569 MiB, 32607 MiB
2026/09/11 19:40:03.868, 3, 100 %, 4549 MiB, 32607 MiB
2026/09/11 19:40:08.868, 0, 79 %, 4549 MiB, 32607 MiB
2026/09/11 19:40:08.868, 1, 67 %, 4567 MiB, 32607 MiB
2026/09/11 19:40:08.869, 2, 69 %, 4569 MiB, 32607 MiB
2026/09/11 19:40:08.869, 3, 74 %, 4549 MiB, 32607 MiB
2026/09/11 19:40:13.869, 0, 66 %, 4549 MiB, 32607 MiB
2026/09/11 19:40:13.870, 1, 67 %, 4567 MiB, 32607 MiB
2026/09/11 19:40:13.870, 2, 80 %, 4569 MiB, 32607 MiB
2026/09/11 19:40:13.870, 3, 83 %, 4549 MiB, 32607 MiB
2026/09/11 19:40:18.870, 0, 76 %, 4549 MiB, 32607 MiB
2026/09/11 19:40:18.871, 1, 71 %, 4567 MiB, 32607 MiB
2026/09/11 19:40:18.871, 2, 65 %, 4569 MiB, 32607 MiB
2026/09/11 19:40:18.871, 3, 61 %, 4549 MiB, 32607 MiB
2026/09/11 19:40:23.871, 0, 56 %, 4549 MiB, 32607 MiB
2026/09/11 19:40:23.872, 1, 79 %, 4567 MiB, 32607 MiB
2026/09/11 19:40:23.872, 2, 71 %, 4569 MiB, 32607 MiB
2026/09/11 19:40:23.872, 3, 74 %, 4549 MiB, 32607 MiB
2026/09/11 19:40:28.872, 0, 71 %, 4549 MiB, 32607 MiB
2026/09/11 19:40:28.873, 1, 64 %, 4567 MiB, 32607 MiB
2026/09/11 19:40:28.873, 2, 81 %, 4569 MiB, 32607 MiB
2026/09/11 19:40:28.873, 3, 80 %, 4549 MiB, 32607 MiB
2026/09/11 19:40:33.873, 0, 75 %, 4549 MiB, 32607 MiB
2026/09/11 19:40:33.874, 1, 82 %, 4567 MiB, 32607 MiB
2026/09/11 19:40:33.874, 2, 78 %, 4569 MiB, 32607 MiB
2026/09/11 19:40:33.874, 3, 85 %, 4549 MiB, 32607 MiB
2026/09/11 19:40:38.875, 0, 67 %, 4549 MiB, 32607 MiB
2026/09/11 19:40:38.875, 1, 68 %, 4567 MiB, 32607 MiB
2026/09/11 19:40:38.875, 2, 70 %, 4569 MiB, 32607 MiB
2026/09/11 19:40:38.875, 3, 80 %, 4549 MiB, 32607 MiB
2026/09/11 19:40:43.876, 0, 0 %, 4549 MiB, 32607 MiB
2026/09/11 19:40:43.876, 1, 100 %, 4567 MiB, 32607 MiB
2026/09/11 19:40:43.876, 2, 100 %, 4569 MiB, 32607 MiB
2026/09/11 19:40:43.876, 3, 100 %, 4549 MiB, 32607 MiB
2026/09/11 19:40:48.877, 0, 79 %, 4549 MiB, 32607 MiB
2026/09/11 19:40:48.877, 1, 69 %, 4567 MiB, 32607 MiB
2026/09/11 19:40:48.877, 2, 64 %, 4569 MiB, 32607 MiB
2026/09/11 19:40:48.877, 3, 77 %, 4549 MiB, 32607 MiB
2026/09/11 19:40:53.878, 0, 62 %, 4549 MiB, 32607 MiB
2026/09/11 19:40:53.878, 1, 58 %, 4567 MiB, 32607 MiB
2026/09/11 19:40:53.879, 2, 73 %, 4569 MiB, 32607 MiB
2026/09/11 19:40:53.879, 3, 78 %, 4549 MiB, 32607 MiB
2026/09/11 19:40:58.879, 0, 79 %, 4549 MiB, 32607 MiB
2026/09/11 19:40:58.880, 1, 74 %, 4567 MiB, 32607 MiB
2026/09/11 19:40:58.880, 2, 80 %, 4569 MiB, 32607 MiB
2026/09/11 19:40:58.880, 3, 83 %, 4549 MiB, 32607 MiB
2026/09/11 19:41:03.880, 0, 73 %, 4549 MiB, 32607 MiB
2026/09/11 19:41:03.881, 1, 77 %, 4567 MiB, 32607 MiB
2026/09/11 19:41:03.881, 2, 52 %, 4569 MiB, 32607 MiB
2026/09/11 19:41:03.881, 3, 61 %, 4549 MiB, 32607 MiB
2026/09/11 19:41:08.882, 0, 83 %, 4549 MiB, 32607 MiB
2026/09/11 19:41:08.882, 1, 74 %, 4567 MiB, 32607 MiB
2026/09/11 19:41:08.882, 2, 64 %, 4569 MiB, 32607 MiB
2026/09/11 19:41:08.882, 3, 80 %, 4549 MiB, 32607 MiB
2026/09/11 19:41:13.883, 0, 88 %, 4549 MiB, 32607 MiB
2026/09/11 19:41:13.883, 1, 66 %, 4567 MiB, 32607 MiB
2026/09/11 19:41:13.883, 2, 65 %, 4569 MiB, 32607 MiB
2026/09/11 19:41:13.884, 3, 80 %, 4549 MiB, 32607 MiB
2026/09/11 19:41:18.884, 0, 76 %, 4549 MiB, 32607 MiB
2026/09/11 19:41:18.884, 1, 79 %, 4567 MiB, 32607 MiB
2026/09/11 19:41:18.885, 2, 72 %, 4569 MiB, 32607 MiB
2026/09/11 19:41:18.885, 3, 74 %, 4549 MiB, 32607 MiB
2026/09/11 19:41:23.885, 0, 76 %, 4549 MiB, 32607 MiB
2026/09/11 19:41:23.885, 1, 56 %, 4567 MiB, 32607 MiB
2026/09/11 19:41:23.886, 2, 58 %, 4569 MiB, 32607 MiB
2026/09/11 19:41:23.886, 3, 76 %, 4549 MiB, 32607 MiB
2026/09/11 19:41:28.886, 0, 54 %, 4549 MiB, 32607 MiB
2026/09/11 19:41:28.886, 1, 68 %, 4567 MiB, 32607 MiB
2026/09/11 19:41:28.887, 2, 84 %, 4569 MiB, 32607 MiB
2026/09/11 19:41:28.887, 3, 78 %, 4549 MiB, 32607 MiB
2026/09/11 19:41:33.887, 0, 82 %, 4549 MiB, 32607 MiB
2026/09/11 19:41:33.888, 1, 73 %, 4567 MiB, 32607 MiB
2026/09/11 19:41:33.888, 2, 83 %, 4569 MiB, 32607 MiB
2026/09/11 19:41:33.888, 3, 70 %, 4549 MiB, 32607 MiB
2026/09/11 19:41:38.888, 0, 73 %, 4549 MiB, 32607 MiB
2026/09/11 19:41:38.891, 1, 74 %, 4567 MiB, 32607 MiB
2026/09/11 19:41:38.891, 2, 66 %, 4569 MiB, 32607 MiB
2026/09/11 19:41:38.892, 3, 76 %, 4549 MiB, 32607 MiB
2026/09/11 19:41:43.892, 0, 68 %, 4549 MiB, 32607 MiB
2026/09/11 19:41:43.893, 1, 80 %, 4567 MiB, 32607 MiB
2026/09/11 19:41:43.893, 2, 83 %, 4569 MiB, 32607 MiB
2026/09/11 19:41:43.893, 3, 81 %, 4549 MiB, 32607 MiB
2026/09/11 19:41:48.893, 0, 78 %, 4549 MiB, 32607 MiB
2026/09/11 19:41:48.894, 1, 66 %, 4567 MiB, 32607 MiB
2026/09/11 19:41:48.894, 2, 71 %, 4569 MiB, 32607 MiB
2026/09/11 19:41:48.894, 3, 79 %, 4549 MiB, 32607 MiB
2026/09/11 19:41:53.894, 0, 74 %, 4549 MiB, 32607 MiB
2026/09/11 19:41:53.895, 1, 81 %, 4567 MiB, 32607 MiB
2026/09/11 19:41:53.895, 2, 71 %, 4569 MiB, 32607 MiB
2026/09/11 19:41:53.895, 3, 69 %, 4549 MiB, 32607 MiB
2026/09/11 19:41:58.896, 0, 62 %, 4549 MiB, 32607 MiB
2026/09/11 19:41:58.896, 1, 67 %, 4567 MiB, 32607 MiB
2026/09/11 19:41:58.896, 2, 71 %, 4569 MiB, 32607 MiB
2026/09/11 19:41:58.896, 3, 77 %, 4549 MiB, 32607 MiB
2026/09/11 19:42:03.897, 0, 70 %, 4549 MiB, 32607 MiB
2026/09/11 19:42:03.897, 1, 79 %, 4567 MiB, 32607 MiB
2026/09/11 19:42:03.897, 2, 71 %, 4569 MiB, 32607 MiB
2026/09/11 19:42:03.898, 3, 67 %, 4549 MiB, 32607 MiB
2026/09/11 19:42:08.898, 0, 66 %, 4549 MiB, 32607 MiB
2026/09/11 19:42:08.898, 1, 75 %, 4567 MiB, 32607 MiB
2026/09/11 19:42:08.899, 2, 79 %, 4569 MiB, 32607 MiB
2026/09/11 19:42:08.899, 3, 64 %, 4549 MiB, 32607 MiB
2026/09/11 19:42:13.899, 0, 72 %, 4549 MiB, 32607 MiB
2026/09/11 19:42:13.900, 1, 63 %, 4567 MiB, 32607 MiB
2026/09/11 19:42:13.900, 2, 65 %, 4569 MiB, 32607 MiB
2026/09/11 19:42:13.900, 3, 78 %, 4549 MiB, 32607 MiB
2026/09/11 19:42:18.901, 0, 71 %, 4549 MiB, 32607 MiB
2026/09/11 19:42:18.901, 1, 74 %, 4567 MiB, 32607 MiB
2026/09/11 19:42:18.901, 2, 79 %, 4569 MiB, 32607 MiB
2026/09/11 19:42:18.901, 3, 78 %, 4549 MiB, 32607 MiB
2026/09/11 19:42:23.902, 0, 67 %, 4549 MiB, 32607 MiB
2026/09/11 19:42:23.902, 1, 86 %, 4567 MiB, 32607 MiB
2026/09/11 19:42:23.902, 2, 74 %, 4569 MiB, 32607 MiB
2026/09/11 19:42:23.903, 3, 80 %, 4549 MiB, 32607 MiB
2026/09/11 19:42:28.903, 0, 65 %, 4549 MiB, 32607 MiB
2026/09/11 19:42:28.903, 1, 84 %, 4567 MiB, 32607 MiB
2026/09/11 19:42:28.904, 2, 64 %, 4569 MiB, 32607 MiB
2026/09/11 19:42:28.904, 3, 81 %, 4549 MiB, 32607 MiB
2026/09/11 19:42:33.904, 0, 78 %, 4549 MiB, 32607 MiB
2026/09/11 19:42:33.905, 1, 81 %, 4567 MiB, 32607 MiB
2026/09/11 19:42:33.905, 2, 65 %, 4569 MiB, 32607 MiB
2026/09/11 19:42:33.905, 3, 57 %, 4549 MiB, 32607 MiB
2026/09/11 19:42:38.906, 0, 80 %, 4549 MiB, 32607 MiB
2026/09/11 19:42:38.906, 1, 77 %, 4567 MiB, 32607 MiB
2026/09/11 19:42:38.906, 2, 69 %, 4569 MiB, 32607 MiB
2026/09/11 19:42:38.906, 3, 81 %, 4549 MiB, 32607 MiB
2026/09/11 19:42:43.907, 0, 77 %, 4549 MiB, 32607 MiB
2026/09/11 19:42:43.907, 1, 64 %, 4567 MiB, 32607 MiB
2026/09/11 19:42:43.907, 2, 58 %, 4569 MiB, 32607 MiB
2026/09/11 19:42:43.907, 3, 73 %, 4549 MiB, 32607 MiB
2026/09/11 19:42:48.908, 0, 68 %, 4549 MiB, 32607 MiB
2026/09/11 19:42:48.908, 1, 72 %, 4567 MiB, 32607 MiB
2026/09/11 19:42:48.909, 2, 66 %, 4569 MiB, 32607 MiB
2026/09/11 19:42:48.909, 3, 68 %, 4549 MiB, 32607 MiB
2026/09/11 19:42:53.909, 0, 76 %, 4549 MiB, 32607 MiB
2026/09/11 19:42:53.910, 1, 66 %, 4567 MiB, 32607 MiB
2026/09/11 19:42:53.910, 2, 70 %, 4569 MiB, 32607 MiB
2026/09/11 19:42:53.910, 3, 63 %, 4549 MiB, 32607 MiB
2026/09/11 19:42:58.910, 0, 79 %, 4549 MiB, 32607 MiB
2026/09/11 19:42:58.911, 1, 53 %, 4567 MiB, 32607 MiB
2026/09/11 19:42:58.911, 2, 81 %, 4569 MiB, 32607 MiB
2026/09/11 19:42:58.911, 3, 70 %, 4549 MiB, 32607 MiB
2026/09/11 19:43:03.912, 0, 79 %, 4549 MiB, 32607 MiB
2026/09/11 19:43:03.912, 1, 67 %, 4567 MiB, 32607 MiB
2026/09/11 19:43:03.912, 2, 76 %, 4569 MiB, 32607 MiB
2026/09/11 19:43:03.913, 3, 66 %, 4549 MiB, 32607 MiB
2026/09/11 19:43:08.913, 0, 66 %, 4549 MiB, 32607 MiB
2026/09/11 19:43:08.913, 1, 100 %, 4567 MiB, 32607 MiB
2026/09/11 19:43:08.914, 2, 80 %, 4569 MiB, 32607 MiB
2026/09/11 19:43:08.914, 3, 79 %, 4549 MiB, 32607 MiB
2026/09/11 19:43:13.914, 0, 68 %, 4549 MiB, 32607 MiB
2026/09/11 19:43:13.914, 1, 100 %, 4567 MiB, 32607 MiB
2026/09/11 19:43:13.915, 2, 100 %, 4569 MiB, 32607 MiB
2026/09/11 19:43:13.915, 3, 100 %, 4549 MiB, 32607 MiB
2026/09/11 19:43:18.915, 0, 79 %, 4549 MiB, 32607 MiB
2026/09/11 19:43:18.916, 1, 78 %, 4567 MiB, 32607 MiB
2026/09/11 19:43:18.916, 2, 71 %, 4569 MiB, 32607 MiB
2026/09/11 19:43:18.916, 3, 69 %, 4549 MiB, 32607 MiB
2026/09/11 19:43:23.917, 0, 62 %, 4549 MiB, 32607 MiB
2026/09/11 19:43:23.917, 1, 66 %, 4567 MiB, 32607 MiB
2026/09/11 19:43:23.917, 2, 63 %, 4569 MiB, 32607 MiB
2026/09/11 19:43:23.917, 3, 72 %, 4549 MiB, 32607 MiB
2026/09/11 19:43:28.918, 0, 75 %, 4549 MiB, 32607 MiB
2026/09/11 19:43:28.918, 1, 75 %, 4567 MiB, 32607 MiB
2026/09/11 19:43:28.918, 2, 75 %, 4569 MiB, 32607 MiB
2026/09/11 19:43:28.918, 3, 80 %, 4549 MiB, 32607 MiB
2026/09/11 19:43:33.919, 0, 70 %, 4549 MiB, 32607 MiB
2026/09/11 19:43:33.919, 1, 73 %, 4567 MiB, 32607 MiB
2026/09/11 19:43:33.919, 2, 54 %, 4569 MiB, 32607 MiB
2026/09/11 19:43:33.920, 3, 76 %, 4549 MiB, 32607 MiB
2026/09/11 19:43:38.920, 0, 66 %, 4549 MiB, 32607 MiB
2026/09/11 19:43:38.921, 1, 55 %, 4567 MiB, 32607 MiB
2026/09/11 19:43:38.921, 2, 66 %, 4569 MiB, 32607 MiB
2026/09/11 19:43:38.921, 3, 72 %, 4549 MiB, 32607 MiB
2026/09/11 19:43:43.921, 0, 69 %, 4549 MiB, 32607 MiB
2026/09/11 19:43:43.922, 1, 66 %, 4567 MiB, 32607 MiB
2026/09/11 19:43:43.922, 2, 73 %, 4569 MiB, 32607 MiB
2026/09/11 19:43:43.922, 3, 78 %, 4549 MiB, 32607 MiB
2026/09/11 19:43:48.924, 0, 74 %, 4549 MiB, 32607 MiB
2026/09/11 19:43:48.924, 1, 76 %, 4567 MiB, 32607 MiB
2026/09/11 19:43:48.925, 2, 67 %, 4569 MiB, 32607 MiB
2026/09/11 19:43:48.925, 3, 77 %, 4549 MiB, 32607 MiB
2026/09/11 19:43:53.926, 0, 78 %, 4549 MiB, 32607 MiB
2026/09/11 19:43:53.927, 1, 70 %, 4567 MiB, 32607 MiB
2026/09/11 19:43:53.927, 2, 81 %, 4569 MiB, 32607 MiB
2026/09/11 19:43:53.928, 3, 81 %, 4549 MiB, 32607 MiB
2026/09/11 19:43:58.928, 0, 73 %, 4549 MiB, 32607 MiB
2026/09/11 19:43:58.928, 1, 73 %, 4567 MiB, 32607 MiB
2026/09/11 19:43:58.929, 2, 71 %, 4569 MiB, 32607 MiB
2026/09/11 19:43:58.929, 3, 72 %, 4549 MiB, 32607 MiB
2026/09/11 19:44:03.929, 0, 73 %, 4549 MiB, 32607 MiB
2026/09/11 19:44:03.930, 1, 78 %, 4567 MiB, 32607 MiB
2026/09/11 19:44:03.930, 2, 74 %, 4569 MiB, 32607 MiB
2026/09/11 19:44:03.930, 3, 75 %, 4549 MiB, 32607 MiB
2026/09/11 19:44:08.931, 0, 83 %, 4549 MiB, 32607 MiB
2026/09/11 19:44:08.931, 1, 59 %, 4567 MiB, 32607 MiB
2026/09/11 19:44:08.931, 2, 79 %, 4569 MiB, 32607 MiB
2026/09/11 19:44:08.931, 3, 79 %, 4549 MiB, 32607 MiB
2026/09/11 19:44:13.932, 0, 71 %, 4549 MiB, 32607 MiB
2026/09/11 19:44:13.932, 1, 73 %, 4567 MiB, 32607 MiB
2026/09/11 19:44:13.932, 2, 56 %, 4569 MiB, 32607 MiB
2026/09/11 19:44:13.932, 3, 76 %, 4549 MiB, 32607 MiB
2026/09/11 19:44:18.933, 0, 72 %, 4549 MiB, 32607 MiB
2026/09/11 19:44:18.933, 1, 57 %, 4567 MiB, 32607 MiB
2026/09/11 19:44:18.933, 2, 70 %, 4569 MiB, 32607 MiB
2026/09/11 19:44:18.934, 3, 76 %, 4549 MiB, 32607 MiB
2026/09/11 19:44:23.934, 0, 70 %, 4549 MiB, 32607 MiB
2026/09/11 19:44:23.934, 1, 71 %, 4567 MiB, 32607 MiB
2026/09/11 19:44:23.935, 2, 74 %, 4569 MiB, 32607 MiB
2026/09/11 19:44:23.935, 3, 69 %, 4549 MiB, 32607 MiB
2026/09/11 19:44:28.935, 0, 72 %, 4549 MiB, 32607 MiB
2026/09/11 19:44:28.936, 1, 72 %, 4567 MiB, 32607 MiB
2026/09/11 19:44:28.936, 2, 73 %, 4569 MiB, 32607 MiB
2026/09/11 19:44:28.936, 3, 77 %, 4549 MiB, 32607 MiB
2026/09/11 19:44:33.937, 0, 83 %, 4549 MiB, 32607 MiB
2026/09/11 19:44:33.937, 1, 66 %, 4567 MiB, 32607 MiB
2026/09/11 19:44:33.937, 2, 64 %, 4569 MiB, 32607 MiB
2026/09/11 19:44:33.937, 3, 73 %, 4549 MiB, 32607 MiB
2026/09/11 19:44:38.938, 0, 74 %, 4549 MiB, 32607 MiB
2026/09/11 19:44:38.938, 1, 67 %, 4567 MiB, 32607 MiB
2026/09/11 19:44:38.938, 2, 77 %, 4569 MiB, 32607 MiB
2026/09/11 19:44:38.938, 3, 76 %, 4549 MiB, 32607 MiB
2026/09/11 19:44:43.939, 0, 70 %, 4549 MiB, 32607 MiB
2026/09/11 19:44:43.939, 1, 69 %, 4567 MiB, 32607 MiB
2026/09/11 19:44:43.940, 2, 73 %, 4569 MiB, 32607 MiB
2026/09/11 19:44:43.940, 3, 76 %, 4549 MiB, 32607 MiB
2026/09/11 19:44:48.940, 0, 76 %, 4549 MiB, 32607 MiB
2026/09/11 19:44:48.941, 1, 65 %, 4567 MiB, 32607 MiB
2026/09/11 19:44:48.941, 2, 60 %, 4569 MiB, 32607 MiB
2026/09/11 19:44:48.941, 3, 73 %, 4549 MiB, 32607 MiB
2026/09/11 19:44:53.942, 0, 80 %, 4549 MiB, 32607 MiB
2026/09/11 19:44:53.942, 1, 72 %, 4567 MiB, 32607 MiB
2026/09/11 19:44:53.942, 2, 77 %, 4569 MiB, 32607 MiB
2026/09/11 19:44:53.942, 3, 77 %, 4549 MiB, 32607 MiB
2026/09/11 19:44:58.943, 0, 77 %, 4549 MiB, 32607 MiB
2026/09/11 19:44:58.943, 1, 83 %, 4567 MiB, 32607 MiB
2026/09/11 19:44:58.943, 2, 75 %, 4569 MiB, 32607 MiB
2026/09/11 19:44:58.944, 3, 80 %, 4549 MiB, 32607 MiB
2026/09/11 19:45:03.944, 0, 0 %, 4549 MiB, 32607 MiB
2026/09/11 19:45:03.945, 1, 100 %, 4567 MiB, 32607 MiB
2026/09/11 19:45:03.945, 2, 100 %, 4569 MiB, 32607 MiB
2026/09/11 19:45:03.945, 3, 100 %, 4549 MiB, 32607 MiB
2026/09/11 19:45:08.946, 0, 64 %, 4549 MiB, 32607 MiB
2026/09/11 19:45:08.946, 1, 72 %, 4567 MiB, 32607 MiB
2026/09/11 19:45:08.946, 2, 74 %, 4569 MiB, 32607 MiB
2026/09/11 19:45:08.946, 3, 73 %, 4549 MiB, 32607 MiB
2026/09/11 19:45:13.947, 0, 74 %, 4549 MiB, 32607 MiB
2026/09/11 19:45:13.947, 1, 83 %, 4567 MiB, 32607 MiB
2026/09/11 19:45:13.947, 2, 61 %, 4569 MiB, 32607 MiB
2026/09/11 19:45:13.948, 3, 71 %, 4549 MiB, 32607 MiB
2026/09/11 19:45:18.948, 0, 81 %, 4549 MiB, 32607 MiB
2026/09/11 19:45:18.948, 1, 67 %, 4567 MiB, 32607 MiB
2026/09/11 19:45:18.949, 2, 75 %, 4569 MiB, 32607 MiB
2026/09/11 19:45:18.949, 3, 72 %, 4549 MiB, 32607 MiB
2026/09/11 19:45:23.949, 0, 77 %, 4549 MiB, 32607 MiB
2026/09/11 19:45:23.950, 1, 66 %, 4567 MiB, 32607 MiB
2026/09/11 19:45:23.950, 2, 65 %, 4569 MiB, 32607 MiB
2026/09/11 19:45:23.950, 3, 82 %, 4549 MiB, 32607 MiB
2026/09/11 19:45:28.951, 0, 74 %, 4549 MiB, 32607 MiB
2026/09/11 19:45:28.951, 1, 67 %, 4567 MiB, 32607 MiB
2026/09/11 19:45:28.951, 2, 65 %, 4569 MiB, 32607 MiB
2026/09/11 19:45:28.952, 3, 64 %, 4549 MiB, 32607 MiB
2026/09/11 19:45:33.952, 0, 71 %, 4549 MiB, 32607 MiB
2026/09/11 19:45:33.953, 1, 75 %, 4567 MiB, 32607 MiB
2026/09/11 19:45:33.953, 2, 61 %, 4569 MiB, 32607 MiB
2026/09/11 19:45:33.953, 3, 66 %, 4549 MiB, 32607 MiB
2026/09/11 19:45:38.954, 0, 74 %, 4549 MiB, 32607 MiB
2026/09/11 19:45:38.954, 1, 59 %, 4567 MiB, 32607 MiB
2026/09/11 19:45:38.954, 2, 57 %, 4569 MiB, 32607 MiB
2026/09/11 19:45:38.954, 3, 77 %, 4549 MiB, 32607 MiB
2026/09/11 19:45:43.955, 0, 67 %, 4549 MiB, 32607 MiB
2026/09/11 19:45:43.955, 1, 58 %, 4567 MiB, 32607 MiB
2026/09/11 19:45:43.955, 2, 69 %, 4569 MiB, 32607 MiB
2026/09/11 19:45:43.956, 3, 76 %, 4549 MiB, 32607 MiB
2026/09/11 19:45:48.956, 0, 71 %, 4549 MiB, 32607 MiB
2026/09/11 19:45:48.956, 1, 67 %, 4567 MiB, 32607 MiB
2026/09/11 19:45:48.957, 2, 66 %, 4569 MiB, 32607 MiB
2026/09/11 19:45:48.957, 3, 75 %, 4549 MiB, 32607 MiB
2026/09/11 19:45:53.957, 0, 71 %, 4549 MiB, 32607 MiB
2026/09/11 19:45:53.958, 1, 66 %, 4567 MiB, 32607 MiB
2026/09/11 19:45:53.958, 2, 63 %, 4569 MiB, 32607 MiB
2026/09/11 19:45:53.958, 3, 73 %, 4549 MiB, 32607 MiB
2026/09/11 19:45:58.959, 0, 69 %, 4549 MiB, 32607 MiB
2026/09/11 19:45:58.959, 1, 81 %, 4567 MiB, 32607 MiB
2026/09/11 19:45:58.959, 2, 72 %, 4569 MiB, 32607 MiB
2026/09/11 19:45:58.959, 3, 72 %, 4549 MiB, 32607 MiB
2026/09/11 19:46:03.960, 0, 70 %, 4549 MiB, 32607 MiB
2026/09/11 19:46:03.960, 1, 65 %, 4567 MiB, 32607 MiB
2026/09/11 19:46:03.961, 2, 80 %, 4569 MiB, 32607 MiB
2026/09/11 19:46:03.961, 3, 53 %, 4549 MiB, 32607 MiB
2026/09/11 19:46:08.961, 0, 78 %, 4549 MiB, 32607 MiB
2026/09/11 19:46:08.962, 1, 73 %, 4567 MiB, 32607 MiB
2026/09/11 19:46:08.962, 2, 76 %, 4569 MiB, 32607 MiB
2026/09/11 19:46:08.962, 3, 78 %, 4549 MiB, 32607 MiB
2026/09/11 19:46:13.962, 0, 76 %, 4549 MiB, 32607 MiB
2026/09/11 19:46:13.963, 1, 61 %, 4567 MiB, 32607 MiB
2026/09/11 19:46:13.963, 2, 51 %, 4569 MiB, 32607 MiB
2026/09/11 19:46:13.963, 3, 70 %, 4549 MiB, 32607 MiB
2026/09/11 19:46:18.964, 0, 71 %, 4549 MiB, 32607 MiB
2026/09/11 19:46:18.964, 1, 100 %, 4567 MiB, 32607 MiB
2026/09/11 19:46:18.964, 2, 100 %, 4569 MiB, 32607 MiB
2026/09/11 19:46:18.964, 3, 100 %, 4549 MiB, 32607 MiB
2026/09/11 19:46:23.965, 0, 71 %, 4549 MiB, 32607 MiB
2026/09/11 19:46:23.965, 1, 78 %, 4567 MiB, 32607 MiB
2026/09/11 19:46:23.965, 2, 71 %, 4569 MiB, 32607 MiB
2026/09/11 19:46:23.965, 3, 77 %, 4549 MiB, 32607 MiB
2026/09/11 19:46:28.966, 0, 59 %, 4549 MiB, 32607 MiB
2026/09/11 19:46:28.966, 1, 67 %, 4567 MiB, 32607 MiB
2026/09/11 19:46:28.966, 2, 60 %, 4569 MiB, 32607 MiB
2026/09/11 19:46:28.967, 3, 74 %, 4549 MiB, 32607 MiB
2026/09/11 19:46:33.967, 0, 72 %, 4549 MiB, 32607 MiB
2026/09/11 19:46:33.967, 1, 75 %, 4567 MiB, 32607 MiB
2026/09/11 19:46:33.968, 2, 66 %, 4569 MiB, 32607 MiB
2026/09/11 19:46:33.968, 3, 68 %, 4549 MiB, 32607 MiB
2026/09/11 19:46:38.968, 0, 71 %, 4549 MiB, 32607 MiB
2026/09/11 19:46:38.969, 1, 76 %, 4567 MiB, 32607 MiB
2026/09/11 19:46:38.969, 2, 61 %, 4569 MiB, 32607 MiB
2026/09/11 19:46:38.969, 3, 66 %, 4549 MiB, 32607 MiB
2026/09/11 19:46:43.970, 0, 73 %, 4549 MiB, 32607 MiB
2026/09/11 19:46:43.970, 1, 66 %, 4567 MiB, 32607 MiB
2026/09/11 19:46:43.970, 2, 71 %, 4569 MiB, 32607 MiB
2026/09/11 19:46:43.970, 3, 75 %, 4549 MiB, 32607 MiB
2026/09/11 19:46:48.971, 0, 71 %, 4549 MiB, 32607 MiB
2026/09/11 19:46:48.971, 1, 75 %, 4567 MiB, 32607 MiB
2026/09/11 19:46:48.971, 2, 74 %, 4569 MiB, 32607 MiB
2026/09/11 19:46:48.972, 3, 79 %, 4549 MiB, 32607 MiB
2026/09/11 19:46:53.972, 0, 70 %, 4549 MiB, 32607 MiB
2026/09/11 19:46:53.973, 1, 72 %, 4567 MiB, 32607 MiB
2026/09/11 19:46:53.973, 2, 72 %, 4569 MiB, 32607 MiB
2026/09/11 19:46:53.973, 3, 64 %, 4549 MiB, 32607 MiB
2026/09/11 19:46:58.974, 0, 75 %, 4549 MiB, 32607 MiB
2026/09/11 19:46:58.974, 1, 69 %, 4567 MiB, 32607 MiB
2026/09/11 19:46:58.974, 2, 79 %, 4569 MiB, 32607 MiB
2026/09/11 19:46:58.974, 3, 68 %, 4549 MiB, 32607 MiB
2026/09/11 19:47:03.975, 0, 76 %, 4549 MiB, 32607 MiB
2026/09/11 19:47:03.975, 1, 63 %, 4567 MiB, 32607 MiB
2026/09/11 19:47:03.975, 2, 82 %, 4569 MiB, 32607 MiB
2026/09/11 19:47:03.976, 3, 72 %, 4549 MiB, 32607 MiB
2026/09/11 19:47:08.976, 0, 77 %, 4549 MiB, 32607 MiB
2026/09/11 19:47:08.977, 1, 67 %, 4567 MiB, 32607 MiB
2026/09/11 19:47:08.977, 2, 61 %, 4569 MiB, 32607 MiB
2026/09/11 19:47:08.977, 3, 81 %, 4549 MiB, 32607 MiB
2026/09/11 19:47:13.977, 0, 75 %, 4549 MiB, 32607 MiB
2026/09/11 19:47:13.978, 1, 73 %, 4567 MiB, 32607 MiB
2026/09/11 19:47:13.978, 2, 61 %, 4569 MiB, 32607 MiB
2026/09/11 19:47:13.978, 3, 67 %, 4549 MiB, 32607 MiB
2026/09/11 19:47:18.979, 0, 76 %, 4549 MiB, 32607 MiB
2026/09/11 19:47:18.979, 1, 70 %, 4567 MiB, 32607 MiB
2026/09/11 19:47:18.979, 2, 53 %, 4569 MiB, 32607 MiB
2026/09/11 19:47:18.980, 3, 72 %, 4549 MiB, 32607 MiB
2026/09/11 19:47:23.980, 0, 72 %, 4549 MiB, 32607 MiB
2026/09/11 19:47:23.980, 1, 78 %, 4567 MiB, 32607 MiB
2026/09/11 19:47:23.981, 2, 69 %, 4569 MiB, 32607 MiB
2026/09/11 19:47:23.981, 3, 65 %, 4549 MiB, 32607 MiB
2026/09/11 19:47:28.981, 0, 81 %, 4549 MiB, 32607 MiB
2026/09/11 19:47:28.982, 1, 77 %, 4567 MiB, 32607 MiB
2026/09/11 19:47:28.982, 2, 73 %, 4569 MiB, 32607 MiB
2026/09/11 19:47:28.982, 3, 83 %, 4549 MiB, 32607 MiB
2026/09/11 19:47:33.983, 0, 0 %, 4549 MiB, 32607 MiB
2026/09/11 19:47:33.983, 1, 78 %, 4567 MiB, 32607 MiB
2026/09/11 19:47:33.983, 2, 80 %, 4569 MiB, 32607 MiB
2026/09/11 19:47:33.983, 3, 71 %, 4549 MiB, 32607 MiB
2026/09/11 19:47:38.984, 0, 72 %, 4549 MiB, 32607 MiB
2026/09/11 19:47:38.984, 1, 74 %, 4567 MiB, 32607 MiB
2026/09/11 19:47:38.984, 2, 83 %, 4569 MiB, 32607 MiB
2026/09/11 19:47:38.985, 3, 68 %, 4549 MiB, 32607 MiB
2026/09/11 19:47:43.985, 0, 68 %, 4549 MiB, 32607 MiB
2026/09/11 19:47:43.986, 1, 65 %, 4567 MiB, 32607 MiB
2026/09/11 19:47:43.986, 2, 76 %, 4569 MiB, 32607 MiB
2026/09/11 19:47:43.986, 3, 59 %, 4549 MiB, 32607 MiB
2026/09/11 19:47:48.987, 0, 80 %, 4549 MiB, 32607 MiB
2026/09/11 19:47:48.987, 1, 74 %, 4567 MiB, 32607 MiB
2026/09/11 19:47:48.987, 2, 79 %, 4569 MiB, 32607 MiB
2026/09/11 19:47:48.987, 3, 65 %, 4549 MiB, 32607 MiB
2026/09/11 19:47:53.988, 0, 80 %, 4549 MiB, 32607 MiB
2026/09/11 19:47:53.988, 1, 72 %, 4567 MiB, 32607 MiB
2026/09/11 19:47:53.988, 2, 75 %, 4569 MiB, 32607 MiB
2026/09/11 19:47:53.989, 3, 77 %, 4549 MiB, 32607 MiB
2026/09/11 19:47:58.989, 0, 78 %, 4549 MiB, 32607 MiB
2026/09/11 19:47:58.990, 1, 84 %, 4567 MiB, 32607 MiB
2026/09/11 19:47:58.990, 2, 86 %, 4569 MiB, 32607 MiB
2026/09/11 19:47:58.990, 3, 65 %, 4549 MiB, 32607 MiB
2026/09/11 19:48:03.991, 0, 56 %, 4549 MiB, 32607 MiB
2026/09/11 19:48:03.991, 1, 54 %, 4567 MiB, 32607 MiB
2026/09/11 19:48:03.991, 2, 59 %, 4569 MiB, 32607 MiB
2026/09/11 19:48:03.991, 3, 79 %, 4549 MiB, 32607 MiB
2026/09/11 19:48:08.992, 0, 68 %, 4549 MiB, 32607 MiB
2026/09/11 19:48:08.992, 1, 78 %, 4567 MiB, 32607 MiB
2026/09/11 19:48:08.992, 2, 71 %, 4569 MiB, 32607 MiB
2026/09/11 19:48:08.993, 3, 65 %, 4549 MiB, 32607 MiB
2026/09/11 19:48:13.993, 0, 73 %, 4549 MiB, 32607 MiB
2026/09/11 19:48:13.993, 1, 68 %, 4567 MiB, 32607 MiB
2026/09/11 19:48:13.994, 2, 61 %, 4569 MiB, 32607 MiB
2026/09/11 19:48:13.994, 3, 72 %, 4549 MiB, 32607 MiB
2026/09/11 19:48:18.994, 0, 72 %, 4549 MiB, 32607 MiB
2026/09/11 19:48:18.995, 1, 72 %, 4567 MiB, 32607 MiB
2026/09/11 19:48:18.995, 2, 68 %, 4569 MiB, 32607 MiB
2026/09/11 19:48:18.995, 3, 80 %, 4549 MiB, 32607 MiB
2026/09/11 19:48:23.996, 0, 76 %, 4549 MiB, 32607 MiB
2026/09/11 19:48:23.996, 1, 73 %, 4567 MiB, 32607 MiB
2026/09/11 19:48:23.996, 2, 76 %, 4569 MiB, 32607 MiB
2026/09/11 19:48:23.996, 3, 76 %, 4549 MiB, 32607 MiB
2026/09/11 19:48:28.997, 0, 82 %, 4549 MiB, 32607 MiB
2026/09/11 19:48:28.997, 1, 85 %, 4567 MiB, 32607 MiB
2026/09/11 19:48:28.998, 2, 66 %, 4569 MiB, 32607 MiB
2026/09/11 19:48:28.998, 3, 53 %, 4549 MiB, 32607 MiB
2026/09/11 19:48:33.998, 0, 74 %, 4549 MiB, 32607 MiB
2026/09/11 19:48:33.999, 1, 72 %, 4567 MiB, 32607 MiB
2026/09/11 19:48:33.999, 2, 72 %, 4569 MiB, 32607 MiB
2026/09/11 19:48:33.999, 3, 67 %, 4549 MiB, 32607 MiB
2026/09/11 19:48:38.999, 0, 66 %, 4549 MiB, 32607 MiB
2026/09/11 19:48:39.000, 1, 70 %, 4567 MiB, 32607 MiB
2026/09/11 19:48:39.000, 2, 77 %, 4569 MiB, 32607 MiB
2026/09/11 19:48:39.000, 3, 68 %, 4549 MiB, 32607 MiB
2026/09/11 19:48:44.001, 0, 84 %, 4549 MiB, 32607 MiB
2026/09/11 19:48:44.001, 1, 69 %, 4567 MiB, 32607 MiB
2026/09/11 19:48:44.001, 2, 73 %, 4569 MiB, 32607 MiB
2026/09/11 19:48:44.002, 3, 84 %, 4549 MiB, 32607 MiB
2026/09/11 19:48:49.002, 0, 73 %, 4549 MiB, 32607 MiB
2026/09/11 19:48:49.003, 1, 74 %, 4567 MiB, 32607 MiB
2026/09/11 19:48:49.003, 2, 60 %, 4569 MiB, 32607 MiB
2026/09/11 19:48:49.003, 3, 69 %, 4549 MiB, 32607 MiB
2026/09/11 19:48:54.003, 0, 75 %, 4549 MiB, 32607 MiB
2026/09/11 19:48:54.004, 1, 66 %, 4567 MiB, 32607 MiB
2026/09/11 19:48:54.004, 2, 59 %, 4569 MiB, 32607 MiB
2026/09/11 19:48:54.004, 3, 83 %, 4549 MiB, 32607 MiB
2026/09/11 19:48:59.005, 0, 65 %, 4549 MiB, 32607 MiB
2026/09/11 19:48:59.005, 1, 80 %, 4567 MiB, 32607 MiB
2026/09/11 19:48:59.005, 2, 69 %, 4569 MiB, 32607 MiB
2026/09/11 19:48:59.005, 3, 81 %, 4549 MiB, 32607 MiB
2026/09/11 19:49:04.006, 0, 81 %, 4549 MiB, 32607 MiB
2026/09/11 19:49:04.006, 1, 83 %, 4567 MiB, 32607 MiB
2026/09/11 19:49:04.007, 2, 65 %, 4569 MiB, 32607 MiB
2026/09/11 19:49:04.007, 3, 64 %, 4549 MiB, 32607 MiB
2026/09/11 19:49:09.007, 0, 72 %, 4549 MiB, 32607 MiB
2026/09/11 19:49:09.008, 1, 69 %, 4567 MiB, 32607 MiB
2026/09/11 19:49:09.008, 2, 75 %, 4569 MiB, 32607 MiB
2026/09/11 19:49:09.008, 3, 79 %, 4549 MiB, 32607 MiB
2026/09/11 19:49:14.009, 0, 73 %, 4549 MiB, 32607 MiB
2026/09/11 19:49:14.076, 1, 70 %, 4567 MiB, 32607 MiB
2026/09/11 19:49:14.077, 2, 66 %, 4569 MiB, 32607 MiB
2026/09/11 19:49:14.077, 3, 72 %, 4549 MiB, 32607 MiB
2026/09/11 19:49:19.078, 0, 83 %, 4549 MiB, 32607 MiB
2026/09/11 19:49:19.078, 1, 70 %, 4567 MiB, 32607 MiB
2026/09/11 19:49:19.078, 2, 77 %, 4569 MiB, 32607 MiB
2026/09/11 19:49:19.078, 3, 76 %, 4549 MiB, 32607 MiB
2026/09/11 19:49:24.079, 0, 43 %, 4549 MiB, 32607 MiB
2026/09/11 19:49:24.079, 1, 100 %, 4567 MiB, 32607 MiB
2026/09/11 19:49:24.079, 2, 100 %, 4569 MiB, 32607 MiB
2026/09/11 19:49:24.080, 3, 100 %, 4549 MiB, 32607 MiB
2026/09/11 19:49:29.080, 0, 0 %, 4549 MiB, 32607 MiB
2026/09/11 19:49:29.080, 1, 100 %, 4567 MiB, 32607 MiB
2026/09/11 19:49:29.081, 2, 100 %, 4569 MiB, 32607 MiB
2026/09/11 19:49:29.081, 3, 73 %, 4549 MiB, 32607 MiB
2026/09/11 19:49:34.081, 0, 74 %, 4549 MiB, 32607 MiB
2026/09/11 19:49:34.082, 1, 61 %, 4567 MiB, 32607 MiB
2026/09/11 19:49:34.082, 2, 61 %, 4569 MiB, 32607 MiB
2026/09/11 19:49:34.082, 3, 47 %, 4549 MiB, 32607 MiB
2026/09/11 19:49:39.083, 0, 83 %, 4549 MiB, 32607 MiB
2026/09/11 19:49:39.083, 1, 81 %, 4567 MiB, 32607 MiB
2026/09/11 19:49:39.083, 2, 82 %, 4569 MiB, 32607 MiB
2026/09/11 19:49:39.083, 3, 70 %, 4549 MiB, 32607 MiB
2026/09/11 19:49:44.084, 0, 60 %, 4549 MiB, 32607 MiB
2026/09/11 19:49:44.084, 1, 81 %, 4567 MiB, 32607 MiB
2026/09/11 19:49:44.085, 2, 78 %, 4569 MiB, 32607 MiB
2026/09/11 19:49:44.085, 3, 73 %, 4549 MiB, 32607 MiB
2026/09/11 19:49:49.085, 0, 79 %, 4549 MiB, 32607 MiB
2026/09/11 19:49:49.086, 1, 74 %, 4567 MiB, 32607 MiB
2026/09/11 19:49:49.086, 2, 56 %, 4569 MiB, 32607 MiB
2026/09/11 19:49:49.086, 3, 77 %, 4549 MiB, 32607 MiB
2026/09/11 19:49:54.087, 0, 81 %, 4549 MiB, 32607 MiB
2026/09/11 19:49:54.087, 1, 75 %, 4567 MiB, 32607 MiB
2026/09/11 19:49:54.087, 2, 79 %, 4569 MiB, 32607 MiB
2026/09/11 19:49:54.088, 3, 83 %, 4549 MiB, 32607 MiB
2026/09/11 19:49:59.088, 0, 78 %, 4549 MiB, 32607 MiB
2026/09/11 19:49:59.089, 1, 73 %, 4567 MiB, 32607 MiB
2026/09/11 19:49:59.089, 2, 65 %, 4569 MiB, 32607 MiB
2026/09/11 19:49:59.089, 3, 70 %, 4549 MiB, 32607 MiB
2026/09/11 19:50:04.090, 0, 54 %, 4549 MiB, 32607 MiB
2026/09/11 19:50:04.090, 1, 68 %, 4567 MiB, 32607 MiB
2026/09/11 19:50:04.090, 2, 76 %, 4569 MiB, 32607 MiB
2026/09/11 19:50:04.091, 3, 71 %, 4549 MiB, 32607 MiB
2026/09/11 19:50:09.091, 0, 69 %, 4549 MiB, 32607 MiB
2026/09/11 19:50:09.091, 1, 76 %, 4567 MiB, 32607 MiB
2026/09/11 19:50:09.092, 2, 68 %, 4569 MiB, 32607 MiB
2026/09/11 19:50:09.092, 3, 84 %, 4549 MiB, 32607 MiB
2026/09/11 19:50:14.092, 0, 78 %, 4549 MiB, 32607 MiB
2026/09/11 19:50:14.093, 1, 64 %, 4567 MiB, 32607 MiB
2026/09/11 19:50:14.093, 2, 70 %, 4569 MiB, 32607 MiB
2026/09/11 19:50:14.093, 3, 68 %, 4549 MiB, 32607 MiB
2026/09/11 19:50:19.093, 0, 81 %, 4549 MiB, 32607 MiB
2026/09/11 19:50:19.094, 1, 77 %, 4567 MiB, 32607 MiB
2026/09/11 19:50:19.094, 2, 81 %, 4569 MiB, 32607 MiB
2026/09/11 19:50:19.094, 3, 76 %, 4549 MiB, 32607 MiB
2026/09/11 19:50:24.095, 0, 79 %, 4549 MiB, 32607 MiB
2026/09/11 19:50:24.095, 1, 79 %, 4567 MiB, 32607 MiB
2026/09/11 19:50:24.095, 2, 82 %, 4569 MiB, 32607 MiB
2026/09/11 19:50:24.096, 3, 58 %, 4549 MiB, 32607 MiB
2026/09/11 19:50:29.096, 0, 78 %, 4549 MiB, 32607 MiB
2026/09/11 19:50:29.096, 1, 70 %, 4567 MiB, 32607 MiB
2026/09/11 19:50:29.097, 2, 67 %, 4569 MiB, 32607 MiB
2026/09/11 19:50:29.097, 3, 76 %, 4549 MiB, 32607 MiB
2026/09/11 19:50:34.097, 0, 73 %, 4549 MiB, 32607 MiB
2026/09/11 19:50:34.098, 1, 61 %, 4567 MiB, 32607 MiB
2026/09/11 19:50:34.098, 2, 70 %, 4569 MiB, 32607 MiB
2026/09/11 19:50:34.098, 3, 75 %, 4549 MiB, 32607 MiB
2026/09/11 19:50:39.098, 0, 79 %, 4549 MiB, 32607 MiB
2026/09/11 19:50:39.099, 1, 75 %, 4567 MiB, 32607 MiB
2026/09/11 19:50:39.099, 2, 74 %, 4569 MiB, 32607 MiB
2026/09/11 19:50:39.099, 3, 73 %, 4549 MiB, 32607 MiB
2026/09/11 19:50:44.100, 0, 74 %, 4549 MiB, 32607 MiB
2026/09/11 19:50:44.100, 1, 78 %, 4567 MiB, 32607 MiB
2026/09/11 19:50:44.100, 2, 82 %, 4569 MiB, 32607 MiB
2026/09/11 19:50:44.101, 3, 54 %, 4549 MiB, 32607 MiB
2026/09/11 19:50:49.101, 0, 83 %, 4549 MiB, 32607 MiB
2026/09/11 19:50:49.102, 1, 71 %, 4567 MiB, 32607 MiB
2026/09/11 19:50:49.102, 2, 73 %, 4569 MiB, 32607 MiB
2026/09/11 19:50:49.102, 3, 81 %, 4549 MiB, 32607 MiB
2026/09/11 19:50:54.103, 0, 79 %, 4549 MiB, 32607 MiB
2026/09/11 19:50:54.103, 1, 54 %, 4567 MiB, 32607 MiB
2026/09/11 19:50:54.103, 2, 58 %, 4569 MiB, 32607 MiB
2026/09/11 19:50:54.103, 3, 70 %, 4549 MiB, 32607 MiB
2026/09/11 19:50:59.104, 0, 72 %, 4549 MiB, 32607 MiB
2026/09/11 19:50:59.104, 1, 76 %, 4567 MiB, 32607 MiB
2026/09/11 19:50:59.104, 2, 76 %, 4569 MiB, 32607 MiB
2026/09/11 19:50:59.104, 3, 78 %, 4549 MiB, 32607 MiB
2026/09/11 19:51:04.105, 0, 71 %, 4549 MiB, 32607 MiB
2026/09/11 19:51:04.105, 1, 77 %, 4567 MiB, 32607 MiB
2026/09/11 19:51:04.105, 2, 76 %, 4569 MiB, 32607 MiB
2026/09/11 19:51:04.105, 3, 81 %, 4549 MiB, 32607 MiB
2026/09/11 19:51:09.106, 0, 72 %, 4549 MiB, 32607 MiB
2026/09/11 19:51:09.106, 1, 80 %, 4567 MiB, 32607 MiB
2026/09/11 19:51:09.106, 2, 76 %, 4569 MiB, 32607 MiB
2026/09/11 19:51:09.106, 3, 77 %, 4549 MiB, 32607 MiB
2026/09/11 19:51:14.107, 0, 75 %, 4549 MiB, 32607 MiB
2026/09/11 19:51:14.107, 1, 77 %, 4567 MiB, 32607 MiB
2026/09/11 19:51:14.107, 2, 73 %, 4569 MiB, 32607 MiB
2026/09/11 19:51:14.107, 3, 79 %, 4549 MiB, 32607 MiB
2026/09/11 19:51:19.108, 0, 77 %, 4549 MiB, 32607 MiB
2026/09/11 19:51:19.108, 1, 74 %, 4567 MiB, 32607 MiB
2026/09/11 19:51:19.108, 2, 86 %, 4569 MiB, 32607 MiB
2026/09/11 19:51:19.109, 3, 72 %, 4549 MiB, 32607 MiB
2026/09/11 19:51:24.109, 0, 66 %, 4549 MiB, 32607 MiB
2026/09/11 19:51:24.109, 1, 81 %, 4567 MiB, 32607 MiB
2026/09/11 19:51:24.110, 2, 78 %, 4569 MiB, 32607 MiB
2026/09/11 19:51:24.110, 3, 83 %, 4549 MiB, 32607 MiB
2026/09/11 19:51:29.110, 0, 81 %, 4549 MiB, 32607 MiB
2026/09/11 19:51:29.111, 1, 69 %, 4567 MiB, 32607 MiB
2026/09/11 19:51:29.111, 2, 60 %, 4569 MiB, 32607 MiB
2026/09/11 19:51:29.111, 3, 80 %, 4549 MiB, 32607 MiB
2026/09/11 19:51:34.111, 0, 83 %, 4549 MiB, 32607 MiB
2026/09/11 19:51:34.112, 1, 63 %, 4567 MiB, 32607 MiB
2026/09/11 19:51:34.112, 2, 64 %, 4569 MiB, 32607 MiB
2026/09/11 19:51:34.112, 3, 80 %, 4549 MiB, 32607 MiB
2026/09/11 19:51:39.113, 0, 71 %, 4549 MiB, 32607 MiB
2026/09/11 19:51:39.113, 1, 58 %, 4567 MiB, 32607 MiB
2026/09/11 19:51:39.113, 2, 62 %, 4569 MiB, 32607 MiB
2026/09/11 19:51:39.113, 3, 70 %, 4549 MiB, 32607 MiB
2026/09/11 19:51:44.114, 0, 77 %, 4549 MiB, 32607 MiB
2026/09/11 19:51:44.114, 1, 78 %, 4567 MiB, 32607 MiB
2026/09/11 19:51:44.115, 2, 61 %, 4569 MiB, 32607 MiB
2026/09/11 19:51:44.115, 3, 76 %, 4549 MiB, 32607 MiB
2026/09/11 19:51:49.115, 0, 70 %, 4549 MiB, 32607 MiB
2026/09/11 19:51:49.116, 1, 74 %, 4567 MiB, 32607 MiB
2026/09/11 19:51:49.116, 2, 65 %, 4569 MiB, 32607 MiB
2026/09/11 19:51:49.116, 3, 79 %, 4549 MiB, 32607 MiB
2026/09/11 19:51:54.116, 0, 0 %, 4549 MiB, 32607 MiB
2026/09/11 19:51:54.117, 1, 100 %, 4567 MiB, 32607 MiB
2026/09/11 19:51:54.117, 2, 100 %, 4569 MiB, 32607 MiB
2026/09/11 19:51:54.117, 3, 100 %, 4549 MiB, 32607 MiB
2026/09/11 19:51:59.118, 0, 77 %, 4549 MiB, 32607 MiB
2026/09/11 19:51:59.120, 1, 74 %, 4567 MiB, 32607 MiB
2026/09/11 19:51:59.124, 2, 72 %, 4569 MiB, 32607 MiB
2026/09/11 19:51:59.125, 3, 70 %, 4549 MiB, 32607 MiB
2026/09/11 19:52:04.126, 0, 75 %, 4549 MiB, 32607 MiB
2026/09/11 19:52:04.126, 1, 75 %, 4567 MiB, 32607 MiB
2026/09/11 19:52:04.127, 2, 77 %, 4569 MiB, 32607 MiB
2026/09/11 19:52:04.127, 3, 76 %, 4549 MiB, 32607 MiB
2026/09/11 19:52:09.128, 0, 62 %, 4549 MiB, 32607 MiB
2026/09/11 19:52:09.128, 1, 79 %, 4567 MiB, 32607 MiB
2026/09/11 19:52:09.128, 2, 71 %, 4569 MiB, 32607 MiB
2026/09/11 19:52:09.128, 3, 74 %, 4549 MiB, 32607 MiB
2026/09/11 19:52:14.129, 0, 76 %, 4549 MiB, 32607 MiB
2026/09/11 19:52:14.129, 1, 74 %, 4567 MiB, 32607 MiB
2026/09/11 19:52:14.129, 2, 75 %, 4569 MiB, 32607 MiB
2026/09/11 19:52:14.129, 3, 75 %, 4549 MiB, 32607 MiB
2026/09/11 19:52:19.130, 0, 71 %, 4549 MiB, 32607 MiB
2026/09/11 19:52:19.130, 1, 67 %, 4567 MiB, 32607 MiB
2026/09/11 19:52:19.131, 2, 66 %, 4569 MiB, 32607 MiB
2026/09/11 19:52:19.131, 3, 77 %, 4549 MiB, 32607 MiB
2026/09/11 19:52:24.131, 0, 57 %, 4549 MiB, 32607 MiB
2026/09/11 19:52:24.132, 1, 59 %, 4567 MiB, 32607 MiB
2026/09/11 19:52:24.132, 2, 60 %, 4569 MiB, 32607 MiB
2026/09/11 19:52:24.132, 3, 70 %, 4549 MiB, 32607 MiB
2026/09/11 19:52:29.133, 0, 72 %, 4549 MiB, 32607 MiB
2026/09/11 19:52:29.133, 1, 64 %, 4567 MiB, 32607 MiB
2026/09/11 19:52:29.133, 2, 73 %, 4569 MiB, 32607 MiB
2026/09/11 19:52:29.133, 3, 82 %, 4549 MiB, 32607 MiB
2026/09/11 19:52:34.134, 0, 69 %, 4549 MiB, 32607 MiB
2026/09/11 19:52:34.134, 1, 100 %, 4567 MiB, 32607 MiB
2026/09/11 19:52:34.134, 2, 100 %, 4569 MiB, 32607 MiB
2026/09/11 19:52:34.135, 3, 100 %, 4549 MiB, 32607 MiB
2026/09/11 19:52:39.135, 0, 71 %, 4549 MiB, 32607 MiB
2026/09/11 19:52:39.135, 1, 56 %, 4567 MiB, 32607 MiB
2026/09/11 19:52:39.136, 2, 63 %, 4569 MiB, 32607 MiB
2026/09/11 19:52:39.136, 3, 82 %, 4549 MiB, 32607 MiB
2026/09/11 19:52:44.136, 0, 81 %, 4549 MiB, 32607 MiB
2026/09/11 19:52:44.137, 1, 48 %, 4567 MiB, 32607 MiB
2026/09/11 19:52:44.137, 2, 62 %, 4569 MiB, 32607 MiB
2026/09/11 19:52:44.137, 3, 80 %, 4549 MiB, 32607 MiB
2026/09/11 19:52:49.137, 0, 71 %, 4549 MiB, 32607 MiB
2026/09/11 19:52:49.138, 1, 68 %, 4567 MiB, 32607 MiB
2026/09/11 19:52:49.138, 2, 73 %, 4569 MiB, 32607 MiB
2026/09/11 19:52:49.138, 3, 66 %, 4549 MiB, 32607 MiB
2026/09/11 19:52:54.139, 0, 70 %, 4549 MiB, 32607 MiB
2026/09/11 19:52:54.139, 1, 73 %, 4567 MiB, 32607 MiB
2026/09/11 19:52:54.139, 2, 71 %, 4569 MiB, 32607 MiB
2026/09/11 19:52:54.139, 3, 77 %, 4549 MiB, 32607 MiB
2026/09/11 19:52:59.140, 0, 81 %, 4549 MiB, 32607 MiB
2026/09/11 19:52:59.140, 1, 69 %, 4567 MiB, 32607 MiB
2026/09/11 19:52:59.140, 2, 64 %, 4569 MiB, 32607 MiB
2026/09/11 19:52:59.140, 3, 68 %, 4549 MiB, 32607 MiB
2026/09/11 19:53:04.141, 0, 67 %, 4549 MiB, 32607 MiB
2026/09/11 19:53:04.141, 1, 65 %, 4567 MiB, 32607 MiB
2026/09/11 19:53:04.142, 2, 67 %, 4569 MiB, 32607 MiB
2026/09/11 19:53:04.142, 3, 79 %, 4549 MiB, 32607 MiB
2026/09/11 19:53:09.142, 0, 80 %, 4549 MiB, 32607 MiB
2026/09/11 19:53:09.143, 1, 64 %, 4567 MiB, 32607 MiB
2026/09/11 19:53:09.143, 2, 80 %, 4569 MiB, 32607 MiB
2026/09/11 19:53:09.143, 3, 79 %, 4549 MiB, 32607 MiB
2026/09/11 19:53:14.143, 0, 76 %, 4549 MiB, 32607 MiB
2026/09/11 19:53:14.144, 1, 64 %, 4567 MiB, 32607 MiB
2026/09/11 19:53:14.144, 2, 76 %, 4569 MiB, 32607 MiB
2026/09/11 19:53:14.144, 3, 78 %, 4549 MiB, 32607 MiB
2026/09/11 19:53:19.145, 0, 66 %, 4549 MiB, 32607 MiB
2026/09/11 19:53:19.145, 1, 77 %, 4567 MiB, 32607 MiB
2026/09/11 19:53:19.145, 2, 59 %, 4569 MiB, 32607 MiB
2026/09/11 19:53:19.146, 3, 61 %, 4549 MiB, 32607 MiB
2026/09/11 19:53:24.146, 0, 73 %, 4549 MiB, 32607 MiB
2026/09/11 19:53:24.147, 1, 72 %, 4567 MiB, 32607 MiB
2026/09/11 19:53:24.147, 2, 78 %, 4569 MiB, 32607 MiB
2026/09/11 19:53:24.147, 3, 78 %, 4549 MiB, 32607 MiB
2026/09/11 19:53:29.148, 0, 72 %, 4549 MiB, 32607 MiB
2026/09/11 19:53:29.148, 1, 81 %, 4567 MiB, 32607 MiB
2026/09/11 19:53:29.148, 2, 66 %, 4569 MiB, 32607 MiB
2026/09/11 19:53:29.148, 3, 75 %, 4549 MiB, 32607 MiB
2026/09/11 19:53:34.149, 0, 81 %, 4549 MiB, 32607 MiB
2026/09/11 19:53:34.149, 1, 71 %, 4567 MiB, 32607 MiB
2026/09/11 19:53:34.149, 2, 56 %, 4569 MiB, 32607 MiB
2026/09/11 19:53:34.150, 3, 59 %, 4549 MiB, 32607 MiB
2026/09/11 19:53:39.150, 0, 62 %, 4549 MiB, 32607 MiB
2026/09/11 19:53:39.151, 1, 66 %, 4567 MiB, 32607 MiB
2026/09/11 19:53:39.151, 2, 68 %, 4569 MiB, 32607 MiB
2026/09/11 19:53:39.151, 3, 82 %, 4549 MiB, 32607 MiB
2026/09/11 19:53:44.151, 0, 72 %, 4549 MiB, 32607 MiB
2026/09/11 19:53:44.152, 1, 75 %, 4567 MiB, 32607 MiB
2026/09/11 19:53:44.152, 2, 72 %, 4569 MiB, 32607 MiB
2026/09/11 19:53:44.152, 3, 58 %, 4549 MiB, 32607 MiB
2026/09/11 19:53:49.153, 0, 59 %, 4549 MiB, 32607 MiB
2026/09/11 19:53:49.153, 1, 77 %, 4567 MiB, 32607 MiB
2026/09/11 19:53:49.153, 2, 65 %, 4569 MiB, 32607 MiB
2026/09/11 19:53:49.154, 3, 100 %, 4549 MiB, 32607 MiB
2026/09/11 19:53:54.154, 0, 76 %, 4549 MiB, 32607 MiB
2026/09/11 19:53:54.154, 1, 69 %, 4567 MiB, 32607 MiB
2026/09/11 19:53:54.155, 2, 86 %, 4569 MiB, 32607 MiB
2026/09/11 19:53:54.155, 3, 66 %, 4549 MiB, 32607 MiB
2026/09/11 19:53:59.155, 0, 78 %, 4549 MiB, 32607 MiB
2026/09/11 19:53:59.156, 1, 79 %, 4567 MiB, 32607 MiB
2026/09/11 19:53:59.156, 2, 79 %, 4569 MiB, 32607 MiB
2026/09/11 19:53:59.156, 3, 67 %, 4549 MiB, 32607 MiB
2026/09/11 19:54:04.156, 0, 78 %, 4549 MiB, 32607 MiB
2026/09/11 19:54:04.157, 1, 71 %, 4567 MiB, 32607 MiB
2026/09/11 19:54:04.157, 2, 64 %, 4569 MiB, 32607 MiB
2026/09/11 19:54:04.157, 3, 72 %, 4549 MiB, 32607 MiB
2026/09/11 19:54:09.158, 0, 67 %, 4549 MiB, 32607 MiB
2026/09/11 19:54:09.158, 1, 67 %, 4567 MiB, 32607 MiB
2026/09/11 19:54:09.158, 2, 76 %, 4569 MiB, 32607 MiB
2026/09/11 19:54:09.158, 3, 77 %, 4549 MiB, 32607 MiB
2026/09/11 19:54:14.159, 0, 76 %, 4549 MiB, 32607 MiB
2026/09/11 19:54:14.159, 1, 75 %, 4567 MiB, 32607 MiB
2026/09/11 19:54:14.159, 2, 59 %, 4569 MiB, 32607 MiB
2026/09/11 19:54:14.160, 3, 82 %, 4549 MiB, 32607 MiB
2026/09/11 19:54:19.160, 0, 73 %, 4549 MiB, 32607 MiB
2026/09/11 19:54:19.160, 1, 63 %, 4567 MiB, 32607 MiB
2026/09/11 19:54:19.161, 2, 69 %, 4569 MiB, 32607 MiB
2026/09/11 19:54:19.161, 3, 79 %, 4549 MiB, 32607 MiB
2026/09/11 19:54:24.161, 0, 74 %, 4549 MiB, 32607 MiB
2026/09/11 19:54:24.162, 1, 65 %, 4567 MiB, 32607 MiB
2026/09/11 19:54:24.162, 2, 77 %, 4569 MiB, 32607 MiB
2026/09/11 19:54:24.162, 3, 71 %, 4549 MiB, 32607 MiB
2026/09/11 19:54:29.163, 0, 77 %, 4549 MiB, 32607 MiB
2026/09/11 19:54:29.163, 1, 63 %, 4567 MiB, 32607 MiB
2026/09/11 19:54:29.163, 2, 74 %, 4569 MiB, 32607 MiB
2026/09/11 19:54:29.163, 3, 74 %, 4549 MiB, 32607 MiB
2026/09/11 19:54:34.164, 0, 71 %, 4549 MiB, 32607 MiB
2026/09/11 19:54:34.164, 1, 73 %, 4567 MiB, 32607 MiB
2026/09/11 19:54:34.164, 2, 59 %, 4569 MiB, 32607 MiB
2026/09/11 19:54:34.165, 3, 77 %, 4549 MiB, 32607 MiB
2026/09/11 19:54:39.165, 0, 79 %, 4549 MiB, 32607 MiB
2026/09/11 19:54:39.165, 1, 85 %, 4567 MiB, 32607 MiB
2026/09/11 19:54:39.166, 2, 75 %, 4569 MiB, 32607 MiB
2026/09/11 19:54:39.166, 3, 81 %, 4549 MiB, 32607 MiB
2026/09/11 19:54:44.166, 0, 74 %, 4549 MiB, 32607 MiB
2026/09/11 19:54:44.167, 1, 75 %, 4567 MiB, 32607 MiB
2026/09/11 19:54:44.167, 2, 67 %, 4569 MiB, 32607 MiB
2026/09/11 19:54:44.167, 3, 64 %, 4549 MiB, 32607 MiB
2026/09/11 19:54:49.168, 0, 79 %, 4549 MiB, 32607 MiB
2026/09/11 19:54:49.168, 1, 59 %, 4567 MiB, 32607 MiB
2026/09/11 19:54:49.168, 2, 67 %, 4569 MiB, 32607 MiB
2026/09/11 19:54:49.168, 3, 78 %, 4549 MiB, 32607 MiB
2026/09/11 19:54:54.169, 0, 68 %, 4549 MiB, 32607 MiB
2026/09/11 19:54:54.169, 1, 65 %, 4567 MiB, 32607 MiB
2026/09/11 19:54:54.169, 2, 66 %, 4569 MiB, 32607 MiB
2026/09/11 19:54:54.169, 3, 68 %, 4549 MiB, 32607 MiB
2026/09/11 19:54:59.170, 0, 65 %, 4549 MiB, 32607 MiB
2026/09/11 19:54:59.170, 1, 74 %, 4567 MiB, 32607 MiB
2026/09/11 19:54:59.171, 2, 77 %, 4569 MiB, 32607 MiB
2026/09/11 19:54:59.171, 3, 74 %, 4549 MiB, 32607 MiB
2026/09/11 19:55:04.171, 0, 76 %, 4549 MiB, 32607 MiB
2026/09/11 19:55:04.172, 1, 68 %, 4567 MiB, 32607 MiB
2026/09/11 19:55:04.172, 2, 79 %, 4569 MiB, 32607 MiB
2026/09/11 19:55:04.172, 3, 71 %, 4549 MiB, 32607 MiB
2026/09/11 19:55:09.173, 0, 77 %, 4549 MiB, 32607 MiB
2026/09/11 19:55:09.173, 1, 77 %, 4567 MiB, 32607 MiB
2026/09/11 19:55:09.173, 2, 68 %, 4569 MiB, 32607 MiB
2026/09/11 19:55:09.173, 3, 81 %, 4549 MiB, 32607 MiB
2026/09/11 19:55:14.174, 0, 80 %, 4549 MiB, 32607 MiB
2026/09/11 19:55:14.174, 1, 82 %, 4567 MiB, 32607 MiB
2026/09/11 19:55:14.174, 2, 63 %, 4569 MiB, 32607 MiB
2026/09/11 19:55:14.175, 3, 74 %, 4549 MiB, 32607 MiB
2026/09/11 19:55:19.175, 0, 67 %, 4549 MiB, 32607 MiB
2026/09/11 19:55:19.175, 1, 59 %, 4567 MiB, 32607 MiB
2026/09/11 19:55:19.176, 2, 69 %, 4569 MiB, 32607 MiB
2026/09/11 19:55:19.176, 3, 82 %, 4549 MiB, 32607 MiB
2026/09/11 19:55:24.177, 0, 0 %, 4549 MiB, 32607 MiB
2026/09/11 19:55:24.177, 1, 56 %, 4567 MiB, 32607 MiB
2026/09/11 19:55:24.177, 2, 68 %, 4569 MiB, 32607 MiB
2026/09/11 19:55:24.177, 3, 72 %, 4549 MiB, 32607 MiB
2026/09/11 19:55:29.178, 0, 76 %, 4549 MiB, 32607 MiB
2026/09/11 19:55:29.178, 1, 67 %, 4567 MiB, 32607 MiB
2026/09/11 19:55:29.178, 2, 64 %, 4569 MiB, 32607 MiB
2026/09/11 19:55:29.179, 3, 82 %, 4549 MiB, 32607 MiB
2026/09/11 19:55:34.179, 0, 73 %, 4549 MiB, 32607 MiB
2026/09/11 19:55:34.180, 1, 75 %, 4567 MiB, 32607 MiB
2026/09/11 19:55:34.180, 2, 69 %, 4569 MiB, 32607 MiB
2026/09/11 19:55:34.180, 3, 78 %, 4549 MiB, 32607 MiB
2026/09/11 19:55:39.180, 0, 70 %, 4549 MiB, 32607 MiB
2026/09/11 19:55:39.181, 1, 100 %, 4567 MiB, 32607 MiB
2026/09/11 19:55:39.181, 2, 100 %, 4569 MiB, 32607 MiB
2026/09/11 19:55:39.181, 3, 100 %, 4549 MiB, 32607 MiB
2026/09/11 19:55:44.182, 0, 0 %, 4549 MiB, 32607 MiB
2026/09/11 19:55:44.182, 1, 100 %, 4567 MiB, 32607 MiB
2026/09/11 19:55:44.182, 2, 100 %, 4569 MiB, 32607 MiB
2026/09/11 19:55:44.182, 3, 100 %, 4549 MiB, 32607 MiB
2026/09/11 19:55:49.183, 0, 82 %, 4549 MiB, 32607 MiB
2026/09/11 19:55:49.183, 1, 77 %, 4567 MiB, 32607 MiB
2026/09/11 19:55:49.183, 2, 71 %, 4569 MiB, 32607 MiB
2026/09/11 19:55:49.184, 3, 66 %, 4549 MiB, 32607 MiB
2026/09/11 19:55:54.184, 0, 69 %, 4549 MiB, 32607 MiB
2026/09/11 19:55:54.185, 1, 74 %, 4567 MiB, 32607 MiB
2026/09/11 19:55:54.185, 2, 75 %, 4569 MiB, 32607 MiB
2026/09/11 19:55:54.185, 3, 82 %, 4549 MiB, 32607 MiB
2026/09/11 19:55:59.185, 0, 77 %, 4549 MiB, 32607 MiB
2026/09/11 19:55:59.186, 1, 59 %, 4567 MiB, 32607 MiB
2026/09/11 19:55:59.186, 2, 71 %, 4569 MiB, 32607 MiB
2026/09/11 19:55:59.186, 3, 76 %, 4549 MiB, 32607 MiB
2026/09/11 19:56:04.187, 0, 68 %, 4549 MiB, 32607 MiB
2026/09/11 19:56:04.187, 1, 79 %, 4567 MiB, 32607 MiB
2026/09/11 19:56:04.187, 2, 66 %, 4569 MiB, 32607 MiB
2026/09/11 19:56:04.187, 3, 80 %, 4549 MiB, 32607 MiB
2026/09/11 19:56:09.188, 0, 74 %, 4549 MiB, 32607 MiB
2026/09/11 19:56:09.189, 1, 69 %, 4567 MiB, 32607 MiB
2026/09/11 19:56:09.191, 2, 82 %, 4569 MiB, 32607 MiB
2026/09/11 19:56:09.192, 3, 73 %, 4549 MiB, 32607 MiB
2026/09/11 19:56:14.194, 0, 68 %, 4549 MiB, 32607 MiB
2026/09/11 19:56:14.194, 1, 69 %, 4567 MiB, 32607 MiB
2026/09/11 19:56:14.194, 2, 77 %, 4569 MiB, 32607 MiB
2026/09/11 19:56:14.194, 3, 62 %, 4549 MiB, 32607 MiB
2026/09/11 19:56:19.195, 0, 76 %, 4549 MiB, 32607 MiB
2026/09/11 19:56:19.195, 1, 73 %, 4567 MiB, 32607 MiB
2026/09/11 19:56:19.195, 2, 72 %, 4569 MiB, 32607 MiB
2026/09/11 19:56:19.196, 3, 73 %, 4549 MiB, 32607 MiB
2026/09/11 19:56:24.196, 0, 74 %, 4549 MiB, 32607 MiB
2026/09/11 19:56:24.197, 1, 68 %, 4567 MiB, 32607 MiB
2026/09/11 19:56:24.197, 2, 67 %, 4569 MiB, 32607 MiB
2026/09/11 19:56:24.197, 3, 77 %, 4549 MiB, 32607 MiB
2026/09/11 19:56:29.197, 0, 66 %, 4549 MiB, 32607 MiB
2026/09/11 19:56:29.198, 1, 77 %, 4567 MiB, 32607 MiB
2026/09/11 19:56:29.198, 2, 71 %, 4569 MiB, 32607 MiB
2026/09/11 19:56:29.198, 3, 82 %, 4549 MiB, 32607 MiB
2026/09/11 19:56:34.199, 0, 69 %, 4549 MiB, 32607 MiB
2026/09/11 19:56:34.199, 1, 67 %, 4567 MiB, 32607 MiB
2026/09/11 19:56:34.199, 2, 76 %, 4569 MiB, 32607 MiB
2026/09/11 19:56:34.199, 3, 77 %, 4549 MiB, 32607 MiB
2026/09/11 19:56:39.200, 0, 67 %, 4549 MiB, 32607 MiB
2026/09/11 19:56:39.200, 1, 70 %, 4567 MiB, 32607 MiB
2026/09/11 19:56:39.201, 2, 77 %, 4569 MiB, 32607 MiB
2026/09/11 19:56:39.201, 3, 71 %, 4549 MiB, 32607 MiB
2026/09/11 19:56:44.201, 0, 79 %, 4549 MiB, 32607 MiB
2026/09/11 19:56:44.202, 1, 80 %, 4567 MiB, 32607 MiB
2026/09/11 19:56:44.202, 2, 75 %, 4569 MiB, 32607 MiB
2026/09/11 19:56:44.202, 3, 79 %, 4549 MiB, 32607 MiB
2026/09/11 19:56:49.203, 0, 73 %, 4549 MiB, 32607 MiB
2026/09/11 19:56:49.203, 1, 77 %, 4567 MiB, 32607 MiB
2026/09/11 19:56:49.203, 2, 66 %, 4569 MiB, 32607 MiB
2026/09/11 19:56:49.203, 3, 80 %, 4549 MiB, 32607 MiB
2026/09/11 19:56:54.204, 0, 79 %, 4549 MiB, 32607 MiB
2026/09/11 19:56:54.204, 1, 78 %, 4567 MiB, 32607 MiB
2026/09/11 19:56:54.204, 2, 62 %, 4569 MiB, 32607 MiB
2026/09/11 19:56:54.204, 3, 73 %, 4549 MiB, 32607 MiB
2026/09/11 19:56:59.205, 0, 59 %, 4549 MiB, 32607 MiB
2026/09/11 19:56:59.205, 1, 77 %, 4567 MiB, 32607 MiB
2026/09/11 19:56:59.206, 2, 66 %, 4569 MiB, 32607 MiB
2026/09/11 19:56:59.206, 3, 68 %, 4549 MiB, 32607 MiB
2026/09/11 19:57:04.206, 0, 70 %, 4549 MiB, 32607 MiB
2026/09/11 19:57:04.207, 1, 62 %, 4567 MiB, 32607 MiB
2026/09/11 19:57:04.207, 2, 68 %, 4569 MiB, 32607 MiB
2026/09/11 19:57:04.207, 3, 74 %, 4549 MiB, 32607 MiB
2026/09/11 19:57:09.208, 0, 78 %, 4549 MiB, 32607 MiB
2026/09/11 19:57:09.208, 1, 79 %, 4567 MiB, 32607 MiB
2026/09/11 19:57:09.208, 2, 69 %, 4569 MiB, 32607 MiB
2026/09/11 19:57:09.208, 3, 72 %, 4549 MiB, 32607 MiB
2026/09/11 19:57:14.209, 0, 63 %, 4549 MiB, 32607 MiB
2026/09/11 19:57:14.209, 1, 61 %, 4567 MiB, 32607 MiB
2026/09/11 19:57:14.209, 2, 57 %, 4569 MiB, 32607 MiB
2026/09/11 19:57:14.210, 3, 72 %, 4549 MiB, 32607 MiB
2026/09/11 19:57:19.210, 0, 67 %, 4549 MiB, 32607 MiB
2026/09/11 19:57:19.210, 1, 73 %, 4567 MiB, 32607 MiB
2026/09/11 19:57:19.211, 2, 70 %, 4569 MiB, 32607 MiB
2026/09/11 19:57:19.211, 3, 74 %, 4549 MiB, 32607 MiB
2026/09/11 19:57:24.211, 0, 71 %, 4549 MiB, 32607 MiB
2026/09/11 19:57:24.211, 1, 79 %, 4567 MiB, 32607 MiB
2026/09/11 19:57:24.212, 2, 80 %, 4569 MiB, 32607 MiB
2026/09/11 19:57:24.212, 3, 79 %, 4549 MiB, 32607 MiB
2026/09/11 19:57:29.212, 0, 76 %, 4549 MiB, 32607 MiB
2026/09/11 19:57:29.213, 1, 21 %, 4567 MiB, 32607 MiB
2026/09/11 19:57:29.213, 2, 76 %, 4569 MiB, 32607 MiB
2026/09/11 19:57:29.213, 3, 79 %, 4549 MiB, 32607 MiB
2026/09/11 19:57:34.214, 0, 17 %, 4549 MiB, 32607 MiB
2026/09/11 19:57:34.220, 1, 81 %, 4567 MiB, 32607 MiB
2026/09/11 19:57:34.222, 2, 61 %, 4569 MiB, 32607 MiB
2026/09/11 19:57:34.223, 3, 63 %, 4549 MiB, 32607 MiB
2026/09/11 19:57:39.223, 0, 80 %, 4549 MiB, 32607 MiB
2026/09/11 19:57:39.224, 1, 79 %, 4567 MiB, 32607 MiB
2026/09/11 19:57:39.224, 2, 72 %, 4569 MiB, 32607 MiB
2026/09/11 19:57:39.224, 3, 76 %, 4549 MiB, 32607 MiB
2026/09/11 19:57:44.225, 0, 80 %, 4549 MiB, 32607 MiB
2026/09/11 19:57:44.225, 1, 69 %, 4567 MiB, 32607 MiB
2026/09/11 19:57:44.225, 2, 82 %, 4569 MiB, 32607 MiB
2026/09/11 19:57:44.225, 3, 78 %, 4549 MiB, 32607 MiB
2026/09/11 19:57:49.226, 0, 76 %, 4549 MiB, 32607 MiB
2026/09/11 19:57:49.226, 1, 66 %, 4567 MiB, 32607 MiB
2026/09/11 19:57:49.227, 2, 78 %, 4569 MiB, 32607 MiB
2026/09/11 19:57:49.227, 3, 55 %, 4549 MiB, 32607 MiB
2026/09/11 19:57:54.227, 0, 74 %, 4549 MiB, 32607 MiB
2026/09/11 19:57:54.228, 1, 75 %, 4567 MiB, 32607 MiB
2026/09/11 19:57:54.228, 2, 78 %, 4569 MiB, 32607 MiB
2026/09/11 19:57:54.228, 3, 68 %, 4549 MiB, 32607 MiB
2026/09/11 19:57:59.229, 0, 79 %, 4549 MiB, 32607 MiB
2026/09/11 19:57:59.229, 1, 66 %, 4567 MiB, 32607 MiB
2026/09/11 19:57:59.229, 2, 54 %, 4569 MiB, 32607 MiB
2026/09/11 19:57:59.229, 3, 62 %, 4549 MiB, 32607 MiB
2026/09/11 19:58:04.230, 0, 69 %, 4549 MiB, 32607 MiB
2026/09/11 19:58:04.230, 1, 77 %, 4567 MiB, 32607 MiB
2026/09/11 19:58:04.230, 2, 76 %, 4569 MiB, 32607 MiB
2026/09/11 19:58:04.231, 3, 71 %, 4549 MiB, 32607 MiB
2026/09/11 19:58:09.231, 0, 67 %, 4549 MiB, 32607 MiB
2026/09/11 19:58:09.232, 1, 80 %, 4567 MiB, 32607 MiB
2026/09/11 19:58:09.232, 2, 68 %, 4569 MiB, 32607 MiB
2026/09/11 19:58:09.232, 3, 80 %, 4549 MiB, 32607 MiB
2026/09/11 19:58:14.233, 0, 77 %, 4549 MiB, 32607 MiB
2026/09/11 19:58:14.233, 1, 76 %, 4567 MiB, 32607 MiB
2026/09/11 19:58:14.233, 2, 71 %, 4569 MiB, 32607 MiB
2026/09/11 19:58:14.233, 3, 75 %, 4549 MiB, 32607 MiB
2026/09/11 19:58:19.234, 0, 75 %, 4549 MiB, 32607 MiB
2026/09/11 19:58:19.234, 1, 85 %, 4567 MiB, 32607 MiB
2026/09/11 19:58:19.234, 2, 68 %, 4569 MiB, 32607 MiB
2026/09/11 19:58:19.235, 3, 79 %, 4549 MiB, 32607 MiB
2026/09/11 19:58:24.235, 0, 81 %, 4549 MiB, 32607 MiB
2026/09/11 19:58:24.235, 1, 75 %, 4567 MiB, 32607 MiB
2026/09/11 19:58:24.236, 2, 73 %, 4569 MiB, 32607 MiB
2026/09/11 19:58:24.236, 3, 77 %, 4549 MiB, 32607 MiB
2026/09/11 19:58:29.236, 0, 72 %, 4549 MiB, 32607 MiB
2026/09/11 19:58:29.237, 1, 69 %, 4567 MiB, 32607 MiB
2026/09/11 19:58:29.237, 2, 64 %, 4569 MiB, 32607 MiB
2026/09/11 19:58:29.237, 3, 84 %, 4549 MiB, 32607 MiB
2026/09/11 19:58:34.238, 0, 73 %, 4549 MiB, 32607 MiB
2026/09/11 19:58:34.238, 1, 80 %, 4567 MiB, 32607 MiB
2026/09/11 19:58:34.238, 2, 68 %, 4569 MiB, 32607 MiB
2026/09/11 19:58:34.239, 3, 81 %, 4549 MiB, 32607 MiB
2026/09/11 19:58:39.239, 0, 79 %, 4549 MiB, 32607 MiB
2026/09/11 19:58:39.240, 1, 63 %, 4567 MiB, 32607 MiB
2026/09/11 19:58:39.240, 2, 78 %, 4569 MiB, 32607 MiB
2026/09/11 19:58:39.240, 3, 72 %, 4549 MiB, 32607 MiB
2026/09/11 19:58:44.240, 0, 81 %, 4549 MiB, 32607 MiB
2026/09/11 19:58:44.241, 1, 75 %, 4567 MiB, 32607 MiB
2026/09/11 19:58:44.241, 2, 75 %, 4569 MiB, 32607 MiB
2026/09/11 19:58:44.241, 3, 76 %, 4549 MiB, 32607 MiB
2026/09/11 19:58:49.242, 0, 69 %, 4549 MiB, 32607 MiB
2026/09/11 19:58:49.242, 1, 100 %, 4567 MiB, 32607 MiB
2026/09/11 19:58:49.242, 2, 100 %, 4569 MiB, 32607 MiB
2026/09/11 19:58:49.242, 3, 100 %, 4549 MiB, 32607 MiB
2026/09/11 19:58:54.243, 0, 71 %, 4549 MiB, 32607 MiB
2026/09/11 19:58:54.243, 1, 69 %, 4567 MiB, 32607 MiB
2026/09/11 19:58:54.243, 2, 71 %, 4569 MiB, 32607 MiB
2026/09/11 19:58:54.244, 3, 68 %, 4549 MiB, 32607 MiB
2026/09/11 19:58:59.244, 0, 75 %, 4549 MiB, 32607 MiB
2026/09/11 19:58:59.245, 1, 74 %, 4567 MiB, 32607 MiB
2026/09/11 19:58:59.245, 2, 71 %, 4569 MiB, 32607 MiB
2026/09/11 19:58:59.245, 3, 61 %, 4549 MiB, 32607 MiB
2026/09/11 19:59:04.245, 0, 73 %, 4549 MiB, 32607 MiB
2026/09/11 19:59:04.246, 1, 69 %, 4567 MiB, 32607 MiB
2026/09/11 19:59:04.246, 2, 65 %, 4569 MiB, 32607 MiB
2026/09/11 19:59:04.246, 3, 74 %, 4549 MiB, 32607 MiB
2026/09/11 19:59:09.247, 0, 60 %, 4549 MiB, 32607 MiB
2026/09/11 19:59:09.247, 1, 76 %, 4567 MiB, 32607 MiB
2026/09/11 19:59:09.247, 2, 77 %, 4569 MiB, 32607 MiB
2026/09/11 19:59:09.247, 3, 76 %, 4549 MiB, 32607 MiB
2026/09/11 19:59:14.248, 0, 73 %, 4549 MiB, 32607 MiB
2026/09/11 19:59:14.248, 1, 81 %, 4567 MiB, 32607 MiB
2026/09/11 19:59:14.248, 2, 62 %, 4569 MiB, 32607 MiB
2026/09/11 19:59:14.248, 3, 72 %, 4549 MiB, 32607 MiB
2026/09/11 19:59:19.249, 0, 73 %, 4549 MiB, 32607 MiB
2026/09/11 19:59:19.249, 1, 81 %, 4567 MiB, 32607 MiB
2026/09/11 19:59:19.249, 2, 69 %, 4569 MiB, 32607 MiB
2026/09/11 19:59:19.250, 3, 71 %, 4549 MiB, 32607 MiB
2026/09/11 19:59:24.250, 0, 81 %, 4549 MiB, 32607 MiB
2026/09/11 19:59:24.250, 1, 75 %, 4567 MiB, 32607 MiB
2026/09/11 19:59:24.251, 2, 63 %, 4569 MiB, 32607 MiB
2026/09/11 19:59:24.251, 3, 48 %, 4549 MiB, 32607 MiB
2026/09/11 19:59:29.251, 0, 80 %, 4549 MiB, 32607 MiB
2026/09/11 19:59:29.252, 1, 70 %, 4567 MiB, 32607 MiB
2026/09/11 19:59:29.252, 2, 76 %, 4569 MiB, 32607 MiB
2026/09/11 19:59:29.252, 3, 79 %, 4549 MiB, 32607 MiB
2026/09/11 19:59:34.253, 0, 68 %, 4549 MiB, 32607 MiB
2026/09/11 19:59:34.253, 1, 76 %, 4567 MiB, 32607 MiB
2026/09/11 19:59:34.253, 2, 69 %, 4569 MiB, 32607 MiB
2026/09/11 19:59:34.253, 3, 77 %, 4549 MiB, 32607 MiB
2026/09/11 19:59:39.254, 0, 73 %, 4549 MiB, 32607 MiB
2026/09/11 19:59:39.254, 1, 78 %, 4567 MiB, 32607 MiB
2026/09/11 19:59:39.254, 2, 62 %, 4569 MiB, 32607 MiB
2026/09/11 19:59:39.255, 3, 69 %, 4549 MiB, 32607 MiB
2026/09/11 19:59:44.255, 0, 71 %, 4549 MiB, 32607 MiB
2026/09/11 19:59:44.255, 1, 72 %, 4567 MiB, 32607 MiB
2026/09/11 19:59:44.256, 2, 58 %, 4569 MiB, 32607 MiB
2026/09/11 19:59:44.256, 3, 65 %, 4549 MiB, 32607 MiB
2026/09/11 19:59:49.256, 0, 71 %, 4549 MiB, 32607 MiB
2026/09/11 19:59:49.257, 1, 65 %, 4567 MiB, 32607 MiB
2026/09/11 19:59:49.257, 2, 83 %, 4569 MiB, 32607 MiB
2026/09/11 19:59:49.257, 3, 75 %, 4549 MiB, 32607 MiB
2026/09/11 19:59:54.258, 0, 73 %, 4549 MiB, 32607 MiB
2026/09/11 19:59:54.258, 1, 66 %, 4567 MiB, 32607 MiB
2026/09/11 19:59:54.259, 2, 59 %, 4569 MiB, 32607 MiB
2026/09/11 19:59:54.259, 3, 63 %, 4549 MiB, 32607 MiB
2026/09/11 19:59:59.260, 0, 70 %, 4549 MiB, 32607 MiB
2026/09/11 19:59:59.260, 1, 75 %, 4567 MiB, 32607 MiB
2026/09/11 19:59:59.260, 2, 66 %, 4569 MiB, 32607 MiB
2026/09/11 19:59:59.260, 3, 76 %, 4549 MiB, 32607 MiB
2026/09/11 20:00:04.261, 0, 74 %, 4549 MiB, 32607 MiB
2026/09/11 20:00:04.261, 1, 82 %, 4567 MiB, 32607 MiB
2026/09/11 20:00:04.262, 2, 66 %, 4569 MiB, 32607 MiB
2026/09/11 20:00:04.262, 3, 73 %, 4549 MiB, 32607 MiB
2026/09/11 20:00:09.262, 0, 77 %, 4549 MiB, 32607 MiB
2026/09/11 20:00:09.263, 1, 81 %, 4567 MiB, 32607 MiB
2026/09/11 20:00:09.263, 2, 51 %, 4569 MiB, 32607 MiB
2026/09/11 20:00:09.263, 3, 68 %, 4549 MiB, 32607 MiB
2026/09/11 20:00:14.264, 0, 63 %, 4549 MiB, 32607 MiB
2026/09/11 20:00:14.264, 1, 77 %, 4567 MiB, 32607 MiB
2026/09/11 20:00:14.264, 2, 65 %, 4569 MiB, 32607 MiB
2026/09/11 20:00:14.264, 3, 82 %, 4549 MiB, 32607 MiB
2026/09/11 20:00:19.265, 0, 73 %, 4549 MiB, 32607 MiB
2026/09/11 20:00:19.265, 1, 75 %, 4567 MiB, 32607 MiB
2026/09/11 20:00:19.265, 2, 71 %, 4569 MiB, 32607 MiB
2026/09/11 20:00:19.266, 3, 83 %, 4549 MiB, 32607 MiB
2026/09/11 20:00:24.266, 0, 79 %, 4549 MiB, 32607 MiB
2026/09/11 20:00:24.266, 1, 54 %, 4567 MiB, 32607 MiB
2026/09/11 20:00:24.267, 2, 79 %, 4569 MiB, 32607 MiB
2026/09/11 20:00:24.267, 3, 79 %, 4549 MiB, 32607 MiB
2026/09/11 20:00:29.267, 0, 83 %, 4549 MiB, 32607 MiB
2026/09/11 20:00:29.268, 1, 63 %, 4567 MiB, 32607 MiB
2026/09/11 20:00:29.268, 2, 80 %, 4569 MiB, 32607 MiB
2026/09/11 20:00:29.268, 3, 68 %, 4549 MiB, 32607 MiB
2026/09/11 20:00:34.269, 0, 71 %, 4549 MiB, 32607 MiB
2026/09/11 20:00:34.269, 1, 66 %, 4567 MiB, 32607 MiB
2026/09/11 20:00:34.269, 2, 62 %, 4569 MiB, 32607 MiB
2026/09/11 20:00:34.270, 3, 66 %, 4549 MiB, 32607 MiB
2026/09/11 20:00:39.270, 0, 79 %, 4549 MiB, 32607 MiB
2026/09/11 20:00:39.271, 1, 100 %, 4567 MiB, 32607 MiB
2026/09/11 20:00:39.271, 2, 100 %, 4569 MiB, 32607 MiB
2026/09/11 20:00:39.271, 3, 100 %, 4549 MiB, 32607 MiB
2026/09/11 20:00:44.272, 0, 72 %, 4549 MiB, 32607 MiB
2026/09/11 20:00:44.272, 1, 75 %, 4567 MiB, 32607 MiB
2026/09/11 20:00:44.272, 2, 73 %, 4569 MiB, 32607 MiB
2026/09/11 20:00:44.272, 3, 81 %, 4549 MiB, 32607 MiB
2026/09/11 20:00:49.273, 0, 76 %, 4549 MiB, 32607 MiB
2026/09/11 20:00:49.273, 1, 71 %, 4567 MiB, 32607 MiB
2026/09/11 20:00:49.273, 2, 72 %, 4569 MiB, 32607 MiB
2026/09/11 20:00:49.274, 3, 72 %, 4549 MiB, 32607 MiB
2026/09/11 20:00:54.274, 0, 65 %, 4549 MiB, 32607 MiB
2026/09/11 20:00:54.274, 1, 68 %, 4567 MiB, 32607 MiB
2026/09/11 20:00:54.275, 2, 64 %, 4569 MiB, 32607 MiB
2026/09/11 20:00:54.275, 3, 77 %, 4549 MiB, 32607 MiB
2026/09/11 20:00:59.275, 0, 71 %, 4549 MiB, 32607 MiB
2026/09/11 20:00:59.276, 1, 77 %, 4567 MiB, 32607 MiB
2026/09/11 20:00:59.276, 2, 60 %, 4569 MiB, 32607 MiB
2026/09/11 20:00:59.276, 3, 69 %, 4549 MiB, 32607 MiB
2026/09/11 20:01:04.277, 0, 76 %, 4549 MiB, 32607 MiB
2026/09/11 20:01:04.277, 1, 83 %, 4567 MiB, 32607 MiB
2026/09/11 20:01:04.278, 2, 76 %, 4569 MiB, 32607 MiB
2026/09/11 20:01:04.278, 3, 71 %, 4549 MiB, 32607 MiB
2026/09/11 20:01:09.278, 0, 78 %, 4549 MiB, 32607 MiB
2026/09/11 20:01:09.279, 1, 78 %, 4567 MiB, 32607 MiB
2026/09/11 20:01:09.279, 2, 48 %, 4569 MiB, 32607 MiB
2026/09/11 20:01:09.279, 3, 71 %, 4549 MiB, 32607 MiB
2026/09/11 20:01:14.280, 0, 78 %, 4549 MiB, 32607 MiB
2026/09/11 20:01:14.280, 1, 80 %, 4567 MiB, 32607 MiB
2026/09/11 20:01:14.280, 2, 81 %, 4569 MiB, 32607 MiB
2026/09/11 20:01:14.280, 3, 77 %, 4549 MiB, 32607 MiB
2026/09/11 20:01:19.281, 0, 78 %, 4549 MiB, 32607 MiB
2026/09/11 20:01:19.281, 1, 78 %, 4567 MiB, 32607 MiB
2026/09/11 20:01:19.281, 2, 58 %, 4569 MiB, 32607 MiB
2026/09/11 20:01:19.282, 3, 73 %, 4549 MiB, 32607 MiB
2026/09/11 20:01:24.282, 0, 79 %, 4549 MiB, 32607 MiB
2026/09/11 20:01:24.282, 1, 73 %, 4567 MiB, 32607 MiB
2026/09/11 20:01:24.283, 2, 64 %, 4569 MiB, 32607 MiB
2026/09/11 20:01:24.283, 3, 76 %, 4549 MiB, 32607 MiB
2026/09/11 20:01:29.283, 0, 73 %, 4549 MiB, 32607 MiB
2026/09/11 20:01:29.284, 1, 65 %, 4567 MiB, 32607 MiB
2026/09/11 20:01:29.284, 2, 59 %, 4569 MiB, 32607 MiB
2026/09/11 20:01:29.284, 3, 71 %, 4549 MiB, 32607 MiB
2026/09/11 20:01:34.285, 0, 67 %, 4549 MiB, 32607 MiB
2026/09/11 20:01:34.285, 1, 78 %, 4567 MiB, 32607 MiB
2026/09/11 20:01:34.285, 2, 63 %, 4569 MiB, 32607 MiB
2026/09/11 20:01:34.285, 3, 77 %, 4549 MiB, 32607 MiB
2026/09/11 20:01:39.286, 0, 80 %, 4549 MiB, 32607 MiB
2026/09/11 20:01:39.286, 1, 72 %, 4567 MiB, 32607 MiB
2026/09/11 20:01:39.286, 2, 78 %, 4569 MiB, 32607 MiB
2026/09/11 20:01:39.287, 3, 71 %, 4549 MiB, 32607 MiB
2026/09/11 20:01:44.287, 0, 70 %, 4549 MiB, 32607 MiB
2026/09/11 20:01:44.287, 1, 66 %, 4567 MiB, 32607 MiB
2026/09/11 20:01:44.288, 2, 71 %, 4569 MiB, 32607 MiB
2026/09/11 20:01:44.288, 3, 81 %, 4549 MiB, 32607 MiB
2026/09/11 20:01:49.288, 0, 79 %, 4549 MiB, 32607 MiB
2026/09/11 20:01:49.289, 1, 76 %, 4567 MiB, 32607 MiB
2026/09/11 20:01:49.289, 2, 73 %, 4569 MiB, 32607 MiB
2026/09/11 20:01:49.289, 3, 69 %, 4549 MiB, 32607 MiB
2026/09/11 20:01:54.290, 0, 70 %, 4549 MiB, 32607 MiB
2026/09/11 20:01:54.290, 1, 100 %, 4567 MiB, 32607 MiB
2026/09/11 20:01:54.290, 2, 100 %, 4569 MiB, 32607 MiB
2026/09/11 20:01:54.290, 3, 100 %, 4549 MiB, 32607 MiB
2026/09/11 20:01:59.291, 0, 0 %, 4521 MiB, 32607 MiB
2026/09/11 20:01:59.291, 1, 0 %, 4539 MiB, 32607 MiB
2026/09/11 20:01:59.291, 2, 0 %, 4541 MiB, 32607 MiB
2026/09/11 20:01:59.292, 3, 0 %, 4521 MiB, 32607 MiB
