file,sample_id,angle_deg,split,material_type,n_nodes,status,issues
/data/run01/scxk573/lsz/ysy/physicsnemo/data/dataset_springback_pair_Base_TC4_150/springback_pair_Base_TC4_sample_0000_005deg.npz,0,5.0,test,Base_TC4,12596,OK,
/data/run01/scxk573/lsz/ysy/physicsnemo/data/dataset_springback_pair_Base_TC4_150/springback_pair_Base_TC4_sample_0000_010deg.npz,0,10.0,test,Base_TC4,12596,OK,
/data/run01/scxk573/lsz/ysy/physicsnemo/data/dataset_springback_pair_Base_TC4_150/springback_pair_Base_TC4_sample_0000_015deg.npz,0,15.0,test,Base_TC4,12596,OK,
/data/run01/scxk573/lsz/ysy/physicsnemo/data/dataset_springback_pair_Base_TC4_150/springback_pair_Base_TC4_sample_0000_020deg.npz,0,20.0,test,Base_TC4,12596,OK,
/data/run01/scxk573/lsz/ysy/physicsnemo/data/dataset_springback_pair_Base_TC4_150/springback_pair_Base_TC4_sample_0000_025deg.npz,0,25.0,test,Base_TC4,12596,OK,
/data/run01/scxk573/lsz/ysy/physicsnemo/data/dataset_springback_pair_Base_TC4_150/springback_pair_Base_TC4_sample_0000_030deg.npz,0,30.0,test,Base_TC4,12596,OK,
/data/run01/scxk573/lsz/ysy/physicsnemo/data/dataset_springback_pair_Base_TC4_150/springback_pair_Base_TC4_sample_0000_035deg.npz,0,35.0,test,Base_TC4,12596,OK,
/data/run01/scxk573/lsz/ysy/physicsnemo/data/dataset_springback_pair_Base_TC4_150/springback_pair_Base_TC4_sample_0000_040deg.npz,0,40.0,test,Base_TC4,12596,OK,
/data/run01/scxk573/lsz/ysy/physicsnemo/data/dataset_springback_pair_Base_TC4_150/springback_pair_Base_TC4_sample_0000_045deg.npz,0,45.0,test,Base_TC4,12596,OK,
/data/run01/scxk573/lsz/ysy/physicsnemo/data/dataset_springback_pair_Base_TC4_150/springback_pair_Base_TC4_sample_0000_050deg.npz,0,50.0,test,Base_TC4,12596,OK,
/data/run01/scxk573/lsz/ysy/physicsnemo/data/dataset_springback_pair_Base_TC4_150/springback_pair_Base_TC4_sample_0000_055deg.npz,0,55.0,test,Base_TC4,12596,OK,
/data/run01/scxk573/lsz/ysy/physicsnemo/data/dataset_springback_pair_Base_TC4_150/springback_pair_Base_TC4_sample_0000_060deg.npz,0,60.0,test,Base_TC4,12596,OK,
/data/run01/scxk573/lsz/ysy/physicsnemo/data/dataset_springback_pair_Base_TC4_150/springback_pair_Base_TC4_sample_0000_065deg.npz,0,65.0,test,Base_TC4,12596,OK,
/data/run01/scxk573/lsz/ysy/physicsnemo/data/dataset_springback_pair_Base_TC4_150/springback_pair_Base_TC4_sample_0000_070deg.npz,0,70.0,test,Base_TC4,12596,OK,
/data/run01/scxk573/lsz/ysy/physicsnemo/data/dataset_springback_pair_Base_TC4_150/springback_pair_Base_TC4_sample_0000_075deg.npz,0,75.0,test,Base_TC4,12596,OK,
/data/run01/scxk573/lsz/ysy/physicsnemo/data/dataset_springback_pair_Base_TC4_150/springback_pair_Base_TC4_sample_0000_080deg.npz,0,80.0,test,Base_TC4,12596,OK,
/data/run01/scxk573/lsz/ysy/physicsnemo/data/dataset_springback_pair_Base_TC4_150/springback_pair_Base_TC4_sample_0000_085deg.npz,0,85.0,test,Base_TC4,12596,OK,
/data/run01/scxk573/lsz/ysy/physicsnemo/data/dataset_springback_pair_Base_TC4_150/springback_pair_Base_TC4_sample_0000_090deg.npz,0,90.0,test,Base_TC4,12596,OK,
/data/run01/scxk573/lsz/ysy/physicsnemo/data/dataset_springback_pair_Base_TC4_150/springback_pair_Base_TC4_sample_0000_095deg.npz,0,95.0,test,Base_TC4,12596,OK,
/data/run01/scxk573/lsz/ysy/physicsnemo/data/dataset_springback_pair_Base_TC4_150/springback_pair_Base_TC4_sample_0000_100deg.npz,0,100.0,test,Base_TC4,12596,OK,
/data/run01/scxk573/lsz/ysy/physicsnemo/data/dataset_springback_pair_Base_TC4_150/springback_pair_Base_TC4_sample_0000_105deg.npz,0,105.0,test,Base_TC4,12596,OK,
/data/run01/scxk573/lsz/ysy/physicsnemo/data/dataset_springback_pair_Base_TC4_150/springback_pair_Base_TC4_sample_0000_110deg.npz,0,110.0,test,Base_TC4,12596,OK,
/data/run01/scxk573/lsz/ysy/physicsnemo/data/dataset_springback_pair_Base_TC4_150/springback_pair_Base_TC4_sample_0000_115deg.npz,0,115.0,test,Base_TC4,12596,OK,
/data/run01/scxk573/lsz/ysy/physicsnemo/data/dataset_springback_pair_Base_TC4_150/springback_pair_Base_TC4_sample_0000_120deg.npz,0,120.0,test,Base_TC4,12596,OK,
/data/run01/scxk573/lsz/ysy/physicsnemo/data/dataset_springback_pair_Base_TC4_150/springback_pair_Base_TC4_sample_0000_125deg.npz,0,125.0,test,Base_TC4,12596,OK,
/data/run01/scxk573/lsz/ysy/physicsnemo/data/dataset_springback_pair_Base_TC4_150/springback_pair_Base_TC4_sample_0000_130deg.npz,0,130.0,test,Base_TC4,12596,OK,
/data/run01/scxk573/lsz/ysy/physicsnemo/data/dataset_springback_pair_Base_TC4_150/springback_pair_Base_TC4_sample_0000_135deg.npz,0,135.0,test,Base_TC4,12596,OK,
/data/run01/scxk573/lsz/ysy/physicsnemo/data/dataset_springback_pair_Base_TC4_150/springback_pair_Base_TC4_sample_0000_140deg.npz,0,140.0,test,Base_TC4,12596,OK,
/data/run01/scxk573/lsz/ysy/physicsnemo/data/dataset_springback_pair_Base_TC4_150/springback_pair_Base_TC4_sample_0000_145deg.npz,0,145.0,test,Base_TC4,12596,OK,
/data/run01/scxk573/lsz/ysy/physicsnemo/data/dataset_springback_pair_Base_TC4_150/springback_pair_Base_TC4_sample_0000_150deg.npz,0,150.0,test,Base_TC4,12596,OK,
/data/run01/scxk573/lsz/ysy/physicsnemo/data/dataset_springback_pair_Base_TC4_150/springback_pair_Base_TC4_sample_0000_155deg.npz,0,155.0,test,Base_TC4,12596,OK,
/data/run01/scxk573/lsz/ysy/physicsnemo/data/dataset_springback_pair_Base_TC4_150/springback_pair_Base_TC4_sample_0000_160deg.npz,0,160.0,test,Base_TC4,12596,OK,
/data/run01/scxk573/lsz/ysy/physicsnemo/data/dataset_springback_pair_Base_TC4_150/springback_pair_Base_TC4_sample_0000_165deg.npz,0,165.0,test,Base_TC4,12596,OK,
/data/run01/scxk573/lsz/ysy/physicsnemo/data/dataset_springback_pair_Base_TC4_150/springback_pair_Base_TC4_sample_0000_170deg.npz,0,170.0,test,Base_TC4,12596,OK,
/data/run01/scxk573/lsz/ysy/physicsnemo/data/dataset_springback_pair_Base_TC4_150/springback_pair_Base_TC4_sample_0000_175deg.npz,0,175.0,test,Base_TC4,12596,OK,
/data/run01/scxk573/lsz/ysy/physicsnemo/data/dataset_springback_pair_Base_TC4_150/springback_pair_Base_TC4_sample_0000_180deg.npz,0,180.0,test,Base_TC4,12596,OK,
/data/run01/scxk573/lsz/ysy/physicsnemo/data/dataset_springback_pair_Base_TC4_150/springback_pair_Base_TC4_sample_0001_005deg.npz,1,5.0,train,Base_TC4,23423,OK,
/data/run01/scxk573/lsz/ysy/physicsnemo/data/dataset_springback_pair_Base_TC4_150/springback_pair_Base_TC4_sample_0001_010deg.npz,1,10.0,train,Base_TC4,23423,OK,
/data/run01/scxk573/lsz/ysy/physicsnemo/data/dataset_springback_pair_Base_TC4_150/springback_pair_Base_TC4_sample_0001_015deg.npz,1,15.0,train,Base_TC4,23423,OK,
/data/run01/scxk573/lsz/ysy/physicsnemo/data/dataset_springback_pair_Base_TC4_150/springback_pair_Base_TC4_sample_0001_020deg.npz,1,20.0,train,Base_TC4,23423,OK,
/data/run01/scxk573/lsz/ysy/physicsnemo/data/dataset_springback_pair_Base_TC4_150/springback_pair_Base_TC4_sample_0001_025deg.npz,1,25.0,train,Base_TC4,23423,OK,
/data/run01/scxk573/lsz/ysy/physicsnemo/data/dataset_springback_pair_Base_TC4_150/springback_pair_Base_TC4_sample_0001_030deg.npz,1,30.0,train,Base_TC4,23423,OK,
/data/run01/scxk573/lsz/ysy/physicsnemo/data/dataset_springback_pair_Base_TC4_150/springback_pair_Base_TC4_sample_0001_035deg.npz,1,35.0,train,Base_TC4,23423,OK,
/data/run01/scxk573/lsz/ysy/physicsnemo/data/dataset_springback_pair_Base_TC4_150/springback_pair_Base_TC4_sample_0001_040deg.npz,1,40.0,train,Base_TC4,23423,OK,
/data/run01/scxk573/lsz/ysy/physicsnemo/data/dataset_springback_pair_Base_TC4_150/springback_pair_Base_TC4_sample_0001_045deg.npz,1,45.0,train,Base_TC4,23423,OK,
/data/run01/scxk573/lsz/ysy/physicsnemo/data/dataset_springback_pair_Base_TC4_150/springback_pair_Base_TC4_sample_0001_050deg.npz,1,50.0,train,Base_TC4,23423,OK,
/data/run01/scxk573/lsz/ysy/physicsnemo/data/dataset_springback_pair_Base_TC4_150/springback_pair_Base_TC4_sample_0001_055deg.npz,1,55.0,train,Base_TC4,23423,OK,
/data/run01/scxk573/lsz/ysy/physicsnemo/data/dataset_springback_pair_Base_TC4_150/springback_pair_Base_TC4_sample_0001_060deg.npz,1,60.0,train,Base_TC4,23423,OK,
/data/run01/scxk573/lsz/ysy/physicsnemo/data/dataset_springback_pair_Base_TC4_150/springback_pair_Base_TC4_sample_0001_065deg.npz,1,65.0,train,Base_TC4,23423,OK,
/data/run01/scxk573/lsz/ysy/physicsnemo/data/dataset_springback_pair_Base_TC4_150/springback_pair_Base_TC4_sample_0001_070deg.npz,1,70.0,train,Base_TC4,23423,OK,
/data/run01/scxk573/lsz/ysy/physicsnemo/data/dataset_springback_pair_Base_TC4_150/springback_pair_Base_TC4_sample_0001_075deg.npz,1,75.0,train,Base_TC4,23423,OK,
/data/run01/scxk573/lsz/ysy/physicsnemo/data/dataset_springback_pair_Base_TC4_150/springback_pair_Base_TC4_sample_0001_080deg.npz,1,80.0,train,Base_TC4,23423,OK,
/data/run01/scxk573/lsz/ysy/physicsnemo/data/dataset_springback_pair_Base_TC4_150/springback_pair_Base_TC4_sample_0001_085deg.npz,1,85.0,train,Base_TC4,23423,OK,
/data/run01/scxk573/lsz/ysy/physicsnemo/data/dataset_springback_pair_Base_TC4_150/springback_pair_Base_TC4_sample_0001_090deg.npz,1,90.0,train,Base_TC4,23423,OK,
/data/run01/scxk573/lsz/ysy/physicsnemo/data/dataset_springback_pair_Base_TC4_150/springback_pair_Base_TC4_sample_0001_095deg.npz,1,95.0,train,Base_TC4,23423,OK,
/data/run01/scxk573/lsz/ysy/physicsnemo/data/dataset_springback_pair_Base_TC4_150/springback_pair_Base_TC4_sample_0001_100deg.npz,1,100.0,train,Base_TC4,23423,OK,
/data/run01/scxk573/lsz/ysy/physicsnemo/data/dataset_springback_pair_Base_TC4_150/springback_pair_Base_TC4_sample_0001_105deg.npz,1,105.0,train,Base_TC4,23423,OK,
/data/run01/scxk573/lsz/ysy/physicsnemo/data/dataset_springback_pair_Base_TC4_150/springback_pair_Base_TC4_sample_0001_110deg.npz,1,110.0,train,Base_TC4,23423,OK,
/data/run01/scxk573/lsz/ysy/physicsnemo/data/dataset_springback_pair_Base_TC4_150/springback_pair_Base_TC4_sample_0001_115deg.npz,1,115.0,train,Base_TC4,23423,OK,
/data/run01/scxk573/lsz/ysy/physicsnemo/data/dataset_springback_pair_Base_TC4_150/springback_pair_Base_TC4_sample_0001_120deg.npz,1,120.0,train,Base_TC4,23423,OK,
/data/run01/scxk573/lsz/ysy/physicsnemo/data/dataset_springback_pair_Base_TC4_150/springback_pair_Base_TC4_sample_0001_125deg.npz,1,125.0,train,Base_TC4,23423,OK,
/data/run01/scxk573/lsz/ysy/physicsnemo/data/dataset_springback_pair_Base_TC4_150/springback_pair_Base_TC4_sample_0001_130deg.npz,1,130.0,train,Base_TC4,23423,OK,
/data/run01/scxk573/lsz/ysy/physicsnemo/data/dataset_springback_pair_Base_TC4_150/springback_pair_Base_TC4_sample_0001_135deg.npz,1,135.0,train,Base_TC4,23423,OK,
/data/run01/scxk573/lsz/ysy/physicsnemo/data/dataset_springback_pair_Base_TC4_150/springback_pair_Base_TC4_sample_0001_140deg.npz,1,140.0,train,Base_TC4,23423,OK,
/data/run01/scxk573/lsz/ysy/physicsnemo/data/dataset_springback_pair_Base_TC4_150/springback_pair_Base_TC4_sample_0001_145deg.npz,1,145.0,train,Base_TC4,23423,OK,
/data/run01/scxk573/lsz/ysy/physicsnemo/data/dataset_springback_pair_Base_TC4_150/springback_pair_Base_TC4_sample_0001_150deg.npz,1,150.0,train,Base_TC4,23423,OK,
/data/run01/scxk573/lsz/ysy/physicsnemo/data/dataset_springback_pair_Base_TC4_150/springback_pair_Base_TC4_sample_0001_155deg.npz,1,155.0,train,Base_TC4,23423,OK,
/data/run01/scxk573/lsz/ysy/physicsnemo/data/dataset_springback_pair_Base_TC4_150/springback_pair_Base_TC4_sample_0001_160deg.npz,1,160.0,train,Base_TC4,23423,OK,
/data/run01/scxk573/lsz/ysy/physicsnemo/data/dataset_springback_pair_Base_TC4_150/springback_pair_Base_TC4_sample_0001_165deg.npz,1,165.0,train,Base_TC4,23423,OK,
/data/run01/scxk573/lsz/ysy/physicsnemo/data/dataset_springback_pair_Base_TC4_150/springback_pair_Base_TC4_sample_0001_170deg.npz,1,170.0,train,Base_TC4,23423,OK,
/data/run01/scxk573/lsz/ysy/physicsnemo/data/dataset_springback_pair_Base_TC4_150/springback_pair_Base_TC4_sample_0001_175deg.npz,1,175.0,train,Base_TC4,23423,OK,
/data/run01/scxk573/lsz/ysy/physicsnemo/data/dataset_springback_pair_Base_TC4_150/springback_pair_Base_TC4_sample_0001_180deg.npz,1,180.0,train,Base_TC4,23423,OK,
/data/run01/scxk573/lsz/ysy/physicsnemo/data/dataset_springback_pair_Base_TC4_150/springback_pair_Base_TC4_sample_0002_005deg.npz,2,5.0,train,Base_TC4,22380,OK,
/data/run01/scxk573/lsz/ysy/physicsnemo/data/dataset_springback_pair_Base_TC4_150/springback_pair_Base_TC4_sample_0002_010deg.npz,2,10.0,train,Base_TC4,22380,OK,
/data/run01/scxk573/lsz/ysy/physicsnemo/data/dataset_springback_pair_Base_TC4_150/springback_pair_Base_TC4_sample_0002_015deg.npz,2,15.0,train,Base_TC4,22380,OK,
/data/run01/scxk573/lsz/ysy/physicsnemo/data/dataset_springback_pair_Base_TC4_150/springback_pair_Base_TC4_sample_0002_020deg.npz,2,20.0,train,Base_TC4,22380,OK,
/data/run01/scxk573/lsz/ysy/physicsnemo/data/dataset_springback_pair_Base_TC4_150/springback_pair_Base_TC4_sample_0002_025deg.npz,2,25.0,train,Base_TC4,22380,OK,
/data/run01/scxk573/lsz/ysy/physicsnemo/data/dataset_springback_pair_Base_TC4_150/springback_pair_Base_TC4_sample_0002_030deg.npz,2,30.0,train,Base_TC4,22380,OK,
/data/run01/scxk573/lsz/ysy/physicsnemo/data/dataset_springback_pair_Base_TC4_150/springback_pair_Base_TC4_sample_0002_035deg.npz,2,35.0,train,Base_TC4,22380,OK,
/data/run01/scxk573/lsz/ysy/physicsnemo/data/dataset_springback_pair_Base_TC4_150/springback_pair_Base_TC4_sample_0002_040deg.npz,2,40.0,train,Base_TC4,22380,OK,
/data/run01/scxk573/lsz/ysy/physicsnemo/data/dataset_springback_pair_Base_TC4_150/springback_pair_Base_TC4_sample_0002_045deg.npz,2,45.0,train,Base_TC4,22380,OK,
/data/run01/scxk573/lsz/ysy/physicsnemo/data/dataset_springback_pair_Base_TC4_150/springback_pair_Base_TC4_sample_0002_050deg.npz,2,50.0,train,Base_TC4,22380,OK,
/data/run01/scxk573/lsz/ysy/physicsnemo/data/dataset_springback_pair_Base_TC4_150/springback_pair_Base_TC4_sample_0002_055deg.npz,2,55.0,train,Base_TC4,22380,OK,
/data/run01/scxk573/lsz/ysy/physicsnemo/data/dataset_springback_pair_Base_TC4_150/springback_pair_Base_TC4_sample_0002_060deg.npz,2,60.0,train,Base_TC4,22380,OK,
/data/run01/scxk573/lsz/ysy/physicsnemo/data/dataset_springback_pair_Base_TC4_150/springback_pair_Base_TC4_sample_0002_065deg.npz,2,65.0,train,Base_TC4,22380,OK,
/data/run01/scxk573/lsz/ysy/physicsnemo/data/dataset_springback_pair_Base_TC4_150/springback_pair_Base_TC4_sample_0002_070deg.npz,2,70.0,train,Base_TC4,22380,OK,
/data/run01/scxk573/lsz/ysy/physicsnemo/data/dataset_springback_pair_Base_TC4_150/springback_pair_Base_TC4_sample_0002_075deg.npz,2,75.0,train,Base_TC4,22380,OK,
/data/run01/scxk573/lsz/ysy/physicsnemo/data/dataset_springback_pair_Base_TC4_150/springback_pair_Base_TC4_sample_0002_080deg.npz,2,80.0,train,Base_TC4,22380,OK,
/data/run01/scxk573/lsz/ysy/physicsnemo/data/dataset_springback_pair_Base_TC4_150/springback_pair_Base_TC4_sample_0002_085deg.npz,2,85.0,train,Base_TC4,22380,OK,
/data/run01/scxk573/lsz/ysy/physicsnemo/data/dataset_springback_pair_Base_TC4_150/springback_pair_Base_TC4_sample_0002_090deg.npz,2,90.0,train,Base_TC4,22380,OK,
/data/run01/scxk573/lsz/ysy/physicsnemo/data/dataset_springback_pair_Base_TC4_150/springback_pair_Base_TC4_sample_0002_095deg.npz,2,95.0,train,Base_TC4,22380,OK,
/data/run01/scxk573/lsz/ysy/physicsnemo/data/dataset_springback_pair_Base_TC4_150/springback_pair_Base_TC4_sample_0002_100deg.npz,2,100.0,train,Base_TC4,22380,OK,
/data/run01/scxk573/lsz/ysy/physicsnemo/data/dataset_springback_pair_Base_TC4_150/springback_pair_Base_TC4_sample_0002_105deg.npz,2,105.0,train,Base_TC4,22380,OK,
/data/run01/scxk573/lsz/ysy/physicsnemo/data/dataset_springback_pair_Base_TC4_150/springback_pair_Base_TC4_sample_0002_110deg.npz,2,110.0,train,Base_TC4,22380,OK,
/data/run01/scxk573/lsz/ysy/physicsnemo/data/dataset_springback_pair_Base_TC4_150/springback_pair_Base_TC4_sample_0002_115deg.npz,2,115.0,train,Base_TC4,22380,OK,
/data/run01/scxk573/lsz/ysy/physicsnemo/data/dataset_springback_pair_Base_TC4_150/springback_pair_Base_TC4_sample_0002_120deg.npz,2,120.0,train,Base_TC4,22380,OK,
/data/run01/scxk573/lsz/ysy/physicsnemo/data/dataset_springback_pair_Base_TC4_150/springback_pair_Base_TC4_sample_0002_125deg.npz,2,125.0,train,Base_TC4,22380,OK,
/data/run01/scxk573/lsz/ysy/physicsnemo/data/dataset_springback_pair_Base_TC4_150/springback_pair_Base_TC4_sample_0002_130deg.npz,2,130.0,train,Base_TC4,22380,OK,
/data/run01/scxk573/lsz/ysy/physicsnemo/data/dataset_springback_pair_Base_TC4_150/springback_pair_Base_TC4_sample_0002_135deg.npz,2,135.0,train,Base_TC4,22380,OK,
/data/run01/scxk573/lsz/ysy/physicsnemo/data/dataset_springback_pair_Base_TC4_150/springback_pair_Base_TC4_sample_0002_140deg.npz,2,140.0,train,Base_TC4,22380,OK,
/data/run01/scxk573/lsz/ysy/physicsnemo/data/dataset_springback_pair_Base_TC4_150/springback_pair_Base_TC4_sample_0002_145deg.npz,2,145.0,train,Base_TC4,22380,OK,
/data/run01/scxk573/lsz/ysy/physicsnemo/data/dataset_springback_pair_Base_TC4_150/springback_pair_Base_TC4_sample_0002_150deg.npz,2,150.0,train,Base_TC4,22380,OK,
/data/run01/scxk573/lsz/ysy/physicsnemo/data/dataset_springback_pair_Base_TC4_150/springback_pair_Base_TC4_sample_0002_155deg.npz,2,155.0,train,Base_TC4,22380,OK,
/data/run01/scxk573/lsz/ysy/physicsnemo/data/dataset_springback_pair_Base_TC4_150/springback_pair_Base_TC4_sample_0002_160deg.npz,2,160.0,train,Base_TC4,22380,OK,
/data/run01/scxk573/lsz/ysy/physicsnemo/data/dataset_springback_pair_Base_TC4_150/springback_pair_Base_TC4_sample_0002_165deg.npz,2,165.0,train,Base_TC4,22380,OK,
/data/run01/scxk573/lsz/ysy/physicsnemo/data/dataset_springback_pair_Base_TC4_150/springback_pair_Base_TC4_sample_0002_170deg.npz,2,170.0,train,Base_TC4,22380,OK,
/data/run01/scxk573/lsz/ysy/physicsnemo/data/dataset_springback_pair_Base_TC4_150/springback_pair_Base_TC4_sample_0002_175deg.npz,2,175.0,train,Base_TC4,22380,OK,
/data/run01/scxk573/lsz/ysy/physicsnemo/data/dataset_springback_pair_Base_TC4_150/springback_pair_Base_TC4_sample_0002_180deg.npz,2,180.0,train,Base_TC4,22380,OK,
/data/run01/scxk573/lsz/ysy/physicsnemo/data/dataset_springback_pair_Base_TC4_150/springback_pair_Base_TC4_sample_0003_005deg.npz,3,5.0,train,Base_TC4,10206,OK,
/data/run01/scxk573/lsz/ysy/physicsnemo/data/dataset_springback_pair_Base_TC4_150/springback_pair_Base_TC4_sample_0003_010deg.npz,3,10.0,train,Base_TC4,10206,OK,
/data/run01/scxk573/lsz/ysy/physicsnemo/data/dataset_springback_pair_Base_TC4_150/springback_pair_Base_TC4_sample_0003_015deg.npz,3,15.0,train,Base_TC4,10206,OK,
/data/run01/scxk573/lsz/ysy/physicsnemo/data/dataset_springback_pair_Base_TC4_150/springback_pair_Base_TC4_sample_0003_020deg.npz,3,20.0,train,Base_TC4,10206,OK,
/data/run01/scxk573/lsz/ysy/physicsnemo/data/dataset_springback_pair_Base_TC4_150/springback_pair_Base_TC4_sample_0003_025deg.npz,3,25.0,train,Base_TC4,10206,OK,
/data/run01/scxk573/lsz/ysy/physicsnemo/data/dataset_springback_pair_Base_TC4_150/springback_pair_Base_TC4_sample_0003_030deg.npz,3,30.0,train,Base_TC4,10206,OK,
/data/run01/scxk573/lsz/ysy/physicsnemo/data/dataset_springback_pair_Base_TC4_150/springback_pair_Base_TC4_sample_0003_035deg.npz,3,35.0,train,Base_TC4,10206,OK,
/data/run01/scxk573/lsz/ysy/physicsnemo/data/dataset_springback_pair_Base_TC4_150/springback_pair_Base_TC4_sample_0003_040deg.npz,3,40.0,train,Base_TC4,10206,OK,
/data/run01/scxk573/lsz/ysy/physicsnemo/data/dataset_springback_pair_Base_TC4_150/springback_pair_Base_TC4_sample_0003_045deg.npz,3,45.0,train,Base_TC4,10206,OK,
/data/run01/scxk573/lsz/ysy/physicsnemo/data/dataset_springback_pair_Base_TC4_150/springback_pair_Base_TC4_sample_0003_050deg.npz,3,50.0,train,Base_TC4,10206,OK,
/data/run01/scxk573/lsz/ysy/physicsnemo/data/dataset_springback_pair_Base_TC4_150/springback_pair_Base_TC4_sample_0003_055deg.npz,3,55.0,train,Base_TC4,10206,OK,
/data/run01/scxk573/lsz/ysy/physicsnemo/data/dataset_springback_pair_Base_TC4_150/springback_pair_Base_TC4_sample_0003_060deg.npz,3,60.0,train,Base_TC4,10206,OK,
/data/run01/scxk573/lsz/ysy/physicsnemo/data/dataset_springback_pair_Base_TC4_150/springback_pair_Base_TC4_sample_0003_065deg.npz,3,65.0,train,Base_TC4,10206,OK,
/data/run01/scxk573/lsz/ysy/physicsnemo/data/dataset_springback_pair_Base_TC4_150/springback_pair_Base_TC4_sample_0003_070deg.npz,3,70.0,train,Base_TC4,10206,OK,
/data/run01/scxk573/lsz/ysy/physicsnemo/data/dataset_springback_pair_Base_TC4_150/springback_pair_Base_TC4_sample_0003_075deg.npz,3,75.0,train,Base_TC4,10206,OK,
/data/run01/scxk573/lsz/ysy/physicsnemo/data/dataset_springback_pair_Base_TC4_150/springback_pair_Base_TC4_sample_0003_080deg.npz,3,80.0,train,Base_TC4,10206,OK,
/data/run01/scxk573/lsz/ysy/physicsnemo/data/dataset_springback_pair_Base_TC4_150/springback_pair_Base_TC4_sample_0003_085deg.npz,3,85.0,train,Base_TC4,10206,OK,
/data/run01/scxk573/lsz/ysy/physicsnemo/data/dataset_springback_pair_Base_TC4_150/springback_pair_Base_TC4_sample_0003_090deg.npz,3,90.0,train,Base_TC4,10206,OK,
/data/run01/scxk573/lsz/ysy/physicsnemo/data/dataset_springback_pair_Base_TC4_150/springback_pair_Base_TC4_sample_0003_095deg.npz,3,95.0,train,Base_TC4,10206,OK,
/data/run01/scxk573/lsz/ysy/physicsnemo/data/dataset_springback_pair_Base_TC4_150/springback_pair_Base_TC4_sample_0003_100deg.npz,3,100.0,train,Base_TC4,10206,OK,
/data/run01/scxk573/lsz/ysy/physicsnemo/data/dataset_springback_pair_Base_TC4_150/springback_pair_Base_TC4_sample_0003_105deg.npz,3,105.0,train,Base_TC4,10206,OK,
/data/run01/scxk573/lsz/ysy/physicsnemo/data/dataset_springback_pair_Base_TC4_150/springback_pair_Base_TC4_sample_0003_110deg.npz,3,110.0,train,Base_TC4,10206,OK,
/data/run01/scxk573/lsz/ysy/physicsnemo/data/dataset_springback_pair_Base_TC4_150/springback_pair_Base_TC4_sample_0003_115deg.npz,3,115.0,train,Base_TC4,10206,OK,
/data/run01/scxk573/lsz/ysy/physicsnemo/data/dataset_springback_pair_Base_TC4_150/springback_pair_Base_TC4_sample_0003_120deg.npz,3,120.0,train,Base_TC4,10206,OK,
/data/run01/scxk573/lsz/ysy/physicsnemo/data/dataset_springback_pair_Base_TC4_150/springback_pair_Base_TC4_sample_0003_125deg.npz,3,125.0,train,Base_TC4,10206,OK,
/data/run01/scxk573/lsz/ysy/physicsnemo/data/dataset_springback_pair_Base_TC4_150/springback_pair_Base_TC4_sample_0003_130deg.npz,3,130.0,train,Base_TC4,10206,OK,
/data/run01/scxk573/lsz/ysy/physicsnemo/data/dataset_springback_pair_Base_TC4_150/springback_pair_Base_TC4_sample_0003_135deg.npz,3,135.0,train,Base_TC4,10206,OK,
/data/run01/scxk573/lsz/ysy/physicsnemo/data/dataset_springback_pair_Base_TC4_150/springback_pair_Base_TC4_sample_0003_140deg.npz,3,140.0,train,Base_TC4,10206,OK,
/data/run01/scxk573/lsz/ysy/physicsnemo/data/dataset_springback_pair_Base_TC4_150/springback_pair_Base_TC4_sample_0003_145deg.npz,3,145.0,train,Base_TC4,10206,OK,
/data/run01/scxk573/lsz/ysy/physicsnemo/data/dataset_springback_pair_Base_TC4_150/springback_pair_Base_TC4_sample_0003_150deg.npz,3,150.0,train,Base_TC4,10206,OK,
/data/run01/scxk573/lsz/ysy/physicsnemo/data/dataset_springback_pair_Base_TC4_150/springback_pair_Base_TC4_sample_0003_155deg.npz,3,155.0,train,Base_TC4,10206,OK,
/data/run01/scxk573/lsz/ysy/physicsnemo/data/dataset_springback_pair_Base_TC4_150/springback_pair_Base_TC4_sample_0003_160deg.npz,3,160.0,train,Base_TC4,10206,OK,
/data/run01/scxk573/lsz/ysy/physicsnemo/data/dataset_springback_pair_Base_TC4_150/springback_pair_Base_TC4_sample_0003_165deg.npz,3,165.0,train,Base_TC4,10206,OK,
/data/run01/scxk573/lsz/ysy/physicsnemo/data/dataset_springback_pair_Base_TC4_150/springback_pair_Base_TC4_sample_0003_170deg.npz,3,170.0,train,Base_TC4,10206,OK,
/data/run01/scxk573/lsz/ysy/physicsnemo/data/dataset_springback_pair_Base_TC4_150/springback_pair_Base_TC4_sample_0003_175deg.npz,3,175.0,train,Base_TC4,10206,OK,
/data/run01/scxk573/lsz/ysy/physicsnemo/data/dataset_springback_pair_Base_TC4_150/springback_pair_Base_TC4_sample_0003_180deg.npz,3,180.0,train,Base_TC4,10206,OK,
/data/run01/scxk573/lsz/ysy/physicsnemo/data/dataset_springback_pair_Base_TC4_150/springback_pair_Base_TC4_sample_0004_005deg.npz,4,5.0,train,Base_TC4,2583,OK,
/data/run01/scxk573/lsz/ysy/physicsnemo/data/dataset_springback_pair_Base_TC4_150/springback_pair_Base_TC4_sample_0004_010deg.npz,4,10.0,train,Base_TC4,2583,OK,
/data/run01/scxk573/lsz/ysy/physicsnemo/data/dataset_springback_pair_Base_TC4_150/springback_pair_Base_TC4_sample_0004_015deg.npz,4,15.0,train,Base_TC4,2583,OK,
/data/run01/scxk573/lsz/ysy/physicsnemo/data/dataset_springback_pair_Base_TC4_150/springback_pair_Base_TC4_sample_0004_020deg.npz,4,20.0,train,Base_TC4,2583,OK,
/data/run01/scxk573/lsz/ysy/physicsnemo/data/dataset_springback_pair_Base_TC4_150/springback_pair_Base_TC4_sample_0004_025deg.npz,4,25.0,train,Base_TC4,2583,OK,
/data/run01/scxk573/lsz/ysy/physicsnemo/data/dataset_springback_pair_Base_TC4_150/springback_pair_Base_TC4_sample_0004_030deg.npz,4,30.0,train,Base_TC4,2583,OK,
/data/run01/scxk573/lsz/ysy/physicsnemo/data/dataset_springback_pair_Base_TC4_150/springback_pair_Base_TC4_sample_0004_035deg.npz,4,35.0,train,Base_TC4,2583,OK,
/data/run01/scxk573/lsz/ysy/physicsnemo/data/dataset_springback_pair_Base_TC4_150/springback_pair_Base_TC4_sample_0004_040deg.npz,4,40.0,train,Base_TC4,2583,OK,
/data/run01/scxk573/lsz/ysy/physicsnemo/data/dataset_springback_pair_Base_TC4_150/springback_pair_Base_TC4_sample_0004_045deg.npz,4,45.0,train,Base_TC4,2583,OK,
/data/run01/scxk573/lsz/ysy/physicsnemo/data/dataset_springback_pair_Base_TC4_150/springback_pair_Base_TC4_sample_0004_050deg.npz,4,50.0,train,Base_TC4,2583,OK,
/data/run01/scxk573/lsz/ysy/physicsnemo/data/dataset_springback_pair_Base_TC4_150/springback_pair_Base_TC4_sample_0004_055deg.npz,4,55.0,train,Base_TC4,2583,OK,
/data/run01/scxk573/lsz/ysy/physicsnemo/data/dataset_springback_pair_Base_TC4_150/springback_pair_Base_TC4_sample_0004_060deg.npz,4,60.0,train,Base_TC4,2583,OK,
/data/run01/scxk573/lsz/ysy/physicsnemo/data/dataset_springback_pair_Base_TC4_150/springback_pair_Base_TC4_sample_0004_065deg.npz,4,65.0,train,Base_TC4,2583,OK,
/data/run01/scxk573/lsz/ysy/physicsnemo/data/dataset_springback_pair_Base_TC4_150/springback_pair_Base_TC4_sample_0004_070deg.npz,4,70.0,train,Base_TC4,2583,OK,
/data/run01/scxk573/lsz/ysy/physicsnemo/data/dataset_springback_pair_Base_TC4_150/springback_pair_Base_TC4_sample_0004_075deg.npz,4,75.0,train,Base_TC4,2583,OK,
/data/run01/scxk573/lsz/ysy/physicsnemo/data/dataset_springback_pair_Base_TC4_150/springback_pair_Base_TC4_sample_0004_080deg.npz,4,80.0,train,Base_TC4,2583,OK,
/data/run01/scxk573/lsz/ysy/physicsnemo/data/dataset_springback_pair_Base_TC4_150/springback_pair_Base_TC4_sample_0004_085deg.npz,4,85.0,train,Base_TC4,2583,OK,
/data/run01/scxk573/lsz/ysy/physicsnemo/data/dataset_springback_pair_Base_TC4_150/springback_pair_Base_TC4_sample_0004_090deg.npz,4,90.0,train,Base_TC4,2583,OK,
/data/run01/scxk573/lsz/ysy/physicsnemo/data/dataset_springback_pair_Base_TC4_150/springback_pair_Base_TC4_sample_0004_095deg.npz,4,95.0,train,Base_TC4,2583,OK,
/data/run01/scxk573/lsz/ysy/physicsnemo/data/dataset_springback_pair_Base_TC4_150/springback_pair_Base_TC4_sample_0004_100deg.npz,4,100.0,train,Base_TC4,2583,OK,
/data/run01/scxk573/lsz/ysy/physicsnemo/data/dataset_springback_pair_Base_TC4_150/springback_pair_Base_TC4_sample_0004_105deg.npz,4,105.0,train,Base_TC4,2583,OK,
/data/run01/scxk573/lsz/ysy/physicsnemo/data/dataset_springback_pair_Base_TC4_150/springback_pair_Base_TC4_sample_0004_110deg.npz,4,110.0,train,Base_TC4,2583,OK,
/data/run01/scxk573/lsz/ysy/physicsnemo/data/dataset_springback_pair_Base_TC4_150/springback_pair_Base_TC4_sample_0004_115deg.npz,4,115.0,train,Base_TC4,2583,OK,
/data/run01/scxk573/lsz/ysy/physicsnemo/data/dataset_springback_pair_Base_TC4_150/springback_pair_Base_TC4_sample_0004_120deg.npz,4,120.0,train,Base_TC4,2583,OK,
/data/run01/scxk573/lsz/ysy/physicsnemo/data/dataset_springback_pair_Base_TC4_150/springback_pair_Base_TC4_sample_0004_125deg.npz,4,125.0,train,Base_TC4,2583,OK,
/data/run01/scxk573/lsz/ysy/physicsnemo/data/dataset_springback_pair_Base_TC4_150/springback_pair_Base_TC4_sample_0004_130deg.npz,4,130.0,train,Base_TC4,2583,OK,
/data/run01/scxk573/lsz/ysy/physicsnemo/data/dataset_springback_pair_Base_TC4_150/springback_pair_Base_TC4_sample_0004_135deg.npz,4,135.0,train,Base_TC4,2583,OK,
/data/run01/scxk573/lsz/ysy/physicsnemo/data/dataset_springback_pair_Base_TC4_150/springback_pair_Base_TC4_sample_0004_140deg.npz,4,140.0,train,Base_TC4,2583,OK,
/data/run01/scxk573/lsz/ysy/physicsnemo/data/dataset_springback_pair_Base_TC4_150/springback_pair_Base_TC4_sample_0004_145deg.npz,4,145.0,train,Base_TC4,2583,OK,
/data/run01/scxk573/lsz/ysy/physicsnemo/data/dataset_springback_pair_Base_TC4_150/springback_pair_Base_TC4_sample_0004_150deg.npz,4,150.0,train,Base_TC4,2583,OK,
/data/run01/scxk573/lsz/ysy/physicsnemo/data/dataset_springback_pair_Base_TC4_150/springback_pair_Base_TC4_sample_0004_155deg.npz,4,155.0,train,Base_TC4,2583,OK,
/data/run01/scxk573/lsz/ysy/physicsnemo/data/dataset_springback_pair_Base_TC4_150/springback_pair_Base_TC4_sample_0004_160deg.npz,4,160.0,train,Base_TC4,2583,OK,
/data/run01/scxk573/lsz/ysy/physicsnemo/data/dataset_springback_pair_Base_TC4_150/springback_pair_Base_TC4_sample_0004_165deg.npz,4,165.0,train,Base_TC4,2583,OK,
/data/run01/scxk573/lsz/ysy/physicsnemo/data/dataset_springback_pair_Base_TC4_150/springback_pair_Base_TC4_sample_0004_170deg.npz,4,170.0,train,Base_TC4,2583,OK,
/data/run01/scxk573/lsz/ysy/physicsnemo/data/dataset_springback_pair_Base_TC4_150/springback_pair_Base_TC4_sample_0004_175deg.npz,4,175.0,train,Base_TC4,2583,OK,
/data/run01/scxk573/lsz/ysy/physicsnemo/data/dataset_springback_pair_Base_TC4_150/springback_pair_Base_TC4_sample_0004_180deg.npz,4,180.0,train,Base_TC4,2583,OK,
/data/run01/scxk573/lsz/ysy/physicsnemo/data/dataset_springback_pair_Base_TC4_150/springback_pair_Base_TC4_sample_0005_005deg.npz,5,5.0,train,Base_TC4,13455,OK,
/data/run01/scxk573/lsz/ysy/physicsnemo/data/dataset_springback_pair_Base_TC4_150/springback_pair_Base_TC4_sample_0005_010deg.npz,5,10.0,train,Base_TC4,13455,OK,
/data/run01/scxk573/lsz/ysy/physicsnemo/data/dataset_springback_pair_Base_TC4_150/springback_pair_Base_TC4_sample_0005_015deg.npz,5,15.0,train,Base_TC4,13455,OK,
/data/run01/scxk573/lsz/ysy/physicsnemo/data/dataset_springback_pair_Base_TC4_150/springback_pair_Base_TC4_sample_0005_020deg.npz,5,20.0,train,Base_TC4,13455,OK,
/data/run01/scxk573/lsz/ysy/physicsnemo/data/dataset_springback_pair_Base_TC4_150/springback_pair_Base_TC4_sample_0005_025deg.npz,5,25.0,train,Base_TC4,13455,OK,
/data/run01/scxk573/lsz/ysy/physicsnemo/data/dataset_springback_pair_Base_TC4_150/springback_pair_Base_TC4_sample_0005_030deg.npz,5,30.0,train,Base_TC4,13455,OK,
/data/run01/scxk573/lsz/ysy/physicsnemo/data/dataset_springback_pair_Base_TC4_150/springback_pair_Base_TC4_sample_0005_035deg.npz,5,35.0,train,Base_TC4,13455,OK,
/data/run01/scxk573/lsz/ysy/physicsnemo/data/dataset_springback_pair_Base_TC4_150/springback_pair_Base_TC4_sample_0005_040deg.npz,5,40.0,train,Base_TC4,13455,OK,
/data/run01/scxk573/lsz/ysy/physicsnemo/data/dataset_springback_pair_Base_TC4_150/springback_pair_Base_TC4_sample_0005_045deg.npz,5,45.0,train,Base_TC4,13455,OK,
/data/run01/scxk573/lsz/ysy/physicsnemo/data/dataset_springback_pair_Base_TC4_150/springback_pair_Base_TC4_sample_0005_050deg.npz,5,50.0,train,Base_TC4,13455,OK,
/data/run01/scxk573/lsz/ysy/physicsnemo/data/dataset_springback_pair_Base_TC4_150/springback_pair_Base_TC4_sample_0005_055deg.npz,5,55.0,train,Base_TC4,13455,OK,
/data/run01/scxk573/lsz/ysy/physicsnemo/data/dataset_springback_pair_Base_TC4_150/springback_pair_Base_TC4_sample_0005_060deg.npz,5,60.0,train,Base_TC4,13455,OK,
/data/run01/scxk573/lsz/ysy/physicsnemo/data/dataset_springback_pair_Base_TC4_150/springback_pair_Base_TC4_sample_0005_065deg.npz,5,65.0,train,Base_TC4,13455,OK,
/data/run01/scxk573/lsz/ysy/physicsnemo/data/dataset_springback_pair_Base_TC4_150/springback_pair_Base_TC4_sample_0005_070deg.npz,5,70.0,train,Base_TC4,13455,OK,
/data/run01/scxk573/lsz/ysy/physicsnemo/data/dataset_springback_pair_Base_TC4_150/springback_pair_Base_TC4_sample_0005_075deg.npz,5,75.0,train,Base_TC4,13455,OK,
/data/run01/scxk573/lsz/ysy/physicsnemo/data/dataset_springback_pair_Base_TC4_150/springback_pair_Base_TC4_sample_0005_080deg.npz,5,80.0,train,Base_TC4,13455,OK,
/data/run01/scxk573/lsz/ysy/physicsnemo/data/dataset_springback_pair_Base_TC4_150/springback_pair_Base_TC4_sample_0005_085deg.npz,5,85.0,train,Base_TC4,13455,OK,
/data/run01/scxk573/lsz/ysy/physicsnemo/data/dataset_springback_pair_Base_TC4_150/springback_pair_Base_TC4_sample_0005_090deg.npz,5,90.0,train,Base_TC4,13455,OK,
/data/run01/scxk573/lsz/ysy/physicsnemo/data/dataset_springback_pair_Base_TC4_150/springback_pair_Base_TC4_sample_0005_095deg.npz,5,95.0,train,Base_TC4,13455,OK,
/data/run01/scxk573/lsz/ysy/physicsnemo/data/dataset_springback_pair_Base_TC4_150/springback_pair_Base_TC4_sample_0005_100deg.npz,5,100.0,train,Base_TC4,13455,OK,
/data/run01/scxk573/lsz/ysy/physicsnemo/data/dataset_springback_pair_Base_TC4_150/springback_pair_Base_TC4_sample_0005_105deg.npz,5,105.0,train,Base_TC4,13455,OK,
/data/run01/scxk573/lsz/ysy/physicsnemo/data/dataset_springback_pair_Base_TC4_150/springback_pair_Base_TC4_sample_0005_110deg.npz,5,110.0,train,Base_TC4,13455,OK,
/data/run01/scxk573/lsz/ysy/physicsnemo/data/dataset_springback_pair_Base_TC4_150/springback_pair_Base_TC4_sample_0005_115deg.npz,5,115.0,train,Base_TC4,13455,OK,
/data/run01/scxk573/lsz/ysy/physicsnemo/data/dataset_springback_pair_Base_TC4_150/springback_pair_Base_TC4_sample_0005_120deg.npz,5,120.0,train,Base_TC4,13455,OK,
/data/run01/scxk573/lsz/ysy/physicsnemo/data/dataset_springback_pair_Base_TC4_150/springback_pair_Base_TC4_sample_0005_125deg.npz,5,125.0,train,Base_TC4,13455,OK,
/data/run01/scxk573/lsz/ysy/physicsnemo/data/dataset_springback_pair_Base_TC4_150/springback_pair_Base_TC4_sample_0005_130deg.npz,5,130.0,train,Base_TC4,13455,OK,
/data/run01/scxk573/lsz/ysy/physicsnemo/data/dataset_springback_pair_Base_TC4_150/springback_pair_Base_TC4_sample_0005_135deg.npz,5,135.0,train,Base_TC4,13455,OK,
/data/run01/scxk573/lsz/ysy/physicsnemo/data/dataset_springback_pair_Base_TC4_150/springback_pair_Base_TC4_sample_0005_140deg.npz,5,140.0,train,Base_TC4,13455,OK,
/data/run01/scxk573/lsz/ysy/physicsnemo/data/dataset_springback_pair_Base_TC4_150/springback_pair_Base_TC4_sample_0005_145deg.npz,5,145.0,train,Base_TC4,13455,OK,
/data/run01/scxk573/lsz/ysy/physicsnemo/data/dataset_springback_pair_Base_TC4_150/springback_pair_Base_TC4_sample_0005_150deg.npz,5,150.0,train,Base_TC4,13455,OK,
/data/run01/scxk573/lsz/ysy/physicsnemo/data/dataset_springback_pair_Base_TC4_150/springback_pair_Base_TC4_sample_0005_155deg.npz,5,155.0,train,Base_TC4,13455,OK,
/data/run01/scxk573/lsz/ysy/physicsnemo/data/dataset_springback_pair_Base_TC4_150/springback_pair_Base_TC4_sample_0005_160deg.npz,5,160.0,train,Base_TC4,13455,OK,
/data/run01/scxk573/lsz/ysy/physicsnemo/data/dataset_springback_pair_Base_TC4_150/springback_pair_Base_TC4_sample_0005_165deg.npz,5,165.0,train,Base_TC4,13455,OK,
/data/run01/scxk573/lsz/ysy/physicsnemo/data/dataset_springback_pair_Base_TC4_150/springback_pair_Base_TC4_sample_0005_170deg.npz,5,170.0,train,Base_TC4,13455,OK,
/data/run01/scxk573/lsz/ysy/physicsnemo/data/dataset_springback_pair_Base_TC4_150/springback_pair_Base_TC4_sample_0005_175deg.npz,5,175.0,train,Base_TC4,13455,OK,
/data/run01/scxk573/lsz/ysy/physicsnemo/data/dataset_springback_pair_Base_TC4_150/springback_pair_Base_TC4_sample_0005_180deg.npz,5,180.0,train,Base_TC4,13455,OK,
/data/run01/scxk573/lsz/ysy/physicsnemo/data/dataset_springback_pair_Base_TC4_150/springback_pair_Base_TC4_sample_0006_005deg.npz,6,5.0,train,Base_TC4,9310,OK,
/data/run01/scxk573/lsz/ysy/physicsnemo/data/dataset_springback_pair_Base_TC4_150/springback_pair_Base_TC4_sample_0006_010deg.npz,6,10.0,train,Base_TC4,9310,OK,
/data/run01/scxk573/lsz/ysy/physicsnemo/data/dataset_springback_pair_Base_TC4_150/springback_pair_Base_TC4_sample_0006_015deg.npz,6,15.0,train,Base_TC4,9310,OK,
/data/run01/scxk573/lsz/ysy/physicsnemo/data/dataset_springback_pair_Base_TC4_150/springback_pair_Base_TC4_sample_0006_020deg.npz,6,20.0,train,Base_TC4,9310,OK,
/data/run01/scxk573/lsz/ysy/physicsnemo/data/dataset_springback_pair_Base_TC4_150/springback_pair_Base_TC4_sample_0006_025deg.npz,6,25.0,train,Base_TC4,9310,OK,
/data/run01/scxk573/lsz/ysy/physicsnemo/data/dataset_springback_pair_Base_TC4_150/springback_pair_Base_TC4_sample_0006_030deg.npz,6,30.0,train,Base_TC4,9310,OK,
/data/run01/scxk573/lsz/ysy/physicsnemo/data/dataset_springback_pair_Base_TC4_150/springback_pair_Base_TC4_sample_0006_035deg.npz,6,35.0,train,Base_TC4,9310,OK,
/data/run01/scxk573/lsz/ysy/physicsnemo/data/dataset_springback_pair_Base_TC4_150/springback_pair_Base_TC4_sample_0006_040deg.npz,6,40.0,train,Base_TC4,9310,OK,
/data/run01/scxk573/lsz/ysy/physicsnemo/data/dataset_springback_pair_Base_TC4_150/springback_pair_Base_TC4_sample_0006_045deg.npz,6,45.0,train,Base_TC4,9310,OK,
/data/run01/scxk573/lsz/ysy/physicsnemo/data/dataset_springback_pair_Base_TC4_150/springback_pair_Base_TC4_sample_0006_050deg.npz,6,50.0,train,Base_TC4,9310,OK,
/data/run01/scxk573/lsz/ysy/physicsnemo/data/dataset_springback_pair_Base_TC4_150/springback_pair_Base_TC4_sample_0006_055deg.npz,6,55.0,train,Base_TC4,9310,OK,
/data/run01/scxk573/lsz/ysy/physicsnemo/data/dataset_springback_pair_Base_TC4_150/springback_pair_Base_TC4_sample_0006_060deg.npz,6,60.0,train,Base_TC4,9310,OK,
/data/run01/scxk573/lsz/ysy/physicsnemo/data/dataset_springback_pair_Base_TC4_150/springback_pair_Base_TC4_sample_0006_065deg.npz,6,65.0,train,Base_TC4,9310,OK,
/data/run01/scxk573/lsz/ysy/physicsnemo/data/dataset_springback_pair_Base_TC4_150/springback_pair_Base_TC4_sample_0006_070deg.npz,6,70.0,train,Base_TC4,9310,OK,
/data/run01/scxk573/lsz/ysy/physicsnemo/data/dataset_springback_pair_Base_TC4_150/springback_pair_Base_TC4_sample_0006_075deg.npz,6,75.0,train,Base_TC4,9310,OK,
/data/run01/scxk573/lsz/ysy/physicsnemo/data/dataset_springback_pair_Base_TC4_150/springback_pair_Base_TC4_sample_0006_080deg.npz,6,80.0,train,Base_TC4,9310,OK,
/data/run01/scxk573/lsz/ysy/physicsnemo/data/dataset_springback_pair_Base_TC4_150/springback_pair_Base_TC4_sample_0006_085deg.npz,6,85.0,train,Base_TC4,9310,OK,
/data/run01/scxk573/lsz/ysy/physicsnemo/data/dataset_springback_pair_Base_TC4_150/springback_pair_Base_TC4_sample_0006_090deg.npz,6,90.0,train,Base_TC4,9310,OK,
/data/run01/scxk573/lsz/ysy/physicsnemo/data/dataset_springback_pair_Base_TC4_150/springback_pair_Base_TC4_sample_0006_095deg.npz,6,95.0,train,Base_TC4,9310,OK,
/data/run01/scxk573/lsz/ysy/physicsnemo/data/dataset_springback_pair_Base_TC4_150/springback_pair_Base_TC4_sample_0006_100deg.npz,6,100.0,train,Base_TC4,9310,OK,
/data/run01/scxk573/lsz/ysy/physicsnemo/data/dataset_springback_pair_Base_TC4_150/springback_pair_Base_TC4_sample_0006_105deg.npz,6,105.0,train,Base_TC4,9310,OK,
/data/run01/scxk573/lsz/ysy/physicsnemo/data/dataset_springback_pair_Base_TC4_150/springback_pair_Base_TC4_sample_0006_110deg.npz,6,110.0,train,Base_TC4,9310,OK,
/data/run01/scxk573/lsz/ysy/physicsnemo/data/dataset_springback_pair_Base_TC4_150/springback_pair_Base_TC4_sample_0006_115deg.npz,6,115.0,train,Base_TC4,9310,OK,
/data/run01/scxk573/lsz/ysy/physicsnemo/data/dataset_springback_pair_Base_TC4_150/springback_pair_Base_TC4_sample_0006_120deg.npz,6,120.0,train,Base_TC4,9310,OK,
/data/run01/scxk573/lsz/ysy/physicsnemo/data/dataset_springback_pair_Base_TC4_150/springback_pair_Base_TC4_sample_0006_125deg.npz,6,125.0,train,Base_TC4,9310,OK,
/data/run01/scxk573/lsz/ysy/physicsnemo/data/dataset_springback_pair_Base_TC4_150/springback_pair_Base_TC4_sample_0006_130deg.npz,6,130.0,train,Base_TC4,9310,OK,
/data/run01/scxk573/lsz/ysy/physicsnemo/data/dataset_springback_pair_Base_TC4_150/springback_pair_Base_TC4_sample_0006_135deg.npz,6,135.0,train,Base_TC4,9310,OK,
/data/run01/scxk573/lsz/ysy/physicsnemo/data/dataset_springback_pair_Base_TC4_150/springback_pair_Base_TC4_sample_0006_140deg.npz,6,140.0,train,Base_TC4,9310,OK,
/data/run01/scxk573/lsz/ysy/physicsnemo/data/dataset_springback_pair_Base_TC4_150/springback_pair_Base_TC4_sample_0006_145deg.npz,6,145.0,train,Base_TC4,9310,OK,
/data/run01/scxk573/lsz/ysy/physicsnemo/data/dataset_springback_pair_Base_TC4_150/springback_pair_Base_TC4_sample_0006_150deg.npz,6,150.0,train,Base_TC4,9310,OK,
/data/run01/scxk573/lsz/ysy/physicsnemo/data/dataset_springback_pair_Base_TC4_150/springback_pair_Base_TC4_sample_0006_155deg.npz,6,155.0,train,Base_TC4,9310,OK,
/data/run01/scxk573/lsz/ysy/physicsnemo/data/dataset_springback_pair_Base_TC4_150/springback_pair_Base_TC4_sample_0006_160deg.npz,6,160.0,train,Base_TC4,9310,OK,
/data/run01/scxk573/lsz/ysy/physicsnemo/data/dataset_springback_pair_Base_TC4_150/springback_pair_Base_TC4_sample_0006_165deg.npz,6,165.0,train,Base_TC4,9310,OK,
/data/run01/scxk573/lsz/ysy/physicsnemo/data/dataset_springback_pair_Base_TC4_150/springback_pair_Base_TC4_sample_0006_170deg.npz,6,170.0,train,Base_TC4,9310,OK,
/data/run01/scxk573/lsz/ysy/physicsnemo/data/dataset_springback_pair_Base_TC4_150/springback_pair_Base_TC4_sample_0006_175deg.npz,6,175.0,train,Base_TC4,9310,OK,
/data/run01/scxk573/lsz/ysy/physicsnemo/data/dataset_springback_pair_Base_TC4_150/springback_pair_Base_TC4_sample_0006_180deg.npz,6,180.0,train,Base_TC4,9310,OK,
/data/run01/scxk573/lsz/ysy/physicsnemo/data/dataset_springback_pair_Base_TC4_150/springback_pair_Base_TC4_sample_0007_005deg.npz,7,5.0,train,Base_TC4,14448,OK,
/data/run01/scxk573/lsz/ysy/physicsnemo/data/dataset_springback_pair_Base_TC4_150/springback_pair_Base_TC4_sample_0007_010deg.npz,7,10.0,train,Base_TC4,14448,OK,
/data/run01/scxk573/lsz/ysy/physicsnemo/data/dataset_springback_pair_Base_TC4_150/springback_pair_Base_TC4_sample_0007_015deg.npz,7,15.0,train,Base_TC4,14448,OK,
/data/run01/scxk573/lsz/ysy/physicsnemo/data/dataset_springback_pair_Base_TC4_150/springback_pair_Base_TC4_sample_0007_020deg.npz,7,20.0,train,Base_TC4,14448,OK,
/data/run01/scxk573/lsz/ysy/physicsnemo/data/dataset_springback_pair_Base_TC4_150/springback_pair_Base_TC4_sample_0007_025deg.npz,7,25.0,train,Base_TC4,14448,OK,
/data/run01/scxk573/lsz/ysy/physicsnemo/data/dataset_springback_pair_Base_TC4_150/springback_pair_Base_TC4_sample_0007_030deg.npz,7,30.0,train,Base_TC4,14448,OK,
/data/run01/scxk573/lsz/ysy/physicsnemo/data/dataset_springback_pair_Base_TC4_150/springback_pair_Base_TC4_sample_0007_035deg.npz,7,35.0,train,Base_TC4,14448,OK,
/data/run01/scxk573/lsz/ysy/physicsnemo/data/dataset_springback_pair_Base_TC4_150/springback_pair_Base_TC4_sample_0007_040deg.npz,7,40.0,train,Base_TC4,14448,OK,
/data/run01/scxk573/lsz/ysy/physicsnemo/data/dataset_springback_pair_Base_TC4_150/springback_pair_Base_TC4_sample_0007_045deg.npz,7,45.0,train,Base_TC4,14448,OK,
/data/run01/scxk573/lsz/ysy/physicsnemo/data/dataset_springback_pair_Base_TC4_150/springback_pair_Base_TC4_sample_0007_050deg.npz,7,50.0,train,Base_TC4,14448,OK,
/data/run01/scxk573/lsz/ysy/physicsnemo/data/dataset_springback_pair_Base_TC4_150/springback_pair_Base_TC4_sample_0007_055deg.npz,7,55.0,train,Base_TC4,14448,OK,
/data/run01/scxk573/lsz/ysy/physicsnemo/data/dataset_springback_pair_Base_TC4_150/springback_pair_Base_TC4_sample_0007_060deg.npz,7,60.0,train,Base_TC4,14448,OK,
/data/run01/scxk573/lsz/ysy/physicsnemo/data/dataset_springback_pair_Base_TC4_150/springback_pair_Base_TC4_sample_0007_065deg.npz,7,65.0,train,Base_TC4,14448,OK,
/data/run01/scxk573/lsz/ysy/physicsnemo/data/dataset_springback_pair_Base_TC4_150/springback_pair_Base_TC4_sample_0007_070deg.npz,7,70.0,train,Base_TC4,14448,OK,
/data/run01/scxk573/lsz/ysy/physicsnemo/data/dataset_springback_pair_Base_TC4_150/springback_pair_Base_TC4_sample_0007_075deg.npz,7,75.0,train,Base_TC4,14448,OK,
/data/run01/scxk573/lsz/ysy/physicsnemo/data/dataset_springback_pair_Base_TC4_150/springback_pair_Base_TC4_sample_0007_080deg.npz,7,80.0,train,Base_TC4,14448,OK,
/data/run01/scxk573/lsz/ysy/physicsnemo/data/dataset_springback_pair_Base_TC4_150/springback_pair_Base_TC4_sample_0007_085deg.npz,7,85.0,train,Base_TC4,14448,OK,
/data/run01/scxk573/lsz/ysy/physicsnemo/data/dataset_springback_pair_Base_TC4_150/springback_pair_Base_TC4_sample_0007_090deg.npz,7,90.0,train,Base_TC4,14448,OK,
/data/run01/scxk573/lsz/ysy/physicsnemo/data/dataset_springback_pair_Base_TC4_150/springback_pair_Base_TC4_sample_0007_095deg.npz,7,95.0,train,Base_TC4,14448,OK,
/data/run01/scxk573/lsz/ysy/physicsnemo/data/dataset_springback_pair_Base_TC4_150/springback_pair_Base_TC4_sample_0007_100deg.npz,7,100.0,train,Base_TC4,14448,OK,
/data/run01/scxk573/lsz/ysy/physicsnemo/data/dataset_springback_pair_Base_TC4_150/springback_pair_Base_TC4_sample_0007_105deg.npz,7,105.0,train,Base_TC4,14448,OK,
/data/run01/scxk573/lsz/ysy/physicsnemo/data/dataset_springback_pair_Base_TC4_150/springback_pair_Base_TC4_sample_0007_110deg.npz,7,110.0,train,Base_TC4,14448,OK,
/data/run01/scxk573/lsz/ysy/physicsnemo/data/dataset_springback_pair_Base_TC4_150/springback_pair_Base_TC4_sample_0007_115deg.npz,7,115.0,train,Base_TC4,14448,OK,
/data/run01/scxk573/lsz/ysy/physicsnemo/data/dataset_springback_pair_Base_TC4_150/springback_pair_Base_TC4_sample_0007_120deg.npz,7,120.0,train,Base_TC4,14448,OK,
/data/run01/scxk573/lsz/ysy/physicsnemo/data/dataset_springback_pair_Base_TC4_150/springback_pair_Base_TC4_sample_0007_125deg.npz,7,125.0,train,Base_TC4,14448,OK,
/data/run01/scxk573/lsz/ysy/physicsnemo/data/dataset_springback_pair_Base_TC4_150/springback_pair_Base_TC4_sample_0007_130deg.npz,7,130.0,train,Base_TC4,14448,OK,
/data/run01/scxk573/lsz/ysy/physicsnemo/data/dataset_springback_pair_Base_TC4_150/springback_pair_Base_TC4_sample_0007_135deg.npz,7,135.0,train,Base_TC4,14448,OK,
/data/run01/scxk573/lsz/ysy/physicsnemo/data/dataset_springback_pair_Base_TC4_150/springback_pair_Base_TC4_sample_0007_140deg.npz,7,140.0,train,Base_TC4,14448,OK,
/data/run01/scxk573/lsz/ysy/physicsnemo/data/dataset_springback_pair_Base_TC4_150/springback_pair_Base_TC4_sample_0007_145deg.npz,7,145.0,train,Base_TC4,14448,OK,
/data/run01/scxk573/lsz/ysy/physicsnemo/data/dataset_springback_pair_Base_TC4_150/springback_pair_Base_TC4_sample_0007_150deg.npz,7,150.0,train,Base_TC4,14448,OK,
/data/run01/scxk573/lsz/ysy/physicsnemo/data/dataset_springback_pair_Base_TC4_150/springback_pair_Base_TC4_sample_0007_155deg.npz,7,155.0,train,Base_TC4,14448,OK,
/data/run01/scxk573/lsz/ysy/physicsnemo/data/dataset_springback_pair_Base_TC4_150/springback_pair_Base_TC4_sample_0007_160deg.npz,7,160.0,train,Base_TC4,14448,OK,
/data/run01/scxk573/lsz/ysy/physicsnemo/data/dataset_springback_pair_Base_TC4_150/springback_pair_Base_TC4_sample_0007_165deg.npz,7,165.0,train,Base_TC4,14448,OK,
/data/run01/scxk573/lsz/ysy/physicsnemo/data/dataset_springback_pair_Base_TC4_150/springback_pair_Base_TC4_sample_0007_170deg.npz,7,170.0,train,Base_TC4,14448,OK,
/data/run01/scxk573/lsz/ysy/physicsnemo/data/dataset_springback_pair_Base_TC4_150/springback_pair_Base_TC4_sample_0007_175deg.npz,7,175.0,train,Base_TC4,14448,OK,
/data/run01/scxk573/lsz/ysy/physicsnemo/data/dataset_springback_pair_Base_TC4_150/springback_pair_Base_TC4_sample_0007_180deg.npz,7,180.0,train,Base_TC4,14448,OK,
/data/run01/scxk573/lsz/ysy/physicsnemo/data/dataset_springback_pair_Base_TC4_150/springback_pair_Base_TC4_sample_0008_005deg.npz,8,5.0,train,Base_TC4,17010,OK,
/data/run01/scxk573/lsz/ysy/physicsnemo/data/dataset_springback_pair_Base_TC4_150/springback_pair_Base_TC4_sample_0008_010deg.npz,8,10.0,train,Base_TC4,17010,OK,
/data/run01/scxk573/lsz/ysy/physicsnemo/data/dataset_springback_pair_Base_TC4_150/springback_pair_Base_TC4_sample_0008_015deg.npz,8,15.0,train,Base_TC4,17010,OK,
/data/run01/scxk573/lsz/ysy/physicsnemo/data/dataset_springback_pair_Base_TC4_150/springback_pair_Base_TC4_sample_0008_020deg.npz,8,20.0,train,Base_TC4,17010,OK,
/data/run01/scxk573/lsz/ysy/physicsnemo/data/dataset_springback_pair_Base_TC4_150/springback_pair_Base_TC4_sample_0008_025deg.npz,8,25.0,train,Base_TC4,17010,OK,
/data/run01/scxk573/lsz/ysy/physicsnemo/data/dataset_springback_pair_Base_TC4_150/springback_pair_Base_TC4_sample_0008_030deg.npz,8,30.0,train,Base_TC4,17010,OK,
/data/run01/scxk573/lsz/ysy/physicsnemo/data/dataset_springback_pair_Base_TC4_150/springback_pair_Base_TC4_sample_0008_035deg.npz,8,35.0,train,Base_TC4,17010,OK,
/data/run01/scxk573/lsz/ysy/physicsnemo/data/dataset_springback_pair_Base_TC4_150/springback_pair_Base_TC4_sample_0008_040deg.npz,8,40.0,train,Base_TC4,17010,OK,
/data/run01/scxk573/lsz/ysy/physicsnemo/data/dataset_springback_pair_Base_TC4_150/springback_pair_Base_TC4_sample_0008_045deg.npz,8,45.0,train,Base_TC4,17010,OK,
/data/run01/scxk573/lsz/ysy/physicsnemo/data/dataset_springback_pair_Base_TC4_150/springback_pair_Base_TC4_sample_0008_050deg.npz,8,50.0,train,Base_TC4,17010,OK,
/data/run01/scxk573/lsz/ysy/physicsnemo/data/dataset_springback_pair_Base_TC4_150/springback_pair_Base_TC4_sample_0008_055deg.npz,8,55.0,train,Base_TC4,17010,OK,
/data/run01/scxk573/lsz/ysy/physicsnemo/data/dataset_springback_pair_Base_TC4_150/springback_pair_Base_TC4_sample_0008_060deg.npz,8,60.0,train,Base_TC4,17010,OK,
/data/run01/scxk573/lsz/ysy/physicsnemo/data/dataset_springback_pair_Base_TC4_150/springback_pair_Base_TC4_sample_0008_065deg.npz,8,65.0,train,Base_TC4,17010,OK,
/data/run01/scxk573/lsz/ysy/physicsnemo/data/dataset_springback_pair_Base_TC4_150/springback_pair_Base_TC4_sample_0008_070deg.npz,8,70.0,train,Base_TC4,17010,OK,
/data/run01/scxk573/lsz/ysy/physicsnemo/data/dataset_springback_pair_Base_TC4_150/springback_pair_Base_TC4_sample_0008_075deg.npz,8,75.0,train,Base_TC4,17010,OK,
/data/run01/scxk573/lsz/ysy/physicsnemo/data/dataset_springback_pair_Base_TC4_150/springback_pair_Base_TC4_sample_0008_080deg.npz,8,80.0,train,Base_TC4,17010,OK,
/data/run01/scxk573/lsz/ysy/physicsnemo/data/dataset_springback_pair_Base_TC4_150/springback_pair_Base_TC4_sample_0008_085deg.npz,8,85.0,train,Base_TC4,17010,OK,
/data/run01/scxk573/lsz/ysy/physicsnemo/data/dataset_springback_pair_Base_TC4_150/springback_pair_Base_TC4_sample_0008_090deg.npz,8,90.0,train,Base_TC4,17010,OK,
/data/run01/scxk573/lsz/ysy/physicsnemo/data/dataset_springback_pair_Base_TC4_150/springback_pair_Base_TC4_sample_0008_095deg.npz,8,95.0,train,Base_TC4,17010,OK,
/data/run01/scxk573/lsz/ysy/physicsnemo/data/dataset_springback_pair_Base_TC4_150/springback_pair_Base_TC4_sample_0008_100deg.npz,8,100.0,train,Base_TC4,17010,OK,
/data/run01/scxk573/lsz/ysy/physicsnemo/data/dataset_springback_pair_Base_TC4_150/springback_pair_Base_TC4_sample_0008_105deg.npz,8,105.0,train,Base_TC4,17010,OK,
/data/run01/scxk573/lsz/ysy/physicsnemo/data/dataset_springback_pair_Base_TC4_150/springback_pair_Base_TC4_sample_0008_110deg.npz,8,110.0,train,Base_TC4,17010,OK,
/data/run01/scxk573/lsz/ysy/physicsnemo/data/dataset_springback_pair_Base_TC4_150/springback_pair_Base_TC4_sample_0008_115deg.npz,8,115.0,train,Base_TC4,17010,OK,
/data/run01/scxk573/lsz/ysy/physicsnemo/data/dataset_springback_pair_Base_TC4_150/springback_pair_Base_TC4_sample_0008_120deg.npz,8,120.0,train,Base_TC4,17010,OK,
/data/run01/scxk573/lsz/ysy/physicsnemo/data/dataset_springback_pair_Base_TC4_150/springback_pair_Base_TC4_sample_0008_125deg.npz,8,125.0,train,Base_TC4,17010,OK,
/data/run01/scxk573/lsz/ysy/physicsnemo/data/dataset_springback_pair_Base_TC4_150/springback_pair_Base_TC4_sample_0008_130deg.npz,8,130.0,train,Base_TC4,17010,OK,
/data/run01/scxk573/lsz/ysy/physicsnemo/data/dataset_springback_pair_Base_TC4_150/springback_pair_Base_TC4_sample_0008_135deg.npz,8,135.0,train,Base_TC4,17010,OK,
/data/run01/scxk573/lsz/ysy/physicsnemo/data/dataset_springback_pair_Base_TC4_150/springback_pair_Base_TC4_sample_0008_140deg.npz,8,140.0,train,Base_TC4,17010,OK,
/data/run01/scxk573/lsz/ysy/physicsnemo/data/dataset_springback_pair_Base_TC4_150/springback_pair_Base_TC4_sample_0008_145deg.npz,8,145.0,train,Base_TC4,17010,OK,
/data/run01/scxk573/lsz/ysy/physicsnemo/data/dataset_springback_pair_Base_TC4_150/springback_pair_Base_TC4_sample_0008_150deg.npz,8,150.0,train,Base_TC4,17010,OK,
/data/run01/scxk573/lsz/ysy/physicsnemo/data/dataset_springback_pair_Base_TC4_150/springback_pair_Base_TC4_sample_0008_155deg.npz,8,155.0,train,Base_TC4,17010,OK,
/data/run01/scxk573/lsz/ysy/physicsnemo/data/dataset_springback_pair_Base_TC4_150/springback_pair_Base_TC4_sample_0008_160deg.npz,8,160.0,train,Base_TC4,17010,OK,
/data/run01/scxk573/lsz/ysy/physicsnemo/data/dataset_springback_pair_Base_TC4_150/springback_pair_Base_TC4_sample_0008_165deg.npz,8,165.0,train,Base_TC4,17010,OK,
/data/run01/scxk573/lsz/ysy/physicsnemo/data/dataset_springback_pair_Base_TC4_150/springback_pair_Base_TC4_sample_0008_170deg.npz,8,170.0,train,Base_TC4,17010,OK,
/data/run01/scxk573/lsz/ysy/physicsnemo/data/dataset_springback_pair_Base_TC4_150/springback_pair_Base_TC4_sample_0008_175deg.npz,8,175.0,train,Base_TC4,17010,OK,
/data/run01/scxk573/lsz/ysy/physicsnemo/data/dataset_springback_pair_Base_TC4_150/springback_pair_Base_TC4_sample_0008_180deg.npz,8,180.0,train,Base_TC4,17010,OK,
/data/run01/scxk573/lsz/ysy/physicsnemo/data/dataset_springback_pair_Base_TC4_150/springback_pair_Base_TC4_sample_0009_005deg.npz,9,5.0,train,Base_TC4,23424,OK,
/data/run01/scxk573/lsz/ysy/physicsnemo/data/dataset_springback_pair_Base_TC4_150/springback_pair_Base_TC4_sample_0009_010deg.npz,9,10.0,train,Base_TC4,23424,OK,
/data/run01/scxk573/lsz/ysy/physicsnemo/data/dataset_springback_pair_Base_TC4_150/springback_pair_Base_TC4_sample_0009_015deg.npz,9,15.0,train,Base_TC4,23424,OK,
/data/run01/scxk573/lsz/ysy/physicsnemo/data/dataset_springback_pair_Base_TC4_150/springback_pair_Base_TC4_sample_0009_020deg.npz,9,20.0,train,Base_TC4,23424,OK,
/data/run01/scxk573/lsz/ysy/physicsnemo/data/dataset_springback_pair_Base_TC4_150/springback_pair_Base_TC4_sample_0009_025deg.npz,9,25.0,train,Base_TC4,23424,OK,
/data/run01/scxk573/lsz/ysy/physicsnemo/data/dataset_springback_pair_Base_TC4_150/springback_pair_Base_TC4_sample_0009_030deg.npz,9,30.0,train,Base_TC4,23424,OK,
/data/run01/scxk573/lsz/ysy/physicsnemo/data/dataset_springback_pair_Base_TC4_150/springback_pair_Base_TC4_sample_0009_035deg.npz,9,35.0,train,Base_TC4,23424,OK,
/data/run01/scxk573/lsz/ysy/physicsnemo/data/dataset_springback_pair_Base_TC4_150/springback_pair_Base_TC4_sample_0009_040deg.npz,9,40.0,train,Base_TC4,23424,OK,
/data/run01/scxk573/lsz/ysy/physicsnemo/data/dataset_springback_pair_Base_TC4_150/springback_pair_Base_TC4_sample_0009_045deg.npz,9,45.0,train,Base_TC4,23424,OK,
/data/run01/scxk573/lsz/ysy/physicsnemo/data/dataset_springback_pair_Base_TC4_150/springback_pair_Base_TC4_sample_0009_050deg.npz,9,50.0,train,Base_TC4,23424,OK,
/data/run01/scxk573/lsz/ysy/physicsnemo/data/dataset_springback_pair_Base_TC4_150/springback_pair_Base_TC4_sample_0009_055deg.npz,9,55.0,train,Base_TC4,23424,OK,
/data/run01/scxk573/lsz/ysy/physicsnemo/data/dataset_springback_pair_Base_TC4_150/springback_pair_Base_TC4_sample_0009_060deg.npz,9,60.0,train,Base_TC4,23424,OK,
/data/run01/scxk573/lsz/ysy/physicsnemo/data/dataset_springback_pair_Base_TC4_150/springback_pair_Base_TC4_sample_0009_065deg.npz,9,65.0,train,Base_TC4,23424,OK,
/data/run01/scxk573/lsz/ysy/physicsnemo/data/dataset_springback_pair_Base_TC4_150/springback_pair_Base_TC4_sample_0009_070deg.npz,9,70.0,train,Base_TC4,23424,OK,
/data/run01/scxk573/lsz/ysy/physicsnemo/data/dataset_springback_pair_Base_TC4_150/springback_pair_Base_TC4_sample_0009_075deg.npz,9,75.0,train,Base_TC4,23424,OK,
/data/run01/scxk573/lsz/ysy/physicsnemo/data/dataset_springback_pair_Base_TC4_150/springback_pair_Base_TC4_sample_0009_080deg.npz,9,80.0,train,Base_TC4,23424,OK,
/data/run01/scxk573/lsz/ysy/physicsnemo/data/dataset_springback_pair_Base_TC4_150/springback_pair_Base_TC4_sample_0009_085deg.npz,9,85.0,train,Base_TC4,23424,OK,
/data/run01/scxk573/lsz/ysy/physicsnemo/data/dataset_springback_pair_Base_TC4_150/springback_pair_Base_TC4_sample_0009_090deg.npz,9,90.0,train,Base_TC4,23424,OK,
/data/run01/scxk573/lsz/ysy/physicsnemo/data/dataset_springback_pair_Base_TC4_150/springback_pair_Base_TC4_sample_0009_095deg.npz,9,95.0,train,Base_TC4,23424,OK,
/data/run01/scxk573/lsz/ysy/physicsnemo/data/dataset_springback_pair_Base_TC4_150/springback_pair_Base_TC4_sample_0009_100deg.npz,9,100.0,train,Base_TC4,23424,OK,
/data/run01/scxk573/lsz/ysy/physicsnemo/data/dataset_springback_pair_Base_TC4_150/springback_pair_Base_TC4_sample_0009_105deg.npz,9,105.0,train,Base_TC4,23424,OK,
/data/run01/scxk573/lsz/ysy/physicsnemo/data/dataset_springback_pair_Base_TC4_150/springback_pair_Base_TC4_sample_0009_110deg.npz,9,110.0,train,Base_TC4,23424,OK,
/data/run01/scxk573/lsz/ysy/physicsnemo/data/dataset_springback_pair_Base_TC4_150/springback_pair_Base_TC4_sample_0009_115deg.npz,9,115.0,train,Base_TC4,23424,OK,
/data/run01/scxk573/lsz/ysy/physicsnemo/data/dataset_springback_pair_Base_TC4_150/springback_pair_Base_TC4_sample_0009_120deg.npz,9,120.0,train,Base_TC4,23424,OK,
/data/run01/scxk573/lsz/ysy/physicsnemo/data/dataset_springback_pair_Base_TC4_150/springback_pair_Base_TC4_sample_0009_125deg.npz,9,125.0,train,Base_TC4,23424,OK,
/data/run01/scxk573/lsz/ysy/physicsnemo/data/dataset_springback_pair_Base_TC4_150/springback_pair_Base_TC4_sample_0009_130deg.npz,9,130.0,train,Base_TC4,23424,OK,
/data/run01/scxk573/lsz/ysy/physicsnemo/data/dataset_springback_pair_Base_TC4_150/springback_pair_Base_TC4_sample_0009_135deg.npz,9,135.0,train,Base_TC4,23424,OK,
/data/run01/scxk573/lsz/ysy/physicsnemo/data/dataset_springback_pair_Base_TC4_150/springback_pair_Base_TC4_sample_0009_140deg.npz,9,140.0,train,Base_TC4,23424,OK,
/data/run01/scxk573/lsz/ysy/physicsnemo/data/dataset_springback_pair_Base_TC4_150/springback_pair_Base_TC4_sample_0009_145deg.npz,9,145.0,train,Base_TC4,23424,OK,
/data/run01/scxk573/lsz/ysy/physicsnemo/data/dataset_springback_pair_Base_TC4_150/springback_pair_Base_TC4_sample_0009_150deg.npz,9,150.0,train,Base_TC4,23424,OK,
/data/run01/scxk573/lsz/ysy/physicsnemo/data/dataset_springback_pair_Base_TC4_150/springback_pair_Base_TC4_sample_0009_155deg.npz,9,155.0,train,Base_TC4,23424,OK,
/data/run01/scxk573/lsz/ysy/physicsnemo/data/dataset_springback_pair_Base_TC4_150/springback_pair_Base_TC4_sample_0009_160deg.npz,9,160.0,train,Base_TC4,23424,OK,
/data/run01/scxk573/lsz/ysy/physicsnemo/data/dataset_springback_pair_Base_TC4_150/springback_pair_Base_TC4_sample_0009_165deg.npz,9,165.0,train,Base_TC4,23424,OK,
/data/run01/scxk573/lsz/ysy/physicsnemo/data/dataset_springback_pair_Base_TC4_150/springback_pair_Base_TC4_sample_0009_170deg.npz,9,170.0,train,Base_TC4,23424,OK,
/data/run01/scxk573/lsz/ysy/physicsnemo/data/dataset_springback_pair_Base_TC4_150/springback_pair_Base_TC4_sample_0009_175deg.npz,9,175.0,train,Base_TC4,23424,OK,
/data/run01/scxk573/lsz/ysy/physicsnemo/data/dataset_springback_pair_Base_TC4_150/springback_pair_Base_TC4_sample_0009_180deg.npz,9,180.0,train,Base_TC4,23424,OK,
/data/run01/scxk573/lsz/ysy/physicsnemo/data/dataset_springback_pair_Base_TC4_150/springback_pair_Base_TC4_sample_0010_005deg.npz,10,5.0,test,Base_TC4,22980,OK,
/data/run01/scxk573/lsz/ysy/physicsnemo/data/dataset_springback_pair_Base_TC4_150/springback_pair_Base_TC4_sample_0010_010deg.npz,10,10.0,test,Base_TC4,22980,OK,
/data/run01/scxk573/lsz/ysy/physicsnemo/data/dataset_springback_pair_Base_TC4_150/springback_pair_Base_TC4_sample_0010_015deg.npz,10,15.0,test,Base_TC4,22980,OK,
/data/run01/scxk573/lsz/ysy/physicsnemo/data/dataset_springback_pair_Base_TC4_150/springback_pair_Base_TC4_sample_0010_020deg.npz,10,20.0,test,Base_TC4,22980,OK,
/data/run01/scxk573/lsz/ysy/physicsnemo/data/dataset_springback_pair_Base_TC4_150/springback_pair_Base_TC4_sample_0010_025deg.npz,10,25.0,test,Base_TC4,22980,OK,
/data/run01/scxk573/lsz/ysy/physicsnemo/data/dataset_springback_pair_Base_TC4_150/springback_pair_Base_TC4_sample_0010_030deg.npz,10,30.0,test,Base_TC4,22980,OK,
/data/run01/scxk573/lsz/ysy/physicsnemo/data/dataset_springback_pair_Base_TC4_150/springback_pair_Base_TC4_sample_0010_035deg.npz,10,35.0,test,Base_TC4,22980,OK,
/data/run01/scxk573/lsz/ysy/physicsnemo/data/dataset_springback_pair_Base_TC4_150/springback_pair_Base_TC4_sample_0010_040deg.npz,10,40.0,test,Base_TC4,22980,OK,
/data/run01/scxk573/lsz/ysy/physicsnemo/data/dataset_springback_pair_Base_TC4_150/springback_pair_Base_TC4_sample_0010_045deg.npz,10,45.0,test,Base_TC4,22980,OK,
/data/run01/scxk573/lsz/ysy/physicsnemo/data/dataset_springback_pair_Base_TC4_150/springback_pair_Base_TC4_sample_0010_050deg.npz,10,50.0,test,Base_TC4,22980,OK,
/data/run01/scxk573/lsz/ysy/physicsnemo/data/dataset_springback_pair_Base_TC4_150/springback_pair_Base_TC4_sample_0010_055deg.npz,10,55.0,test,Base_TC4,22980,OK,
/data/run01/scxk573/lsz/ysy/physicsnemo/data/dataset_springback_pair_Base_TC4_150/springback_pair_Base_TC4_sample_0010_060deg.npz,10,60.0,test,Base_TC4,22980,OK,
/data/run01/scxk573/lsz/ysy/physicsnemo/data/dataset_springback_pair_Base_TC4_150/springback_pair_Base_TC4_sample_0010_065deg.npz,10,65.0,test,Base_TC4,22980,OK,
/data/run01/scxk573/lsz/ysy/physicsnemo/data/dataset_springback_pair_Base_TC4_150/springback_pair_Base_TC4_sample_0010_070deg.npz,10,70.0,test,Base_TC4,22980,OK,
/data/run01/scxk573/lsz/ysy/physicsnemo/data/dataset_springback_pair_Base_TC4_150/springback_pair_Base_TC4_sample_0010_075deg.npz,10,75.0,test,Base_TC4,22980,OK,
/data/run01/scxk573/lsz/ysy/physicsnemo/data/dataset_springback_pair_Base_TC4_150/springback_pair_Base_TC4_sample_0010_080deg.npz,10,80.0,test,Base_TC4,22980,OK,
/data/run01/scxk573/lsz/ysy/physicsnemo/data/dataset_springback_pair_Base_TC4_150/springback_pair_Base_TC4_sample_0010_085deg.npz,10,85.0,test,Base_TC4,22980,OK,
/data/run01/scxk573/lsz/ysy/physicsnemo/data/dataset_springback_pair_Base_TC4_150/springback_pair_Base_TC4_sample_0010_090deg.npz,10,90.0,test,Base_TC4,22980,OK,
/data/run01/scxk573/lsz/ysy/physicsnemo/data/dataset_springback_pair_Base_TC4_150/springback_pair_Base_TC4_sample_0010_095deg.npz,10,95.0,test,Base_TC4,22980,OK,
/data/run01/scxk573/lsz/ysy/physicsnemo/data/dataset_springback_pair_Base_TC4_150/springback_pair_Base_TC4_sample_0010_100deg.npz,10,100.0,test,Base_TC4,22980,OK,
/data/run01/scxk573/lsz/ysy/physicsnemo/data/dataset_springback_pair_Base_TC4_150/springback_pair_Base_TC4_sample_0010_105deg.npz,10,105.0,test,Base_TC4,22980,OK,
/data/run01/scxk573/lsz/ysy/physicsnemo/data/dataset_springback_pair_Base_TC4_150/springback_pair_Base_TC4_sample_0010_110deg.npz,10,110.0,test,Base_TC4,22980,OK,
/data/run01/scxk573/lsz/ysy/physicsnemo/data/dataset_springback_pair_Base_TC4_150/springback_pair_Base_TC4_sample_0010_115deg.npz,10,115.0,test,Base_TC4,22980,OK,
/data/run01/scxk573/lsz/ysy/physicsnemo/data/dataset_springback_pair_Base_TC4_150/springback_pair_Base_TC4_sample_0010_120deg.npz,10,120.0,test,Base_TC4,22980,OK,
/data/run01/scxk573/lsz/ysy/physicsnemo/data/dataset_springback_pair_Base_TC4_150/springback_pair_Base_TC4_sample_0010_125deg.npz,10,125.0,test,Base_TC4,22980,OK,
/data/run01/scxk573/lsz/ysy/physicsnemo/data/dataset_springback_pair_Base_TC4_150/springback_pair_Base_TC4_sample_0010_130deg.npz,10,130.0,test,Base_TC4,22980,OK,
/data/run01/scxk573/lsz/ysy/physicsnemo/data/dataset_springback_pair_Base_TC4_150/springback_pair_Base_TC4_sample_0010_135deg.npz,10,135.0,test,Base_TC4,22980,OK,
/data/run01/scxk573/lsz/ysy/physicsnemo/data/dataset_springback_pair_Base_TC4_150/springback_pair_Base_TC4_sample_0010_140deg.npz,10,140.0,test,Base_TC4,22980,OK,
/data/run01/scxk573/lsz/ysy/physicsnemo/data/dataset_springback_pair_Base_TC4_150/springback_pair_Base_TC4_sample_0010_145deg.npz,10,145.0,test,Base_TC4,22980,OK,
/data/run01/scxk573/lsz/ysy/physicsnemo/data/dataset_springback_pair_Base_TC4_150/springback_pair_Base_TC4_sample_0010_150deg.npz,10,150.0,test,Base_TC4,22980,OK,
/data/run01/scxk573/lsz/ysy/physicsnemo/data/dataset_springback_pair_Base_TC4_150/springback_pair_Base_TC4_sample_0010_155deg.npz,10,155.0,test,Base_TC4,22980,OK,
/data/run01/scxk573/lsz/ysy/physicsnemo/data/dataset_springback_pair_Base_TC4_150/springback_pair_Base_TC4_sample_0010_160deg.npz,10,160.0,test,Base_TC4,22980,OK,
/data/run01/scxk573/lsz/ysy/physicsnemo/data/dataset_springback_pair_Base_TC4_150/springback_pair_Base_TC4_sample_0010_165deg.npz,10,165.0,test,Base_TC4,22980,OK,
/data/run01/scxk573/lsz/ysy/physicsnemo/data/dataset_springback_pair_Base_TC4_150/springback_pair_Base_TC4_sample_0010_170deg.npz,10,170.0,test,Base_TC4,22980,OK,
/data/run01/scxk573/lsz/ysy/physicsnemo/data/dataset_springback_pair_Base_TC4_150/springback_pair_Base_TC4_sample_0010_175deg.npz,10,175.0,test,Base_TC4,22980,OK,
/data/run01/scxk573/lsz/ysy/physicsnemo/data/dataset_springback_pair_Base_TC4_150/springback_pair_Base_TC4_sample_0010_180deg.npz,10,180.0,test,Base_TC4,22980,OK,
/data/run01/scxk573/lsz/ysy/physicsnemo/data/dataset_springback_pair_Base_TC4_150/springback_pair_Base_TC4_sample_0011_005deg.npz,11,5.0,train,Base_TC4,5280,OK,
/data/run01/scxk573/lsz/ysy/physicsnemo/data/dataset_springback_pair_Base_TC4_150/springback_pair_Base_TC4_sample_0011_010deg.npz,11,10.0,train,Base_TC4,5280,OK,
/data/run01/scxk573/lsz/ysy/physicsnemo/data/dataset_springback_pair_Base_TC4_150/springback_pair_Base_TC4_sample_0011_015deg.npz,11,15.0,train,Base_TC4,5280,OK,
/data/run01/scxk573/lsz/ysy/physicsnemo/data/dataset_springback_pair_Base_TC4_150/springback_pair_Base_TC4_sample_0011_020deg.npz,11,20.0,train,Base_TC4,5280,OK,
/data/run01/scxk573/lsz/ysy/physicsnemo/data/dataset_springback_pair_Base_TC4_150/springback_pair_Base_TC4_sample_0011_025deg.npz,11,25.0,train,Base_TC4,5280,OK,
/data/run01/scxk573/lsz/ysy/physicsnemo/data/dataset_springback_pair_Base_TC4_150/springback_pair_Base_TC4_sample_0011_030deg.npz,11,30.0,train,Base_TC4,5280,OK,
/data/run01/scxk573/lsz/ysy/physicsnemo/data/dataset_springback_pair_Base_TC4_150/springback_pair_Base_TC4_sample_0011_035deg.npz,11,35.0,train,Base_TC4,5280,OK,
/data/run01/scxk573/lsz/ysy/physicsnemo/data/dataset_springback_pair_Base_TC4_150/springback_pair_Base_TC4_sample_0011_040deg.npz,11,40.0,train,Base_TC4,5280,OK,
/data/run01/scxk573/lsz/ysy/physicsnemo/data/dataset_springback_pair_Base_TC4_150/springback_pair_Base_TC4_sample_0011_045deg.npz,11,45.0,train,Base_TC4,5280,OK,
/data/run01/scxk573/lsz/ysy/physicsnemo/data/dataset_springback_pair_Base_TC4_150/springback_pair_Base_TC4_sample_0011_050deg.npz,11,50.0,train,Base_TC4,5280,OK,
/data/run01/scxk573/lsz/ysy/physicsnemo/data/dataset_springback_pair_Base_TC4_150/springback_pair_Base_TC4_sample_0011_055deg.npz,11,55.0,train,Base_TC4,5280,OK,
/data/run01/scxk573/lsz/ysy/physicsnemo/data/dataset_springback_pair_Base_TC4_150/springback_pair_Base_TC4_sample_0011_060deg.npz,11,60.0,train,Base_TC4,5280,OK,
/data/run01/scxk573/lsz/ysy/physicsnemo/data/dataset_springback_pair_Base_TC4_150/springback_pair_Base_TC4_sample_0011_065deg.npz,11,65.0,train,Base_TC4,5280,OK,
/data/run01/scxk573/lsz/ysy/physicsnemo/data/dataset_springback_pair_Base_TC4_150/springback_pair_Base_TC4_sample_0011_070deg.npz,11,70.0,train,Base_TC4,5280,OK,
/data/run01/scxk573/lsz/ysy/physicsnemo/data/dataset_springback_pair_Base_TC4_150/springback_pair_Base_TC4_sample_0011_075deg.npz,11,75.0,train,Base_TC4,5280,OK,
/data/run01/scxk573/lsz/ysy/physicsnemo/data/dataset_springback_pair_Base_TC4_150/springback_pair_Base_TC4_sample_0011_080deg.npz,11,80.0,train,Base_TC4,5280,OK,
/data/run01/scxk573/lsz/ysy/physicsnemo/data/dataset_springback_pair_Base_TC4_150/springback_pair_Base_TC4_sample_0011_085deg.npz,11,85.0,train,Base_TC4,5280,OK,
/data/run01/scxk573/lsz/ysy/physicsnemo/data/dataset_springback_pair_Base_TC4_150/springback_pair_Base_TC4_sample_0011_090deg.npz,11,90.0,train,Base_TC4,5280,OK,
/data/run01/scxk573/lsz/ysy/physicsnemo/data/dataset_springback_pair_Base_TC4_150/springback_pair_Base_TC4_sample_0011_095deg.npz,11,95.0,train,Base_TC4,5280,OK,
/data/run01/scxk573/lsz/ysy/physicsnemo/data/dataset_springback_pair_Base_TC4_150/springback_pair_Base_TC4_sample_0011_100deg.npz,11,100.0,train,Base_TC4,5280,OK,
/data/run01/scxk573/lsz/ysy/physicsnemo/data/dataset_springback_pair_Base_TC4_150/springback_pair_Base_TC4_sample_0011_105deg.npz,11,105.0,train,Base_TC4,5280,OK,
/data/run01/scxk573/lsz/ysy/physicsnemo/data/dataset_springback_pair_Base_TC4_150/springback_pair_Base_TC4_sample_0011_110deg.npz,11,110.0,train,Base_TC4,5280,OK,
/data/run01/scxk573/lsz/ysy/physicsnemo/data/dataset_springback_pair_Base_TC4_150/springback_pair_Base_TC4_sample_0011_115deg.npz,11,115.0,train,Base_TC4,5280,OK,
/data/run01/scxk573/lsz/ysy/physicsnemo/data/dataset_springback_pair_Base_TC4_150/springback_pair_Base_TC4_sample_0011_120deg.npz,11,120.0,train,Base_TC4,5280,OK,
/data/run01/scxk573/lsz/ysy/physicsnemo/data/dataset_springback_pair_Base_TC4_150/springback_pair_Base_TC4_sample_0011_125deg.npz,11,125.0,train,Base_TC4,5280,OK,
/data/run01/scxk573/lsz/ysy/physicsnemo/data/dataset_springback_pair_Base_TC4_150/springback_pair_Base_TC4_sample_0011_130deg.npz,11,130.0,train,Base_TC4,5280,OK,
/data/run01/scxk573/lsz/ysy/physicsnemo/data/dataset_springback_pair_Base_TC4_150/springback_pair_Base_TC4_sample_0011_135deg.npz,11,135.0,train,Base_TC4,5280,OK,
/data/run01/scxk573/lsz/ysy/physicsnemo/data/dataset_springback_pair_Base_TC4_150/springback_pair_Base_TC4_sample_0011_140deg.npz,11,140.0,train,Base_TC4,5280,OK,
/data/run01/scxk573/lsz/ysy/physicsnemo/data/dataset_springback_pair_Base_TC4_150/springback_pair_Base_TC4_sample_0011_145deg.npz,11,145.0,train,Base_TC4,5280,OK,
/data/run01/scxk573/lsz/ysy/physicsnemo/data/dataset_springback_pair_Base_TC4_150/springback_pair_Base_TC4_sample_0011_150deg.npz,11,150.0,train,Base_TC4,5280,OK,
/data/run01/scxk573/lsz/ysy/physicsnemo/data/dataset_springback_pair_Base_TC4_150/springback_pair_Base_TC4_sample_0011_155deg.npz,11,155.0,train,Base_TC4,5280,OK,
/data/run01/scxk573/lsz/ysy/physicsnemo/data/dataset_springback_pair_Base_TC4_150/springback_pair_Base_TC4_sample_0011_160deg.npz,11,160.0,train,Base_TC4,5280,OK,
/data/run01/scxk573/lsz/ysy/physicsnemo/data/dataset_springback_pair_Base_TC4_150/springback_pair_Base_TC4_sample_0011_165deg.npz,11,165.0,train,Base_TC4,5280,OK,
/data/run01/scxk573/lsz/ysy/physicsnemo/data/dataset_springback_pair_Base_TC4_150/springback_pair_Base_TC4_sample_0011_170deg.npz,11,170.0,train,Base_TC4,5280,OK,
/data/run01/scxk573/lsz/ysy/physicsnemo/data/dataset_springback_pair_Base_TC4_150/springback_pair_Base_TC4_sample_0011_175deg.npz,11,175.0,train,Base_TC4,5280,OK,
/data/run01/scxk573/lsz/ysy/physicsnemo/data/dataset_springback_pair_Base_TC4_150/springback_pair_Base_TC4_sample_0011_180deg.npz,11,180.0,train,Base_TC4,5280,OK,
/data/run01/scxk573/lsz/ysy/physicsnemo/data/dataset_springback_pair_Base_TC4_150/springback_pair_Base_TC4_sample_0012_005deg.npz,12,5.0,train,Base_TC4,13892,OK,
/data/run01/scxk573/lsz/ysy/physicsnemo/data/dataset_springback_pair_Base_TC4_150/springback_pair_Base_TC4_sample_0012_010deg.npz,12,10.0,train,Base_TC4,13892,OK,
/data/run01/scxk573/lsz/ysy/physicsnemo/data/dataset_springback_pair_Base_TC4_150/springback_pair_Base_TC4_sample_0012_015deg.npz,12,15.0,train,Base_TC4,13892,OK,
/data/run01/scxk573/lsz/ysy/physicsnemo/data/dataset_springback_pair_Base_TC4_150/springback_pair_Base_TC4_sample_0012_020deg.npz,12,20.0,train,Base_TC4,13892,OK,
/data/run01/scxk573/lsz/ysy/physicsnemo/data/dataset_springback_pair_Base_TC4_150/springback_pair_Base_TC4_sample_0012_025deg.npz,12,25.0,train,Base_TC4,13892,OK,
/data/run01/scxk573/lsz/ysy/physicsnemo/data/dataset_springback_pair_Base_TC4_150/springback_pair_Base_TC4_sample_0012_030deg.npz,12,30.0,train,Base_TC4,13892,OK,
/data/run01/scxk573/lsz/ysy/physicsnemo/data/dataset_springback_pair_Base_TC4_150/springback_pair_Base_TC4_sample_0012_035deg.npz,12,35.0,train,Base_TC4,13892,OK,
/data/run01/scxk573/lsz/ysy/physicsnemo/data/dataset_springback_pair_Base_TC4_150/springback_pair_Base_TC4_sample_0012_040deg.npz,12,40.0,train,Base_TC4,13892,OK,
/data/run01/scxk573/lsz/ysy/physicsnemo/data/dataset_springback_pair_Base_TC4_150/springback_pair_Base_TC4_sample_0012_045deg.npz,12,45.0,train,Base_TC4,13892,OK,
/data/run01/scxk573/lsz/ysy/physicsnemo/data/dataset_springback_pair_Base_TC4_150/springback_pair_Base_TC4_sample_0012_050deg.npz,12,50.0,train,Base_TC4,13892,OK,
/data/run01/scxk573/lsz/ysy/physicsnemo/data/dataset_springback_pair_Base_TC4_150/springback_pair_Base_TC4_sample_0012_055deg.npz,12,55.0,train,Base_TC4,13892,OK,
/data/run01/scxk573/lsz/ysy/physicsnemo/data/dataset_springback_pair_Base_TC4_150/springback_pair_Base_TC4_sample_0012_060deg.npz,12,60.0,train,Base_TC4,13892,OK,
/data/run01/scxk573/lsz/ysy/physicsnemo/data/dataset_springback_pair_Base_TC4_150/springback_pair_Base_TC4_sample_0012_065deg.npz,12,65.0,train,Base_TC4,13892,OK,
/data/run01/scxk573/lsz/ysy/physicsnemo/data/dataset_springback_pair_Base_TC4_150/springback_pair_Base_TC4_sample_0012_070deg.npz,12,70.0,train,Base_TC4,13892,OK,
/data/run01/scxk573/lsz/ysy/physicsnemo/data/dataset_springback_pair_Base_TC4_150/springback_pair_Base_TC4_sample_0012_075deg.npz,12,75.0,train,Base_TC4,13892,OK,
/data/run01/scxk573/lsz/ysy/physicsnemo/data/dataset_springback_pair_Base_TC4_150/springback_pair_Base_TC4_sample_0012_080deg.npz,12,80.0,train,Base_TC4,13892,OK,
/data/run01/scxk573/lsz/ysy/physicsnemo/data/dataset_springback_pair_Base_TC4_150/springback_pair_Base_TC4_sample_0012_085deg.npz,12,85.0,train,Base_TC4,13892,OK,
/data/run01/scxk573/lsz/ysy/physicsnemo/data/dataset_springback_pair_Base_TC4_150/springback_pair_Base_TC4_sample_0012_090deg.npz,12,90.0,train,Base_TC4,13892,OK,
/data/run01/scxk573/lsz/ysy/physicsnemo/data/dataset_springback_pair_Base_TC4_150/springback_pair_Base_TC4_sample_0012_095deg.npz,12,95.0,train,Base_TC4,13892,OK,
/data/run01/scxk573/lsz/ysy/physicsnemo/data/dataset_springback_pair_Base_TC4_150/springback_pair_Base_TC4_sample_0012_100deg.npz,12,100.0,train,Base_TC4,13892,OK,
/data/run01/scxk573/lsz/ysy/physicsnemo/data/dataset_springback_pair_Base_TC4_150/springback_pair_Base_TC4_sample_0012_105deg.npz,12,105.0,train,Base_TC4,13892,OK,
/data/run01/scxk573/lsz/ysy/physicsnemo/data/dataset_springback_pair_Base_TC4_150/springback_pair_Base_TC4_sample_0012_110deg.npz,12,110.0,train,Base_TC4,13892,OK,
/data/run01/scxk573/lsz/ysy/physicsnemo/data/dataset_springback_pair_Base_TC4_150/springback_pair_Base_TC4_sample_0012_115deg.npz,12,115.0,train,Base_TC4,13892,OK,
/data/run01/scxk573/lsz/ysy/physicsnemo/data/dataset_springback_pair_Base_TC4_150/springback_pair_Base_TC4_sample_0012_120deg.npz,12,120.0,train,Base_TC4,13892,OK,
/data/run01/scxk573/lsz/ysy/physicsnemo/data/dataset_springback_pair_Base_TC4_150/springback_pair_Base_TC4_sample_0012_125deg.npz,12,125.0,train,Base_TC4,13892,OK,
/data/run01/scxk573/lsz/ysy/physicsnemo/data/dataset_springback_pair_Base_TC4_150/springback_pair_Base_TC4_sample_0012_130deg.npz,12,130.0,train,Base_TC4,13892,OK,
/data/run01/scxk573/lsz/ysy/physicsnemo/data/dataset_springback_pair_Base_TC4_150/springback_pair_Base_TC4_sample_0012_135deg.npz,12,135.0,train,Base_TC4,13892,OK,
/data/run01/scxk573/lsz/ysy/physicsnemo/data/dataset_springback_pair_Base_TC4_150/springback_pair_Base_TC4_sample_0012_140deg.npz,12,140.0,train,Base_TC4,13892,OK,
/data/run01/scxk573/lsz/ysy/physicsnemo/data/dataset_springback_pair_Base_TC4_150/springback_pair_Base_TC4_sample_0012_145deg.npz,12,145.0,train,Base_TC4,13892,OK,
/data/run01/scxk573/lsz/ysy/physicsnemo/data/dataset_springback_pair_Base_TC4_150/springback_pair_Base_TC4_sample_0012_150deg.npz,12,150.0,train,Base_TC4,13892,OK,
/data/run01/scxk573/lsz/ysy/physicsnemo/data/dataset_springback_pair_Base_TC4_150/springback_pair_Base_TC4_sample_0012_155deg.npz,12,155.0,train,Base_TC4,13892,OK,
/data/run01/scxk573/lsz/ysy/physicsnemo/data/dataset_springback_pair_Base_TC4_150/springback_pair_Base_TC4_sample_0012_160deg.npz,12,160.0,train,Base_TC4,13892,OK,
/data/run01/scxk573/lsz/ysy/physicsnemo/data/dataset_springback_pair_Base_TC4_150/springback_pair_Base_TC4_sample_0012_165deg.npz,12,165.0,train,Base_TC4,13892,OK,
/data/run01/scxk573/lsz/ysy/physicsnemo/data/dataset_springback_pair_Base_TC4_150/springback_pair_Base_TC4_sample_0012_170deg.npz,12,170.0,train,Base_TC4,13892,OK,
/data/run01/scxk573/lsz/ysy/physicsnemo/data/dataset_springback_pair_Base_TC4_150/springback_pair_Base_TC4_sample_0012_175deg.npz,12,175.0,train,Base_TC4,13892,OK,
/data/run01/scxk573/lsz/ysy/physicsnemo/data/dataset_springback_pair_Base_TC4_150/springback_pair_Base_TC4_sample_0012_180deg.npz,12,180.0,train,Base_TC4,13892,OK,
/data/run01/scxk573/lsz/ysy/physicsnemo/data/dataset_springback_pair_Base_TC4_150/springback_pair_Base_TC4_sample_0013_005deg.npz,13,5.0,val,Base_TC4,14750,OK,
/data/run01/scxk573/lsz/ysy/physicsnemo/data/dataset_springback_pair_Base_TC4_150/springback_pair_Base_TC4_sample_0013_010deg.npz,13,10.0,val,Base_TC4,14750,OK,
/data/run01/scxk573/lsz/ysy/physicsnemo/data/dataset_springback_pair_Base_TC4_150/springback_pair_Base_TC4_sample_0013_015deg.npz,13,15.0,val,Base_TC4,14750,OK,
/data/run01/scxk573/lsz/ysy/physicsnemo/data/dataset_springback_pair_Base_TC4_150/springback_pair_Base_TC4_sample_0013_020deg.npz,13,20.0,val,Base_TC4,14750,OK,
/data/run01/scxk573/lsz/ysy/physicsnemo/data/dataset_springback_pair_Base_TC4_150/springback_pair_Base_TC4_sample_0013_025deg.npz,13,25.0,val,Base_TC4,14750,OK,
/data/run01/scxk573/lsz/ysy/physicsnemo/data/dataset_springback_pair_Base_TC4_150/springback_pair_Base_TC4_sample_0013_030deg.npz,13,30.0,val,Base_TC4,14750,OK,
/data/run01/scxk573/lsz/ysy/physicsnemo/data/dataset_springback_pair_Base_TC4_150/springback_pair_Base_TC4_sample_0013_035deg.npz,13,35.0,val,Base_TC4,14750,OK,
/data/run01/scxk573/lsz/ysy/physicsnemo/data/dataset_springback_pair_Base_TC4_150/springback_pair_Base_TC4_sample_0013_040deg.npz,13,40.0,val,Base_TC4,14750,OK,
/data/run01/scxk573/lsz/ysy/physicsnemo/data/dataset_springback_pair_Base_TC4_150/springback_pair_Base_TC4_sample_0013_045deg.npz,13,45.0,val,Base_TC4,14750,OK,
/data/run01/scxk573/lsz/ysy/physicsnemo/data/dataset_springback_pair_Base_TC4_150/springback_pair_Base_TC4_sample_0013_050deg.npz,13,50.0,val,Base_TC4,14750,OK,
/data/run01/scxk573/lsz/ysy/physicsnemo/data/dataset_springback_pair_Base_TC4_150/springback_pair_Base_TC4_sample_0013_055deg.npz,13,55.0,val,Base_TC4,14750,OK,
/data/run01/scxk573/lsz/ysy/physicsnemo/data/dataset_springback_pair_Base_TC4_150/springback_pair_Base_TC4_sample_0013_060deg.npz,13,60.0,val,Base_TC4,14750,OK,
/data/run01/scxk573/lsz/ysy/physicsnemo/data/dataset_springback_pair_Base_TC4_150/springback_pair_Base_TC4_sample_0013_065deg.npz,13,65.0,val,Base_TC4,14750,OK,
/data/run01/scxk573/lsz/ysy/physicsnemo/data/dataset_springback_pair_Base_TC4_150/springback_pair_Base_TC4_sample_0013_070deg.npz,13,70.0,val,Base_TC4,14750,OK,
/data/run01/scxk573/lsz/ysy/physicsnemo/data/dataset_springback_pair_Base_TC4_150/springback_pair_Base_TC4_sample_0013_075deg.npz,13,75.0,val,Base_TC4,14750,OK,
/data/run01/scxk573/lsz/ysy/physicsnemo/data/dataset_springback_pair_Base_TC4_150/springback_pair_Base_TC4_sample_0013_080deg.npz,13,80.0,val,Base_TC4,14750,OK,
/data/run01/scxk573/lsz/ysy/physicsnemo/data/dataset_springback_pair_Base_TC4_150/springback_pair_Base_TC4_sample_0013_085deg.npz,13,85.0,val,Base_TC4,14750,OK,
/data/run01/scxk573/lsz/ysy/physicsnemo/data/dataset_springback_pair_Base_TC4_150/springback_pair_Base_TC4_sample_0013_090deg.npz,13,90.0,val,Base_TC4,14750,OK,
/data/run01/scxk573/lsz/ysy/physicsnemo/data/dataset_springback_pair_Base_TC4_150/springback_pair_Base_TC4_sample_0013_095deg.npz,13,95.0,val,Base_TC4,14750,OK,
/data/run01/scxk573/lsz/ysy/physicsnemo/data/dataset_springback_pair_Base_TC4_150/springback_pair_Base_TC4_sample_0013_100deg.npz,13,100.0,val,Base_TC4,14750,OK,
/data/run01/scxk573/lsz/ysy/physicsnemo/data/dataset_springback_pair_Base_TC4_150/springback_pair_Base_TC4_sample_0013_105deg.npz,13,105.0,val,Base_TC4,14750,OK,
/data/run01/scxk573/lsz/ysy/physicsnemo/data/dataset_springback_pair_Base_TC4_150/springback_pair_Base_TC4_sample_0013_110deg.npz,13,110.0,val,Base_TC4,14750,OK,
/data/run01/scxk573/lsz/ysy/physicsnemo/data/dataset_springback_pair_Base_TC4_150/springback_pair_Base_TC4_sample_0013_115deg.npz,13,115.0,val,Base_TC4,14750,OK,
/data/run01/scxk573/lsz/ysy/physicsnemo/data/dataset_springback_pair_Base_TC4_150/springback_pair_Base_TC4_sample_0013_120deg.npz,13,120.0,val,Base_TC4,14750,OK,
/data/run01/scxk573/lsz/ysy/physicsnemo/data/dataset_springback_pair_Base_TC4_150/springback_pair_Base_TC4_sample_0013_125deg.npz,13,125.0,val,Base_TC4,14750,OK,
/data/run01/scxk573/lsz/ysy/physicsnemo/data/dataset_springback_pair_Base_TC4_150/springback_pair_Base_TC4_sample_0013_130deg.npz,13,130.0,val,Base_TC4,14750,OK,
/data/run01/scxk573/lsz/ysy/physicsnemo/data/dataset_springback_pair_Base_TC4_150/springback_pair_Base_TC4_sample_0013_135deg.npz,13,135.0,val,Base_TC4,14750,OK,
/data/run01/scxk573/lsz/ysy/physicsnemo/data/dataset_springback_pair_Base_TC4_150/springback_pair_Base_TC4_sample_0013_140deg.npz,13,140.0,val,Base_TC4,14750,OK,
/data/run01/scxk573/lsz/ysy/physicsnemo/data/dataset_springback_pair_Base_TC4_150/springback_pair_Base_TC4_sample_0013_145deg.npz,13,145.0,val,Base_TC4,14750,OK,
/data/run01/scxk573/lsz/ysy/physicsnemo/data/dataset_springback_pair_Base_TC4_150/springback_pair_Base_TC4_sample_0013_150deg.npz,13,150.0,val,Base_TC4,14750,OK,
/data/run01/scxk573/lsz/ysy/physicsnemo/data/dataset_springback_pair_Base_TC4_150/springback_pair_Base_TC4_sample_0013_155deg.npz,13,155.0,val,Base_TC4,14750,OK,
/data/run01/scxk573/lsz/ysy/physicsnemo/data/dataset_springback_pair_Base_TC4_150/springback_pair_Base_TC4_sample_0013_160deg.npz,13,160.0,val,Base_TC4,14750,OK,
/data/run01/scxk573/lsz/ysy/physicsnemo/data/dataset_springback_pair_Base_TC4_150/springback_pair_Base_TC4_sample_0013_165deg.npz,13,165.0,val,Base_TC4,14750,OK,
/data/run01/scxk573/lsz/ysy/physicsnemo/data/dataset_springback_pair_Base_TC4_150/springback_pair_Base_TC4_sample_0013_170deg.npz,13,170.0,val,Base_TC4,14750,OK,
/data/run01/scxk573/lsz/ysy/physicsnemo/data/dataset_springback_pair_Base_TC4_150/springback_pair_Base_TC4_sample_0013_175deg.npz,13,175.0,val,Base_TC4,14750,OK,
/data/run01/scxk573/lsz/ysy/physicsnemo/data/dataset_springback_pair_Base_TC4_150/springback_pair_Base_TC4_sample_0013_180deg.npz,13,180.0,val,Base_TC4,14750,OK,
/data/run01/scxk573/lsz/ysy/physicsnemo/data/dataset_springback_pair_Base_TC4_150/springback_pair_Base_TC4_sample_0014_005deg.npz,14,5.0,train,Base_TC4,5859,OK,
/data/run01/scxk573/lsz/ysy/physicsnemo/data/dataset_springback_pair_Base_TC4_150/springback_pair_Base_TC4_sample_0014_010deg.npz,14,10.0,train,Base_TC4,5859,OK,
/data/run01/scxk573/lsz/ysy/physicsnemo/data/dataset_springback_pair_Base_TC4_150/springback_pair_Base_TC4_sample_0014_015deg.npz,14,15.0,train,Base_TC4,5859,OK,
/data/run01/scxk573/lsz/ysy/physicsnemo/data/dataset_springback_pair_Base_TC4_150/springback_pair_Base_TC4_sample_0014_020deg.npz,14,20.0,train,Base_TC4,5859,OK,
/data/run01/scxk573/lsz/ysy/physicsnemo/data/dataset_springback_pair_Base_TC4_150/springback_pair_Base_TC4_sample_0014_025deg.npz,14,25.0,train,Base_TC4,5859,OK,
/data/run01/scxk573/lsz/ysy/physicsnemo/data/dataset_springback_pair_Base_TC4_150/springback_pair_Base_TC4_sample_0014_030deg.npz,14,30.0,train,Base_TC4,5859,OK,
/data/run01/scxk573/lsz/ysy/physicsnemo/data/dataset_springback_pair_Base_TC4_150/springback_pair_Base_TC4_sample_0014_035deg.npz,14,35.0,train,Base_TC4,5859,OK,
/data/run01/scxk573/lsz/ysy/physicsnemo/data/dataset_springback_pair_Base_TC4_150/springback_pair_Base_TC4_sample_0014_040deg.npz,14,40.0,train,Base_TC4,5859,OK,
/data/run01/scxk573/lsz/ysy/physicsnemo/data/dataset_springback_pair_Base_TC4_150/springback_pair_Base_TC4_sample_0014_045deg.npz,14,45.0,train,Base_TC4,5859,OK,
/data/run01/scxk573/lsz/ysy/physicsnemo/data/dataset_springback_pair_Base_TC4_150/springback_pair_Base_TC4_sample_0014_050deg.npz,14,50.0,train,Base_TC4,5859,OK,
/data/run01/scxk573/lsz/ysy/physicsnemo/data/dataset_springback_pair_Base_TC4_150/springback_pair_Base_TC4_sample_0014_055deg.npz,14,55.0,train,Base_TC4,5859,OK,
/data/run01/scxk573/lsz/ysy/physicsnemo/data/dataset_springback_pair_Base_TC4_150/springback_pair_Base_TC4_sample_0014_060deg.npz,14,60.0,train,Base_TC4,5859,OK,
/data/run01/scxk573/lsz/ysy/physicsnemo/data/dataset_springback_pair_Base_TC4_150/springback_pair_Base_TC4_sample_0014_065deg.npz,14,65.0,train,Base_TC4,5859,OK,
/data/run01/scxk573/lsz/ysy/physicsnemo/data/dataset_springback_pair_Base_TC4_150/springback_pair_Base_TC4_sample_0014_070deg.npz,14,70.0,train,Base_TC4,5859,OK,
/data/run01/scxk573/lsz/ysy/physicsnemo/data/dataset_springback_pair_Base_TC4_150/springback_pair_Base_TC4_sample_0014_075deg.npz,14,75.0,train,Base_TC4,5859,OK,
/data/run01/scxk573/lsz/ysy/physicsnemo/data/dataset_springback_pair_Base_TC4_150/springback_pair_Base_TC4_sample_0014_080deg.npz,14,80.0,train,Base_TC4,5859,OK,
/data/run01/scxk573/lsz/ysy/physicsnemo/data/dataset_springback_pair_Base_TC4_150/springback_pair_Base_TC4_sample_0014_085deg.npz,14,85.0,train,Base_TC4,5859,OK,
/data/run01/scxk573/lsz/ysy/physicsnemo/data/dataset_springback_pair_Base_TC4_150/springback_pair_Base_TC4_sample_0014_090deg.npz,14,90.0,train,Base_TC4,5859,OK,
/data/run01/scxk573/lsz/ysy/physicsnemo/data/dataset_springback_pair_Base_TC4_150/springback_pair_Base_TC4_sample_0014_095deg.npz,14,95.0,train,Base_TC4,5859,OK,
/data/run01/scxk573/lsz/ysy/physicsnemo/data/dataset_springback_pair_Base_TC4_150/springback_pair_Base_TC4_sample_0014_100deg.npz,14,100.0,train,Base_TC4,5859,OK,
/data/run01/scxk573/lsz/ysy/physicsnemo/data/dataset_springback_pair_Base_TC4_150/springback_pair_Base_TC4_sample_0014_105deg.npz,14,105.0,train,Base_TC4,5859,OK,
/data/run01/scxk573/lsz/ysy/physicsnemo/data/dataset_springback_pair_Base_TC4_150/springback_pair_Base_TC4_sample_0014_110deg.npz,14,110.0,train,Base_TC4,5859,OK,
/data/run01/scxk573/lsz/ysy/physicsnemo/data/dataset_springback_pair_Base_TC4_150/springback_pair_Base_TC4_sample_0014_115deg.npz,14,115.0,train,Base_TC4,5859,OK,
/data/run01/scxk573/lsz/ysy/physicsnemo/data/dataset_springback_pair_Base_TC4_150/springback_pair_Base_TC4_sample_0014_120deg.npz,14,120.0,train,Base_TC4,5859,OK,
/data/run01/scxk573/lsz/ysy/physicsnemo/data/dataset_springback_pair_Base_TC4_150/springback_pair_Base_TC4_sample_0014_125deg.npz,14,125.0,train,Base_TC4,5859,OK,
/data/run01/scxk573/lsz/ysy/physicsnemo/data/dataset_springback_pair_Base_TC4_150/springback_pair_Base_TC4_sample_0014_130deg.npz,14,130.0,train,Base_TC4,5859,OK,
/data/run01/scxk573/lsz/ysy/physicsnemo/data/dataset_springback_pair_Base_TC4_150/springback_pair_Base_TC4_sample_0014_135deg.npz,14,135.0,train,Base_TC4,5859,OK,
/data/run01/scxk573/lsz/ysy/physicsnemo/data/dataset_springback_pair_Base_TC4_150/springback_pair_Base_TC4_sample_0014_140deg.npz,14,140.0,train,Base_TC4,5859,OK,
/data/run01/scxk573/lsz/ysy/physicsnemo/data/dataset_springback_pair_Base_TC4_150/springback_pair_Base_TC4_sample_0014_145deg.npz,14,145.0,train,Base_TC4,5859,OK,
/data/run01/scxk573/lsz/ysy/physicsnemo/data/dataset_springback_pair_Base_TC4_150/springback_pair_Base_TC4_sample_0014_150deg.npz,14,150.0,train,Base_TC4,5859,OK,
/data/run01/scxk573/lsz/ysy/physicsnemo/data/dataset_springback_pair_Base_TC4_150/springback_pair_Base_TC4_sample_0014_155deg.npz,14,155.0,train,Base_TC4,5859,OK,
/data/run01/scxk573/lsz/ysy/physicsnemo/data/dataset_springback_pair_Base_TC4_150/springback_pair_Base_TC4_sample_0014_160deg.npz,14,160.0,train,Base_TC4,5859,OK,
/data/run01/scxk573/lsz/ysy/physicsnemo/data/dataset_springback_pair_Base_TC4_150/springback_pair_Base_TC4_sample_0014_165deg.npz,14,165.0,train,Base_TC4,5859,OK,
/data/run01/scxk573/lsz/ysy/physicsnemo/data/dataset_springback_pair_Base_TC4_150/springback_pair_Base_TC4_sample_0014_170deg.npz,14,170.0,train,Base_TC4,5859,OK,
/data/run01/scxk573/lsz/ysy/physicsnemo/data/dataset_springback_pair_Base_TC4_150/springback_pair_Base_TC4_sample_0014_175deg.npz,14,175.0,train,Base_TC4,5859,OK,
/data/run01/scxk573/lsz/ysy/physicsnemo/data/dataset_springback_pair_Base_TC4_150/springback_pair_Base_TC4_sample_0014_180deg.npz,14,180.0,train,Base_TC4,5859,OK,
/data/run01/scxk573/lsz/ysy/physicsnemo/data/dataset_springback_pair_Base_TC4_150/springback_pair_Base_TC4_sample_0015_005deg.npz,15,5.0,train,Base_TC4,15435,OK,
/data/run01/scxk573/lsz/ysy/physicsnemo/data/dataset_springback_pair_Base_TC4_150/springback_pair_Base_TC4_sample_0015_010deg.npz,15,10.0,train,Base_TC4,15435,OK,
/data/run01/scxk573/lsz/ysy/physicsnemo/data/dataset_springback_pair_Base_TC4_150/springback_pair_Base_TC4_sample_0015_015deg.npz,15,15.0,train,Base_TC4,15435,OK,
/data/run01/scxk573/lsz/ysy/physicsnemo/data/dataset_springback_pair_Base_TC4_150/springback_pair_Base_TC4_sample_0015_020deg.npz,15,20.0,train,Base_TC4,15435,OK,
/data/run01/scxk573/lsz/ysy/physicsnemo/data/dataset_springback_pair_Base_TC4_150/springback_pair_Base_TC4_sample_0015_025deg.npz,15,25.0,train,Base_TC4,15435,OK,
/data/run01/scxk573/lsz/ysy/physicsnemo/data/dataset_springback_pair_Base_TC4_150/springback_pair_Base_TC4_sample_0015_030deg.npz,15,30.0,train,Base_TC4,15435,OK,
/data/run01/scxk573/lsz/ysy/physicsnemo/data/dataset_springback_pair_Base_TC4_150/springback_pair_Base_TC4_sample_0015_035deg.npz,15,35.0,train,Base_TC4,15435,OK,
/data/run01/scxk573/lsz/ysy/physicsnemo/data/dataset_springback_pair_Base_TC4_150/springback_pair_Base_TC4_sample_0015_040deg.npz,15,40.0,train,Base_TC4,15435,OK,
/data/run01/scxk573/lsz/ysy/physicsnemo/data/dataset_springback_pair_Base_TC4_150/springback_pair_Base_TC4_sample_0015_045deg.npz,15,45.0,train,Base_TC4,15435,OK,
/data/run01/scxk573/lsz/ysy/physicsnemo/data/dataset_springback_pair_Base_TC4_150/springback_pair_Base_TC4_sample_0015_050deg.npz,15,50.0,train,Base_TC4,15435,OK,
/data/run01/scxk573/lsz/ysy/physicsnemo/data/dataset_springback_pair_Base_TC4_150/springback_pair_Base_TC4_sample_0015_055deg.npz,15,55.0,train,Base_TC4,15435,OK,
/data/run01/scxk573/lsz/ysy/physicsnemo/data/dataset_springback_pair_Base_TC4_150/springback_pair_Base_TC4_sample_0015_060deg.npz,15,60.0,train,Base_TC4,15435,OK,
/data/run01/scxk573/lsz/ysy/physicsnemo/data/dataset_springback_pair_Base_TC4_150/springback_pair_Base_TC4_sample_0015_065deg.npz,15,65.0,train,Base_TC4,15435,OK,
/data/run01/scxk573/lsz/ysy/physicsnemo/data/dataset_springback_pair_Base_TC4_150/springback_pair_Base_TC4_sample_0015_070deg.npz,15,70.0,train,Base_TC4,15435,OK,
/data/run01/scxk573/lsz/ysy/physicsnemo/data/dataset_springback_pair_Base_TC4_150/springback_pair_Base_TC4_sample_0015_075deg.npz,15,75.0,train,Base_TC4,15435,OK,
/data/run01/scxk573/lsz/ysy/physicsnemo/data/dataset_springback_pair_Base_TC4_150/springback_pair_Base_TC4_sample_0015_080deg.npz,15,80.0,train,Base_TC4,15435,OK,
/data/run01/scxk573/lsz/ysy/physicsnemo/data/dataset_springback_pair_Base_TC4_150/springback_pair_Base_TC4_sample_0015_085deg.npz,15,85.0,train,Base_TC4,15435,OK,
/data/run01/scxk573/lsz/ysy/physicsnemo/data/dataset_springback_pair_Base_TC4_150/springback_pair_Base_TC4_sample_0015_090deg.npz,15,90.0,train,Base_TC4,15435,OK,
/data/run01/scxk573/lsz/ysy/physicsnemo/data/dataset_springback_pair_Base_TC4_150/springback_pair_Base_TC4_sample_0015_095deg.npz,15,95.0,train,Base_TC4,15435,OK,
/data/run01/scxk573/lsz/ysy/physicsnemo/data/dataset_springback_pair_Base_TC4_150/springback_pair_Base_TC4_sample_0015_100deg.npz,15,100.0,train,Base_TC4,15435,OK,
/data/run01/scxk573/lsz/ysy/physicsnemo/data/dataset_springback_pair_Base_TC4_150/springback_pair_Base_TC4_sample_0015_105deg.npz,15,105.0,train,Base_TC4,15435,OK,
/data/run01/scxk573/lsz/ysy/physicsnemo/data/dataset_springback_pair_Base_TC4_150/springback_pair_Base_TC4_sample_0015_110deg.npz,15,110.0,train,Base_TC4,15435,OK,
/data/run01/scxk573/lsz/ysy/physicsnemo/data/dataset_springback_pair_Base_TC4_150/springback_pair_Base_TC4_sample_0015_115deg.npz,15,115.0,train,Base_TC4,15435,OK,
/data/run01/scxk573/lsz/ysy/physicsnemo/data/dataset_springback_pair_Base_TC4_150/springback_pair_Base_TC4_sample_0015_120deg.npz,15,120.0,train,Base_TC4,15435,OK,
/data/run01/scxk573/lsz/ysy/physicsnemo/data/dataset_springback_pair_Base_TC4_150/springback_pair_Base_TC4_sample_0015_125deg.npz,15,125.0,train,Base_TC4,15435,OK,
/data/run01/scxk573/lsz/ysy/physicsnemo/data/dataset_springback_pair_Base_TC4_150/springback_pair_Base_TC4_sample_0015_130deg.npz,15,130.0,train,Base_TC4,15435,OK,
/data/run01/scxk573/lsz/ysy/physicsnemo/data/dataset_springback_pair_Base_TC4_150/springback_pair_Base_TC4_sample_0015_135deg.npz,15,135.0,train,Base_TC4,15435,OK,
/data/run01/scxk573/lsz/ysy/physicsnemo/data/dataset_springback_pair_Base_TC4_150/springback_pair_Base_TC4_sample_0015_140deg.npz,15,140.0,train,Base_TC4,15435,OK,
/data/run01/scxk573/lsz/ysy/physicsnemo/data/dataset_springback_pair_Base_TC4_150/springback_pair_Base_TC4_sample_0015_145deg.npz,15,145.0,train,Base_TC4,15435,OK,
/data/run01/scxk573/lsz/ysy/physicsnemo/data/dataset_springback_pair_Base_TC4_150/springback_pair_Base_TC4_sample_0015_150deg.npz,15,150.0,train,Base_TC4,15435,OK,
/data/run01/scxk573/lsz/ysy/physicsnemo/data/dataset_springback_pair_Base_TC4_150/springback_pair_Base_TC4_sample_0015_155deg.npz,15,155.0,train,Base_TC4,15435,OK,
/data/run01/scxk573/lsz/ysy/physicsnemo/data/dataset_springback_pair_Base_TC4_150/springback_pair_Base_TC4_sample_0015_160deg.npz,15,160.0,train,Base_TC4,15435,OK,
/data/run01/scxk573/lsz/ysy/physicsnemo/data/dataset_springback_pair_Base_TC4_150/springback_pair_Base_TC4_sample_0015_165deg.npz,15,165.0,train,Base_TC4,15435,OK,
/data/run01/scxk573/lsz/ysy/physicsnemo/data/dataset_springback_pair_Base_TC4_150/springback_pair_Base_TC4_sample_0015_170deg.npz,15,170.0,train,Base_TC4,15435,OK,
/data/run01/scxk573/lsz/ysy/physicsnemo/data/dataset_springback_pair_Base_TC4_150/springback_pair_Base_TC4_sample_0015_175deg.npz,15,175.0,train,Base_TC4,15435,OK,
/data/run01/scxk573/lsz/ysy/physicsnemo/data/dataset_springback_pair_Base_TC4_150/springback_pair_Base_TC4_sample_0015_180deg.npz,15,180.0,train,Base_TC4,15435,OK,
/data/run01/scxk573/lsz/ysy/physicsnemo/data/dataset_springback_pair_Base_TC4_150/springback_pair_Base_TC4_sample_0016_005deg.npz,16,5.0,test,Base_TC4,2940,OK,
/data/run01/scxk573/lsz/ysy/physicsnemo/data/dataset_springback_pair_Base_TC4_150/springback_pair_Base_TC4_sample_0016_010deg.npz,16,10.0,test,Base_TC4,2940,OK,
/data/run01/scxk573/lsz/ysy/physicsnemo/data/dataset_springback_pair_Base_TC4_150/springback_pair_Base_TC4_sample_0016_015deg.npz,16,15.0,test,Base_TC4,2940,OK,
/data/run01/scxk573/lsz/ysy/physicsnemo/data/dataset_springback_pair_Base_TC4_150/springback_pair_Base_TC4_sample_0016_020deg.npz,16,20.0,test,Base_TC4,2940,OK,
/data/run01/scxk573/lsz/ysy/physicsnemo/data/dataset_springback_pair_Base_TC4_150/springback_pair_Base_TC4_sample_0016_025deg.npz,16,25.0,test,Base_TC4,2940,OK,
/data/run01/scxk573/lsz/ysy/physicsnemo/data/dataset_springback_pair_Base_TC4_150/springback_pair_Base_TC4_sample_0016_030deg.npz,16,30.0,test,Base_TC4,2940,OK,
/data/run01/scxk573/lsz/ysy/physicsnemo/data/dataset_springback_pair_Base_TC4_150/springback_pair_Base_TC4_sample_0016_035deg.npz,16,35.0,test,Base_TC4,2940,OK,
/data/run01/scxk573/lsz/ysy/physicsnemo/data/dataset_springback_pair_Base_TC4_150/springback_pair_Base_TC4_sample_0016_040deg.npz,16,40.0,test,Base_TC4,2940,OK,
/data/run01/scxk573/lsz/ysy/physicsnemo/data/dataset_springback_pair_Base_TC4_150/springback_pair_Base_TC4_sample_0016_045deg.npz,16,45.0,test,Base_TC4,2940,OK,
/data/run01/scxk573/lsz/ysy/physicsnemo/data/dataset_springback_pair_Base_TC4_150/springback_pair_Base_TC4_sample_0016_050deg.npz,16,50.0,test,Base_TC4,2940,OK,
/data/run01/scxk573/lsz/ysy/physicsnemo/data/dataset_springback_pair_Base_TC4_150/springback_pair_Base_TC4_sample_0016_055deg.npz,16,55.0,test,Base_TC4,2940,OK,
/data/run01/scxk573/lsz/ysy/physicsnemo/data/dataset_springback_pair_Base_TC4_150/springback_pair_Base_TC4_sample_0016_060deg.npz,16,60.0,test,Base_TC4,2940,OK,
/data/run01/scxk573/lsz/ysy/physicsnemo/data/dataset_springback_pair_Base_TC4_150/springback_pair_Base_TC4_sample_0016_065deg.npz,16,65.0,test,Base_TC4,2940,OK,
/data/run01/scxk573/lsz/ysy/physicsnemo/data/dataset_springback_pair_Base_TC4_150/springback_pair_Base_TC4_sample_0016_070deg.npz,16,70.0,test,Base_TC4,2940,OK,
/data/run01/scxk573/lsz/ysy/physicsnemo/data/dataset_springback_pair_Base_TC4_150/springback_pair_Base_TC4_sample_0016_075deg.npz,16,75.0,test,Base_TC4,2940,OK,
/data/run01/scxk573/lsz/ysy/physicsnemo/data/dataset_springback_pair_Base_TC4_150/springback_pair_Base_TC4_sample_0016_080deg.npz,16,80.0,test,Base_TC4,2940,OK,
/data/run01/scxk573/lsz/ysy/physicsnemo/data/dataset_springback_pair_Base_TC4_150/springback_pair_Base_TC4_sample_0016_085deg.npz,16,85.0,test,Base_TC4,2940,OK,
/data/run01/scxk573/lsz/ysy/physicsnemo/data/dataset_springback_pair_Base_TC4_150/springback_pair_Base_TC4_sample_0016_090deg.npz,16,90.0,test,Base_TC4,2940,OK,
/data/run01/scxk573/lsz/ysy/physicsnemo/data/dataset_springback_pair_Base_TC4_150/springback_pair_Base_TC4_sample_0016_095deg.npz,16,95.0,test,Base_TC4,2940,OK,
/data/run01/scxk573/lsz/ysy/physicsnemo/data/dataset_springback_pair_Base_TC4_150/springback_pair_Base_TC4_sample_0016_100deg.npz,16,100.0,test,Base_TC4,2940,OK,
/data/run01/scxk573/lsz/ysy/physicsnemo/data/dataset_springback_pair_Base_TC4_150/springback_pair_Base_TC4_sample_0016_105deg.npz,16,105.0,test,Base_TC4,2940,OK,
/data/run01/scxk573/lsz/ysy/physicsnemo/data/dataset_springback_pair_Base_TC4_150/springback_pair_Base_TC4_sample_0016_110deg.npz,16,110.0,test,Base_TC4,2940,OK,
/data/run01/scxk573/lsz/ysy/physicsnemo/data/dataset_springback_pair_Base_TC4_150/springback_pair_Base_TC4_sample_0016_115deg.npz,16,115.0,test,Base_TC4,2940,OK,
/data/run01/scxk573/lsz/ysy/physicsnemo/data/dataset_springback_pair_Base_TC4_150/springback_pair_Base_TC4_sample_0016_120deg.npz,16,120.0,test,Base_TC4,2940,OK,
/data/run01/scxk573/lsz/ysy/physicsnemo/data/dataset_springback_pair_Base_TC4_150/springback_pair_Base_TC4_sample_0016_125deg.npz,16,125.0,test,Base_TC4,2940,OK,
/data/run01/scxk573/lsz/ysy/physicsnemo/data/dataset_springback_pair_Base_TC4_150/springback_pair_Base_TC4_sample_0016_130deg.npz,16,130.0,test,Base_TC4,2940,OK,
/data/run01/scxk573/lsz/ysy/physicsnemo/data/dataset_springback_pair_Base_TC4_150/springback_pair_Base_TC4_sample_0016_135deg.npz,16,135.0,test,Base_TC4,2940,OK,
/data/run01/scxk573/lsz/ysy/physicsnemo/data/dataset_springback_pair_Base_TC4_150/springback_pair_Base_TC4_sample_0016_140deg.npz,16,140.0,test,Base_TC4,2940,OK,
/data/run01/scxk573/lsz/ysy/physicsnemo/data/dataset_springback_pair_Base_TC4_150/springback_pair_Base_TC4_sample_0016_145deg.npz,16,145.0,test,Base_TC4,2940,OK,
/data/run01/scxk573/lsz/ysy/physicsnemo/data/dataset_springback_pair_Base_TC4_150/springback_pair_Base_TC4_sample_0016_150deg.npz,16,150.0,test,Base_TC4,2940,OK,
/data/run01/scxk573/lsz/ysy/physicsnemo/data/dataset_springback_pair_Base_TC4_150/springback_pair_Base_TC4_sample_0016_155deg.npz,16,155.0,test,Base_TC4,2940,OK,
/data/run01/scxk573/lsz/ysy/physicsnemo/data/dataset_springback_pair_Base_TC4_150/springback_pair_Base_TC4_sample_0016_160deg.npz,16,160.0,test,Base_TC4,2940,OK,
/data/run01/scxk573/lsz/ysy/physicsnemo/data/dataset_springback_pair_Base_TC4_150/springback_pair_Base_TC4_sample_0016_165deg.npz,16,165.0,test,Base_TC4,2940,OK,
/data/run01/scxk573/lsz/ysy/physicsnemo/data/dataset_springback_pair_Base_TC4_150/springback_pair_Base_TC4_sample_0016_170deg.npz,16,170.0,test,Base_TC4,2940,OK,
/data/run01/scxk573/lsz/ysy/physicsnemo/data/dataset_springback_pair_Base_TC4_150/springback_pair_Base_TC4_sample_0016_175deg.npz,16,175.0,test,Base_TC4,2940,OK,
/data/run01/scxk573/lsz/ysy/physicsnemo/data/dataset_springback_pair_Base_TC4_150/springback_pair_Base_TC4_sample_0016_180deg.npz,16,180.0,test,Base_TC4,2940,OK,
/data/run01/scxk573/lsz/ysy/physicsnemo/data/dataset_springback_pair_Base_TC4_150/springback_pair_Base_TC4_sample_0017_005deg.npz,17,5.0,train,Base_TC4,3696,OK,
/data/run01/scxk573/lsz/ysy/physicsnemo/data/dataset_springback_pair_Base_TC4_150/springback_pair_Base_TC4_sample_0017_010deg.npz,17,10.0,train,Base_TC4,3696,OK,
/data/run01/scxk573/lsz/ysy/physicsnemo/data/dataset_springback_pair_Base_TC4_150/springback_pair_Base_TC4_sample_0017_015deg.npz,17,15.0,train,Base_TC4,3696,OK,
/data/run01/scxk573/lsz/ysy/physicsnemo/data/dataset_springback_pair_Base_TC4_150/springback_pair_Base_TC4_sample_0017_020deg.npz,17,20.0,train,Base_TC4,3696,OK,
/data/run01/scxk573/lsz/ysy/physicsnemo/data/dataset_springback_pair_Base_TC4_150/springback_pair_Base_TC4_sample_0017_025deg.npz,17,25.0,train,Base_TC4,3696,OK,
/data/run01/scxk573/lsz/ysy/physicsnemo/data/dataset_springback_pair_Base_TC4_150/springback_pair_Base_TC4_sample_0017_030deg.npz,17,30.0,train,Base_TC4,3696,OK,
/data/run01/scxk573/lsz/ysy/physicsnemo/data/dataset_springback_pair_Base_TC4_150/springback_pair_Base_TC4_sample_0017_035deg.npz,17,35.0,train,Base_TC4,3696,OK,
/data/run01/scxk573/lsz/ysy/physicsnemo/data/dataset_springback_pair_Base_TC4_150/springback_pair_Base_TC4_sample_0017_040deg.npz,17,40.0,train,Base_TC4,3696,OK,
/data/run01/scxk573/lsz/ysy/physicsnemo/data/dataset_springback_pair_Base_TC4_150/springback_pair_Base_TC4_sample_0017_045deg.npz,17,45.0,train,Base_TC4,3696,OK,
/data/run01/scxk573/lsz/ysy/physicsnemo/data/dataset_springback_pair_Base_TC4_150/springback_pair_Base_TC4_sample_0017_050deg.npz,17,50.0,train,Base_TC4,3696,OK,
/data/run01/scxk573/lsz/ysy/physicsnemo/data/dataset_springback_pair_Base_TC4_150/springback_pair_Base_TC4_sample_0017_055deg.npz,17,55.0,train,Base_TC4,3696,OK,
/data/run01/scxk573/lsz/ysy/physicsnemo/data/dataset_springback_pair_Base_TC4_150/springback_pair_Base_TC4_sample_0017_060deg.npz,17,60.0,train,Base_TC4,3696,OK,
/data/run01/scxk573/lsz/ysy/physicsnemo/data/dataset_springback_pair_Base_TC4_150/springback_pair_Base_TC4_sample_0017_065deg.npz,17,65.0,train,Base_TC4,3696,OK,
/data/run01/scxk573/lsz/ysy/physicsnemo/data/dataset_springback_pair_Base_TC4_150/springback_pair_Base_TC4_sample_0017_070deg.npz,17,70.0,train,Base_TC4,3696,OK,
/data/run01/scxk573/lsz/ysy/physicsnemo/data/dataset_springback_pair_Base_TC4_150/springback_pair_Base_TC4_sample_0017_075deg.npz,17,75.0,train,Base_TC4,3696,OK,
/data/run01/scxk573/lsz/ysy/physicsnemo/data/dataset_springback_pair_Base_TC4_150/springback_pair_Base_TC4_sample_0017_080deg.npz,17,80.0,train,Base_TC4,3696,OK,
/data/run01/scxk573/lsz/ysy/physicsnemo/data/dataset_springback_pair_Base_TC4_150/springback_pair_Base_TC4_sample_0017_085deg.npz,17,85.0,train,Base_TC4,3696,OK,
/data/run01/scxk573/lsz/ysy/physicsnemo/data/dataset_springback_pair_Base_TC4_150/springback_pair_Base_TC4_sample_0017_090deg.npz,17,90.0,train,Base_TC4,3696,OK,
/data/run01/scxk573/lsz/ysy/physicsnemo/data/dataset_springback_pair_Base_TC4_150/springback_pair_Base_TC4_sample_0017_095deg.npz,17,95.0,train,Base_TC4,3696,OK,
/data/run01/scxk573/lsz/ysy/physicsnemo/data/dataset_springback_pair_Base_TC4_150/springback_pair_Base_TC4_sample_0017_100deg.npz,17,100.0,train,Base_TC4,3696,OK,
/data/run01/scxk573/lsz/ysy/physicsnemo/data/dataset_springback_pair_Base_TC4_150/springback_pair_Base_TC4_sample_0017_105deg.npz,17,105.0,train,Base_TC4,3696,OK,
/data/run01/scxk573/lsz/ysy/physicsnemo/data/dataset_springback_pair_Base_TC4_150/springback_pair_Base_TC4_sample_0017_110deg.npz,17,110.0,train,Base_TC4,3696,OK,
/data/run01/scxk573/lsz/ysy/physicsnemo/data/dataset_springback_pair_Base_TC4_150/springback_pair_Base_TC4_sample_0017_115deg.npz,17,115.0,train,Base_TC4,3696,OK,
/data/run01/scxk573/lsz/ysy/physicsnemo/data/dataset_springback_pair_Base_TC4_150/springback_pair_Base_TC4_sample_0017_120deg.npz,17,120.0,train,Base_TC4,3696,OK,
/data/run01/scxk573/lsz/ysy/physicsnemo/data/dataset_springback_pair_Base_TC4_150/springback_pair_Base_TC4_sample_0017_125deg.npz,17,125.0,train,Base_TC4,3696,OK,
/data/run01/scxk573/lsz/ysy/physicsnemo/data/dataset_springback_pair_Base_TC4_150/springback_pair_Base_TC4_sample_0017_130deg.npz,17,130.0,train,Base_TC4,3696,OK,
/data/run01/scxk573/lsz/ysy/physicsnemo/data/dataset_springback_pair_Base_TC4_150/springback_pair_Base_TC4_sample_0017_135deg.npz,17,135.0,train,Base_TC4,3696,OK,
/data/run01/scxk573/lsz/ysy/physicsnemo/data/dataset_springback_pair_Base_TC4_150/springback_pair_Base_TC4_sample_0017_140deg.npz,17,140.0,train,Base_TC4,3696,OK,
/data/run01/scxk573/lsz/ysy/physicsnemo/data/dataset_springback_pair_Base_TC4_150/springback_pair_Base_TC4_sample_0017_145deg.npz,17,145.0,train,Base_TC4,3696,OK,
/data/run01/scxk573/lsz/ysy/physicsnemo/data/dataset_springback_pair_Base_TC4_150/springback_pair_Base_TC4_sample_0017_150deg.npz,17,150.0,train,Base_TC4,3696,OK,
/data/run01/scxk573/lsz/ysy/physicsnemo/data/dataset_springback_pair_Base_TC4_150/springback_pair_Base_TC4_sample_0017_155deg.npz,17,155.0,train,Base_TC4,3696,OK,
/data/run01/scxk573/lsz/ysy/physicsnemo/data/dataset_springback_pair_Base_TC4_150/springback_pair_Base_TC4_sample_0017_160deg.npz,17,160.0,train,Base_TC4,3696,OK,
/data/run01/scxk573/lsz/ysy/physicsnemo/data/dataset_springback_pair_Base_TC4_150/springback_pair_Base_TC4_sample_0017_165deg.npz,17,165.0,train,Base_TC4,3696,OK,
/data/run01/scxk573/lsz/ysy/physicsnemo/data/dataset_springback_pair_Base_TC4_150/springback_pair_Base_TC4_sample_0017_170deg.npz,17,170.0,train,Base_TC4,3696,OK,
/data/run01/scxk573/lsz/ysy/physicsnemo/data/dataset_springback_pair_Base_TC4_150/springback_pair_Base_TC4_sample_0017_175deg.npz,17,175.0,train,Base_TC4,3696,OK,
/data/run01/scxk573/lsz/ysy/physicsnemo/data/dataset_springback_pair_Base_TC4_150/springback_pair_Base_TC4_sample_0017_180deg.npz,17,180.0,train,Base_TC4,3696,OK,
/data/run01/scxk573/lsz/ysy/physicsnemo/data/dataset_springback_pair_Base_TC4_150/springback_pair_Base_TC4_sample_0018_005deg.npz,18,5.0,train,Base_TC4,16269,OK,
/data/run01/scxk573/lsz/ysy/physicsnemo/data/dataset_springback_pair_Base_TC4_150/springback_pair_Base_TC4_sample_0018_010deg.npz,18,10.0,train,Base_TC4,16269,OK,
/data/run01/scxk573/lsz/ysy/physicsnemo/data/dataset_springback_pair_Base_TC4_150/springback_pair_Base_TC4_sample_0018_015deg.npz,18,15.0,train,Base_TC4,16269,OK,
/data/run01/scxk573/lsz/ysy/physicsnemo/data/dataset_springback_pair_Base_TC4_150/springback_pair_Base_TC4_sample_0018_020deg.npz,18,20.0,train,Base_TC4,16269,OK,
/data/run01/scxk573/lsz/ysy/physicsnemo/data/dataset_springback_pair_Base_TC4_150/springback_pair_Base_TC4_sample_0018_025deg.npz,18,25.0,train,Base_TC4,16269,OK,
/data/run01/scxk573/lsz/ysy/physicsnemo/data/dataset_springback_pair_Base_TC4_150/springback_pair_Base_TC4_sample_0018_030deg.npz,18,30.0,train,Base_TC4,16269,OK,
/data/run01/scxk573/lsz/ysy/physicsnemo/data/dataset_springback_pair_Base_TC4_150/springback_pair_Base_TC4_sample_0018_035deg.npz,18,35.0,train,Base_TC4,16269,OK,
/data/run01/scxk573/lsz/ysy/physicsnemo/data/dataset_springback_pair_Base_TC4_150/springback_pair_Base_TC4_sample_0018_040deg.npz,18,40.0,train,Base_TC4,16269,OK,
/data/run01/scxk573/lsz/ysy/physicsnemo/data/dataset_springback_pair_Base_TC4_150/springback_pair_Base_TC4_sample_0018_045deg.npz,18,45.0,train,Base_TC4,16269,OK,
/data/run01/scxk573/lsz/ysy/physicsnemo/data/dataset_springback_pair_Base_TC4_150/springback_pair_Base_TC4_sample_0018_050deg.npz,18,50.0,train,Base_TC4,16269,OK,
/data/run01/scxk573/lsz/ysy/physicsnemo/data/dataset_springback_pair_Base_TC4_150/springback_pair_Base_TC4_sample_0018_055deg.npz,18,55.0,train,Base_TC4,16269,OK,
/data/run01/scxk573/lsz/ysy/physicsnemo/data/dataset_springback_pair_Base_TC4_150/springback_pair_Base_TC4_sample_0018_060deg.npz,18,60.0,train,Base_TC4,16269,OK,
/data/run01/scxk573/lsz/ysy/physicsnemo/data/dataset_springback_pair_Base_TC4_150/springback_pair_Base_TC4_sample_0018_065deg.npz,18,65.0,train,Base_TC4,16269,OK,
/data/run01/scxk573/lsz/ysy/physicsnemo/data/dataset_springback_pair_Base_TC4_150/springback_pair_Base_TC4_sample_0018_070deg.npz,18,70.0,train,Base_TC4,16269,OK,
/data/run01/scxk573/lsz/ysy/physicsnemo/data/dataset_springback_pair_Base_TC4_150/springback_pair_Base_TC4_sample_0018_075deg.npz,18,75.0,train,Base_TC4,16269,OK,
/data/run01/scxk573/lsz/ysy/physicsnemo/data/dataset_springback_pair_Base_TC4_150/springback_pair_Base_TC4_sample_0018_080deg.npz,18,80.0,train,Base_TC4,16269,OK,
/data/run01/scxk573/lsz/ysy/physicsnemo/data/dataset_springback_pair_Base_TC4_150/springback_pair_Base_TC4_sample_0018_085deg.npz,18,85.0,train,Base_TC4,16269,OK,
/data/run01/scxk573/lsz/ysy/physicsnemo/data/dataset_springback_pair_Base_TC4_150/springback_pair_Base_TC4_sample_0018_090deg.npz,18,90.0,train,Base_TC4,16269,OK,
/data/run01/scxk573/lsz/ysy/physicsnemo/data/dataset_springback_pair_Base_TC4_150/springback_pair_Base_TC4_sample_0018_095deg.npz,18,95.0,train,Base_TC4,16269,OK,
/data/run01/scxk573/lsz/ysy/physicsnemo/data/dataset_springback_pair_Base_TC4_150/springback_pair_Base_TC4_sample_0018_100deg.npz,18,100.0,train,Base_TC4,16269,OK,
/data/run01/scxk573/lsz/ysy/physicsnemo/data/dataset_springback_pair_Base_TC4_150/springback_pair_Base_TC4_sample_0018_105deg.npz,18,105.0,train,Base_TC4,16269,OK,
/data/run01/scxk573/lsz/ysy/physicsnemo/data/dataset_springback_pair_Base_TC4_150/springback_pair_Base_TC4_sample_0018_110deg.npz,18,110.0,train,Base_TC4,16269,OK,
/data/run01/scxk573/lsz/ysy/physicsnemo/data/dataset_springback_pair_Base_TC4_150/springback_pair_Base_TC4_sample_0018_115deg.npz,18,115.0,train,Base_TC4,16269,OK,
/data/run01/scxk573/lsz/ysy/physicsnemo/data/dataset_springback_pair_Base_TC4_150/springback_pair_Base_TC4_sample_0018_120deg.npz,18,120.0,train,Base_TC4,16269,OK,
/data/run01/scxk573/lsz/ysy/physicsnemo/data/dataset_springback_pair_Base_TC4_150/springback_pair_Base_TC4_sample_0018_125deg.npz,18,125.0,train,Base_TC4,16269,OK,
/data/run01/scxk573/lsz/ysy/physicsnemo/data/dataset_springback_pair_Base_TC4_150/springback_pair_Base_TC4_sample_0018_130deg.npz,18,130.0,train,Base_TC4,16269,OK,
/data/run01/scxk573/lsz/ysy/physicsnemo/data/dataset_springback_pair_Base_TC4_150/springback_pair_Base_TC4_sample_0018_135deg.npz,18,135.0,train,Base_TC4,16269,OK,
/data/run01/scxk573/lsz/ysy/physicsnemo/data/dataset_springback_pair_Base_TC4_150/springback_pair_Base_TC4_sample_0018_140deg.npz,18,140.0,train,Base_TC4,16269,OK,
/data/run01/scxk573/lsz/ysy/physicsnemo/data/dataset_springback_pair_Base_TC4_150/springback_pair_Base_TC4_sample_0018_145deg.npz,18,145.0,train,Base_TC4,16269,OK,
/data/run01/scxk573/lsz/ysy/physicsnemo/data/dataset_springback_pair_Base_TC4_150/springback_pair_Base_TC4_sample_0018_150deg.npz,18,150.0,train,Base_TC4,16269,OK,
/data/run01/scxk573/lsz/ysy/physicsnemo/data/dataset_springback_pair_Base_TC4_150/springback_pair_Base_TC4_sample_0018_155deg.npz,18,155.0,train,Base_TC4,16269,OK,
/data/run01/scxk573/lsz/ysy/physicsnemo/data/dataset_springback_pair_Base_TC4_150/springback_pair_Base_TC4_sample_0018_160deg.npz,18,160.0,train,Base_TC4,16269,OK,
/data/run01/scxk573/lsz/ysy/physicsnemo/data/dataset_springback_pair_Base_TC4_150/springback_pair_Base_TC4_sample_0018_165deg.npz,18,165.0,train,Base_TC4,16269,OK,
/data/run01/scxk573/lsz/ysy/physicsnemo/data/dataset_springback_pair_Base_TC4_150/springback_pair_Base_TC4_sample_0018_170deg.npz,18,170.0,train,Base_TC4,16269,OK,
/data/run01/scxk573/lsz/ysy/physicsnemo/data/dataset_springback_pair_Base_TC4_150/springback_pair_Base_TC4_sample_0018_175deg.npz,18,175.0,train,Base_TC4,16269,OK,
/data/run01/scxk573/lsz/ysy/physicsnemo/data/dataset_springback_pair_Base_TC4_150/springback_pair_Base_TC4_sample_0018_180deg.npz,18,180.0,train,Base_TC4,16269,OK,
/data/run01/scxk573/lsz/ysy/physicsnemo/data/dataset_springback_pair_Base_TC4_150/springback_pair_Base_TC4_sample_0019_005deg.npz,19,5.0,train,Base_TC4,9348,OK,
/data/run01/scxk573/lsz/ysy/physicsnemo/data/dataset_springback_pair_Base_TC4_150/springback_pair_Base_TC4_sample_0019_010deg.npz,19,10.0,train,Base_TC4,9348,OK,
/data/run01/scxk573/lsz/ysy/physicsnemo/data/dataset_springback_pair_Base_TC4_150/springback_pair_Base_TC4_sample_0019_015deg.npz,19,15.0,train,Base_TC4,9348,OK,
/data/run01/scxk573/lsz/ysy/physicsnemo/data/dataset_springback_pair_Base_TC4_150/springback_pair_Base_TC4_sample_0019_020deg.npz,19,20.0,train,Base_TC4,9348,OK,
/data/run01/scxk573/lsz/ysy/physicsnemo/data/dataset_springback_pair_Base_TC4_150/springback_pair_Base_TC4_sample_0019_025deg.npz,19,25.0,train,Base_TC4,9348,OK,
/data/run01/scxk573/lsz/ysy/physicsnemo/data/dataset_springback_pair_Base_TC4_150/springback_pair_Base_TC4_sample_0019_030deg.npz,19,30.0,train,Base_TC4,9348,OK,
/data/run01/scxk573/lsz/ysy/physicsnemo/data/dataset_springback_pair_Base_TC4_150/springback_pair_Base_TC4_sample_0019_035deg.npz,19,35.0,train,Base_TC4,9348,OK,
/data/run01/scxk573/lsz/ysy/physicsnemo/data/dataset_springback_pair_Base_TC4_150/springback_pair_Base_TC4_sample_0019_040deg.npz,19,40.0,train,Base_TC4,9348,OK,
/data/run01/scxk573/lsz/ysy/physicsnemo/data/dataset_springback_pair_Base_TC4_150/springback_pair_Base_TC4_sample_0019_045deg.npz,19,45.0,train,Base_TC4,9348,OK,
/data/run01/scxk573/lsz/ysy/physicsnemo/data/dataset_springback_pair_Base_TC4_150/springback_pair_Base_TC4_sample_0019_050deg.npz,19,50.0,train,Base_TC4,9348,OK,
/data/run01/scxk573/lsz/ysy/physicsnemo/data/dataset_springback_pair_Base_TC4_150/springback_pair_Base_TC4_sample_0019_055deg.npz,19,55.0,train,Base_TC4,9348,OK,
/data/run01/scxk573/lsz/ysy/physicsnemo/data/dataset_springback_pair_Base_TC4_150/springback_pair_Base_TC4_sample_0019_060deg.npz,19,60.0,train,Base_TC4,9348,OK,
/data/run01/scxk573/lsz/ysy/physicsnemo/data/dataset_springback_pair_Base_TC4_150/springback_pair_Base_TC4_sample_0019_065deg.npz,19,65.0,train,Base_TC4,9348,OK,
/data/run01/scxk573/lsz/ysy/physicsnemo/data/dataset_springback_pair_Base_TC4_150/springback_pair_Base_TC4_sample_0019_070deg.npz,19,70.0,train,Base_TC4,9348,OK,
/data/run01/scxk573/lsz/ysy/physicsnemo/data/dataset_springback_pair_Base_TC4_150/springback_pair_Base_TC4_sample_0019_075deg.npz,19,75.0,train,Base_TC4,9348,OK,
/data/run01/scxk573/lsz/ysy/physicsnemo/data/dataset_springback_pair_Base_TC4_150/springback_pair_Base_TC4_sample_0019_080deg.npz,19,80.0,train,Base_TC4,9348,OK,
/data/run01/scxk573/lsz/ysy/physicsnemo/data/dataset_springback_pair_Base_TC4_150/springback_pair_Base_TC4_sample_0019_085deg.npz,19,85.0,train,Base_TC4,9348,OK,
/data/run01/scxk573/lsz/ysy/physicsnemo/data/dataset_springback_pair_Base_TC4_150/springback_pair_Base_TC4_sample_0019_090deg.npz,19,90.0,train,Base_TC4,9348,OK,
/data/run01/scxk573/lsz/ysy/physicsnemo/data/dataset_springback_pair_Base_TC4_150/springback_pair_Base_TC4_sample_0019_095deg.npz,19,95.0,train,Base_TC4,9348,OK,
/data/run01/scxk573/lsz/ysy/physicsnemo/data/dataset_springback_pair_Base_TC4_150/springback_pair_Base_TC4_sample_0019_100deg.npz,19,100.0,train,Base_TC4,9348,OK,
/data/run01/scxk573/lsz/ysy/physicsnemo/data/dataset_springback_pair_Base_TC4_150/springback_pair_Base_TC4_sample_0019_105deg.npz,19,105.0,train,Base_TC4,9348,OK,
/data/run01/scxk573/lsz/ysy/physicsnemo/data/dataset_springback_pair_Base_TC4_150/springback_pair_Base_TC4_sample_0019_110deg.npz,19,110.0,train,Base_TC4,9348,OK,
/data/run01/scxk573/lsz/ysy/physicsnemo/data/dataset_springback_pair_Base_TC4_150/springback_pair_Base_TC4_sample_0019_115deg.npz,19,115.0,train,Base_TC4,9348,OK,
/data/run01/scxk573/lsz/ysy/physicsnemo/data/dataset_springback_pair_Base_TC4_150/springback_pair_Base_TC4_sample_0019_120deg.npz,19,120.0,train,Base_TC4,9348,OK,
/data/run01/scxk573/lsz/ysy/physicsnemo/data/dataset_springback_pair_Base_TC4_150/springback_pair_Base_TC4_sample_0019_125deg.npz,19,125.0,train,Base_TC4,9348,OK,
/data/run01/scxk573/lsz/ysy/physicsnemo/data/dataset_springback_pair_Base_TC4_150/springback_pair_Base_TC4_sample_0019_130deg.npz,19,130.0,train,Base_TC4,9348,OK,
/data/run01/scxk573/lsz/ysy/physicsnemo/data/dataset_springback_pair_Base_TC4_150/springback_pair_Base_TC4_sample_0019_135deg.npz,19,135.0,train,Base_TC4,9348,OK,
/data/run01/scxk573/lsz/ysy/physicsnemo/data/dataset_springback_pair_Base_TC4_150/springback_pair_Base_TC4_sample_0019_140deg.npz,19,140.0,train,Base_TC4,9348,OK,
/data/run01/scxk573/lsz/ysy/physicsnemo/data/dataset_springback_pair_Base_TC4_150/springback_pair_Base_TC4_sample_0019_145deg.npz,19,145.0,train,Base_TC4,9348,OK,
/data/run01/scxk573/lsz/ysy/physicsnemo/data/dataset_springback_pair_Base_TC4_150/springback_pair_Base_TC4_sample_0019_150deg.npz,19,150.0,train,Base_TC4,9348,OK,
/data/run01/scxk573/lsz/ysy/physicsnemo/data/dataset_springback_pair_Base_TC4_150/springback_pair_Base_TC4_sample_0019_155deg.npz,19,155.0,train,Base_TC4,9348,OK,
/data/run01/scxk573/lsz/ysy/physicsnemo/data/dataset_springback_pair_Base_TC4_150/springback_pair_Base_TC4_sample_0019_160deg.npz,19,160.0,train,Base_TC4,9348,OK,
/data/run01/scxk573/lsz/ysy/physicsnemo/data/dataset_springback_pair_Base_TC4_150/springback_pair_Base_TC4_sample_0019_165deg.npz,19,165.0,train,Base_TC4,9348,OK,
/data/run01/scxk573/lsz/ysy/physicsnemo/data/dataset_springback_pair_Base_TC4_150/springback_pair_Base_TC4_sample_0019_170deg.npz,19,170.0,train,Base_TC4,9348,OK,
/data/run01/scxk573/lsz/ysy/physicsnemo/data/dataset_springback_pair_Base_TC4_150/springback_pair_Base_TC4_sample_0019_175deg.npz,19,175.0,train,Base_TC4,9348,OK,
/data/run01/scxk573/lsz/ysy/physicsnemo/data/dataset_springback_pair_Base_TC4_150/springback_pair_Base_TC4_sample_0019_180deg.npz,19,180.0,train,Base_TC4,9348,OK,
/data/run01/scxk573/lsz/ysy/physicsnemo/data/dataset_springback_pair_Base_TC4_150/springback_pair_Base_TC4_sample_0020_005deg.npz,20,5.0,test,Base_TC4,20532,OK,
/data/run01/scxk573/lsz/ysy/physicsnemo/data/dataset_springback_pair_Base_TC4_150/springback_pair_Base_TC4_sample_0020_010deg.npz,20,10.0,test,Base_TC4,20532,OK,
/data/run01/scxk573/lsz/ysy/physicsnemo/data/dataset_springback_pair_Base_TC4_150/springback_pair_Base_TC4_sample_0020_015deg.npz,20,15.0,test,Base_TC4,20532,OK,
/data/run01/scxk573/lsz/ysy/physicsnemo/data/dataset_springback_pair_Base_TC4_150/springback_pair_Base_TC4_sample_0020_020deg.npz,20,20.0,test,Base_TC4,20532,OK,
/data/run01/scxk573/lsz/ysy/physicsnemo/data/dataset_springback_pair_Base_TC4_150/springback_pair_Base_TC4_sample_0020_025deg.npz,20,25.0,test,Base_TC4,20532,OK,
/data/run01/scxk573/lsz/ysy/physicsnemo/data/dataset_springback_pair_Base_TC4_150/springback_pair_Base_TC4_sample_0020_030deg.npz,20,30.0,test,Base_TC4,20532,OK,
/data/run01/scxk573/lsz/ysy/physicsnemo/data/dataset_springback_pair_Base_TC4_150/springback_pair_Base_TC4_sample_0020_035deg.npz,20,35.0,test,Base_TC4,20532,OK,
/data/run01/scxk573/lsz/ysy/physicsnemo/data/dataset_springback_pair_Base_TC4_150/springback_pair_Base_TC4_sample_0020_040deg.npz,20,40.0,test,Base_TC4,20532,OK,
/data/run01/scxk573/lsz/ysy/physicsnemo/data/dataset_springback_pair_Base_TC4_150/springback_pair_Base_TC4_sample_0020_045deg.npz,20,45.0,test,Base_TC4,20532,OK,
/data/run01/scxk573/lsz/ysy/physicsnemo/data/dataset_springback_pair_Base_TC4_150/springback_pair_Base_TC4_sample_0020_050deg.npz,20,50.0,test,Base_TC4,20532,OK,
/data/run01/scxk573/lsz/ysy/physicsnemo/data/dataset_springback_pair_Base_TC4_150/springback_pair_Base_TC4_sample_0020_055deg.npz,20,55.0,test,Base_TC4,20532,OK,
/data/run01/scxk573/lsz/ysy/physicsnemo/data/dataset_springback_pair_Base_TC4_150/springback_pair_Base_TC4_sample_0020_060deg.npz,20,60.0,test,Base_TC4,20532,OK,
/data/run01/scxk573/lsz/ysy/physicsnemo/data/dataset_springback_pair_Base_TC4_150/springback_pair_Base_TC4_sample_0020_065deg.npz,20,65.0,test,Base_TC4,20532,OK,
/data/run01/scxk573/lsz/ysy/physicsnemo/data/dataset_springback_pair_Base_TC4_150/springback_pair_Base_TC4_sample_0020_070deg.npz,20,70.0,test,Base_TC4,20532,OK,
/data/run01/scxk573/lsz/ysy/physicsnemo/data/dataset_springback_pair_Base_TC4_150/springback_pair_Base_TC4_sample_0020_075deg.npz,20,75.0,test,Base_TC4,20532,OK,
/data/run01/scxk573/lsz/ysy/physicsnemo/data/dataset_springback_pair_Base_TC4_150/springback_pair_Base_TC4_sample_0020_080deg.npz,20,80.0,test,Base_TC4,20532,OK,
/data/run01/scxk573/lsz/ysy/physicsnemo/data/dataset_springback_pair_Base_TC4_150/springback_pair_Base_TC4_sample_0020_085deg.npz,20,85.0,test,Base_TC4,20532,OK,
/data/run01/scxk573/lsz/ysy/physicsnemo/data/dataset_springback_pair_Base_TC4_150/springback_pair_Base_TC4_sample_0020_090deg.npz,20,90.0,test,Base_TC4,20532,OK,
/data/run01/scxk573/lsz/ysy/physicsnemo/data/dataset_springback_pair_Base_TC4_150/springback_pair_Base_TC4_sample_0020_095deg.npz,20,95.0,test,Base_TC4,20532,OK,
/data/run01/scxk573/lsz/ysy/physicsnemo/data/dataset_springback_pair_Base_TC4_150/springback_pair_Base_TC4_sample_0020_100deg.npz,20,100.0,test,Base_TC4,20532,OK,
/data/run01/scxk573/lsz/ysy/physicsnemo/data/dataset_springback_pair_Base_TC4_150/springback_pair_Base_TC4_sample_0020_105deg.npz,20,105.0,test,Base_TC4,20532,OK,
/data/run01/scxk573/lsz/ysy/physicsnemo/data/dataset_springback_pair_Base_TC4_150/springback_pair_Base_TC4_sample_0020_110deg.npz,20,110.0,test,Base_TC4,20532,OK,
/data/run01/scxk573/lsz/ysy/physicsnemo/data/dataset_springback_pair_Base_TC4_150/springback_pair_Base_TC4_sample_0020_115deg.npz,20,115.0,test,Base_TC4,20532,OK,
/data/run01/scxk573/lsz/ysy/physicsnemo/data/dataset_springback_pair_Base_TC4_150/springback_pair_Base_TC4_sample_0020_120deg.npz,20,120.0,test,Base_TC4,20532,OK,
/data/run01/scxk573/lsz/ysy/physicsnemo/data/dataset_springback_pair_Base_TC4_150/springback_pair_Base_TC4_sample_0020_125deg.npz,20,125.0,test,Base_TC4,20532,OK,
/data/run01/scxk573/lsz/ysy/physicsnemo/data/dataset_springback_pair_Base_TC4_150/springback_pair_Base_TC4_sample_0020_130deg.npz,20,130.0,test,Base_TC4,20532,OK,
/data/run01/scxk573/lsz/ysy/physicsnemo/data/dataset_springback_pair_Base_TC4_150/springback_pair_Base_TC4_sample_0020_135deg.npz,20,135.0,test,Base_TC4,20532,OK,
/data/run01/scxk573/lsz/ysy/physicsnemo/data/dataset_springback_pair_Base_TC4_150/springback_pair_Base_TC4_sample_0020_140deg.npz,20,140.0,test,Base_TC4,20532,OK,
/data/run01/scxk573/lsz/ysy/physicsnemo/data/dataset_springback_pair_Base_TC4_150/springback_pair_Base_TC4_sample_0020_145deg.npz,20,145.0,test,Base_TC4,20532,OK,
/data/run01/scxk573/lsz/ysy/physicsnemo/data/dataset_springback_pair_Base_TC4_150/springback_pair_Base_TC4_sample_0020_150deg.npz,20,150.0,test,Base_TC4,20532,OK,
/data/run01/scxk573/lsz/ysy/physicsnemo/data/dataset_springback_pair_Base_TC4_150/springback_pair_Base_TC4_sample_0020_155deg.npz,20,155.0,test,Base_TC4,20532,OK,
/data/run01/scxk573/lsz/ysy/physicsnemo/data/dataset_springback_pair_Base_TC4_150/springback_pair_Base_TC4_sample_0020_160deg.npz,20,160.0,test,Base_TC4,20532,OK,
/data/run01/scxk573/lsz/ysy/physicsnemo/data/dataset_springback_pair_Base_TC4_150/springback_pair_Base_TC4_sample_0020_165deg.npz,20,165.0,test,Base_TC4,20532,OK,
/data/run01/scxk573/lsz/ysy/physicsnemo/data/dataset_springback_pair_Base_TC4_150/springback_pair_Base_TC4_sample_0020_170deg.npz,20,170.0,test,Base_TC4,20532,OK,
/data/run01/scxk573/lsz/ysy/physicsnemo/data/dataset_springback_pair_Base_TC4_150/springback_pair_Base_TC4_sample_0020_175deg.npz,20,175.0,test,Base_TC4,20532,OK,
/data/run01/scxk573/lsz/ysy/physicsnemo/data/dataset_springback_pair_Base_TC4_150/springback_pair_Base_TC4_sample_0020_180deg.npz,20,180.0,test,Base_TC4,20532,OK,
/data/run01/scxk573/lsz/ysy/physicsnemo/data/dataset_springback_pair_Base_TC4_150/springback_pair_Base_TC4_sample_0021_005deg.npz,21,5.0,train,Base_TC4,3591,OK,
/data/run01/scxk573/lsz/ysy/physicsnemo/data/dataset_springback_pair_Base_TC4_150/springback_pair_Base_TC4_sample_0021_010deg.npz,21,10.0,train,Base_TC4,3591,OK,
/data/run01/scxk573/lsz/ysy/physicsnemo/data/dataset_springback_pair_Base_TC4_150/springback_pair_Base_TC4_sample_0021_015deg.npz,21,15.0,train,Base_TC4,3591,OK,
/data/run01/scxk573/lsz/ysy/physicsnemo/data/dataset_springback_pair_Base_TC4_150/springback_pair_Base_TC4_sample_0021_020deg.npz,21,20.0,train,Base_TC4,3591,OK,
/data/run01/scxk573/lsz/ysy/physicsnemo/data/dataset_springback_pair_Base_TC4_150/springback_pair_Base_TC4_sample_0021_025deg.npz,21,25.0,train,Base_TC4,3591,OK,
/data/run01/scxk573/lsz/ysy/physicsnemo/data/dataset_springback_pair_Base_TC4_150/springback_pair_Base_TC4_sample_0021_030deg.npz,21,30.0,train,Base_TC4,3591,OK,
/data/run01/scxk573/lsz/ysy/physicsnemo/data/dataset_springback_pair_Base_TC4_150/springback_pair_Base_TC4_sample_0021_035deg.npz,21,35.0,train,Base_TC4,3591,OK,
/data/run01/scxk573/lsz/ysy/physicsnemo/data/dataset_springback_pair_Base_TC4_150/springback_pair_Base_TC4_sample_0021_040deg.npz,21,40.0,train,Base_TC4,3591,OK,
/data/run01/scxk573/lsz/ysy/physicsnemo/data/dataset_springback_pair_Base_TC4_150/springback_pair_Base_TC4_sample_0021_045deg.npz,21,45.0,train,Base_TC4,3591,OK,
/data/run01/scxk573/lsz/ysy/physicsnemo/data/dataset_springback_pair_Base_TC4_150/springback_pair_Base_TC4_sample_0021_050deg.npz,21,50.0,train,Base_TC4,3591,OK,
/data/run01/scxk573/lsz/ysy/physicsnemo/data/dataset_springback_pair_Base_TC4_150/springback_pair_Base_TC4_sample_0021_055deg.npz,21,55.0,train,Base_TC4,3591,OK,
/data/run01/scxk573/lsz/ysy/physicsnemo/data/dataset_springback_pair_Base_TC4_150/springback_pair_Base_TC4_sample_0021_060deg.npz,21,60.0,train,Base_TC4,3591,OK,
/data/run01/scxk573/lsz/ysy/physicsnemo/data/dataset_springback_pair_Base_TC4_150/springback_pair_Base_TC4_sample_0021_065deg.npz,21,65.0,train,Base_TC4,3591,OK,
/data/run01/scxk573/lsz/ysy/physicsnemo/data/dataset_springback_pair_Base_TC4_150/springback_pair_Base_TC4_sample_0021_070deg.npz,21,70.0,train,Base_TC4,3591,OK,
/data/run01/scxk573/lsz/ysy/physicsnemo/data/dataset_springback_pair_Base_TC4_150/springback_pair_Base_TC4_sample_0021_075deg.npz,21,75.0,train,Base_TC4,3591,OK,
/data/run01/scxk573/lsz/ysy/physicsnemo/data/dataset_springback_pair_Base_TC4_150/springback_pair_Base_TC4_sample_0021_080deg.npz,21,80.0,train,Base_TC4,3591,OK,
/data/run01/scxk573/lsz/ysy/physicsnemo/data/dataset_springback_pair_Base_TC4_150/springback_pair_Base_TC4_sample_0021_085deg.npz,21,85.0,train,Base_TC4,3591,OK,
/data/run01/scxk573/lsz/ysy/physicsnemo/data/dataset_springback_pair_Base_TC4_150/springback_pair_Base_TC4_sample_0021_090deg.npz,21,90.0,train,Base_TC4,3591,OK,
/data/run01/scxk573/lsz/ysy/physicsnemo/data/dataset_springback_pair_Base_TC4_150/springback_pair_Base_TC4_sample_0021_095deg.npz,21,95.0,train,Base_TC4,3591,OK,
/data/run01/scxk573/lsz/ysy/physicsnemo/data/dataset_springback_pair_Base_TC4_150/springback_pair_Base_TC4_sample_0021_100deg.npz,21,100.0,train,Base_TC4,3591,OK,
/data/run01/scxk573/lsz/ysy/physicsnemo/data/dataset_springback_pair_Base_TC4_150/springback_pair_Base_TC4_sample_0021_105deg.npz,21,105.0,train,Base_TC4,3591,OK,
/data/run01/scxk573/lsz/ysy/physicsnemo/data/dataset_springback_pair_Base_TC4_150/springback_pair_Base_TC4_sample_0021_110deg.npz,21,110.0,train,Base_TC4,3591,OK,
/data/run01/scxk573/lsz/ysy/physicsnemo/data/dataset_springback_pair_Base_TC4_150/springback_pair_Base_TC4_sample_0021_115deg.npz,21,115.0,train,Base_TC4,3591,OK,
/data/run01/scxk573/lsz/ysy/physicsnemo/data/dataset_springback_pair_Base_TC4_150/springback_pair_Base_TC4_sample_0021_120deg.npz,21,120.0,train,Base_TC4,3591,OK,
/data/run01/scxk573/lsz/ysy/physicsnemo/data/dataset_springback_pair_Base_TC4_150/springback_pair_Base_TC4_sample_0021_125deg.npz,21,125.0,train,Base_TC4,3591,OK,
/data/run01/scxk573/lsz/ysy/physicsnemo/data/dataset_springback_pair_Base_TC4_150/springback_pair_Base_TC4_sample_0021_130deg.npz,21,130.0,train,Base_TC4,3591,OK,
/data/run01/scxk573/lsz/ysy/physicsnemo/data/dataset_springback_pair_Base_TC4_150/springback_pair_Base_TC4_sample_0021_135deg.npz,21,135.0,train,Base_TC4,3591,OK,
/data/run01/scxk573/lsz/ysy/physicsnemo/data/dataset_springback_pair_Base_TC4_150/springback_pair_Base_TC4_sample_0021_140deg.npz,21,140.0,train,Base_TC4,3591,OK,
/data/run01/scxk573/lsz/ysy/physicsnemo/data/dataset_springback_pair_Base_TC4_150/springback_pair_Base_TC4_sample_0021_145deg.npz,21,145.0,train,Base_TC4,3591,OK,
/data/run01/scxk573/lsz/ysy/physicsnemo/data/dataset_springback_pair_Base_TC4_150/springback_pair_Base_TC4_sample_0021_150deg.npz,21,150.0,train,Base_TC4,3591,OK,
/data/run01/scxk573/lsz/ysy/physicsnemo/data/dataset_springback_pair_Base_TC4_150/springback_pair_Base_TC4_sample_0021_155deg.npz,21,155.0,train,Base_TC4,3591,OK,
/data/run01/scxk573/lsz/ysy/physicsnemo/data/dataset_springback_pair_Base_TC4_150/springback_pair_Base_TC4_sample_0021_160deg.npz,21,160.0,train,Base_TC4,3591,OK,
/data/run01/scxk573/lsz/ysy/physicsnemo/data/dataset_springback_pair_Base_TC4_150/springback_pair_Base_TC4_sample_0021_165deg.npz,21,165.0,train,Base_TC4,3591,OK,
/data/run01/scxk573/lsz/ysy/physicsnemo/data/dataset_springback_pair_Base_TC4_150/springback_pair_Base_TC4_sample_0021_170deg.npz,21,170.0,train,Base_TC4,3591,OK,
/data/run01/scxk573/lsz/ysy/physicsnemo/data/dataset_springback_pair_Base_TC4_150/springback_pair_Base_TC4_sample_0021_175deg.npz,21,175.0,train,Base_TC4,3591,OK,
/data/run01/scxk573/lsz/ysy/physicsnemo/data/dataset_springback_pair_Base_TC4_150/springback_pair_Base_TC4_sample_0021_180deg.npz,21,180.0,train,Base_TC4,3591,OK,
/data/run01/scxk573/lsz/ysy/physicsnemo/data/dataset_springback_pair_Base_TC4_150/springback_pair_Base_TC4_sample_0022_005deg.npz,22,5.0,train,Base_TC4,22204,OK,
/data/run01/scxk573/lsz/ysy/physicsnemo/data/dataset_springback_pair_Base_TC4_150/springback_pair_Base_TC4_sample_0022_010deg.npz,22,10.0,train,Base_TC4,22204,OK,
/data/run01/scxk573/lsz/ysy/physicsnemo/data/dataset_springback_pair_Base_TC4_150/springback_pair_Base_TC4_sample_0022_015deg.npz,22,15.0,train,Base_TC4,22204,OK,
/data/run01/scxk573/lsz/ysy/physicsnemo/data/dataset_springback_pair_Base_TC4_150/springback_pair_Base_TC4_sample_0022_020deg.npz,22,20.0,train,Base_TC4,22204,OK,
/data/run01/scxk573/lsz/ysy/physicsnemo/data/dataset_springback_pair_Base_TC4_150/springback_pair_Base_TC4_sample_0022_025deg.npz,22,25.0,train,Base_TC4,22204,OK,
/data/run01/scxk573/lsz/ysy/physicsnemo/data/dataset_springback_pair_Base_TC4_150/springback_pair_Base_TC4_sample_0022_030deg.npz,22,30.0,train,Base_TC4,22204,OK,
/data/run01/scxk573/lsz/ysy/physicsnemo/data/dataset_springback_pair_Base_TC4_150/springback_pair_Base_TC4_sample_0022_035deg.npz,22,35.0,train,Base_TC4,22204,OK,
/data/run01/scxk573/lsz/ysy/physicsnemo/data/dataset_springback_pair_Base_TC4_150/springback_pair_Base_TC4_sample_0022_040deg.npz,22,40.0,train,Base_TC4,22204,OK,
/data/run01/scxk573/lsz/ysy/physicsnemo/data/dataset_springback_pair_Base_TC4_150/springback_pair_Base_TC4_sample_0022_045deg.npz,22,45.0,train,Base_TC4,22204,OK,
/data/run01/scxk573/lsz/ysy/physicsnemo/data/dataset_springback_pair_Base_TC4_150/springback_pair_Base_TC4_sample_0022_050deg.npz,22,50.0,train,Base_TC4,22204,OK,
/data/run01/scxk573/lsz/ysy/physicsnemo/data/dataset_springback_pair_Base_TC4_150/springback_pair_Base_TC4_sample_0022_055deg.npz,22,55.0,train,Base_TC4,22204,OK,
/data/run01/scxk573/lsz/ysy/physicsnemo/data/dataset_springback_pair_Base_TC4_150/springback_pair_Base_TC4_sample_0022_060deg.npz,22,60.0,train,Base_TC4,22204,OK,
/data/run01/scxk573/lsz/ysy/physicsnemo/data/dataset_springback_pair_Base_TC4_150/springback_pair_Base_TC4_sample_0022_065deg.npz,22,65.0,train,Base_TC4,22204,OK,
/data/run01/scxk573/lsz/ysy/physicsnemo/data/dataset_springback_pair_Base_TC4_150/springback_pair_Base_TC4_sample_0022_070deg.npz,22,70.0,train,Base_TC4,22204,OK,
/data/run01/scxk573/lsz/ysy/physicsnemo/data/dataset_springback_pair_Base_TC4_150/springback_pair_Base_TC4_sample_0022_075deg.npz,22,75.0,train,Base_TC4,22204,OK,
/data/run01/scxk573/lsz/ysy/physicsnemo/data/dataset_springback_pair_Base_TC4_150/springback_pair_Base_TC4_sample_0022_080deg.npz,22,80.0,train,Base_TC4,22204,OK,
/data/run01/scxk573/lsz/ysy/physicsnemo/data/dataset_springback_pair_Base_TC4_150/springback_pair_Base_TC4_sample_0022_085deg.npz,22,85.0,train,Base_TC4,22204,OK,
/data/run01/scxk573/lsz/ysy/physicsnemo/data/dataset_springback_pair_Base_TC4_150/springback_pair_Base_TC4_sample_0022_090deg.npz,22,90.0,train,Base_TC4,22204,OK,
/data/run01/scxk573/lsz/ysy/physicsnemo/data/dataset_springback_pair_Base_TC4_150/springback_pair_Base_TC4_sample_0022_095deg.npz,22,95.0,train,Base_TC4,22204,OK,
/data/run01/scxk573/lsz/ysy/physicsnemo/data/dataset_springback_pair_Base_TC4_150/springback_pair_Base_TC4_sample_0022_100deg.npz,22,100.0,train,Base_TC4,22204,OK,
/data/run01/scxk573/lsz/ysy/physicsnemo/data/dataset_springback_pair_Base_TC4_150/springback_pair_Base_TC4_sample_0022_105deg.npz,22,105.0,train,Base_TC4,22204,OK,
/data/run01/scxk573/lsz/ysy/physicsnemo/data/dataset_springback_pair_Base_TC4_150/springback_pair_Base_TC4_sample_0022_110deg.npz,22,110.0,train,Base_TC4,22204,OK,
/data/run01/scxk573/lsz/ysy/physicsnemo/data/dataset_springback_pair_Base_TC4_150/springback_pair_Base_TC4_sample_0022_115deg.npz,22,115.0,train,Base_TC4,22204,OK,
/data/run01/scxk573/lsz/ysy/physicsnemo/data/dataset_springback_pair_Base_TC4_150/springback_pair_Base_TC4_sample_0022_120deg.npz,22,120.0,train,Base_TC4,22204,OK,
/data/run01/scxk573/lsz/ysy/physicsnemo/data/dataset_springback_pair_Base_TC4_150/springback_pair_Base_TC4_sample_0022_125deg.npz,22,125.0,train,Base_TC4,22204,OK,
/data/run01/scxk573/lsz/ysy/physicsnemo/data/dataset_springback_pair_Base_TC4_150/springback_pair_Base_TC4_sample_0022_130deg.npz,22,130.0,train,Base_TC4,22204,OK,
/data/run01/scxk573/lsz/ysy/physicsnemo/data/dataset_springback_pair_Base_TC4_150/springback_pair_Base_TC4_sample_0022_135deg.npz,22,135.0,train,Base_TC4,22204,OK,
/data/run01/scxk573/lsz/ysy/physicsnemo/data/dataset_springback_pair_Base_TC4_150/springback_pair_Base_TC4_sample_0022_140deg.npz,22,140.0,train,Base_TC4,22204,OK,
/data/run01/scxk573/lsz/ysy/physicsnemo/data/dataset_springback_pair_Base_TC4_150/springback_pair_Base_TC4_sample_0022_145deg.npz,22,145.0,train,Base_TC4,22204,OK,
/data/run01/scxk573/lsz/ysy/physicsnemo/data/dataset_springback_pair_Base_TC4_150/springback_pair_Base_TC4_sample_0022_150deg.npz,22,150.0,train,Base_TC4,22204,OK,
/data/run01/scxk573/lsz/ysy/physicsnemo/data/dataset_springback_pair_Base_TC4_150/springback_pair_Base_TC4_sample_0022_155deg.npz,22,155.0,train,Base_TC4,22204,OK,
/data/run01/scxk573/lsz/ysy/physicsnemo/data/dataset_springback_pair_Base_TC4_150/springback_pair_Base_TC4_sample_0022_160deg.npz,22,160.0,train,Base_TC4,22204,OK,
/data/run01/scxk573/lsz/ysy/physicsnemo/data/dataset_springback_pair_Base_TC4_150/springback_pair_Base_TC4_sample_0022_165deg.npz,22,165.0,train,Base_TC4,22204,OK,
/data/run01/scxk573/lsz/ysy/physicsnemo/data/dataset_springback_pair_Base_TC4_150/springback_pair_Base_TC4_sample_0022_170deg.npz,22,170.0,train,Base_TC4,22204,OK,
/data/run01/scxk573/lsz/ysy/physicsnemo/data/dataset_springback_pair_Base_TC4_150/springback_pair_Base_TC4_sample_0022_175deg.npz,22,175.0,train,Base_TC4,22204,OK,
/data/run01/scxk573/lsz/ysy/physicsnemo/data/dataset_springback_pair_Base_TC4_150/springback_pair_Base_TC4_sample_0022_180deg.npz,22,180.0,train,Base_TC4,22204,OK,
/data/run01/scxk573/lsz/ysy/physicsnemo/data/dataset_springback_pair_Base_TC4_150/springback_pair_Base_TC4_sample_0023_005deg.npz,23,5.0,train,Base_TC4,16677,OK,
/data/run01/scxk573/lsz/ysy/physicsnemo/data/dataset_springback_pair_Base_TC4_150/springback_pair_Base_TC4_sample_0023_010deg.npz,23,10.0,train,Base_TC4,16677,OK,
/data/run01/scxk573/lsz/ysy/physicsnemo/data/dataset_springback_pair_Base_TC4_150/springback_pair_Base_TC4_sample_0023_015deg.npz,23,15.0,train,Base_TC4,16677,OK,
/data/run01/scxk573/lsz/ysy/physicsnemo/data/dataset_springback_pair_Base_TC4_150/springback_pair_Base_TC4_sample_0023_020deg.npz,23,20.0,train,Base_TC4,16677,OK,
/data/run01/scxk573/lsz/ysy/physicsnemo/data/dataset_springback_pair_Base_TC4_150/springback_pair_Base_TC4_sample_0023_025deg.npz,23,25.0,train,Base_TC4,16677,OK,
/data/run01/scxk573/lsz/ysy/physicsnemo/data/dataset_springback_pair_Base_TC4_150/springback_pair_Base_TC4_sample_0023_030deg.npz,23,30.0,train,Base_TC4,16677,OK,
/data/run01/scxk573/lsz/ysy/physicsnemo/data/dataset_springback_pair_Base_TC4_150/springback_pair_Base_TC4_sample_0023_035deg.npz,23,35.0,train,Base_TC4,16677,OK,
/data/run01/scxk573/lsz/ysy/physicsnemo/data/dataset_springback_pair_Base_TC4_150/springback_pair_Base_TC4_sample_0023_040deg.npz,23,40.0,train,Base_TC4,16677,OK,
/data/run01/scxk573/lsz/ysy/physicsnemo/data/dataset_springback_pair_Base_TC4_150/springback_pair_Base_TC4_sample_0023_045deg.npz,23,45.0,train,Base_TC4,16677,OK,
/data/run01/scxk573/lsz/ysy/physicsnemo/data/dataset_springback_pair_Base_TC4_150/springback_pair_Base_TC4_sample_0023_050deg.npz,23,50.0,train,Base_TC4,16677,OK,
/data/run01/scxk573/lsz/ysy/physicsnemo/data/dataset_springback_pair_Base_TC4_150/springback_pair_Base_TC4_sample_0023_055deg.npz,23,55.0,train,Base_TC4,16677,OK,
/data/run01/scxk573/lsz/ysy/physicsnemo/data/dataset_springback_pair_Base_TC4_150/springback_pair_Base_TC4_sample_0023_060deg.npz,23,60.0,train,Base_TC4,16677,OK,
/data/run01/scxk573/lsz/ysy/physicsnemo/data/dataset_springback_pair_Base_TC4_150/springback_pair_Base_TC4_sample_0023_065deg.npz,23,65.0,train,Base_TC4,16677,OK,
/data/run01/scxk573/lsz/ysy/physicsnemo/data/dataset_springback_pair_Base_TC4_150/springback_pair_Base_TC4_sample_0023_070deg.npz,23,70.0,train,Base_TC4,16677,OK,
/data/run01/scxk573/lsz/ysy/physicsnemo/data/dataset_springback_pair_Base_TC4_150/springback_pair_Base_TC4_sample_0023_075deg.npz,23,75.0,train,Base_TC4,16677,OK,
/data/run01/scxk573/lsz/ysy/physicsnemo/data/dataset_springback_pair_Base_TC4_150/springback_pair_Base_TC4_sample_0023_080deg.npz,23,80.0,train,Base_TC4,16677,OK,
/data/run01/scxk573/lsz/ysy/physicsnemo/data/dataset_springback_pair_Base_TC4_150/springback_pair_Base_TC4_sample_0023_085deg.npz,23,85.0,train,Base_TC4,16677,OK,
/data/run01/scxk573/lsz/ysy/physicsnemo/data/dataset_springback_pair_Base_TC4_150/springback_pair_Base_TC4_sample_0023_090deg.npz,23,90.0,train,Base_TC4,16677,OK,
/data/run01/scxk573/lsz/ysy/physicsnemo/data/dataset_springback_pair_Base_TC4_150/springback_pair_Base_TC4_sample_0023_095deg.npz,23,95.0,train,Base_TC4,16677,OK,
/data/run01/scxk573/lsz/ysy/physicsnemo/data/dataset_springback_pair_Base_TC4_150/springback_pair_Base_TC4_sample_0023_100deg.npz,23,100.0,train,Base_TC4,16677,OK,
/data/run01/scxk573/lsz/ysy/physicsnemo/data/dataset_springback_pair_Base_TC4_150/springback_pair_Base_TC4_sample_0023_105deg.npz,23,105.0,train,Base_TC4,16677,OK,
/data/run01/scxk573/lsz/ysy/physicsnemo/data/dataset_springback_pair_Base_TC4_150/springback_pair_Base_TC4_sample_0023_110deg.npz,23,110.0,train,Base_TC4,16677,OK,
/data/run01/scxk573/lsz/ysy/physicsnemo/data/dataset_springback_pair_Base_TC4_150/springback_pair_Base_TC4_sample_0023_115deg.npz,23,115.0,train,Base_TC4,16677,OK,
/data/run01/scxk573/lsz/ysy/physicsnemo/data/dataset_springback_pair_Base_TC4_150/springback_pair_Base_TC4_sample_0023_120deg.npz,23,120.0,train,Base_TC4,16677,OK,
/data/run01/scxk573/lsz/ysy/physicsnemo/data/dataset_springback_pair_Base_TC4_150/springback_pair_Base_TC4_sample_0023_125deg.npz,23,125.0,train,Base_TC4,16677,OK,
/data/run01/scxk573/lsz/ysy/physicsnemo/data/dataset_springback_pair_Base_TC4_150/springback_pair_Base_TC4_sample_0023_130deg.npz,23,130.0,train,Base_TC4,16677,OK,
/data/run01/scxk573/lsz/ysy/physicsnemo/data/dataset_springback_pair_Base_TC4_150/springback_pair_Base_TC4_sample_0023_135deg.npz,23,135.0,train,Base_TC4,16677,OK,
/data/run01/scxk573/lsz/ysy/physicsnemo/data/dataset_springback_pair_Base_TC4_150/springback_pair_Base_TC4_sample_0023_140deg.npz,23,140.0,train,Base_TC4,16677,OK,
/data/run01/scxk573/lsz/ysy/physicsnemo/data/dataset_springback_pair_Base_TC4_150/springback_pair_Base_TC4_sample_0023_145deg.npz,23,145.0,train,Base_TC4,16677,OK,
/data/run01/scxk573/lsz/ysy/physicsnemo/data/dataset_springback_pair_Base_TC4_150/springback_pair_Base_TC4_sample_0023_150deg.npz,23,150.0,train,Base_TC4,16677,OK,
/data/run01/scxk573/lsz/ysy/physicsnemo/data/dataset_springback_pair_Base_TC4_150/springback_pair_Base_TC4_sample_0023_155deg.npz,23,155.0,train,Base_TC4,16677,OK,
/data/run01/scxk573/lsz/ysy/physicsnemo/data/dataset_springback_pair_Base_TC4_150/springback_pair_Base_TC4_sample_0023_160deg.npz,23,160.0,train,Base_TC4,16677,OK,
/data/run01/scxk573/lsz/ysy/physicsnemo/data/dataset_springback_pair_Base_TC4_150/springback_pair_Base_TC4_sample_0023_165deg.npz,23,165.0,train,Base_TC4,16677,OK,
/data/run01/scxk573/lsz/ysy/physicsnemo/data/dataset_springback_pair_Base_TC4_150/springback_pair_Base_TC4_sample_0023_170deg.npz,23,170.0,train,Base_TC4,16677,OK,
/data/run01/scxk573/lsz/ysy/physicsnemo/data/dataset_springback_pair_Base_TC4_150/springback_pair_Base_TC4_sample_0023_175deg.npz,23,175.0,train,Base_TC4,16677,OK,
/data/run01/scxk573/lsz/ysy/physicsnemo/data/dataset_springback_pair_Base_TC4_150/springback_pair_Base_TC4_sample_0023_180deg.npz,23,180.0,train,Base_TC4,16677,OK,
/data/run01/scxk573/lsz/ysy/physicsnemo/data/dataset_springback_pair_Base_TC4_150/springback_pair_Base_TC4_sample_0024_005deg.npz,24,5.0,train,Base_TC4,21180,OK,
/data/run01/scxk573/lsz/ysy/physicsnemo/data/dataset_springback_pair_Base_TC4_150/springback_pair_Base_TC4_sample_0024_010deg.npz,24,10.0,train,Base_TC4,21180,OK,
/data/run01/scxk573/lsz/ysy/physicsnemo/data/dataset_springback_pair_Base_TC4_150/springback_pair_Base_TC4_sample_0024_015deg.npz,24,15.0,train,Base_TC4,21180,OK,
/data/run01/scxk573/lsz/ysy/physicsnemo/data/dataset_springback_pair_Base_TC4_150/springback_pair_Base_TC4_sample_0024_020deg.npz,24,20.0,train,Base_TC4,21180,OK,
/data/run01/scxk573/lsz/ysy/physicsnemo/data/dataset_springback_pair_Base_TC4_150/springback_pair_Base_TC4_sample_0024_025deg.npz,24,25.0,train,Base_TC4,21180,OK,
/data/run01/scxk573/lsz/ysy/physicsnemo/data/dataset_springback_pair_Base_TC4_150/springback_pair_Base_TC4_sample_0024_030deg.npz,24,30.0,train,Base_TC4,21180,OK,
/data/run01/scxk573/lsz/ysy/physicsnemo/data/dataset_springback_pair_Base_TC4_150/springback_pair_Base_TC4_sample_0024_035deg.npz,24,35.0,train,Base_TC4,21180,OK,
/data/run01/scxk573/lsz/ysy/physicsnemo/data/dataset_springback_pair_Base_TC4_150/springback_pair_Base_TC4_sample_0024_040deg.npz,24,40.0,train,Base_TC4,21180,OK,
/data/run01/scxk573/lsz/ysy/physicsnemo/data/dataset_springback_pair_Base_TC4_150/springback_pair_Base_TC4_sample_0024_045deg.npz,24,45.0,train,Base_TC4,21180,OK,
/data/run01/scxk573/lsz/ysy/physicsnemo/data/dataset_springback_pair_Base_TC4_150/springback_pair_Base_TC4_sample_0024_050deg.npz,24,50.0,train,Base_TC4,21180,OK,
/data/run01/scxk573/lsz/ysy/physicsnemo/data/dataset_springback_pair_Base_TC4_150/springback_pair_Base_TC4_sample_0024_055deg.npz,24,55.0,train,Base_TC4,21180,OK,
/data/run01/scxk573/lsz/ysy/physicsnemo/data/dataset_springback_pair_Base_TC4_150/springback_pair_Base_TC4_sample_0024_060deg.npz,24,60.0,train,Base_TC4,21180,OK,
/data/run01/scxk573/lsz/ysy/physicsnemo/data/dataset_springback_pair_Base_TC4_150/springback_pair_Base_TC4_sample_0024_065deg.npz,24,65.0,train,Base_TC4,21180,OK,
/data/run01/scxk573/lsz/ysy/physicsnemo/data/dataset_springback_pair_Base_TC4_150/springback_pair_Base_TC4_sample_0024_070deg.npz,24,70.0,train,Base_TC4,21180,OK,
/data/run01/scxk573/lsz/ysy/physicsnemo/data/dataset_springback_pair_Base_TC4_150/springback_pair_Base_TC4_sample_0024_075deg.npz,24,75.0,train,Base_TC4,21180,OK,
/data/run01/scxk573/lsz/ysy/physicsnemo/data/dataset_springback_pair_Base_TC4_150/springback_pair_Base_TC4_sample_0024_080deg.npz,24,80.0,train,Base_TC4,21180,OK,
/data/run01/scxk573/lsz/ysy/physicsnemo/data/dataset_springback_pair_Base_TC4_150/springback_pair_Base_TC4_sample_0024_085deg.npz,24,85.0,train,Base_TC4,21180,OK,
/data/run01/scxk573/lsz/ysy/physicsnemo/data/dataset_springback_pair_Base_TC4_150/springback_pair_Base_TC4_sample_0024_090deg.npz,24,90.0,train,Base_TC4,21180,OK,
/data/run01/scxk573/lsz/ysy/physicsnemo/data/dataset_springback_pair_Base_TC4_150/springback_pair_Base_TC4_sample_0024_095deg.npz,24,95.0,train,Base_TC4,21180,OK,
/data/run01/scxk573/lsz/ysy/physicsnemo/data/dataset_springback_pair_Base_TC4_150/springback_pair_Base_TC4_sample_0024_100deg.npz,24,100.0,train,Base_TC4,21180,OK,
/data/run01/scxk573/lsz/ysy/physicsnemo/data/dataset_springback_pair_Base_TC4_150/springback_pair_Base_TC4_sample_0024_105deg.npz,24,105.0,train,Base_TC4,21180,OK,
/data/run01/scxk573/lsz/ysy/physicsnemo/data/dataset_springback_pair_Base_TC4_150/springback_pair_Base_TC4_sample_0024_110deg.npz,24,110.0,train,Base_TC4,21180,OK,
/data/run01/scxk573/lsz/ysy/physicsnemo/data/dataset_springback_pair_Base_TC4_150/springback_pair_Base_TC4_sample_0024_115deg.npz,24,115.0,train,Base_TC4,21180,OK,
/data/run01/scxk573/lsz/ysy/physicsnemo/data/dataset_springback_pair_Base_TC4_150/springback_pair_Base_TC4_sample_0024_120deg.npz,24,120.0,train,Base_TC4,21180,OK,
/data/run01/scxk573/lsz/ysy/physicsnemo/data/dataset_springback_pair_Base_TC4_150/springback_pair_Base_TC4_sample_0024_125deg.npz,24,125.0,train,Base_TC4,21180,OK,
/data/run01/scxk573/lsz/ysy/physicsnemo/data/dataset_springback_pair_Base_TC4_150/springback_pair_Base_TC4_sample_0024_130deg.npz,24,130.0,train,Base_TC4,21180,OK,
/data/run01/scxk573/lsz/ysy/physicsnemo/data/dataset_springback_pair_Base_TC4_150/springback_pair_Base_TC4_sample_0024_135deg.npz,24,135.0,train,Base_TC4,21180,OK,
/data/run01/scxk573/lsz/ysy/physicsnemo/data/dataset_springback_pair_Base_TC4_150/springback_pair_Base_TC4_sample_0024_140deg.npz,24,140.0,train,Base_TC4,21180,OK,
/data/run01/scxk573/lsz/ysy/physicsnemo/data/dataset_springback_pair_Base_TC4_150/springback_pair_Base_TC4_sample_0024_145deg.npz,24,145.0,train,Base_TC4,21180,OK,
/data/run01/scxk573/lsz/ysy/physicsnemo/data/dataset_springback_pair_Base_TC4_150/springback_pair_Base_TC4_sample_0024_150deg.npz,24,150.0,train,Base_TC4,21180,OK,
/data/run01/scxk573/lsz/ysy/physicsnemo/data/dataset_springback_pair_Base_TC4_150/springback_pair_Base_TC4_sample_0024_155deg.npz,24,155.0,train,Base_TC4,21180,OK,
/data/run01/scxk573/lsz/ysy/physicsnemo/data/dataset_springback_pair_Base_TC4_150/springback_pair_Base_TC4_sample_0024_160deg.npz,24,160.0,train,Base_TC4,21180,OK,
/data/run01/scxk573/lsz/ysy/physicsnemo/data/dataset_springback_pair_Base_TC4_150/springback_pair_Base_TC4_sample_0024_165deg.npz,24,165.0,train,Base_TC4,21180,OK,
/data/run01/scxk573/lsz/ysy/physicsnemo/data/dataset_springback_pair_Base_TC4_150/springback_pair_Base_TC4_sample_0024_170deg.npz,24,170.0,train,Base_TC4,21180,OK,
/data/run01/scxk573/lsz/ysy/physicsnemo/data/dataset_springback_pair_Base_TC4_150/springback_pair_Base_TC4_sample_0024_175deg.npz,24,175.0,train,Base_TC4,21180,OK,
/data/run01/scxk573/lsz/ysy/physicsnemo/data/dataset_springback_pair_Base_TC4_150/springback_pair_Base_TC4_sample_0024_180deg.npz,24,180.0,train,Base_TC4,21180,OK,
/data/run01/scxk573/lsz/ysy/physicsnemo/data/dataset_springback_pair_Base_TC4_150/springback_pair_Base_TC4_sample_0025_005deg.npz,25,5.0,train,Base_TC4,14308,OK,
/data/run01/scxk573/lsz/ysy/physicsnemo/data/dataset_springback_pair_Base_TC4_150/springback_pair_Base_TC4_sample_0025_010deg.npz,25,10.0,train,Base_TC4,14308,OK,
/data/run01/scxk573/lsz/ysy/physicsnemo/data/dataset_springback_pair_Base_TC4_150/springback_pair_Base_TC4_sample_0025_015deg.npz,25,15.0,train,Base_TC4,14308,OK,
/data/run01/scxk573/lsz/ysy/physicsnemo/data/dataset_springback_pair_Base_TC4_150/springback_pair_Base_TC4_sample_0025_020deg.npz,25,20.0,train,Base_TC4,14308,OK,
/data/run01/scxk573/lsz/ysy/physicsnemo/data/dataset_springback_pair_Base_TC4_150/springback_pair_Base_TC4_sample_0025_025deg.npz,25,25.0,train,Base_TC4,14308,OK,
/data/run01/scxk573/lsz/ysy/physicsnemo/data/dataset_springback_pair_Base_TC4_150/springback_pair_Base_TC4_sample_0025_030deg.npz,25,30.0,train,Base_TC4,14308,OK,
/data/run01/scxk573/lsz/ysy/physicsnemo/data/dataset_springback_pair_Base_TC4_150/springback_pair_Base_TC4_sample_0025_035deg.npz,25,35.0,train,Base_TC4,14308,OK,
/data/run01/scxk573/lsz/ysy/physicsnemo/data/dataset_springback_pair_Base_TC4_150/springback_pair_Base_TC4_sample_0025_040deg.npz,25,40.0,train,Base_TC4,14308,OK,
/data/run01/scxk573/lsz/ysy/physicsnemo/data/dataset_springback_pair_Base_TC4_150/springback_pair_Base_TC4_sample_0025_045deg.npz,25,45.0,train,Base_TC4,14308,OK,
/data/run01/scxk573/lsz/ysy/physicsnemo/data/dataset_springback_pair_Base_TC4_150/springback_pair_Base_TC4_sample_0025_050deg.npz,25,50.0,train,Base_TC4,14308,OK,
/data/run01/scxk573/lsz/ysy/physicsnemo/data/dataset_springback_pair_Base_TC4_150/springback_pair_Base_TC4_sample_0025_055deg.npz,25,55.0,train,Base_TC4,14308,OK,
/data/run01/scxk573/lsz/ysy/physicsnemo/data/dataset_springback_pair_Base_TC4_150/springback_pair_Base_TC4_sample_0025_060deg.npz,25,60.0,train,Base_TC4,14308,OK,
/data/run01/scxk573/lsz/ysy/physicsnemo/data/dataset_springback_pair_Base_TC4_150/springback_pair_Base_TC4_sample_0025_065deg.npz,25,65.0,train,Base_TC4,14308,OK,
/data/run01/scxk573/lsz/ysy/physicsnemo/data/dataset_springback_pair_Base_TC4_150/springback_pair_Base_TC4_sample_0025_070deg.npz,25,70.0,train,Base_TC4,14308,OK,
/data/run01/scxk573/lsz/ysy/physicsnemo/data/dataset_springback_pair_Base_TC4_150/springback_pair_Base_TC4_sample_0025_075deg.npz,25,75.0,train,Base_TC4,14308,OK,
/data/run01/scxk573/lsz/ysy/physicsnemo/data/dataset_springback_pair_Base_TC4_150/springback_pair_Base_TC4_sample_0025_080deg.npz,25,80.0,train,Base_TC4,14308,OK,
/data/run01/scxk573/lsz/ysy/physicsnemo/data/dataset_springback_pair_Base_TC4_150/springback_pair_Base_TC4_sample_0025_085deg.npz,25,85.0,train,Base_TC4,14308,OK,
/data/run01/scxk573/lsz/ysy/physicsnemo/data/dataset_springback_pair_Base_TC4_150/springback_pair_Base_TC4_sample_0025_090deg.npz,25,90.0,train,Base_TC4,14308,OK,
/data/run01/scxk573/lsz/ysy/physicsnemo/data/dataset_springback_pair_Base_TC4_150/springback_pair_Base_TC4_sample_0025_095deg.npz,25,95.0,train,Base_TC4,14308,OK,
/data/run01/scxk573/lsz/ysy/physicsnemo/data/dataset_springback_pair_Base_TC4_150/springback_pair_Base_TC4_sample_0025_100deg.npz,25,100.0,train,Base_TC4,14308,OK,
/data/run01/scxk573/lsz/ysy/physicsnemo/data/dataset_springback_pair_Base_TC4_150/springback_pair_Base_TC4_sample_0025_105deg.npz,25,105.0,train,Base_TC4,14308,OK,
/data/run01/scxk573/lsz/ysy/physicsnemo/data/dataset_springback_pair_Base_TC4_150/springback_pair_Base_TC4_sample_0025_110deg.npz,25,110.0,train,Base_TC4,14308,OK,
/data/run01/scxk573/lsz/ysy/physicsnemo/data/dataset_springback_pair_Base_TC4_150/springback_pair_Base_TC4_sample_0025_115deg.npz,25,115.0,train,Base_TC4,14308,OK,
/data/run01/scxk573/lsz/ysy/physicsnemo/data/dataset_springback_pair_Base_TC4_150/springback_pair_Base_TC4_sample_0025_120deg.npz,25,120.0,train,Base_TC4,14308,OK,
/data/run01/scxk573/lsz/ysy/physicsnemo/data/dataset_springback_pair_Base_TC4_150/springback_pair_Base_TC4_sample_0025_125deg.npz,25,125.0,train,Base_TC4,14308,OK,
/data/run01/scxk573/lsz/ysy/physicsnemo/data/dataset_springback_pair_Base_TC4_150/springback_pair_Base_TC4_sample_0025_130deg.npz,25,130.0,train,Base_TC4,14308,OK,
/data/run01/scxk573/lsz/ysy/physicsnemo/data/dataset_springback_pair_Base_TC4_150/springback_pair_Base_TC4_sample_0025_135deg.npz,25,135.0,train,Base_TC4,14308,OK,
/data/run01/scxk573/lsz/ysy/physicsnemo/data/dataset_springback_pair_Base_TC4_150/springback_pair_Base_TC4_sample_0025_140deg.npz,25,140.0,train,Base_TC4,14308,OK,
/data/run01/scxk573/lsz/ysy/physicsnemo/data/dataset_springback_pair_Base_TC4_150/springback_pair_Base_TC4_sample_0025_145deg.npz,25,145.0,train,Base_TC4,14308,OK,
/data/run01/scxk573/lsz/ysy/physicsnemo/data/dataset_springback_pair_Base_TC4_150/springback_pair_Base_TC4_sample_0025_150deg.npz,25,150.0,train,Base_TC4,14308,OK,
/data/run01/scxk573/lsz/ysy/physicsnemo/data/dataset_springback_pair_Base_TC4_150/springback_pair_Base_TC4_sample_0025_155deg.npz,25,155.0,train,Base_TC4,14308,OK,
/data/run01/scxk573/lsz/ysy/physicsnemo/data/dataset_springback_pair_Base_TC4_150/springback_pair_Base_TC4_sample_0025_160deg.npz,25,160.0,train,Base_TC4,14308,OK,
/data/run01/scxk573/lsz/ysy/physicsnemo/data/dataset_springback_pair_Base_TC4_150/springback_pair_Base_TC4_sample_0025_165deg.npz,25,165.0,train,Base_TC4,14308,OK,
/data/run01/scxk573/lsz/ysy/physicsnemo/data/dataset_springback_pair_Base_TC4_150/springback_pair_Base_TC4_sample_0025_170deg.npz,25,170.0,train,Base_TC4,14308,OK,
/data/run01/scxk573/lsz/ysy/physicsnemo/data/dataset_springback_pair_Base_TC4_150/springback_pair_Base_TC4_sample_0025_175deg.npz,25,175.0,train,Base_TC4,14308,OK,
/data/run01/scxk573/lsz/ysy/physicsnemo/data/dataset_springback_pair_Base_TC4_150/springback_pair_Base_TC4_sample_0025_180deg.npz,25,180.0,train,Base_TC4,14308,OK,
/data/run01/scxk573/lsz/ysy/physicsnemo/data/dataset_springback_pair_Base_TC4_150/springback_pair_Base_TC4_sample_0026_005deg.npz,26,5.0,train,Base_TC4,11782,OK,
/data/run01/scxk573/lsz/ysy/physicsnemo/data/dataset_springback_pair_Base_TC4_150/springback_pair_Base_TC4_sample_0026_010deg.npz,26,10.0,train,Base_TC4,11782,OK,
/data/run01/scxk573/lsz/ysy/physicsnemo/data/dataset_springback_pair_Base_TC4_150/springback_pair_Base_TC4_sample_0026_015deg.npz,26,15.0,train,Base_TC4,11782,OK,
/data/run01/scxk573/lsz/ysy/physicsnemo/data/dataset_springback_pair_Base_TC4_150/springback_pair_Base_TC4_sample_0026_020deg.npz,26,20.0,train,Base_TC4,11782,OK,
/data/run01/scxk573/lsz/ysy/physicsnemo/data/dataset_springback_pair_Base_TC4_150/springback_pair_Base_TC4_sample_0026_025deg.npz,26,25.0,train,Base_TC4,11782,OK,
/data/run01/scxk573/lsz/ysy/physicsnemo/data/dataset_springback_pair_Base_TC4_150/springback_pair_Base_TC4_sample_0026_030deg.npz,26,30.0,train,Base_TC4,11782,OK,
/data/run01/scxk573/lsz/ysy/physicsnemo/data/dataset_springback_pair_Base_TC4_150/springback_pair_Base_TC4_sample_0026_035deg.npz,26,35.0,train,Base_TC4,11782,OK,
/data/run01/scxk573/lsz/ysy/physicsnemo/data/dataset_springback_pair_Base_TC4_150/springback_pair_Base_TC4_sample_0026_040deg.npz,26,40.0,train,Base_TC4,11782,OK,
/data/run01/scxk573/lsz/ysy/physicsnemo/data/dataset_springback_pair_Base_TC4_150/springback_pair_Base_TC4_sample_0026_045deg.npz,26,45.0,train,Base_TC4,11782,OK,
/data/run01/scxk573/lsz/ysy/physicsnemo/data/dataset_springback_pair_Base_TC4_150/springback_pair_Base_TC4_sample_0026_050deg.npz,26,50.0,train,Base_TC4,11782,OK,
/data/run01/scxk573/lsz/ysy/physicsnemo/data/dataset_springback_pair_Base_TC4_150/springback_pair_Base_TC4_sample_0026_055deg.npz,26,55.0,train,Base_TC4,11782,OK,
/data/run01/scxk573/lsz/ysy/physicsnemo/data/dataset_springback_pair_Base_TC4_150/springback_pair_Base_TC4_sample_0026_060deg.npz,26,60.0,train,Base_TC4,11782,OK,
/data/run01/scxk573/lsz/ysy/physicsnemo/data/dataset_springback_pair_Base_TC4_150/springback_pair_Base_TC4_sample_0026_065deg.npz,26,65.0,train,Base_TC4,11782,OK,
/data/run01/scxk573/lsz/ysy/physicsnemo/data/dataset_springback_pair_Base_TC4_150/springback_pair_Base_TC4_sample_0026_070deg.npz,26,70.0,train,Base_TC4,11782,OK,
/data/run01/scxk573/lsz/ysy/physicsnemo/data/dataset_springback_pair_Base_TC4_150/springback_pair_Base_TC4_sample_0026_075deg.npz,26,75.0,train,Base_TC4,11782,OK,
/data/run01/scxk573/lsz/ysy/physicsnemo/data/dataset_springback_pair_Base_TC4_150/springback_pair_Base_TC4_sample_0026_080deg.npz,26,80.0,train,Base_TC4,11782,OK,
/data/run01/scxk573/lsz/ysy/physicsnemo/data/dataset_springback_pair_Base_TC4_150/springback_pair_Base_TC4_sample_0026_085deg.npz,26,85.0,train,Base_TC4,11782,OK,
/data/run01/scxk573/lsz/ysy/physicsnemo/data/dataset_springback_pair_Base_TC4_150/springback_pair_Base_TC4_sample_0026_090deg.npz,26,90.0,train,Base_TC4,11782,OK,
/data/run01/scxk573/lsz/ysy/physicsnemo/data/dataset_springback_pair_Base_TC4_150/springback_pair_Base_TC4_sample_0026_095deg.npz,26,95.0,train,Base_TC4,11782,OK,
/data/run01/scxk573/lsz/ysy/physicsnemo/data/dataset_springback_pair_Base_TC4_150/springback_pair_Base_TC4_sample_0026_100deg.npz,26,100.0,train,Base_TC4,11782,OK,
/data/run01/scxk573/lsz/ysy/physicsnemo/data/dataset_springback_pair_Base_TC4_150/springback_pair_Base_TC4_sample_0026_105deg.npz,26,105.0,train,Base_TC4,11782,OK,
/data/run01/scxk573/lsz/ysy/physicsnemo/data/dataset_springback_pair_Base_TC4_150/springback_pair_Base_TC4_sample_0026_110deg.npz,26,110.0,train,Base_TC4,11782,OK,
/data/run01/scxk573/lsz/ysy/physicsnemo/data/dataset_springback_pair_Base_TC4_150/springback_pair_Base_TC4_sample_0026_115deg.npz,26,115.0,train,Base_TC4,11782,OK,
/data/run01/scxk573/lsz/ysy/physicsnemo/data/dataset_springback_pair_Base_TC4_150/springback_pair_Base_TC4_sample_0026_120deg.npz,26,120.0,train,Base_TC4,11782,OK,
/data/run01/scxk573/lsz/ysy/physicsnemo/data/dataset_springback_pair_Base_TC4_150/springback_pair_Base_TC4_sample_0026_125deg.npz,26,125.0,train,Base_TC4,11782,OK,
/data/run01/scxk573/lsz/ysy/physicsnemo/data/dataset_springback_pair_Base_TC4_150/springback_pair_Base_TC4_sample_0026_130deg.npz,26,130.0,train,Base_TC4,11782,OK,
/data/run01/scxk573/lsz/ysy/physicsnemo/data/dataset_springback_pair_Base_TC4_150/springback_pair_Base_TC4_sample_0026_135deg.npz,26,135.0,train,Base_TC4,11782,OK,
/data/run01/scxk573/lsz/ysy/physicsnemo/data/dataset_springback_pair_Base_TC4_150/springback_pair_Base_TC4_sample_0026_140deg.npz,26,140.0,train,Base_TC4,11782,OK,
/data/run01/scxk573/lsz/ysy/physicsnemo/data/dataset_springback_pair_Base_TC4_150/springback_pair_Base_TC4_sample_0026_145deg.npz,26,145.0,train,Base_TC4,11782,OK,
/data/run01/scxk573/lsz/ysy/physicsnemo/data/dataset_springback_pair_Base_TC4_150/springback_pair_Base_TC4_sample_0026_150deg.npz,26,150.0,train,Base_TC4,11782,OK,
/data/run01/scxk573/lsz/ysy/physicsnemo/data/dataset_springback_pair_Base_TC4_150/springback_pair_Base_TC4_sample_0026_155deg.npz,26,155.0,train,Base_TC4,11782,OK,
/data/run01/scxk573/lsz/ysy/physicsnemo/data/dataset_springback_pair_Base_TC4_150/springback_pair_Base_TC4_sample_0026_160deg.npz,26,160.0,train,Base_TC4,11782,OK,
/data/run01/scxk573/lsz/ysy/physicsnemo/data/dataset_springback_pair_Base_TC4_150/springback_pair_Base_TC4_sample_0026_165deg.npz,26,165.0,train,Base_TC4,11782,OK,
/data/run01/scxk573/lsz/ysy/physicsnemo/data/dataset_springback_pair_Base_TC4_150/springback_pair_Base_TC4_sample_0026_170deg.npz,26,170.0,train,Base_TC4,11782,OK,
/data/run01/scxk573/lsz/ysy/physicsnemo/data/dataset_springback_pair_Base_TC4_150/springback_pair_Base_TC4_sample_0026_175deg.npz,26,175.0,train,Base_TC4,11782,OK,
/data/run01/scxk573/lsz/ysy/physicsnemo/data/dataset_springback_pair_Base_TC4_150/springback_pair_Base_TC4_sample_0026_180deg.npz,26,180.0,train,Base_TC4,11782,OK,
/data/run01/scxk573/lsz/ysy/physicsnemo/data/dataset_springback_pair_Base_TC4_150/springback_pair_Base_TC4_sample_0027_005deg.npz,27,5.0,test,Base_TC4,6080,OK,
/data/run01/scxk573/lsz/ysy/physicsnemo/data/dataset_springback_pair_Base_TC4_150/springback_pair_Base_TC4_sample_0027_010deg.npz,27,10.0,test,Base_TC4,6080,OK,
/data/run01/scxk573/lsz/ysy/physicsnemo/data/dataset_springback_pair_Base_TC4_150/springback_pair_Base_TC4_sample_0027_015deg.npz,27,15.0,test,Base_TC4,6080,OK,
/data/run01/scxk573/lsz/ysy/physicsnemo/data/dataset_springback_pair_Base_TC4_150/springback_pair_Base_TC4_sample_0027_020deg.npz,27,20.0,test,Base_TC4,6080,OK,
/data/run01/scxk573/lsz/ysy/physicsnemo/data/dataset_springback_pair_Base_TC4_150/springback_pair_Base_TC4_sample_0027_025deg.npz,27,25.0,test,Base_TC4,6080,OK,
/data/run01/scxk573/lsz/ysy/physicsnemo/data/dataset_springback_pair_Base_TC4_150/springback_pair_Base_TC4_sample_0027_030deg.npz,27,30.0,test,Base_TC4,6080,OK,
/data/run01/scxk573/lsz/ysy/physicsnemo/data/dataset_springback_pair_Base_TC4_150/springback_pair_Base_TC4_sample_0027_035deg.npz,27,35.0,test,Base_TC4,6080,OK,
/data/run01/scxk573/lsz/ysy/physicsnemo/data/dataset_springback_pair_Base_TC4_150/springback_pair_Base_TC4_sample_0027_040deg.npz,27,40.0,test,Base_TC4,6080,OK,
/data/run01/scxk573/lsz/ysy/physicsnemo/data/dataset_springback_pair_Base_TC4_150/springback_pair_Base_TC4_sample_0027_045deg.npz,27,45.0,test,Base_TC4,6080,OK,
/data/run01/scxk573/lsz/ysy/physicsnemo/data/dataset_springback_pair_Base_TC4_150/springback_pair_Base_TC4_sample_0027_050deg.npz,27,50.0,test,Base_TC4,6080,OK,
/data/run01/scxk573/lsz/ysy/physicsnemo/data/dataset_springback_pair_Base_TC4_150/springback_pair_Base_TC4_sample_0027_055deg.npz,27,55.0,test,Base_TC4,6080,OK,
/data/run01/scxk573/lsz/ysy/physicsnemo/data/dataset_springback_pair_Base_TC4_150/springback_pair_Base_TC4_sample_0027_060deg.npz,27,60.0,test,Base_TC4,6080,OK,
/data/run01/scxk573/lsz/ysy/physicsnemo/data/dataset_springback_pair_Base_TC4_150/springback_pair_Base_TC4_sample_0027_065deg.npz,27,65.0,test,Base_TC4,6080,OK,
/data/run01/scxk573/lsz/ysy/physicsnemo/data/dataset_springback_pair_Base_TC4_150/springback_pair_Base_TC4_sample_0027_070deg.npz,27,70.0,test,Base_TC4,6080,OK,
/data/run01/scxk573/lsz/ysy/physicsnemo/data/dataset_springback_pair_Base_TC4_150/springback_pair_Base_TC4_sample_0027_075deg.npz,27,75.0,test,Base_TC4,6080,OK,
/data/run01/scxk573/lsz/ysy/physicsnemo/data/dataset_springback_pair_Base_TC4_150/springback_pair_Base_TC4_sample_0027_080deg.npz,27,80.0,test,Base_TC4,6080,OK,
/data/run01/scxk573/lsz/ysy/physicsnemo/data/dataset_springback_pair_Base_TC4_150/springback_pair_Base_TC4_sample_0027_085deg.npz,27,85.0,test,Base_TC4,6080,OK,
/data/run01/scxk573/lsz/ysy/physicsnemo/data/dataset_springback_pair_Base_TC4_150/springback_pair_Base_TC4_sample_0027_090deg.npz,27,90.0,test,Base_TC4,6080,OK,
/data/run01/scxk573/lsz/ysy/physicsnemo/data/dataset_springback_pair_Base_TC4_150/springback_pair_Base_TC4_sample_0027_095deg.npz,27,95.0,test,Base_TC4,6080,OK,
/data/run01/scxk573/lsz/ysy/physicsnemo/data/dataset_springback_pair_Base_TC4_150/springback_pair_Base_TC4_sample_0027_100deg.npz,27,100.0,test,Base_TC4,6080,OK,
/data/run01/scxk573/lsz/ysy/physicsnemo/data/dataset_springback_pair_Base_TC4_150/springback_pair_Base_TC4_sample_0027_105deg.npz,27,105.0,test,Base_TC4,6080,OK,
/data/run01/scxk573/lsz/ysy/physicsnemo/data/dataset_springback_pair_Base_TC4_150/springback_pair_Base_TC4_sample_0027_110deg.npz,27,110.0,test,Base_TC4,6080,OK,
/data/run01/scxk573/lsz/ysy/physicsnemo/data/dataset_springback_pair_Base_TC4_150/springback_pair_Base_TC4_sample_0027_115deg.npz,27,115.0,test,Base_TC4,6080,OK,
/data/run01/scxk573/lsz/ysy/physicsnemo/data/dataset_springback_pair_Base_TC4_150/springback_pair_Base_TC4_sample_0027_120deg.npz,27,120.0,test,Base_TC4,6080,OK,
/data/run01/scxk573/lsz/ysy/physicsnemo/data/dataset_springback_pair_Base_TC4_150/springback_pair_Base_TC4_sample_0027_125deg.npz,27,125.0,test,Base_TC4,6080,OK,
/data/run01/scxk573/lsz/ysy/physicsnemo/data/dataset_springback_pair_Base_TC4_150/springback_pair_Base_TC4_sample_0027_130deg.npz,27,130.0,test,Base_TC4,6080,OK,
/data/run01/scxk573/lsz/ysy/physicsnemo/data/dataset_springback_pair_Base_TC4_150/springback_pair_Base_TC4_sample_0027_135deg.npz,27,135.0,test,Base_TC4,6080,OK,
/data/run01/scxk573/lsz/ysy/physicsnemo/data/dataset_springback_pair_Base_TC4_150/springback_pair_Base_TC4_sample_0027_140deg.npz,27,140.0,test,Base_TC4,6080,OK,
/data/run01/scxk573/lsz/ysy/physicsnemo/data/dataset_springback_pair_Base_TC4_150/springback_pair_Base_TC4_sample_0027_145deg.npz,27,145.0,test,Base_TC4,6080,OK,
/data/run01/scxk573/lsz/ysy/physicsnemo/data/dataset_springback_pair_Base_TC4_150/springback_pair_Base_TC4_sample_0027_150deg.npz,27,150.0,test,Base_TC4,6080,OK,
/data/run01/scxk573/lsz/ysy/physicsnemo/data/dataset_springback_pair_Base_TC4_150/springback_pair_Base_TC4_sample_0027_155deg.npz,27,155.0,test,Base_TC4,6080,OK,
/data/run01/scxk573/lsz/ysy/physicsnemo/data/dataset_springback_pair_Base_TC4_150/springback_pair_Base_TC4_sample_0027_160deg.npz,27,160.0,test,Base_TC4,6080,OK,
/data/run01/scxk573/lsz/ysy/physicsnemo/data/dataset_springback_pair_Base_TC4_150/springback_pair_Base_TC4_sample_0027_165deg.npz,27,165.0,test,Base_TC4,6080,OK,
/data/run01/scxk573/lsz/ysy/physicsnemo/data/dataset_springback_pair_Base_TC4_150/springback_pair_Base_TC4_sample_0027_170deg.npz,27,170.0,test,Base_TC4,6080,OK,
/data/run01/scxk573/lsz/ysy/physicsnemo/data/dataset_springback_pair_Base_TC4_150/springback_pair_Base_TC4_sample_0027_175deg.npz,27,175.0,test,Base_TC4,6080,OK,
/data/run01/scxk573/lsz/ysy/physicsnemo/data/dataset_springback_pair_Base_TC4_150/springback_pair_Base_TC4_sample_0027_180deg.npz,27,180.0,test,Base_TC4,6080,OK,
/data/run01/scxk573/lsz/ysy/physicsnemo/data/dataset_springback_pair_Base_TC4_150/springback_pair_Base_TC4_sample_0028_005deg.npz,28,5.0,train,Base_TC4,10560,OK,
/data/run01/scxk573/lsz/ysy/physicsnemo/data/dataset_springback_pair_Base_TC4_150/springback_pair_Base_TC4_sample_0028_010deg.npz,28,10.0,train,Base_TC4,10560,OK,
/data/run01/scxk573/lsz/ysy/physicsnemo/data/dataset_springback_pair_Base_TC4_150/springback_pair_Base_TC4_sample_0028_015deg.npz,28,15.0,train,Base_TC4,10560,OK,
/data/run01/scxk573/lsz/ysy/physicsnemo/data/dataset_springback_pair_Base_TC4_150/springback_pair_Base_TC4_sample_0028_020deg.npz,28,20.0,train,Base_TC4,10560,OK,
/data/run01/scxk573/lsz/ysy/physicsnemo/data/dataset_springback_pair_Base_TC4_150/springback_pair_Base_TC4_sample_0028_025deg.npz,28,25.0,train,Base_TC4,10560,OK,
/data/run01/scxk573/lsz/ysy/physicsnemo/data/dataset_springback_pair_Base_TC4_150/springback_pair_Base_TC4_sample_0028_030deg.npz,28,30.0,train,Base_TC4,10560,OK,
/data/run01/scxk573/lsz/ysy/physicsnemo/data/dataset_springback_pair_Base_TC4_150/springback_pair_Base_TC4_sample_0028_035deg.npz,28,35.0,train,Base_TC4,10560,OK,
/data/run01/scxk573/lsz/ysy/physicsnemo/data/dataset_springback_pair_Base_TC4_150/springback_pair_Base_TC4_sample_0028_040deg.npz,28,40.0,train,Base_TC4,10560,OK,
/data/run01/scxk573/lsz/ysy/physicsnemo/data/dataset_springback_pair_Base_TC4_150/springback_pair_Base_TC4_sample_0028_045deg.npz,28,45.0,train,Base_TC4,10560,OK,
/data/run01/scxk573/lsz/ysy/physicsnemo/data/dataset_springback_pair_Base_TC4_150/springback_pair_Base_TC4_sample_0028_050deg.npz,28,50.0,train,Base_TC4,10560,OK,
/data/run01/scxk573/lsz/ysy/physicsnemo/data/dataset_springback_pair_Base_TC4_150/springback_pair_Base_TC4_sample_0028_055deg.npz,28,55.0,train,Base_TC4,10560,OK,
/data/run01/scxk573/lsz/ysy/physicsnemo/data/dataset_springback_pair_Base_TC4_150/springback_pair_Base_TC4_sample_0028_060deg.npz,28,60.0,train,Base_TC4,10560,OK,
/data/run01/scxk573/lsz/ysy/physicsnemo/data/dataset_springback_pair_Base_TC4_150/springback_pair_Base_TC4_sample_0028_065deg.npz,28,65.0,train,Base_TC4,10560,OK,
/data/run01/scxk573/lsz/ysy/physicsnemo/data/dataset_springback_pair_Base_TC4_150/springback_pair_Base_TC4_sample_0028_070deg.npz,28,70.0,train,Base_TC4,10560,OK,
/data/run01/scxk573/lsz/ysy/physicsnemo/data/dataset_springback_pair_Base_TC4_150/springback_pair_Base_TC4_sample_0028_075deg.npz,28,75.0,train,Base_TC4,10560,OK,
/data/run01/scxk573/lsz/ysy/physicsnemo/data/dataset_springback_pair_Base_TC4_150/springback_pair_Base_TC4_sample_0028_080deg.npz,28,80.0,train,Base_TC4,10560,OK,
/data/run01/scxk573/lsz/ysy/physicsnemo/data/dataset_springback_pair_Base_TC4_150/springback_pair_Base_TC4_sample_0028_085deg.npz,28,85.0,train,Base_TC4,10560,OK,
/data/run01/scxk573/lsz/ysy/physicsnemo/data/dataset_springback_pair_Base_TC4_150/springback_pair_Base_TC4_sample_0028_090deg.npz,28,90.0,train,Base_TC4,10560,OK,
/data/run01/scxk573/lsz/ysy/physicsnemo/data/dataset_springback_pair_Base_TC4_150/springback_pair_Base_TC4_sample_0028_095deg.npz,28,95.0,train,Base_TC4,10560,OK,
/data/run01/scxk573/lsz/ysy/physicsnemo/data/dataset_springback_pair_Base_TC4_150/springback_pair_Base_TC4_sample_0028_100deg.npz,28,100.0,train,Base_TC4,10560,OK,
/data/run01/scxk573/lsz/ysy/physicsnemo/data/dataset_springback_pair_Base_TC4_150/springback_pair_Base_TC4_sample_0028_105deg.npz,28,105.0,train,Base_TC4,10560,OK,
/data/run01/scxk573/lsz/ysy/physicsnemo/data/dataset_springback_pair_Base_TC4_150/springback_pair_Base_TC4_sample_0028_110deg.npz,28,110.0,train,Base_TC4,10560,OK,
/data/run01/scxk573/lsz/ysy/physicsnemo/data/dataset_springback_pair_Base_TC4_150/springback_pair_Base_TC4_sample_0028_115deg.npz,28,115.0,train,Base_TC4,10560,OK,
/data/run01/scxk573/lsz/ysy/physicsnemo/data/dataset_springback_pair_Base_TC4_150/springback_pair_Base_TC4_sample_0028_120deg.npz,28,120.0,train,Base_TC4,10560,OK,
/data/run01/scxk573/lsz/ysy/physicsnemo/data/dataset_springback_pair_Base_TC4_150/springback_pair_Base_TC4_sample_0028_125deg.npz,28,125.0,train,Base_TC4,10560,OK,
/data/run01/scxk573/lsz/ysy/physicsnemo/data/dataset_springback_pair_Base_TC4_150/springback_pair_Base_TC4_sample_0028_130deg.npz,28,130.0,train,Base_TC4,10560,OK,
/data/run01/scxk573/lsz/ysy/physicsnemo/data/dataset_springback_pair_Base_TC4_150/springback_pair_Base_TC4_sample_0028_135deg.npz,28,135.0,train,Base_TC4,10560,OK,
/data/run01/scxk573/lsz/ysy/physicsnemo/data/dataset_springback_pair_Base_TC4_150/springback_pair_Base_TC4_sample_0028_140deg.npz,28,140.0,train,Base_TC4,10560,OK,
/data/run01/scxk573/lsz/ysy/physicsnemo/data/dataset_springback_pair_Base_TC4_150/springback_pair_Base_TC4_sample_0028_145deg.npz,28,145.0,train,Base_TC4,10560,OK,
/data/run01/scxk573/lsz/ysy/physicsnemo/data/dataset_springback_pair_Base_TC4_150/springback_pair_Base_TC4_sample_0028_150deg.npz,28,150.0,train,Base_TC4,10560,OK,
/data/run01/scxk573/lsz/ysy/physicsnemo/data/dataset_springback_pair_Base_TC4_150/springback_pair_Base_TC4_sample_0028_155deg.npz,28,155.0,train,Base_TC4,10560,OK,
/data/run01/scxk573/lsz/ysy/physicsnemo/data/dataset_springback_pair_Base_TC4_150/springback_pair_Base_TC4_sample_0028_160deg.npz,28,160.0,train,Base_TC4,10560,OK,
/data/run01/scxk573/lsz/ysy/physicsnemo/data/dataset_springback_pair_Base_TC4_150/springback_pair_Base_TC4_sample_0028_165deg.npz,28,165.0,train,Base_TC4,10560,OK,
/data/run01/scxk573/lsz/ysy/physicsnemo/data/dataset_springback_pair_Base_TC4_150/springback_pair_Base_TC4_sample_0028_170deg.npz,28,170.0,train,Base_TC4,10560,OK,
/data/run01/scxk573/lsz/ysy/physicsnemo/data/dataset_springback_pair_Base_TC4_150/springback_pair_Base_TC4_sample_0028_175deg.npz,28,175.0,train,Base_TC4,10560,OK,
/data/run01/scxk573/lsz/ysy/physicsnemo/data/dataset_springback_pair_Base_TC4_150/springback_pair_Base_TC4_sample_0028_180deg.npz,28,180.0,train,Base_TC4,10560,OK,
/data/run01/scxk573/lsz/ysy/physicsnemo/data/dataset_springback_pair_Base_TC4_150/springback_pair_Base_TC4_sample_0029_005deg.npz,29,5.0,train,Base_TC4,13771,OK,
/data/run01/scxk573/lsz/ysy/physicsnemo/data/dataset_springback_pair_Base_TC4_150/springback_pair_Base_TC4_sample_0029_010deg.npz,29,10.0,train,Base_TC4,13771,OK,
/data/run01/scxk573/lsz/ysy/physicsnemo/data/dataset_springback_pair_Base_TC4_150/springback_pair_Base_TC4_sample_0029_015deg.npz,29,15.0,train,Base_TC4,13771,OK,
/data/run01/scxk573/lsz/ysy/physicsnemo/data/dataset_springback_pair_Base_TC4_150/springback_pair_Base_TC4_sample_0029_020deg.npz,29,20.0,train,Base_TC4,13771,OK,
/data/run01/scxk573/lsz/ysy/physicsnemo/data/dataset_springback_pair_Base_TC4_150/springback_pair_Base_TC4_sample_0029_025deg.npz,29,25.0,train,Base_TC4,13771,OK,
/data/run01/scxk573/lsz/ysy/physicsnemo/data/dataset_springback_pair_Base_TC4_150/springback_pair_Base_TC4_sample_0029_030deg.npz,29,30.0,train,Base_TC4,13771,OK,
/data/run01/scxk573/lsz/ysy/physicsnemo/data/dataset_springback_pair_Base_TC4_150/springback_pair_Base_TC4_sample_0029_035deg.npz,29,35.0,train,Base_TC4,13771,OK,
/data/run01/scxk573/lsz/ysy/physicsnemo/data/dataset_springback_pair_Base_TC4_150/springback_pair_Base_TC4_sample_0029_040deg.npz,29,40.0,train,Base_TC4,13771,OK,
/data/run01/scxk573/lsz/ysy/physicsnemo/data/dataset_springback_pair_Base_TC4_150/springback_pair_Base_TC4_sample_0029_045deg.npz,29,45.0,train,Base_TC4,13771,OK,
/data/run01/scxk573/lsz/ysy/physicsnemo/data/dataset_springback_pair_Base_TC4_150/springback_pair_Base_TC4_sample_0029_050deg.npz,29,50.0,train,Base_TC4,13771,OK,
/data/run01/scxk573/lsz/ysy/physicsnemo/data/dataset_springback_pair_Base_TC4_150/springback_pair_Base_TC4_sample_0029_055deg.npz,29,55.0,train,Base_TC4,13771,OK,
/data/run01/scxk573/lsz/ysy/physicsnemo/data/dataset_springback_pair_Base_TC4_150/springback_pair_Base_TC4_sample_0029_060deg.npz,29,60.0,train,Base_TC4,13771,OK,
/data/run01/scxk573/lsz/ysy/physicsnemo/data/dataset_springback_pair_Base_TC4_150/springback_pair_Base_TC4_sample_0029_065deg.npz,29,65.0,train,Base_TC4,13771,OK,
/data/run01/scxk573/lsz/ysy/physicsnemo/data/dataset_springback_pair_Base_TC4_150/springback_pair_Base_TC4_sample_0029_070deg.npz,29,70.0,train,Base_TC4,13771,OK,
/data/run01/scxk573/lsz/ysy/physicsnemo/data/dataset_springback_pair_Base_TC4_150/springback_pair_Base_TC4_sample_0029_075deg.npz,29,75.0,train,Base_TC4,13771,OK,
/data/run01/scxk573/lsz/ysy/physicsnemo/data/dataset_springback_pair_Base_TC4_150/springback_pair_Base_TC4_sample_0029_080deg.npz,29,80.0,train,Base_TC4,13771,OK,
/data/run01/scxk573/lsz/ysy/physicsnemo/data/dataset_springback_pair_Base_TC4_150/springback_pair_Base_TC4_sample_0029_085deg.npz,29,85.0,train,Base_TC4,13771,OK,
/data/run01/scxk573/lsz/ysy/physicsnemo/data/dataset_springback_pair_Base_TC4_150/springback_pair_Base_TC4_sample_0029_090deg.npz,29,90.0,train,Base_TC4,13771,OK,
/data/run01/scxk573/lsz/ysy/physicsnemo/data/dataset_springback_pair_Base_TC4_150/springback_pair_Base_TC4_sample_0029_095deg.npz,29,95.0,train,Base_TC4,13771,OK,
/data/run01/scxk573/lsz/ysy/physicsnemo/data/dataset_springback_pair_Base_TC4_150/springback_pair_Base_TC4_sample_0029_100deg.npz,29,100.0,train,Base_TC4,13771,OK,
/data/run01/scxk573/lsz/ysy/physicsnemo/data/dataset_springback_pair_Base_TC4_150/springback_pair_Base_TC4_sample_0029_105deg.npz,29,105.0,train,Base_TC4,13771,OK,
/data/run01/scxk573/lsz/ysy/physicsnemo/data/dataset_springback_pair_Base_TC4_150/springback_pair_Base_TC4_sample_0029_110deg.npz,29,110.0,train,Base_TC4,13771,OK,
/data/run01/scxk573/lsz/ysy/physicsnemo/data/dataset_springback_pair_Base_TC4_150/springback_pair_Base_TC4_sample_0029_115deg.npz,29,115.0,train,Base_TC4,13771,OK,
/data/run01/scxk573/lsz/ysy/physicsnemo/data/dataset_springback_pair_Base_TC4_150/springback_pair_Base_TC4_sample_0029_120deg.npz,29,120.0,train,Base_TC4,13771,OK,
/data/run01/scxk573/lsz/ysy/physicsnemo/data/dataset_springback_pair_Base_TC4_150/springback_pair_Base_TC4_sample_0029_125deg.npz,29,125.0,train,Base_TC4,13771,OK,
/data/run01/scxk573/lsz/ysy/physicsnemo/data/dataset_springback_pair_Base_TC4_150/springback_pair_Base_TC4_sample_0029_130deg.npz,29,130.0,train,Base_TC4,13771,OK,
/data/run01/scxk573/lsz/ysy/physicsnemo/data/dataset_springback_pair_Base_TC4_150/springback_pair_Base_TC4_sample_0029_135deg.npz,29,135.0,train,Base_TC4,13771,OK,
/data/run01/scxk573/lsz/ysy/physicsnemo/data/dataset_springback_pair_Base_TC4_150/springback_pair_Base_TC4_sample_0029_140deg.npz,29,140.0,train,Base_TC4,13771,OK,
/data/run01/scxk573/lsz/ysy/physicsnemo/data/dataset_springback_pair_Base_TC4_150/springback_pair_Base_TC4_sample_0029_145deg.npz,29,145.0,train,Base_TC4,13771,OK,
/data/run01/scxk573/lsz/ysy/physicsnemo/data/dataset_springback_pair_Base_TC4_150/springback_pair_Base_TC4_sample_0029_150deg.npz,29,150.0,train,Base_TC4,13771,OK,
/data/run01/scxk573/lsz/ysy/physicsnemo/data/dataset_springback_pair_Base_TC4_150/springback_pair_Base_TC4_sample_0029_155deg.npz,29,155.0,train,Base_TC4,13771,OK,
/data/run01/scxk573/lsz/ysy/physicsnemo/data/dataset_springback_pair_Base_TC4_150/springback_pair_Base_TC4_sample_0029_160deg.npz,29,160.0,train,Base_TC4,13771,OK,
/data/run01/scxk573/lsz/ysy/physicsnemo/data/dataset_springback_pair_Base_TC4_150/springback_pair_Base_TC4_sample_0029_165deg.npz,29,165.0,train,Base_TC4,13771,OK,
/data/run01/scxk573/lsz/ysy/physicsnemo/data/dataset_springback_pair_Base_TC4_150/springback_pair_Base_TC4_sample_0029_170deg.npz,29,170.0,train,Base_TC4,13771,OK,
/data/run01/scxk573/lsz/ysy/physicsnemo/data/dataset_springback_pair_Base_TC4_150/springback_pair_Base_TC4_sample_0029_175deg.npz,29,175.0,train,Base_TC4,13771,OK,
/data/run01/scxk573/lsz/ysy/physicsnemo/data/dataset_springback_pair_Base_TC4_150/springback_pair_Base_TC4_sample_0029_180deg.npz,29,180.0,train,Base_TC4,13771,OK,
/data/run01/scxk573/lsz/ysy/physicsnemo/data/dataset_springback_pair_Base_TC4_150/springback_pair_Base_TC4_sample_0030_005deg.npz,30,5.0,val,Base_TC4,4530,OK,
/data/run01/scxk573/lsz/ysy/physicsnemo/data/dataset_springback_pair_Base_TC4_150/springback_pair_Base_TC4_sample_0030_010deg.npz,30,10.0,val,Base_TC4,4530,OK,
/data/run01/scxk573/lsz/ysy/physicsnemo/data/dataset_springback_pair_Base_TC4_150/springback_pair_Base_TC4_sample_0030_015deg.npz,30,15.0,val,Base_TC4,4530,OK,
/data/run01/scxk573/lsz/ysy/physicsnemo/data/dataset_springback_pair_Base_TC4_150/springback_pair_Base_TC4_sample_0030_020deg.npz,30,20.0,val,Base_TC4,4530,OK,
/data/run01/scxk573/lsz/ysy/physicsnemo/data/dataset_springback_pair_Base_TC4_150/springback_pair_Base_TC4_sample_0030_025deg.npz,30,25.0,val,Base_TC4,4530,OK,
/data/run01/scxk573/lsz/ysy/physicsnemo/data/dataset_springback_pair_Base_TC4_150/springback_pair_Base_TC4_sample_0030_030deg.npz,30,30.0,val,Base_TC4,4530,OK,
/data/run01/scxk573/lsz/ysy/physicsnemo/data/dataset_springback_pair_Base_TC4_150/springback_pair_Base_TC4_sample_0030_035deg.npz,30,35.0,val,Base_TC4,4530,OK,
/data/run01/scxk573/lsz/ysy/physicsnemo/data/dataset_springback_pair_Base_TC4_150/springback_pair_Base_TC4_sample_0030_040deg.npz,30,40.0,val,Base_TC4,4530,OK,
/data/run01/scxk573/lsz/ysy/physicsnemo/data/dataset_springback_pair_Base_TC4_150/springback_pair_Base_TC4_sample_0030_045deg.npz,30,45.0,val,Base_TC4,4530,OK,
/data/run01/scxk573/lsz/ysy/physicsnemo/data/dataset_springback_pair_Base_TC4_150/springback_pair_Base_TC4_sample_0030_050deg.npz,30,50.0,val,Base_TC4,4530,OK,
/data/run01/scxk573/lsz/ysy/physicsnemo/data/dataset_springback_pair_Base_TC4_150/springback_pair_Base_TC4_sample_0030_055deg.npz,30,55.0,val,Base_TC4,4530,OK,
/data/run01/scxk573/lsz/ysy/physicsnemo/data/dataset_springback_pair_Base_TC4_150/springback_pair_Base_TC4_sample_0030_060deg.npz,30,60.0,val,Base_TC4,4530,OK,
/data/run01/scxk573/lsz/ysy/physicsnemo/data/dataset_springback_pair_Base_TC4_150/springback_pair_Base_TC4_sample_0030_065deg.npz,30,65.0,val,Base_TC4,4530,OK,
/data/run01/scxk573/lsz/ysy/physicsnemo/data/dataset_springback_pair_Base_TC4_150/springback_pair_Base_TC4_sample_0030_070deg.npz,30,70.0,val,Base_TC4,4530,OK,
/data/run01/scxk573/lsz/ysy/physicsnemo/data/dataset_springback_pair_Base_TC4_150/springback_pair_Base_TC4_sample_0030_075deg.npz,30,75.0,val,Base_TC4,4530,OK,
/data/run01/scxk573/lsz/ysy/physicsnemo/data/dataset_springback_pair_Base_TC4_150/springback_pair_Base_TC4_sample_0030_080deg.npz,30,80.0,val,Base_TC4,4530,OK,
/data/run01/scxk573/lsz/ysy/physicsnemo/data/dataset_springback_pair_Base_TC4_150/springback_pair_Base_TC4_sample_0030_085deg.npz,30,85.0,val,Base_TC4,4530,OK,
/data/run01/scxk573/lsz/ysy/physicsnemo/data/dataset_springback_pair_Base_TC4_150/springback_pair_Base_TC4_sample_0030_090deg.npz,30,90.0,val,Base_TC4,4530,OK,
/data/run01/scxk573/lsz/ysy/physicsnemo/data/dataset_springback_pair_Base_TC4_150/springback_pair_Base_TC4_sample_0030_095deg.npz,30,95.0,val,Base_TC4,4530,OK,
/data/run01/scxk573/lsz/ysy/physicsnemo/data/dataset_springback_pair_Base_TC4_150/springback_pair_Base_TC4_sample_0030_100deg.npz,30,100.0,val,Base_TC4,4530,OK,
/data/run01/scxk573/lsz/ysy/physicsnemo/data/dataset_springback_pair_Base_TC4_150/springback_pair_Base_TC4_sample_0030_105deg.npz,30,105.0,val,Base_TC4,4530,OK,
/data/run01/scxk573/lsz/ysy/physicsnemo/data/dataset_springback_pair_Base_TC4_150/springback_pair_Base_TC4_sample_0030_110deg.npz,30,110.0,val,Base_TC4,4530,OK,
/data/run01/scxk573/lsz/ysy/physicsnemo/data/dataset_springback_pair_Base_TC4_150/springback_pair_Base_TC4_sample_0030_115deg.npz,30,115.0,val,Base_TC4,4530,OK,
/data/run01/scxk573/lsz/ysy/physicsnemo/data/dataset_springback_pair_Base_TC4_150/springback_pair_Base_TC4_sample_0030_120deg.npz,30,120.0,val,Base_TC4,4530,OK,
/data/run01/scxk573/lsz/ysy/physicsnemo/data/dataset_springback_pair_Base_TC4_150/springback_pair_Base_TC4_sample_0030_125deg.npz,30,125.0,val,Base_TC4,4530,OK,
/data/run01/scxk573/lsz/ysy/physicsnemo/data/dataset_springback_pair_Base_TC4_150/springback_pair_Base_TC4_sample_0030_130deg.npz,30,130.0,val,Base_TC4,4530,OK,
/data/run01/scxk573/lsz/ysy/physicsnemo/data/dataset_springback_pair_Base_TC4_150/springback_pair_Base_TC4_sample_0030_135deg.npz,30,135.0,val,Base_TC4,4530,OK,
/data/run01/scxk573/lsz/ysy/physicsnemo/data/dataset_springback_pair_Base_TC4_150/springback_pair_Base_TC4_sample_0030_140deg.npz,30,140.0,val,Base_TC4,4530,OK,
/data/run01/scxk573/lsz/ysy/physicsnemo/data/dataset_springback_pair_Base_TC4_150/springback_pair_Base_TC4_sample_0030_145deg.npz,30,145.0,val,Base_TC4,4530,OK,
/data/run01/scxk573/lsz/ysy/physicsnemo/data/dataset_springback_pair_Base_TC4_150/springback_pair_Base_TC4_sample_0030_150deg.npz,30,150.0,val,Base_TC4,4530,OK,
/data/run01/scxk573/lsz/ysy/physicsnemo/data/dataset_springback_pair_Base_TC4_150/springback_pair_Base_TC4_sample_0030_155deg.npz,30,155.0,val,Base_TC4,4530,OK,
/data/run01/scxk573/lsz/ysy/physicsnemo/data/dataset_springback_pair_Base_TC4_150/springback_pair_Base_TC4_sample_0030_160deg.npz,30,160.0,val,Base_TC4,4530,OK,
/data/run01/scxk573/lsz/ysy/physicsnemo/data/dataset_springback_pair_Base_TC4_150/springback_pair_Base_TC4_sample_0030_165deg.npz,30,165.0,val,Base_TC4,4530,OK,
/data/run01/scxk573/lsz/ysy/physicsnemo/data/dataset_springback_pair_Base_TC4_150/springback_pair_Base_TC4_sample_0030_170deg.npz,30,170.0,val,Base_TC4,4530,OK,
/data/run01/scxk573/lsz/ysy/physicsnemo/data/dataset_springback_pair_Base_TC4_150/springback_pair_Base_TC4_sample_0030_175deg.npz,30,175.0,val,Base_TC4,4530,OK,
/data/run01/scxk573/lsz/ysy/physicsnemo/data/dataset_springback_pair_Base_TC4_150/springback_pair_Base_TC4_sample_0030_180deg.npz,30,180.0,val,Base_TC4,4530,OK,
/data/run01/scxk573/lsz/ysy/physicsnemo/data/dataset_springback_pair_Base_TC4_150/springback_pair_Base_TC4_sample_0031_005deg.npz,31,5.0,train,Base_TC4,15650,OK,
/data/run01/scxk573/lsz/ysy/physicsnemo/data/dataset_springback_pair_Base_TC4_150/springback_pair_Base_TC4_sample_0031_010deg.npz,31,10.0,train,Base_TC4,15650,OK,
/data/run01/scxk573/lsz/ysy/physicsnemo/data/dataset_springback_pair_Base_TC4_150/springback_pair_Base_TC4_sample_0031_015deg.npz,31,15.0,train,Base_TC4,15650,OK,
/data/run01/scxk573/lsz/ysy/physicsnemo/data/dataset_springback_pair_Base_TC4_150/springback_pair_Base_TC4_sample_0031_020deg.npz,31,20.0,train,Base_TC4,15650,OK,
/data/run01/scxk573/lsz/ysy/physicsnemo/data/dataset_springback_pair_Base_TC4_150/springback_pair_Base_TC4_sample_0031_025deg.npz,31,25.0,train,Base_TC4,15650,OK,
/data/run01/scxk573/lsz/ysy/physicsnemo/data/dataset_springback_pair_Base_TC4_150/springback_pair_Base_TC4_sample_0031_030deg.npz,31,30.0,train,Base_TC4,15650,OK,
/data/run01/scxk573/lsz/ysy/physicsnemo/data/dataset_springback_pair_Base_TC4_150/springback_pair_Base_TC4_sample_0031_035deg.npz,31,35.0,train,Base_TC4,15650,OK,
/data/run01/scxk573/lsz/ysy/physicsnemo/data/dataset_springback_pair_Base_TC4_150/springback_pair_Base_TC4_sample_0031_040deg.npz,31,40.0,train,Base_TC4,15650,OK,
/data/run01/scxk573/lsz/ysy/physicsnemo/data/dataset_springback_pair_Base_TC4_150/springback_pair_Base_TC4_sample_0031_045deg.npz,31,45.0,train,Base_TC4,15650,OK,
/data/run01/scxk573/lsz/ysy/physicsnemo/data/dataset_springback_pair_Base_TC4_150/springback_pair_Base_TC4_sample_0031_050deg.npz,31,50.0,train,Base_TC4,15650,OK,
/data/run01/scxk573/lsz/ysy/physicsnemo/data/dataset_springback_pair_Base_TC4_150/springback_pair_Base_TC4_sample_0031_055deg.npz,31,55.0,train,Base_TC4,15650,OK,
/data/run01/scxk573/lsz/ysy/physicsnemo/data/dataset_springback_pair_Base_TC4_150/springback_pair_Base_TC4_sample_0031_060deg.npz,31,60.0,train,Base_TC4,15650,OK,
/data/run01/scxk573/lsz/ysy/physicsnemo/data/dataset_springback_pair_Base_TC4_150/springback_pair_Base_TC4_sample_0031_065deg.npz,31,65.0,train,Base_TC4,15650,OK,
/data/run01/scxk573/lsz/ysy/physicsnemo/data/dataset_springback_pair_Base_TC4_150/springback_pair_Base_TC4_sample_0031_070deg.npz,31,70.0,train,Base_TC4,15650,OK,
/data/run01/scxk573/lsz/ysy/physicsnemo/data/dataset_springback_pair_Base_TC4_150/springback_pair_Base_TC4_sample_0031_075deg.npz,31,75.0,train,Base_TC4,15650,OK,
/data/run01/scxk573/lsz/ysy/physicsnemo/data/dataset_springback_pair_Base_TC4_150/springback_pair_Base_TC4_sample_0031_080deg.npz,31,80.0,train,Base_TC4,15650,OK,
/data/run01/scxk573/lsz/ysy/physicsnemo/data/dataset_springback_pair_Base_TC4_150/springback_pair_Base_TC4_sample_0031_085deg.npz,31,85.0,train,Base_TC4,15650,OK,
/data/run01/scxk573/lsz/ysy/physicsnemo/data/dataset_springback_pair_Base_TC4_150/springback_pair_Base_TC4_sample_0031_090deg.npz,31,90.0,train,Base_TC4,15650,OK,
/data/run01/scxk573/lsz/ysy/physicsnemo/data/dataset_springback_pair_Base_TC4_150/springback_pair_Base_TC4_sample_0031_095deg.npz,31,95.0,train,Base_TC4,15650,OK,
/data/run01/scxk573/lsz/ysy/physicsnemo/data/dataset_springback_pair_Base_TC4_150/springback_pair_Base_TC4_sample_0031_100deg.npz,31,100.0,train,Base_TC4,15650,OK,
/data/run01/scxk573/lsz/ysy/physicsnemo/data/dataset_springback_pair_Base_TC4_150/springback_pair_Base_TC4_sample_0031_105deg.npz,31,105.0,train,Base_TC4,15650,OK,
/data/run01/scxk573/lsz/ysy/physicsnemo/data/dataset_springback_pair_Base_TC4_150/springback_pair_Base_TC4_sample_0031_110deg.npz,31,110.0,train,Base_TC4,15650,OK,
/data/run01/scxk573/lsz/ysy/physicsnemo/data/dataset_springback_pair_Base_TC4_150/springback_pair_Base_TC4_sample_0031_115deg.npz,31,115.0,train,Base_TC4,15650,OK,
/data/run01/scxk573/lsz/ysy/physicsnemo/data/dataset_springback_pair_Base_TC4_150/springback_pair_Base_TC4_sample_0031_120deg.npz,31,120.0,train,Base_TC4,15650,OK,
/data/run01/scxk573/lsz/ysy/physicsnemo/data/dataset_springback_pair_Base_TC4_150/springback_pair_Base_TC4_sample_0031_125deg.npz,31,125.0,train,Base_TC4,15650,OK,
/data/run01/scxk573/lsz/ysy/physicsnemo/data/dataset_springback_pair_Base_TC4_150/springback_pair_Base_TC4_sample_0031_130deg.npz,31,130.0,train,Base_TC4,15650,OK,
/data/run01/scxk573/lsz/ysy/physicsnemo/data/dataset_springback_pair_Base_TC4_150/springback_pair_Base_TC4_sample_0031_135deg.npz,31,135.0,train,Base_TC4,15650,OK,
/data/run01/scxk573/lsz/ysy/physicsnemo/data/dataset_springback_pair_Base_TC4_150/springback_pair_Base_TC4_sample_0031_140deg.npz,31,140.0,train,Base_TC4,15650,OK,
/data/run01/scxk573/lsz/ysy/physicsnemo/data/dataset_springback_pair_Base_TC4_150/springback_pair_Base_TC4_sample_0031_145deg.npz,31,145.0,train,Base_TC4,15650,OK,
/data/run01/scxk573/lsz/ysy/physicsnemo/data/dataset_springback_pair_Base_TC4_150/springback_pair_Base_TC4_sample_0031_150deg.npz,31,150.0,train,Base_TC4,15650,OK,
/data/run01/scxk573/lsz/ysy/physicsnemo/data/dataset_springback_pair_Base_TC4_150/springback_pair_Base_TC4_sample_0031_155deg.npz,31,155.0,train,Base_TC4,15650,OK,
/data/run01/scxk573/lsz/ysy/physicsnemo/data/dataset_springback_pair_Base_TC4_150/springback_pair_Base_TC4_sample_0031_160deg.npz,31,160.0,train,Base_TC4,15650,OK,
/data/run01/scxk573/lsz/ysy/physicsnemo/data/dataset_springback_pair_Base_TC4_150/springback_pair_Base_TC4_sample_0031_165deg.npz,31,165.0,train,Base_TC4,15650,OK,
/data/run01/scxk573/lsz/ysy/physicsnemo/data/dataset_springback_pair_Base_TC4_150/springback_pair_Base_TC4_sample_0031_170deg.npz,31,170.0,train,Base_TC4,15650,OK,
/data/run01/scxk573/lsz/ysy/physicsnemo/data/dataset_springback_pair_Base_TC4_150/springback_pair_Base_TC4_sample_0031_175deg.npz,31,175.0,train,Base_TC4,15650,OK,
/data/run01/scxk573/lsz/ysy/physicsnemo/data/dataset_springback_pair_Base_TC4_150/springback_pair_Base_TC4_sample_0031_180deg.npz,31,180.0,train,Base_TC4,15650,OK,
/data/run01/scxk573/lsz/ysy/physicsnemo/data/dataset_springback_pair_Base_TC4_150/springback_pair_Base_TC4_sample_0032_005deg.npz,32,5.0,train,Base_TC4,13066,OK,
/data/run01/scxk573/lsz/ysy/physicsnemo/data/dataset_springback_pair_Base_TC4_150/springback_pair_Base_TC4_sample_0032_010deg.npz,32,10.0,train,Base_TC4,13066,OK,
/data/run01/scxk573/lsz/ysy/physicsnemo/data/dataset_springback_pair_Base_TC4_150/springback_pair_Base_TC4_sample_0032_015deg.npz,32,15.0,train,Base_TC4,13066,OK,
/data/run01/scxk573/lsz/ysy/physicsnemo/data/dataset_springback_pair_Base_TC4_150/springback_pair_Base_TC4_sample_0032_020deg.npz,32,20.0,train,Base_TC4,13066,OK,
/data/run01/scxk573/lsz/ysy/physicsnemo/data/dataset_springback_pair_Base_TC4_150/springback_pair_Base_TC4_sample_0032_025deg.npz,32,25.0,train,Base_TC4,13066,OK,
/data/run01/scxk573/lsz/ysy/physicsnemo/data/dataset_springback_pair_Base_TC4_150/springback_pair_Base_TC4_sample_0032_030deg.npz,32,30.0,train,Base_TC4,13066,OK,
/data/run01/scxk573/lsz/ysy/physicsnemo/data/dataset_springback_pair_Base_TC4_150/springback_pair_Base_TC4_sample_0032_035deg.npz,32,35.0,train,Base_TC4,13066,OK,
/data/run01/scxk573/lsz/ysy/physicsnemo/data/dataset_springback_pair_Base_TC4_150/springback_pair_Base_TC4_sample_0032_040deg.npz,32,40.0,train,Base_TC4,13066,OK,
/data/run01/scxk573/lsz/ysy/physicsnemo/data/dataset_springback_pair_Base_TC4_150/springback_pair_Base_TC4_sample_0032_045deg.npz,32,45.0,train,Base_TC4,13066,OK,
/data/run01/scxk573/lsz/ysy/physicsnemo/data/dataset_springback_pair_Base_TC4_150/springback_pair_Base_TC4_sample_0032_050deg.npz,32,50.0,train,Base_TC4,13066,OK,
/data/run01/scxk573/lsz/ysy/physicsnemo/data/dataset_springback_pair_Base_TC4_150/springback_pair_Base_TC4_sample_0032_055deg.npz,32,55.0,train,Base_TC4,13066,OK,
/data/run01/scxk573/lsz/ysy/physicsnemo/data/dataset_springback_pair_Base_TC4_150/springback_pair_Base_TC4_sample_0032_060deg.npz,32,60.0,train,Base_TC4,13066,OK,
/data/run01/scxk573/lsz/ysy/physicsnemo/data/dataset_springback_pair_Base_TC4_150/springback_pair_Base_TC4_sample_0032_065deg.npz,32,65.0,train,Base_TC4,13066,OK,
/data/run01/scxk573/lsz/ysy/physicsnemo/data/dataset_springback_pair_Base_TC4_150/springback_pair_Base_TC4_sample_0032_070deg.npz,32,70.0,train,Base_TC4,13066,OK,
/data/run01/scxk573/lsz/ysy/physicsnemo/data/dataset_springback_pair_Base_TC4_150/springback_pair_Base_TC4_sample_0032_075deg.npz,32,75.0,train,Base_TC4,13066,OK,
/data/run01/scxk573/lsz/ysy/physicsnemo/data/dataset_springback_pair_Base_TC4_150/springback_pair_Base_TC4_sample_0032_080deg.npz,32,80.0,train,Base_TC4,13066,OK,
/data/run01/scxk573/lsz/ysy/physicsnemo/data/dataset_springback_pair_Base_TC4_150/springback_pair_Base_TC4_sample_0032_085deg.npz,32,85.0,train,Base_TC4,13066,OK,
/data/run01/scxk573/lsz/ysy/physicsnemo/data/dataset_springback_pair_Base_TC4_150/springback_pair_Base_TC4_sample_0032_090deg.npz,32,90.0,train,Base_TC4,13066,OK,
/data/run01/scxk573/lsz/ysy/physicsnemo/data/dataset_springback_pair_Base_TC4_150/springback_pair_Base_TC4_sample_0032_095deg.npz,32,95.0,train,Base_TC4,13066,OK,
/data/run01/scxk573/lsz/ysy/physicsnemo/data/dataset_springback_pair_Base_TC4_150/springback_pair_Base_TC4_sample_0032_100deg.npz,32,100.0,train,Base_TC4,13066,OK,
/data/run01/scxk573/lsz/ysy/physicsnemo/data/dataset_springback_pair_Base_TC4_150/springback_pair_Base_TC4_sample_0032_105deg.npz,32,105.0,train,Base_TC4,13066,OK,
/data/run01/scxk573/lsz/ysy/physicsnemo/data/dataset_springback_pair_Base_TC4_150/springback_pair_Base_TC4_sample_0032_110deg.npz,32,110.0,train,Base_TC4,13066,OK,
/data/run01/scxk573/lsz/ysy/physicsnemo/data/dataset_springback_pair_Base_TC4_150/springback_pair_Base_TC4_sample_0032_115deg.npz,32,115.0,train,Base_TC4,13066,OK,
/data/run01/scxk573/lsz/ysy/physicsnemo/data/dataset_springback_pair_Base_TC4_150/springback_pair_Base_TC4_sample_0032_120deg.npz,32,120.0,train,Base_TC4,13066,OK,
/data/run01/scxk573/lsz/ysy/physicsnemo/data/dataset_springback_pair_Base_TC4_150/springback_pair_Base_TC4_sample_0032_125deg.npz,32,125.0,train,Base_TC4,13066,OK,
/data/run01/scxk573/lsz/ysy/physicsnemo/data/dataset_springback_pair_Base_TC4_150/springback_pair_Base_TC4_sample_0032_130deg.npz,32,130.0,train,Base_TC4,13066,OK,
/data/run01/scxk573/lsz/ysy/physicsnemo/data/dataset_springback_pair_Base_TC4_150/springback_pair_Base_TC4_sample_0032_135deg.npz,32,135.0,train,Base_TC4,13066,OK,
/data/run01/scxk573/lsz/ysy/physicsnemo/data/dataset_springback_pair_Base_TC4_150/springback_pair_Base_TC4_sample_0032_140deg.npz,32,140.0,train,Base_TC4,13066,OK,
/data/run01/scxk573/lsz/ysy/physicsnemo/data/dataset_springback_pair_Base_TC4_150/springback_pair_Base_TC4_sample_0032_145deg.npz,32,145.0,train,Base_TC4,13066,OK,
/data/run01/scxk573/lsz/ysy/physicsnemo/data/dataset_springback_pair_Base_TC4_150/springback_pair_Base_TC4_sample_0032_150deg.npz,32,150.0,train,Base_TC4,13066,OK,
/data/run01/scxk573/lsz/ysy/physicsnemo/data/dataset_springback_pair_Base_TC4_150/springback_pair_Base_TC4_sample_0032_155deg.npz,32,155.0,train,Base_TC4,13066,OK,
/data/run01/scxk573/lsz/ysy/physicsnemo/data/dataset_springback_pair_Base_TC4_150/springback_pair_Base_TC4_sample_0032_160deg.npz,32,160.0,train,Base_TC4,13066,OK,
/data/run01/scxk573/lsz/ysy/physicsnemo/data/dataset_springback_pair_Base_TC4_150/springback_pair_Base_TC4_sample_0032_165deg.npz,32,165.0,train,Base_TC4,13066,OK,
/data/run01/scxk573/lsz/ysy/physicsnemo/data/dataset_springback_pair_Base_TC4_150/springback_pair_Base_TC4_sample_0032_170deg.npz,32,170.0,train,Base_TC4,13066,OK,
/data/run01/scxk573/lsz/ysy/physicsnemo/data/dataset_springback_pair_Base_TC4_150/springback_pair_Base_TC4_sample_0032_175deg.npz,32,175.0,train,Base_TC4,13066,OK,
/data/run01/scxk573/lsz/ysy/physicsnemo/data/dataset_springback_pair_Base_TC4_150/springback_pair_Base_TC4_sample_0032_180deg.npz,32,180.0,train,Base_TC4,13066,OK,
/data/run01/scxk573/lsz/ysy/physicsnemo/data/dataset_springback_pair_Base_TC4_150/springback_pair_Base_TC4_sample_0033_005deg.npz,33,5.0,train,Base_TC4,12236,OK,
/data/run01/scxk573/lsz/ysy/physicsnemo/data/dataset_springback_pair_Base_TC4_150/springback_pair_Base_TC4_sample_0033_010deg.npz,33,10.0,train,Base_TC4,12236,OK,
/data/run01/scxk573/lsz/ysy/physicsnemo/data/dataset_springback_pair_Base_TC4_150/springback_pair_Base_TC4_sample_0033_015deg.npz,33,15.0,train,Base_TC4,12236,OK,
/data/run01/scxk573/lsz/ysy/physicsnemo/data/dataset_springback_pair_Base_TC4_150/springback_pair_Base_TC4_sample_0033_020deg.npz,33,20.0,train,Base_TC4,12236,OK,
/data/run01/scxk573/lsz/ysy/physicsnemo/data/dataset_springback_pair_Base_TC4_150/springback_pair_Base_TC4_sample_0033_025deg.npz,33,25.0,train,Base_TC4,12236,OK,
/data/run01/scxk573/lsz/ysy/physicsnemo/data/dataset_springback_pair_Base_TC4_150/springback_pair_Base_TC4_sample_0033_030deg.npz,33,30.0,train,Base_TC4,12236,OK,
/data/run01/scxk573/lsz/ysy/physicsnemo/data/dataset_springback_pair_Base_TC4_150/springback_pair_Base_TC4_sample_0033_035deg.npz,33,35.0,train,Base_TC4,12236,OK,
/data/run01/scxk573/lsz/ysy/physicsnemo/data/dataset_springback_pair_Base_TC4_150/springback_pair_Base_TC4_sample_0033_040deg.npz,33,40.0,train,Base_TC4,12236,OK,
/data/run01/scxk573/lsz/ysy/physicsnemo/data/dataset_springback_pair_Base_TC4_150/springback_pair_Base_TC4_sample_0033_045deg.npz,33,45.0,train,Base_TC4,12236,OK,
/data/run01/scxk573/lsz/ysy/physicsnemo/data/dataset_springback_pair_Base_TC4_150/springback_pair_Base_TC4_sample_0033_050deg.npz,33,50.0,train,Base_TC4,12236,OK,
/data/run01/scxk573/lsz/ysy/physicsnemo/data/dataset_springback_pair_Base_TC4_150/springback_pair_Base_TC4_sample_0033_055deg.npz,33,55.0,train,Base_TC4,12236,OK,
/data/run01/scxk573/lsz/ysy/physicsnemo/data/dataset_springback_pair_Base_TC4_150/springback_pair_Base_TC4_sample_0033_060deg.npz,33,60.0,train,Base_TC4,12236,OK,
/data/run01/scxk573/lsz/ysy/physicsnemo/data/dataset_springback_pair_Base_TC4_150/springback_pair_Base_TC4_sample_0033_065deg.npz,33,65.0,train,Base_TC4,12236,OK,
/data/run01/scxk573/lsz/ysy/physicsnemo/data/dataset_springback_pair_Base_TC4_150/springback_pair_Base_TC4_sample_0033_070deg.npz,33,70.0,train,Base_TC4,12236,OK,
/data/run01/scxk573/lsz/ysy/physicsnemo/data/dataset_springback_pair_Base_TC4_150/springback_pair_Base_TC4_sample_0033_075deg.npz,33,75.0,train,Base_TC4,12236,OK,
/data/run01/scxk573/lsz/ysy/physicsnemo/data/dataset_springback_pair_Base_TC4_150/springback_pair_Base_TC4_sample_0033_080deg.npz,33,80.0,train,Base_TC4,12236,OK,
/data/run01/scxk573/lsz/ysy/physicsnemo/data/dataset_springback_pair_Base_TC4_150/springback_pair_Base_TC4_sample_0033_085deg.npz,33,85.0,train,Base_TC4,12236,OK,
/data/run01/scxk573/lsz/ysy/physicsnemo/data/dataset_springback_pair_Base_TC4_150/springback_pair_Base_TC4_sample_0033_090deg.npz,33,90.0,train,Base_TC4,12236,OK,
/data/run01/scxk573/lsz/ysy/physicsnemo/data/dataset_springback_pair_Base_TC4_150/springback_pair_Base_TC4_sample_0033_095deg.npz,33,95.0,train,Base_TC4,12236,OK,
/data/run01/scxk573/lsz/ysy/physicsnemo/data/dataset_springback_pair_Base_TC4_150/springback_pair_Base_TC4_sample_0033_100deg.npz,33,100.0,train,Base_TC4,12236,OK,
/data/run01/scxk573/lsz/ysy/physicsnemo/data/dataset_springback_pair_Base_TC4_150/springback_pair_Base_TC4_sample_0033_105deg.npz,33,105.0,train,Base_TC4,12236,OK,
/data/run01/scxk573/lsz/ysy/physicsnemo/data/dataset_springback_pair_Base_TC4_150/springback_pair_Base_TC4_sample_0033_110deg.npz,33,110.0,train,Base_TC4,12236,OK,
/data/run01/scxk573/lsz/ysy/physicsnemo/data/dataset_springback_pair_Base_TC4_150/springback_pair_Base_TC4_sample_0033_115deg.npz,33,115.0,train,Base_TC4,12236,OK,
/data/run01/scxk573/lsz/ysy/physicsnemo/data/dataset_springback_pair_Base_TC4_150/springback_pair_Base_TC4_sample_0033_120deg.npz,33,120.0,train,Base_TC4,12236,OK,
/data/run01/scxk573/lsz/ysy/physicsnemo/data/dataset_springback_pair_Base_TC4_150/springback_pair_Base_TC4_sample_0033_125deg.npz,33,125.0,train,Base_TC4,12236,OK,
/data/run01/scxk573/lsz/ysy/physicsnemo/data/dataset_springback_pair_Base_TC4_150/springback_pair_Base_TC4_sample_0033_130deg.npz,33,130.0,train,Base_TC4,12236,OK,
/data/run01/scxk573/lsz/ysy/physicsnemo/data/dataset_springback_pair_Base_TC4_150/springback_pair_Base_TC4_sample_0033_135deg.npz,33,135.0,train,Base_TC4,12236,OK,
/data/run01/scxk573/lsz/ysy/physicsnemo/data/dataset_springback_pair_Base_TC4_150/springback_pair_Base_TC4_sample_0033_140deg.npz,33,140.0,train,Base_TC4,12236,OK,
/data/run01/scxk573/lsz/ysy/physicsnemo/data/dataset_springback_pair_Base_TC4_150/springback_pair_Base_TC4_sample_0033_145deg.npz,33,145.0,train,Base_TC4,12236,OK,
/data/run01/scxk573/lsz/ysy/physicsnemo/data/dataset_springback_pair_Base_TC4_150/springback_pair_Base_TC4_sample_0033_150deg.npz,33,150.0,train,Base_TC4,12236,OK,
/data/run01/scxk573/lsz/ysy/physicsnemo/data/dataset_springback_pair_Base_TC4_150/springback_pair_Base_TC4_sample_0033_155deg.npz,33,155.0,train,Base_TC4,12236,OK,
/data/run01/scxk573/lsz/ysy/physicsnemo/data/dataset_springback_pair_Base_TC4_150/springback_pair_Base_TC4_sample_0033_160deg.npz,33,160.0,train,Base_TC4,12236,OK,
/data/run01/scxk573/lsz/ysy/physicsnemo/data/dataset_springback_pair_Base_TC4_150/springback_pair_Base_TC4_sample_0033_165deg.npz,33,165.0,train,Base_TC4,12236,OK,
/data/run01/scxk573/lsz/ysy/physicsnemo/data/dataset_springback_pair_Base_TC4_150/springback_pair_Base_TC4_sample_0033_170deg.npz,33,170.0,train,Base_TC4,12236,OK,
/data/run01/scxk573/lsz/ysy/physicsnemo/data/dataset_springback_pair_Base_TC4_150/springback_pair_Base_TC4_sample_0033_175deg.npz,33,175.0,train,Base_TC4,12236,OK,
/data/run01/scxk573/lsz/ysy/physicsnemo/data/dataset_springback_pair_Base_TC4_150/springback_pair_Base_TC4_sample_0033_180deg.npz,33,180.0,train,Base_TC4,12236,OK,
/data/run01/scxk573/lsz/ysy/physicsnemo/data/dataset_springback_pair_Base_TC4_150/springback_pair_Base_TC4_sample_0034_005deg.npz,34,5.0,train,Base_TC4,13984,OK,
/data/run01/scxk573/lsz/ysy/physicsnemo/data/dataset_springback_pair_Base_TC4_150/springback_pair_Base_TC4_sample_0034_010deg.npz,34,10.0,train,Base_TC4,13984,OK,
/data/run01/scxk573/lsz/ysy/physicsnemo/data/dataset_springback_pair_Base_TC4_150/springback_pair_Base_TC4_sample_0034_015deg.npz,34,15.0,train,Base_TC4,13984,OK,
/data/run01/scxk573/lsz/ysy/physicsnemo/data/dataset_springback_pair_Base_TC4_150/springback_pair_Base_TC4_sample_0034_020deg.npz,34,20.0,train,Base_TC4,13984,OK,
/data/run01/scxk573/lsz/ysy/physicsnemo/data/dataset_springback_pair_Base_TC4_150/springback_pair_Base_TC4_sample_0034_025deg.npz,34,25.0,train,Base_TC4,13984,OK,
/data/run01/scxk573/lsz/ysy/physicsnemo/data/dataset_springback_pair_Base_TC4_150/springback_pair_Base_TC4_sample_0034_030deg.npz,34,30.0,train,Base_TC4,13984,OK,
/data/run01/scxk573/lsz/ysy/physicsnemo/data/dataset_springback_pair_Base_TC4_150/springback_pair_Base_TC4_sample_0034_035deg.npz,34,35.0,train,Base_TC4,13984,OK,
/data/run01/scxk573/lsz/ysy/physicsnemo/data/dataset_springback_pair_Base_TC4_150/springback_pair_Base_TC4_sample_0034_040deg.npz,34,40.0,train,Base_TC4,13984,OK,
/data/run01/scxk573/lsz/ysy/physicsnemo/data/dataset_springback_pair_Base_TC4_150/springback_pair_Base_TC4_sample_0034_045deg.npz,34,45.0,train,Base_TC4,13984,OK,
/data/run01/scxk573/lsz/ysy/physicsnemo/data/dataset_springback_pair_Base_TC4_150/springback_pair_Base_TC4_sample_0034_050deg.npz,34,50.0,train,Base_TC4,13984,OK,
/data/run01/scxk573/lsz/ysy/physicsnemo/data/dataset_springback_pair_Base_TC4_150/springback_pair_Base_TC4_sample_0034_055deg.npz,34,55.0,train,Base_TC4,13984,OK,
/data/run01/scxk573/lsz/ysy/physicsnemo/data/dataset_springback_pair_Base_TC4_150/springback_pair_Base_TC4_sample_0034_060deg.npz,34,60.0,train,Base_TC4,13984,OK,
/data/run01/scxk573/lsz/ysy/physicsnemo/data/dataset_springback_pair_Base_TC4_150/springback_pair_Base_TC4_sample_0034_065deg.npz,34,65.0,train,Base_TC4,13984,OK,
/data/run01/scxk573/lsz/ysy/physicsnemo/data/dataset_springback_pair_Base_TC4_150/springback_pair_Base_TC4_sample_0034_070deg.npz,34,70.0,train,Base_TC4,13984,OK,
/data/run01/scxk573/lsz/ysy/physicsnemo/data/dataset_springback_pair_Base_TC4_150/springback_pair_Base_TC4_sample_0034_075deg.npz,34,75.0,train,Base_TC4,13984,OK,
/data/run01/scxk573/lsz/ysy/physicsnemo/data/dataset_springback_pair_Base_TC4_150/springback_pair_Base_TC4_sample_0034_080deg.npz,34,80.0,train,Base_TC4,13984,OK,
/data/run01/scxk573/lsz/ysy/physicsnemo/data/dataset_springback_pair_Base_TC4_150/springback_pair_Base_TC4_sample_0034_085deg.npz,34,85.0,train,Base_TC4,13984,OK,
/data/run01/scxk573/lsz/ysy/physicsnemo/data/dataset_springback_pair_Base_TC4_150/springback_pair_Base_TC4_sample_0034_090deg.npz,34,90.0,train,Base_TC4,13984,OK,
/data/run01/scxk573/lsz/ysy/physicsnemo/data/dataset_springback_pair_Base_TC4_150/springback_pair_Base_TC4_sample_0034_095deg.npz,34,95.0,train,Base_TC4,13984,OK,
/data/run01/scxk573/lsz/ysy/physicsnemo/data/dataset_springback_pair_Base_TC4_150/springback_pair_Base_TC4_sample_0034_100deg.npz,34,100.0,train,Base_TC4,13984,OK,
/data/run01/scxk573/lsz/ysy/physicsnemo/data/dataset_springback_pair_Base_TC4_150/springback_pair_Base_TC4_sample_0034_105deg.npz,34,105.0,train,Base_TC4,13984,OK,
/data/run01/scxk573/lsz/ysy/physicsnemo/data/dataset_springback_pair_Base_TC4_150/springback_pair_Base_TC4_sample_0034_110deg.npz,34,110.0,train,Base_TC4,13984,OK,
/data/run01/scxk573/lsz/ysy/physicsnemo/data/dataset_springback_pair_Base_TC4_150/springback_pair_Base_TC4_sample_0034_115deg.npz,34,115.0,train,Base_TC4,13984,OK,
/data/run01/scxk573/lsz/ysy/physicsnemo/data/dataset_springback_pair_Base_TC4_150/springback_pair_Base_TC4_sample_0034_120deg.npz,34,120.0,train,Base_TC4,13984,OK,
/data/run01/scxk573/lsz/ysy/physicsnemo/data/dataset_springback_pair_Base_TC4_150/springback_pair_Base_TC4_sample_0034_125deg.npz,34,125.0,train,Base_TC4,13984,OK,
/data/run01/scxk573/lsz/ysy/physicsnemo/data/dataset_springback_pair_Base_TC4_150/springback_pair_Base_TC4_sample_0034_130deg.npz,34,130.0,train,Base_TC4,13984,OK,
/data/run01/scxk573/lsz/ysy/physicsnemo/data/dataset_springback_pair_Base_TC4_150/springback_pair_Base_TC4_sample_0034_135deg.npz,34,135.0,train,Base_TC4,13984,OK,
/data/run01/scxk573/lsz/ysy/physicsnemo/data/dataset_springback_pair_Base_TC4_150/springback_pair_Base_TC4_sample_0034_140deg.npz,34,140.0,train,Base_TC4,13984,OK,
/data/run01/scxk573/lsz/ysy/physicsnemo/data/dataset_springback_pair_Base_TC4_150/springback_pair_Base_TC4_sample_0034_145deg.npz,34,145.0,train,Base_TC4,13984,OK,
/data/run01/scxk573/lsz/ysy/physicsnemo/data/dataset_springback_pair_Base_TC4_150/springback_pair_Base_TC4_sample_0034_150deg.npz,34,150.0,train,Base_TC4,13984,OK,
/data/run01/scxk573/lsz/ysy/physicsnemo/data/dataset_springback_pair_Base_TC4_150/springback_pair_Base_TC4_sample_0034_155deg.npz,34,155.0,train,Base_TC4,13984,OK,
/data/run01/scxk573/lsz/ysy/physicsnemo/data/dataset_springback_pair_Base_TC4_150/springback_pair_Base_TC4_sample_0034_160deg.npz,34,160.0,train,Base_TC4,13984,OK,
/data/run01/scxk573/lsz/ysy/physicsnemo/data/dataset_springback_pair_Base_TC4_150/springback_pair_Base_TC4_sample_0034_165deg.npz,34,165.0,train,Base_TC4,13984,OK,
/data/run01/scxk573/lsz/ysy/physicsnemo/data/dataset_springback_pair_Base_TC4_150/springback_pair_Base_TC4_sample_0034_170deg.npz,34,170.0,train,Base_TC4,13984,OK,
/data/run01/scxk573/lsz/ysy/physicsnemo/data/dataset_springback_pair_Base_TC4_150/springback_pair_Base_TC4_sample_0034_175deg.npz,34,175.0,train,Base_TC4,13984,OK,
/data/run01/scxk573/lsz/ysy/physicsnemo/data/dataset_springback_pair_Base_TC4_150/springback_pair_Base_TC4_sample_0034_180deg.npz,34,180.0,train,Base_TC4,13984,OK,
/data/run01/scxk573/lsz/ysy/physicsnemo/data/dataset_springback_pair_Base_TC4_150/springback_pair_Base_TC4_sample_0035_005deg.npz,35,5.0,train,Base_TC4,3542,OK,
/data/run01/scxk573/lsz/ysy/physicsnemo/data/dataset_springback_pair_Base_TC4_150/springback_pair_Base_TC4_sample_0035_010deg.npz,35,10.0,train,Base_TC4,3542,OK,
/data/run01/scxk573/lsz/ysy/physicsnemo/data/dataset_springback_pair_Base_TC4_150/springback_pair_Base_TC4_sample_0035_015deg.npz,35,15.0,train,Base_TC4,3542,OK,
/data/run01/scxk573/lsz/ysy/physicsnemo/data/dataset_springback_pair_Base_TC4_150/springback_pair_Base_TC4_sample_0035_020deg.npz,35,20.0,train,Base_TC4,3542,OK,
/data/run01/scxk573/lsz/ysy/physicsnemo/data/dataset_springback_pair_Base_TC4_150/springback_pair_Base_TC4_sample_0035_025deg.npz,35,25.0,train,Base_TC4,3542,OK,
/data/run01/scxk573/lsz/ysy/physicsnemo/data/dataset_springback_pair_Base_TC4_150/springback_pair_Base_TC4_sample_0035_030deg.npz,35,30.0,train,Base_TC4,3542,OK,
/data/run01/scxk573/lsz/ysy/physicsnemo/data/dataset_springback_pair_Base_TC4_150/springback_pair_Base_TC4_sample_0035_035deg.npz,35,35.0,train,Base_TC4,3542,OK,
/data/run01/scxk573/lsz/ysy/physicsnemo/data/dataset_springback_pair_Base_TC4_150/springback_pair_Base_TC4_sample_0035_040deg.npz,35,40.0,train,Base_TC4,3542,OK,
/data/run01/scxk573/lsz/ysy/physicsnemo/data/dataset_springback_pair_Base_TC4_150/springback_pair_Base_TC4_sample_0035_045deg.npz,35,45.0,train,Base_TC4,3542,OK,
/data/run01/scxk573/lsz/ysy/physicsnemo/data/dataset_springback_pair_Base_TC4_150/springback_pair_Base_TC4_sample_0035_050deg.npz,35,50.0,train,Base_TC4,3542,OK,
/data/run01/scxk573/lsz/ysy/physicsnemo/data/dataset_springback_pair_Base_TC4_150/springback_pair_Base_TC4_sample_0035_055deg.npz,35,55.0,train,Base_TC4,3542,OK,
/data/run01/scxk573/lsz/ysy/physicsnemo/data/dataset_springback_pair_Base_TC4_150/springback_pair_Base_TC4_sample_0035_060deg.npz,35,60.0,train,Base_TC4,3542,OK,
/data/run01/scxk573/lsz/ysy/physicsnemo/data/dataset_springback_pair_Base_TC4_150/springback_pair_Base_TC4_sample_0035_065deg.npz,35,65.0,train,Base_TC4,3542,OK,
/data/run01/scxk573/lsz/ysy/physicsnemo/data/dataset_springback_pair_Base_TC4_150/springback_pair_Base_TC4_sample_0035_070deg.npz,35,70.0,train,Base_TC4,3542,OK,
/data/run01/scxk573/lsz/ysy/physicsnemo/data/dataset_springback_pair_Base_TC4_150/springback_pair_Base_TC4_sample_0035_075deg.npz,35,75.0,train,Base_TC4,3542,OK,
/data/run01/scxk573/lsz/ysy/physicsnemo/data/dataset_springback_pair_Base_TC4_150/springback_pair_Base_TC4_sample_0035_080deg.npz,35,80.0,train,Base_TC4,3542,OK,
/data/run01/scxk573/lsz/ysy/physicsnemo/data/dataset_springback_pair_Base_TC4_150/springback_pair_Base_TC4_sample_0035_085deg.npz,35,85.0,train,Base_TC4,3542,OK,
/data/run01/scxk573/lsz/ysy/physicsnemo/data/dataset_springback_pair_Base_TC4_150/springback_pair_Base_TC4_sample_0035_090deg.npz,35,90.0,train,Base_TC4,3542,OK,
/data/run01/scxk573/lsz/ysy/physicsnemo/data/dataset_springback_pair_Base_TC4_150/springback_pair_Base_TC4_sample_0035_095deg.npz,35,95.0,train,Base_TC4,3542,OK,
/data/run01/scxk573/lsz/ysy/physicsnemo/data/dataset_springback_pair_Base_TC4_150/springback_pair_Base_TC4_sample_0035_100deg.npz,35,100.0,train,Base_TC4,3542,OK,
/data/run01/scxk573/lsz/ysy/physicsnemo/data/dataset_springback_pair_Base_TC4_150/springback_pair_Base_TC4_sample_0035_105deg.npz,35,105.0,train,Base_TC4,3542,OK,
/data/run01/scxk573/lsz/ysy/physicsnemo/data/dataset_springback_pair_Base_TC4_150/springback_pair_Base_TC4_sample_0035_110deg.npz,35,110.0,train,Base_TC4,3542,OK,
/data/run01/scxk573/lsz/ysy/physicsnemo/data/dataset_springback_pair_Base_TC4_150/springback_pair_Base_TC4_sample_0035_115deg.npz,35,115.0,train,Base_TC4,3542,OK,
/data/run01/scxk573/lsz/ysy/physicsnemo/data/dataset_springback_pair_Base_TC4_150/springback_pair_Base_TC4_sample_0035_120deg.npz,35,120.0,train,Base_TC4,3542,OK,
/data/run01/scxk573/lsz/ysy/physicsnemo/data/dataset_springback_pair_Base_TC4_150/springback_pair_Base_TC4_sample_0035_125deg.npz,35,125.0,train,Base_TC4,3542,OK,
/data/run01/scxk573/lsz/ysy/physicsnemo/data/dataset_springback_pair_Base_TC4_150/springback_pair_Base_TC4_sample_0035_130deg.npz,35,130.0,train,Base_TC4,3542,OK,
/data/run01/scxk573/lsz/ysy/physicsnemo/data/dataset_springback_pair_Base_TC4_150/springback_pair_Base_TC4_sample_0035_135deg.npz,35,135.0,train,Base_TC4,3542,OK,
/data/run01/scxk573/lsz/ysy/physicsnemo/data/dataset_springback_pair_Base_TC4_150/springback_pair_Base_TC4_sample_0035_140deg.npz,35,140.0,train,Base_TC4,3542,OK,
/data/run01/scxk573/lsz/ysy/physicsnemo/data/dataset_springback_pair_Base_TC4_150/springback_pair_Base_TC4_sample_0035_145deg.npz,35,145.0,train,Base_TC4,3542,OK,
/data/run01/scxk573/lsz/ysy/physicsnemo/data/dataset_springback_pair_Base_TC4_150/springback_pair_Base_TC4_sample_0035_150deg.npz,35,150.0,train,Base_TC4,3542,OK,
/data/run01/scxk573/lsz/ysy/physicsnemo/data/dataset_springback_pair_Base_TC4_150/springback_pair_Base_TC4_sample_0035_155deg.npz,35,155.0,train,Base_TC4,3542,OK,
/data/run01/scxk573/lsz/ysy/physicsnemo/data/dataset_springback_pair_Base_TC4_150/springback_pair_Base_TC4_sample_0035_160deg.npz,35,160.0,train,Base_TC4,3542,OK,
/data/run01/scxk573/lsz/ysy/physicsnemo/data/dataset_springback_pair_Base_TC4_150/springback_pair_Base_TC4_sample_0035_165deg.npz,35,165.0,train,Base_TC4,3542,OK,
/data/run01/scxk573/lsz/ysy/physicsnemo/data/dataset_springback_pair_Base_TC4_150/springback_pair_Base_TC4_sample_0035_170deg.npz,35,170.0,train,Base_TC4,3542,OK,
/data/run01/scxk573/lsz/ysy/physicsnemo/data/dataset_springback_pair_Base_TC4_150/springback_pair_Base_TC4_sample_0035_175deg.npz,35,175.0,train,Base_TC4,3542,OK,
/data/run01/scxk573/lsz/ysy/physicsnemo/data/dataset_springback_pair_Base_TC4_150/springback_pair_Base_TC4_sample_0035_180deg.npz,35,180.0,train,Base_TC4,3542,OK,
/data/run01/scxk573/lsz/ysy/physicsnemo/data/dataset_springback_pair_Base_TC4_150/springback_pair_Base_TC4_sample_0036_005deg.npz,36,5.0,val,Base_TC4,1760,OK,
/data/run01/scxk573/lsz/ysy/physicsnemo/data/dataset_springback_pair_Base_TC4_150/springback_pair_Base_TC4_sample_0036_010deg.npz,36,10.0,val,Base_TC4,1760,OK,
/data/run01/scxk573/lsz/ysy/physicsnemo/data/dataset_springback_pair_Base_TC4_150/springback_pair_Base_TC4_sample_0036_015deg.npz,36,15.0,val,Base_TC4,1760,OK,
/data/run01/scxk573/lsz/ysy/physicsnemo/data/dataset_springback_pair_Base_TC4_150/springback_pair_Base_TC4_sample_0036_020deg.npz,36,20.0,val,Base_TC4,1760,OK,
/data/run01/scxk573/lsz/ysy/physicsnemo/data/dataset_springback_pair_Base_TC4_150/springback_pair_Base_TC4_sample_0036_025deg.npz,36,25.0,val,Base_TC4,1760,OK,
/data/run01/scxk573/lsz/ysy/physicsnemo/data/dataset_springback_pair_Base_TC4_150/springback_pair_Base_TC4_sample_0036_030deg.npz,36,30.0,val,Base_TC4,1760,OK,
/data/run01/scxk573/lsz/ysy/physicsnemo/data/dataset_springback_pair_Base_TC4_150/springback_pair_Base_TC4_sample_0036_035deg.npz,36,35.0,val,Base_TC4,1760,OK,
/data/run01/scxk573/lsz/ysy/physicsnemo/data/dataset_springback_pair_Base_TC4_150/springback_pair_Base_TC4_sample_0036_040deg.npz,36,40.0,val,Base_TC4,1760,OK,
/data/run01/scxk573/lsz/ysy/physicsnemo/data/dataset_springback_pair_Base_TC4_150/springback_pair_Base_TC4_sample_0036_045deg.npz,36,45.0,val,Base_TC4,1760,OK,
/data/run01/scxk573/lsz/ysy/physicsnemo/data/dataset_springback_pair_Base_TC4_150/springback_pair_Base_TC4_sample_0036_050deg.npz,36,50.0,val,Base_TC4,1760,OK,
/data/run01/scxk573/lsz/ysy/physicsnemo/data/dataset_springback_pair_Base_TC4_150/springback_pair_Base_TC4_sample_0036_055deg.npz,36,55.0,val,Base_TC4,1760,OK,
/data/run01/scxk573/lsz/ysy/physicsnemo/data/dataset_springback_pair_Base_TC4_150/springback_pair_Base_TC4_sample_0036_060deg.npz,36,60.0,val,Base_TC4,1760,OK,
/data/run01/scxk573/lsz/ysy/physicsnemo/data/dataset_springback_pair_Base_TC4_150/springback_pair_Base_TC4_sample_0036_065deg.npz,36,65.0,val,Base_TC4,1760,OK,
/data/run01/scxk573/lsz/ysy/physicsnemo/data/dataset_springback_pair_Base_TC4_150/springback_pair_Base_TC4_sample_0036_070deg.npz,36,70.0,val,Base_TC4,1760,OK,
/data/run01/scxk573/lsz/ysy/physicsnemo/data/dataset_springback_pair_Base_TC4_150/springback_pair_Base_TC4_sample_0036_075deg.npz,36,75.0,val,Base_TC4,1760,OK,
/data/run01/scxk573/lsz/ysy/physicsnemo/data/dataset_springback_pair_Base_TC4_150/springback_pair_Base_TC4_sample_0036_080deg.npz,36,80.0,val,Base_TC4,1760,OK,
/data/run01/scxk573/lsz/ysy/physicsnemo/data/dataset_springback_pair_Base_TC4_150/springback_pair_Base_TC4_sample_0036_085deg.npz,36,85.0,val,Base_TC4,1760,OK,
/data/run01/scxk573/lsz/ysy/physicsnemo/data/dataset_springback_pair_Base_TC4_150/springback_pair_Base_TC4_sample_0036_090deg.npz,36,90.0,val,Base_TC4,1760,OK,
/data/run01/scxk573/lsz/ysy/physicsnemo/data/dataset_springback_pair_Base_TC4_150/springback_pair_Base_TC4_sample_0036_095deg.npz,36,95.0,val,Base_TC4,1760,OK,
/data/run01/scxk573/lsz/ysy/physicsnemo/data/dataset_springback_pair_Base_TC4_150/springback_pair_Base_TC4_sample_0036_100deg.npz,36,100.0,val,Base_TC4,1760,OK,
/data/run01/scxk573/lsz/ysy/physicsnemo/data/dataset_springback_pair_Base_TC4_150/springback_pair_Base_TC4_sample_0036_105deg.npz,36,105.0,val,Base_TC4,1760,OK,
/data/run01/scxk573/lsz/ysy/physicsnemo/data/dataset_springback_pair_Base_TC4_150/springback_pair_Base_TC4_sample_0036_110deg.npz,36,110.0,val,Base_TC4,1760,OK,
/data/run01/scxk573/lsz/ysy/physicsnemo/data/dataset_springback_pair_Base_TC4_150/springback_pair_Base_TC4_sample_0036_115deg.npz,36,115.0,val,Base_TC4,1760,OK,
/data/run01/scxk573/lsz/ysy/physicsnemo/data/dataset_springback_pair_Base_TC4_150/springback_pair_Base_TC4_sample_0036_120deg.npz,36,120.0,val,Base_TC4,1760,OK,
/data/run01/scxk573/lsz/ysy/physicsnemo/data/dataset_springback_pair_Base_TC4_150/springback_pair_Base_TC4_sample_0036_125deg.npz,36,125.0,val,Base_TC4,1760,OK,
/data/run01/scxk573/lsz/ysy/physicsnemo/data/dataset_springback_pair_Base_TC4_150/springback_pair_Base_TC4_sample_0036_130deg.npz,36,130.0,val,Base_TC4,1760,OK,
/data/run01/scxk573/lsz/ysy/physicsnemo/data/dataset_springback_pair_Base_TC4_150/springback_pair_Base_TC4_sample_0036_135deg.npz,36,135.0,val,Base_TC4,1760,OK,
/data/run01/scxk573/lsz/ysy/physicsnemo/data/dataset_springback_pair_Base_TC4_150/springback_pair_Base_TC4_sample_0036_140deg.npz,36,140.0,val,Base_TC4,1760,OK,
/data/run01/scxk573/lsz/ysy/physicsnemo/data/dataset_springback_pair_Base_TC4_150/springback_pair_Base_TC4_sample_0036_145deg.npz,36,145.0,val,Base_TC4,1760,OK,
/data/run01/scxk573/lsz/ysy/physicsnemo/data/dataset_springback_pair_Base_TC4_150/springback_pair_Base_TC4_sample_0036_150deg.npz,36,150.0,val,Base_TC4,1760,OK,
/data/run01/scxk573/lsz/ysy/physicsnemo/data/dataset_springback_pair_Base_TC4_150/springback_pair_Base_TC4_sample_0036_155deg.npz,36,155.0,val,Base_TC4,1760,OK,
/data/run01/scxk573/lsz/ysy/physicsnemo/data/dataset_springback_pair_Base_TC4_150/springback_pair_Base_TC4_sample_0036_160deg.npz,36,160.0,val,Base_TC4,1760,OK,
/data/run01/scxk573/lsz/ysy/physicsnemo/data/dataset_springback_pair_Base_TC4_150/springback_pair_Base_TC4_sample_0036_165deg.npz,36,165.0,val,Base_TC4,1760,OK,
/data/run01/scxk573/lsz/ysy/physicsnemo/data/dataset_springback_pair_Base_TC4_150/springback_pair_Base_TC4_sample_0036_170deg.npz,36,170.0,val,Base_TC4,1760,OK,
/data/run01/scxk573/lsz/ysy/physicsnemo/data/dataset_springback_pair_Base_TC4_150/springback_pair_Base_TC4_sample_0036_175deg.npz,36,175.0,val,Base_TC4,1760,OK,
/data/run01/scxk573/lsz/ysy/physicsnemo/data/dataset_springback_pair_Base_TC4_150/springback_pair_Base_TC4_sample_0036_180deg.npz,36,180.0,val,Base_TC4,1760,OK,
/data/run01/scxk573/lsz/ysy/physicsnemo/data/dataset_springback_pair_Base_TC4_150/springback_pair_Base_TC4_sample_0037_005deg.npz,37,5.0,train,Base_TC4,21360,OK,
/data/run01/scxk573/lsz/ysy/physicsnemo/data/dataset_springback_pair_Base_TC4_150/springback_pair_Base_TC4_sample_0037_010deg.npz,37,10.0,train,Base_TC4,21360,OK,
/data/run01/scxk573/lsz/ysy/physicsnemo/data/dataset_springback_pair_Base_TC4_150/springback_pair_Base_TC4_sample_0037_015deg.npz,37,15.0,train,Base_TC4,21360,OK,
/data/run01/scxk573/lsz/ysy/physicsnemo/data/dataset_springback_pair_Base_TC4_150/springback_pair_Base_TC4_sample_0037_020deg.npz,37,20.0,train,Base_TC4,21360,OK,
/data/run01/scxk573/lsz/ysy/physicsnemo/data/dataset_springback_pair_Base_TC4_150/springback_pair_Base_TC4_sample_0037_025deg.npz,37,25.0,train,Base_TC4,21360,OK,
/data/run01/scxk573/lsz/ysy/physicsnemo/data/dataset_springback_pair_Base_TC4_150/springback_pair_Base_TC4_sample_0037_030deg.npz,37,30.0,train,Base_TC4,21360,OK,
/data/run01/scxk573/lsz/ysy/physicsnemo/data/dataset_springback_pair_Base_TC4_150/springback_pair_Base_TC4_sample_0037_035deg.npz,37,35.0,train,Base_TC4,21360,OK,
/data/run01/scxk573/lsz/ysy/physicsnemo/data/dataset_springback_pair_Base_TC4_150/springback_pair_Base_TC4_sample_0037_040deg.npz,37,40.0,train,Base_TC4,21360,OK,
/data/run01/scxk573/lsz/ysy/physicsnemo/data/dataset_springback_pair_Base_TC4_150/springback_pair_Base_TC4_sample_0037_045deg.npz,37,45.0,train,Base_TC4,21360,OK,
/data/run01/scxk573/lsz/ysy/physicsnemo/data/dataset_springback_pair_Base_TC4_150/springback_pair_Base_TC4_sample_0037_050deg.npz,37,50.0,train,Base_TC4,21360,OK,
/data/run01/scxk573/lsz/ysy/physicsnemo/data/dataset_springback_pair_Base_TC4_150/springback_pair_Base_TC4_sample_0037_055deg.npz,37,55.0,train,Base_TC4,21360,OK,
/data/run01/scxk573/lsz/ysy/physicsnemo/data/dataset_springback_pair_Base_TC4_150/springback_pair_Base_TC4_sample_0037_060deg.npz,37,60.0,train,Base_TC4,21360,OK,
/data/run01/scxk573/lsz/ysy/physicsnemo/data/dataset_springback_pair_Base_TC4_150/springback_pair_Base_TC4_sample_0037_065deg.npz,37,65.0,train,Base_TC4,21360,OK,
/data/run01/scxk573/lsz/ysy/physicsnemo/data/dataset_springback_pair_Base_TC4_150/springback_pair_Base_TC4_sample_0037_070deg.npz,37,70.0,train,Base_TC4,21360,OK,
/data/run01/scxk573/lsz/ysy/physicsnemo/data/dataset_springback_pair_Base_TC4_150/springback_pair_Base_TC4_sample_0037_075deg.npz,37,75.0,train,Base_TC4,21360,OK,
/data/run01/scxk573/lsz/ysy/physicsnemo/data/dataset_springback_pair_Base_TC4_150/springback_pair_Base_TC4_sample_0037_080deg.npz,37,80.0,train,Base_TC4,21360,OK,
/data/run01/scxk573/lsz/ysy/physicsnemo/data/dataset_springback_pair_Base_TC4_150/springback_pair_Base_TC4_sample_0037_085deg.npz,37,85.0,train,Base_TC4,21360,OK,
/data/run01/scxk573/lsz/ysy/physicsnemo/data/dataset_springback_pair_Base_TC4_150/springback_pair_Base_TC4_sample_0037_090deg.npz,37,90.0,train,Base_TC4,21360,OK,
/data/run01/scxk573/lsz/ysy/physicsnemo/data/dataset_springback_pair_Base_TC4_150/springback_pair_Base_TC4_sample_0037_095deg.npz,37,95.0,train,Base_TC4,21360,OK,
/data/run01/scxk573/lsz/ysy/physicsnemo/data/dataset_springback_pair_Base_TC4_150/springback_pair_Base_TC4_sample_0037_100deg.npz,37,100.0,train,Base_TC4,21360,OK,
/data/run01/scxk573/lsz/ysy/physicsnemo/data/dataset_springback_pair_Base_TC4_150/springback_pair_Base_TC4_sample_0037_105deg.npz,37,105.0,train,Base_TC4,21360,OK,
/data/run01/scxk573/lsz/ysy/physicsnemo/data/dataset_springback_pair_Base_TC4_150/springback_pair_Base_TC4_sample_0037_110deg.npz,37,110.0,train,Base_TC4,21360,OK,
/data/run01/scxk573/lsz/ysy/physicsnemo/data/dataset_springback_pair_Base_TC4_150/springback_pair_Base_TC4_sample_0037_115deg.npz,37,115.0,train,Base_TC4,21360,OK,
/data/run01/scxk573/lsz/ysy/physicsnemo/data/dataset_springback_pair_Base_TC4_150/springback_pair_Base_TC4_sample_0037_120deg.npz,37,120.0,train,Base_TC4,21360,OK,
/data/run01/scxk573/lsz/ysy/physicsnemo/data/dataset_springback_pair_Base_TC4_150/springback_pair_Base_TC4_sample_0037_125deg.npz,37,125.0,train,Base_TC4,21360,OK,
/data/run01/scxk573/lsz/ysy/physicsnemo/data/dataset_springback_pair_Base_TC4_150/springback_pair_Base_TC4_sample_0037_130deg.npz,37,130.0,train,Base_TC4,21360,OK,
/data/run01/scxk573/lsz/ysy/physicsnemo/data/dataset_springback_pair_Base_TC4_150/springback_pair_Base_TC4_sample_0037_135deg.npz,37,135.0,train,Base_TC4,21360,OK,
/data/run01/scxk573/lsz/ysy/physicsnemo/data/dataset_springback_pair_Base_TC4_150/springback_pair_Base_TC4_sample_0037_140deg.npz,37,140.0,train,Base_TC4,21360,OK,
/data/run01/scxk573/lsz/ysy/physicsnemo/data/dataset_springback_pair_Base_TC4_150/springback_pair_Base_TC4_sample_0037_145deg.npz,37,145.0,train,Base_TC4,21360,OK,
/data/run01/scxk573/lsz/ysy/physicsnemo/data/dataset_springback_pair_Base_TC4_150/springback_pair_Base_TC4_sample_0037_150deg.npz,37,150.0,train,Base_TC4,21360,OK,
/data/run01/scxk573/lsz/ysy/physicsnemo/data/dataset_springback_pair_Base_TC4_150/springback_pair_Base_TC4_sample_0037_155deg.npz,37,155.0,train,Base_TC4,21360,OK,
/data/run01/scxk573/lsz/ysy/physicsnemo/data/dataset_springback_pair_Base_TC4_150/springback_pair_Base_TC4_sample_0037_160deg.npz,37,160.0,train,Base_TC4,21360,OK,
/data/run01/scxk573/lsz/ysy/physicsnemo/data/dataset_springback_pair_Base_TC4_150/springback_pair_Base_TC4_sample_0037_165deg.npz,37,165.0,train,Base_TC4,21360,OK,
/data/run01/scxk573/lsz/ysy/physicsnemo/data/dataset_springback_pair_Base_TC4_150/springback_pair_Base_TC4_sample_0037_170deg.npz,37,170.0,train,Base_TC4,21360,OK,
/data/run01/scxk573/lsz/ysy/physicsnemo/data/dataset_springback_pair_Base_TC4_150/springback_pair_Base_TC4_sample_0037_175deg.npz,37,175.0,train,Base_TC4,21360,OK,
/data/run01/scxk573/lsz/ysy/physicsnemo/data/dataset_springback_pair_Base_TC4_150/springback_pair_Base_TC4_sample_0037_180deg.npz,37,180.0,train,Base_TC4,21360,OK,
/data/run01/scxk573/lsz/ysy/physicsnemo/data/dataset_springback_pair_Base_TC4_150/springback_pair_Base_TC4_sample_0038_005deg.npz,38,5.0,train,Base_TC4,5220,OK,
/data/run01/scxk573/lsz/ysy/physicsnemo/data/dataset_springback_pair_Base_TC4_150/springback_pair_Base_TC4_sample_0038_010deg.npz,38,10.0,train,Base_TC4,5220,OK,
/data/run01/scxk573/lsz/ysy/physicsnemo/data/dataset_springback_pair_Base_TC4_150/springback_pair_Base_TC4_sample_0038_015deg.npz,38,15.0,train,Base_TC4,5220,OK,
/data/run01/scxk573/lsz/ysy/physicsnemo/data/dataset_springback_pair_Base_TC4_150/springback_pair_Base_TC4_sample_0038_020deg.npz,38,20.0,train,Base_TC4,5220,OK,
/data/run01/scxk573/lsz/ysy/physicsnemo/data/dataset_springback_pair_Base_TC4_150/springback_pair_Base_TC4_sample_0038_025deg.npz,38,25.0,train,Base_TC4,5220,OK,
/data/run01/scxk573/lsz/ysy/physicsnemo/data/dataset_springback_pair_Base_TC4_150/springback_pair_Base_TC4_sample_0038_030deg.npz,38,30.0,train,Base_TC4,5220,OK,
/data/run01/scxk573/lsz/ysy/physicsnemo/data/dataset_springback_pair_Base_TC4_150/springback_pair_Base_TC4_sample_0038_035deg.npz,38,35.0,train,Base_TC4,5220,OK,
/data/run01/scxk573/lsz/ysy/physicsnemo/data/dataset_springback_pair_Base_TC4_150/springback_pair_Base_TC4_sample_0038_040deg.npz,38,40.0,train,Base_TC4,5220,OK,
/data/run01/scxk573/lsz/ysy/physicsnemo/data/dataset_springback_pair_Base_TC4_150/springback_pair_Base_TC4_sample_0038_045deg.npz,38,45.0,train,Base_TC4,5220,OK,
/data/run01/scxk573/lsz/ysy/physicsnemo/data/dataset_springback_pair_Base_TC4_150/springback_pair_Base_TC4_sample_0038_050deg.npz,38,50.0,train,Base_TC4,5220,OK,
/data/run01/scxk573/lsz/ysy/physicsnemo/data/dataset_springback_pair_Base_TC4_150/springback_pair_Base_TC4_sample_0038_055deg.npz,38,55.0,train,Base_TC4,5220,OK,
/data/run01/scxk573/lsz/ysy/physicsnemo/data/dataset_springback_pair_Base_TC4_150/springback_pair_Base_TC4_sample_0038_060deg.npz,38,60.0,train,Base_TC4,5220,OK,
/data/run01/scxk573/lsz/ysy/physicsnemo/data/dataset_springback_pair_Base_TC4_150/springback_pair_Base_TC4_sample_0038_065deg.npz,38,65.0,train,Base_TC4,5220,OK,
/data/run01/scxk573/lsz/ysy/physicsnemo/data/dataset_springback_pair_Base_TC4_150/springback_pair_Base_TC4_sample_0038_070deg.npz,38,70.0,train,Base_TC4,5220,OK,
/data/run01/scxk573/lsz/ysy/physicsnemo/data/dataset_springback_pair_Base_TC4_150/springback_pair_Base_TC4_sample_0038_075deg.npz,38,75.0,train,Base_TC4,5220,OK,
/data/run01/scxk573/lsz/ysy/physicsnemo/data/dataset_springback_pair_Base_TC4_150/springback_pair_Base_TC4_sample_0038_080deg.npz,38,80.0,train,Base_TC4,5220,OK,
/data/run01/scxk573/lsz/ysy/physicsnemo/data/dataset_springback_pair_Base_TC4_150/springback_pair_Base_TC4_sample_0038_085deg.npz,38,85.0,train,Base_TC4,5220,OK,
/data/run01/scxk573/lsz/ysy/physicsnemo/data/dataset_springback_pair_Base_TC4_150/springback_pair_Base_TC4_sample_0038_090deg.npz,38,90.0,train,Base_TC4,5220,OK,
/data/run01/scxk573/lsz/ysy/physicsnemo/data/dataset_springback_pair_Base_TC4_150/springback_pair_Base_TC4_sample_0038_095deg.npz,38,95.0,train,Base_TC4,5220,OK,
/data/run01/scxk573/lsz/ysy/physicsnemo/data/dataset_springback_pair_Base_TC4_150/springback_pair_Base_TC4_sample_0038_100deg.npz,38,100.0,train,Base_TC4,5220,OK,
/data/run01/scxk573/lsz/ysy/physicsnemo/data/dataset_springback_pair_Base_TC4_150/springback_pair_Base_TC4_sample_0038_105deg.npz,38,105.0,train,Base_TC4,5220,OK,
/data/run01/scxk573/lsz/ysy/physicsnemo/data/dataset_springback_pair_Base_TC4_150/springback_pair_Base_TC4_sample_0038_110deg.npz,38,110.0,train,Base_TC4,5220,OK,
/data/run01/scxk573/lsz/ysy/physicsnemo/data/dataset_springback_pair_Base_TC4_150/springback_pair_Base_TC4_sample_0038_115deg.npz,38,115.0,train,Base_TC4,5220,OK,
/data/run01/scxk573/lsz/ysy/physicsnemo/data/dataset_springback_pair_Base_TC4_150/springback_pair_Base_TC4_sample_0038_120deg.npz,38,120.0,train,Base_TC4,5220,OK,
/data/run01/scxk573/lsz/ysy/physicsnemo/data/dataset_springback_pair_Base_TC4_150/springback_pair_Base_TC4_sample_0038_125deg.npz,38,125.0,train,Base_TC4,5220,OK,
/data/run01/scxk573/lsz/ysy/physicsnemo/data/dataset_springback_pair_Base_TC4_150/springback_pair_Base_TC4_sample_0038_130deg.npz,38,130.0,train,Base_TC4,5220,OK,
/data/run01/scxk573/lsz/ysy/physicsnemo/data/dataset_springback_pair_Base_TC4_150/springback_pair_Base_TC4_sample_0038_135deg.npz,38,135.0,train,Base_TC4,5220,OK,
/data/run01/scxk573/lsz/ysy/physicsnemo/data/dataset_springback_pair_Base_TC4_150/springback_pair_Base_TC4_sample_0038_140deg.npz,38,140.0,train,Base_TC4,5220,OK,
/data/run01/scxk573/lsz/ysy/physicsnemo/data/dataset_springback_pair_Base_TC4_150/springback_pair_Base_TC4_sample_0038_145deg.npz,38,145.0,train,Base_TC4,5220,OK,
/data/run01/scxk573/lsz/ysy/physicsnemo/data/dataset_springback_pair_Base_TC4_150/springback_pair_Base_TC4_sample_0038_150deg.npz,38,150.0,train,Base_TC4,5220,OK,
/data/run01/scxk573/lsz/ysy/physicsnemo/data/dataset_springback_pair_Base_TC4_150/springback_pair_Base_TC4_sample_0038_155deg.npz,38,155.0,train,Base_TC4,5220,OK,
/data/run01/scxk573/lsz/ysy/physicsnemo/data/dataset_springback_pair_Base_TC4_150/springback_pair_Base_TC4_sample_0038_160deg.npz,38,160.0,train,Base_TC4,5220,OK,
/data/run01/scxk573/lsz/ysy/physicsnemo/data/dataset_springback_pair_Base_TC4_150/springback_pair_Base_TC4_sample_0038_165deg.npz,38,165.0,train,Base_TC4,5220,OK,
/data/run01/scxk573/lsz/ysy/physicsnemo/data/dataset_springback_pair_Base_TC4_150/springback_pair_Base_TC4_sample_0038_170deg.npz,38,170.0,train,Base_TC4,5220,OK,
/data/run01/scxk573/lsz/ysy/physicsnemo/data/dataset_springback_pair_Base_TC4_150/springback_pair_Base_TC4_sample_0038_175deg.npz,38,175.0,train,Base_TC4,5220,OK,
/data/run01/scxk573/lsz/ysy/physicsnemo/data/dataset_springback_pair_Base_TC4_150/springback_pair_Base_TC4_sample_0038_180deg.npz,38,180.0,train,Base_TC4,5220,OK,
/data/run01/scxk573/lsz/ysy/physicsnemo/data/dataset_springback_pair_Base_TC4_150/springback_pair_Base_TC4_sample_0039_005deg.npz,39,5.0,train,Base_TC4,14250,OK,
/data/run01/scxk573/lsz/ysy/physicsnemo/data/dataset_springback_pair_Base_TC4_150/springback_pair_Base_TC4_sample_0039_010deg.npz,39,10.0,train,Base_TC4,14250,OK,
/data/run01/scxk573/lsz/ysy/physicsnemo/data/dataset_springback_pair_Base_TC4_150/springback_pair_Base_TC4_sample_0039_015deg.npz,39,15.0,train,Base_TC4,14250,OK,
/data/run01/scxk573/lsz/ysy/physicsnemo/data/dataset_springback_pair_Base_TC4_150/springback_pair_Base_TC4_sample_0039_020deg.npz,39,20.0,train,Base_TC4,14250,OK,
/data/run01/scxk573/lsz/ysy/physicsnemo/data/dataset_springback_pair_Base_TC4_150/springback_pair_Base_TC4_sample_0039_025deg.npz,39,25.0,train,Base_TC4,14250,OK,
/data/run01/scxk573/lsz/ysy/physicsnemo/data/dataset_springback_pair_Base_TC4_150/springback_pair_Base_TC4_sample_0039_030deg.npz,39,30.0,train,Base_TC4,14250,OK,
/data/run01/scxk573/lsz/ysy/physicsnemo/data/dataset_springback_pair_Base_TC4_150/springback_pair_Base_TC4_sample_0039_035deg.npz,39,35.0,train,Base_TC4,14250,OK,
/data/run01/scxk573/lsz/ysy/physicsnemo/data/dataset_springback_pair_Base_TC4_150/springback_pair_Base_TC4_sample_0039_040deg.npz,39,40.0,train,Base_TC4,14250,OK,
/data/run01/scxk573/lsz/ysy/physicsnemo/data/dataset_springback_pair_Base_TC4_150/springback_pair_Base_TC4_sample_0039_045deg.npz,39,45.0,train,Base_TC4,14250,OK,
/data/run01/scxk573/lsz/ysy/physicsnemo/data/dataset_springback_pair_Base_TC4_150/springback_pair_Base_TC4_sample_0039_050deg.npz,39,50.0,train,Base_TC4,14250,OK,
/data/run01/scxk573/lsz/ysy/physicsnemo/data/dataset_springback_pair_Base_TC4_150/springback_pair_Base_TC4_sample_0039_055deg.npz,39,55.0,train,Base_TC4,14250,OK,
/data/run01/scxk573/lsz/ysy/physicsnemo/data/dataset_springback_pair_Base_TC4_150/springback_pair_Base_TC4_sample_0039_060deg.npz,39,60.0,train,Base_TC4,14250,OK,
/data/run01/scxk573/lsz/ysy/physicsnemo/data/dataset_springback_pair_Base_TC4_150/springback_pair_Base_TC4_sample_0039_065deg.npz,39,65.0,train,Base_TC4,14250,OK,
/data/run01/scxk573/lsz/ysy/physicsnemo/data/dataset_springback_pair_Base_TC4_150/springback_pair_Base_TC4_sample_0039_070deg.npz,39,70.0,train,Base_TC4,14250,OK,
/data/run01/scxk573/lsz/ysy/physicsnemo/data/dataset_springback_pair_Base_TC4_150/springback_pair_Base_TC4_sample_0039_075deg.npz,39,75.0,train,Base_TC4,14250,OK,
/data/run01/scxk573/lsz/ysy/physicsnemo/data/dataset_springback_pair_Base_TC4_150/springback_pair_Base_TC4_sample_0039_080deg.npz,39,80.0,train,Base_TC4,14250,OK,
/data/run01/scxk573/lsz/ysy/physicsnemo/data/dataset_springback_pair_Base_TC4_150/springback_pair_Base_TC4_sample_0039_085deg.npz,39,85.0,train,Base_TC4,14250,OK,
/data/run01/scxk573/lsz/ysy/physicsnemo/data/dataset_springback_pair_Base_TC4_150/springback_pair_Base_TC4_sample_0039_090deg.npz,39,90.0,train,Base_TC4,14250,OK,
/data/run01/scxk573/lsz/ysy/physicsnemo/data/dataset_springback_pair_Base_TC4_150/springback_pair_Base_TC4_sample_0039_095deg.npz,39,95.0,train,Base_TC4,14250,OK,
/data/run01/scxk573/lsz/ysy/physicsnemo/data/dataset_springback_pair_Base_TC4_150/springback_pair_Base_TC4_sample_0039_100deg.npz,39,100.0,train,Base_TC4,14250,OK,
/data/run01/scxk573/lsz/ysy/physicsnemo/data/dataset_springback_pair_Base_TC4_150/springback_pair_Base_TC4_sample_0039_105deg.npz,39,105.0,train,Base_TC4,14250,OK,
/data/run01/scxk573/lsz/ysy/physicsnemo/data/dataset_springback_pair_Base_TC4_150/springback_pair_Base_TC4_sample_0039_110deg.npz,39,110.0,train,Base_TC4,14250,OK,
/data/run01/scxk573/lsz/ysy/physicsnemo/data/dataset_springback_pair_Base_TC4_150/springback_pair_Base_TC4_sample_0039_115deg.npz,39,115.0,train,Base_TC4,14250,OK,
/data/run01/scxk573/lsz/ysy/physicsnemo/data/dataset_springback_pair_Base_TC4_150/springback_pair_Base_TC4_sample_0039_120deg.npz,39,120.0,train,Base_TC4,14250,OK,
/data/run01/scxk573/lsz/ysy/physicsnemo/data/dataset_springback_pair_Base_TC4_150/springback_pair_Base_TC4_sample_0039_125deg.npz,39,125.0,train,Base_TC4,14250,OK,
/data/run01/scxk573/lsz/ysy/physicsnemo/data/dataset_springback_pair_Base_TC4_150/springback_pair_Base_TC4_sample_0039_130deg.npz,39,130.0,train,Base_TC4,14250,OK,
/data/run01/scxk573/lsz/ysy/physicsnemo/data/dataset_springback_pair_Base_TC4_150/springback_pair_Base_TC4_sample_0039_135deg.npz,39,135.0,train,Base_TC4,14250,OK,
/data/run01/scxk573/lsz/ysy/physicsnemo/data/dataset_springback_pair_Base_TC4_150/springback_pair_Base_TC4_sample_0039_140deg.npz,39,140.0,train,Base_TC4,14250,OK,
/data/run01/scxk573/lsz/ysy/physicsnemo/data/dataset_springback_pair_Base_TC4_150/springback_pair_Base_TC4_sample_0039_145deg.npz,39,145.0,train,Base_TC4,14250,OK,
/data/run01/scxk573/lsz/ysy/physicsnemo/data/dataset_springback_pair_Base_TC4_150/springback_pair_Base_TC4_sample_0039_150deg.npz,39,150.0,train,Base_TC4,14250,OK,
/data/run01/scxk573/lsz/ysy/physicsnemo/data/dataset_springback_pair_Base_TC4_150/springback_pair_Base_TC4_sample_0039_155deg.npz,39,155.0,train,Base_TC4,14250,OK,
/data/run01/scxk573/lsz/ysy/physicsnemo/data/dataset_springback_pair_Base_TC4_150/springback_pair_Base_TC4_sample_0039_160deg.npz,39,160.0,train,Base_TC4,14250,OK,
/data/run01/scxk573/lsz/ysy/physicsnemo/data/dataset_springback_pair_Base_TC4_150/springback_pair_Base_TC4_sample_0039_165deg.npz,39,165.0,train,Base_TC4,14250,OK,
/data/run01/scxk573/lsz/ysy/physicsnemo/data/dataset_springback_pair_Base_TC4_150/springback_pair_Base_TC4_sample_0039_170deg.npz,39,170.0,train,Base_TC4,14250,OK,
/data/run01/scxk573/lsz/ysy/physicsnemo/data/dataset_springback_pair_Base_TC4_150/springback_pair_Base_TC4_sample_0039_175deg.npz,39,175.0,train,Base_TC4,14250,OK,
/data/run01/scxk573/lsz/ysy/physicsnemo/data/dataset_springback_pair_Base_TC4_150/springback_pair_Base_TC4_sample_0039_180deg.npz,39,180.0,train,Base_TC4,14250,OK,
/data/run01/scxk573/lsz/ysy/physicsnemo/data/dataset_springback_pair_Base_TC4_150/springback_pair_Base_TC4_sample_0040_005deg.npz,40,5.0,test,Base_TC4,21417,OK,
/data/run01/scxk573/lsz/ysy/physicsnemo/data/dataset_springback_pair_Base_TC4_150/springback_pair_Base_TC4_sample_0040_010deg.npz,40,10.0,test,Base_TC4,21417,OK,
/data/run01/scxk573/lsz/ysy/physicsnemo/data/dataset_springback_pair_Base_TC4_150/springback_pair_Base_TC4_sample_0040_015deg.npz,40,15.0,test,Base_TC4,21417,OK,
/data/run01/scxk573/lsz/ysy/physicsnemo/data/dataset_springback_pair_Base_TC4_150/springback_pair_Base_TC4_sample_0040_020deg.npz,40,20.0,test,Base_TC4,21417,OK,
/data/run01/scxk573/lsz/ysy/physicsnemo/data/dataset_springback_pair_Base_TC4_150/springback_pair_Base_TC4_sample_0040_025deg.npz,40,25.0,test,Base_TC4,21417,OK,
/data/run01/scxk573/lsz/ysy/physicsnemo/data/dataset_springback_pair_Base_TC4_150/springback_pair_Base_TC4_sample_0040_030deg.npz,40,30.0,test,Base_TC4,21417,OK,
/data/run01/scxk573/lsz/ysy/physicsnemo/data/dataset_springback_pair_Base_TC4_150/springback_pair_Base_TC4_sample_0040_035deg.npz,40,35.0,test,Base_TC4,21417,OK,
/data/run01/scxk573/lsz/ysy/physicsnemo/data/dataset_springback_pair_Base_TC4_150/springback_pair_Base_TC4_sample_0040_040deg.npz,40,40.0,test,Base_TC4,21417,OK,
/data/run01/scxk573/lsz/ysy/physicsnemo/data/dataset_springback_pair_Base_TC4_150/springback_pair_Base_TC4_sample_0040_045deg.npz,40,45.0,test,Base_TC4,21417,OK,
/data/run01/scxk573/lsz/ysy/physicsnemo/data/dataset_springback_pair_Base_TC4_150/springback_pair_Base_TC4_sample_0040_050deg.npz,40,50.0,test,Base_TC4,21417,OK,
/data/run01/scxk573/lsz/ysy/physicsnemo/data/dataset_springback_pair_Base_TC4_150/springback_pair_Base_TC4_sample_0040_055deg.npz,40,55.0,test,Base_TC4,21417,OK,
/data/run01/scxk573/lsz/ysy/physicsnemo/data/dataset_springback_pair_Base_TC4_150/springback_pair_Base_TC4_sample_0040_060deg.npz,40,60.0,test,Base_TC4,21417,OK,
/data/run01/scxk573/lsz/ysy/physicsnemo/data/dataset_springback_pair_Base_TC4_150/springback_pair_Base_TC4_sample_0040_065deg.npz,40,65.0,test,Base_TC4,21417,OK,
/data/run01/scxk573/lsz/ysy/physicsnemo/data/dataset_springback_pair_Base_TC4_150/springback_pair_Base_TC4_sample_0040_070deg.npz,40,70.0,test,Base_TC4,21417,OK,
/data/run01/scxk573/lsz/ysy/physicsnemo/data/dataset_springback_pair_Base_TC4_150/springback_pair_Base_TC4_sample_0040_075deg.npz,40,75.0,test,Base_TC4,21417,OK,
/data/run01/scxk573/lsz/ysy/physicsnemo/data/dataset_springback_pair_Base_TC4_150/springback_pair_Base_TC4_sample_0040_080deg.npz,40,80.0,test,Base_TC4,21417,OK,
/data/run01/scxk573/lsz/ysy/physicsnemo/data/dataset_springback_pair_Base_TC4_150/springback_pair_Base_TC4_sample_0040_085deg.npz,40,85.0,test,Base_TC4,21417,OK,
/data/run01/scxk573/lsz/ysy/physicsnemo/data/dataset_springback_pair_Base_TC4_150/springback_pair_Base_TC4_sample_0040_090deg.npz,40,90.0,test,Base_TC4,21417,OK,
/data/run01/scxk573/lsz/ysy/physicsnemo/data/dataset_springback_pair_Base_TC4_150/springback_pair_Base_TC4_sample_0040_095deg.npz,40,95.0,test,Base_TC4,21417,OK,
/data/run01/scxk573/lsz/ysy/physicsnemo/data/dataset_springback_pair_Base_TC4_150/springback_pair_Base_TC4_sample_0040_100deg.npz,40,100.0,test,Base_TC4,21417,OK,
/data/run01/scxk573/lsz/ysy/physicsnemo/data/dataset_springback_pair_Base_TC4_150/springback_pair_Base_TC4_sample_0040_105deg.npz,40,105.0,test,Base_TC4,21417,OK,
/data/run01/scxk573/lsz/ysy/physicsnemo/data/dataset_springback_pair_Base_TC4_150/springback_pair_Base_TC4_sample_0040_110deg.npz,40,110.0,test,Base_TC4,21417,OK,
/data/run01/scxk573/lsz/ysy/physicsnemo/data/dataset_springback_pair_Base_TC4_150/springback_pair_Base_TC4_sample_0040_115deg.npz,40,115.0,test,Base_TC4,21417,OK,
/data/run01/scxk573/lsz/ysy/physicsnemo/data/dataset_springback_pair_Base_TC4_150/springback_pair_Base_TC4_sample_0040_120deg.npz,40,120.0,test,Base_TC4,21417,OK,
/data/run01/scxk573/lsz/ysy/physicsnemo/data/dataset_springback_pair_Base_TC4_150/springback_pair_Base_TC4_sample_0040_125deg.npz,40,125.0,test,Base_TC4,21417,OK,
/data/run01/scxk573/lsz/ysy/physicsnemo/data/dataset_springback_pair_Base_TC4_150/springback_pair_Base_TC4_sample_0040_130deg.npz,40,130.0,test,Base_TC4,21417,OK,
/data/run01/scxk573/lsz/ysy/physicsnemo/data/dataset_springback_pair_Base_TC4_150/springback_pair_Base_TC4_sample_0040_135deg.npz,40,135.0,test,Base_TC4,21417,OK,
/data/run01/scxk573/lsz/ysy/physicsnemo/data/dataset_springback_pair_Base_TC4_150/springback_pair_Base_TC4_sample_0040_140deg.npz,40,140.0,test,Base_TC4,21417,OK,
/data/run01/scxk573/lsz/ysy/physicsnemo/data/dataset_springback_pair_Base_TC4_150/springback_pair_Base_TC4_sample_0040_145deg.npz,40,145.0,test,Base_TC4,21417,OK,
/data/run01/scxk573/lsz/ysy/physicsnemo/data/dataset_springback_pair_Base_TC4_150/springback_pair_Base_TC4_sample_0040_150deg.npz,40,150.0,test,Base_TC4,21417,OK,
/data/run01/scxk573/lsz/ysy/physicsnemo/data/dataset_springback_pair_Base_TC4_150/springback_pair_Base_TC4_sample_0040_155deg.npz,40,155.0,test,Base_TC4,21417,OK,
/data/run01/scxk573/lsz/ysy/physicsnemo/data/dataset_springback_pair_Base_TC4_150/springback_pair_Base_TC4_sample_0040_160deg.npz,40,160.0,test,Base_TC4,21417,OK,
/data/run01/scxk573/lsz/ysy/physicsnemo/data/dataset_springback_pair_Base_TC4_150/springback_pair_Base_TC4_sample_0040_165deg.npz,40,165.0,test,Base_TC4,21417,OK,
/data/run01/scxk573/lsz/ysy/physicsnemo/data/dataset_springback_pair_Base_TC4_150/springback_pair_Base_TC4_sample_0040_170deg.npz,40,170.0,test,Base_TC4,21417,OK,
/data/run01/scxk573/lsz/ysy/physicsnemo/data/dataset_springback_pair_Base_TC4_150/springback_pair_Base_TC4_sample_0040_175deg.npz,40,175.0,test,Base_TC4,21417,OK,
/data/run01/scxk573/lsz/ysy/physicsnemo/data/dataset_springback_pair_Base_TC4_150/springback_pair_Base_TC4_sample_0040_180deg.npz,40,180.0,test,Base_TC4,21417,OK,
/data/run01/scxk573/lsz/ysy/physicsnemo/data/dataset_springback_pair_Base_TC4_150/springback_pair_Base_TC4_sample_0041_005deg.npz,41,5.0,test,Base_TC4,12126,OK,
/data/run01/scxk573/lsz/ysy/physicsnemo/data/dataset_springback_pair_Base_TC4_150/springback_pair_Base_TC4_sample_0041_010deg.npz,41,10.0,test,Base_TC4,12126,OK,
/data/run01/scxk573/lsz/ysy/physicsnemo/data/dataset_springback_pair_Base_TC4_150/springback_pair_Base_TC4_sample_0041_015deg.npz,41,15.0,test,Base_TC4,12126,OK,
/data/run01/scxk573/lsz/ysy/physicsnemo/data/dataset_springback_pair_Base_TC4_150/springback_pair_Base_TC4_sample_0041_020deg.npz,41,20.0,test,Base_TC4,12126,OK,
/data/run01/scxk573/lsz/ysy/physicsnemo/data/dataset_springback_pair_Base_TC4_150/springback_pair_Base_TC4_sample_0041_025deg.npz,41,25.0,test,Base_TC4,12126,OK,
/data/run01/scxk573/lsz/ysy/physicsnemo/data/dataset_springback_pair_Base_TC4_150/springback_pair_Base_TC4_sample_0041_030deg.npz,41,30.0,test,Base_TC4,12126,OK,
/data/run01/scxk573/lsz/ysy/physicsnemo/data/dataset_springback_pair_Base_TC4_150/springback_pair_Base_TC4_sample_0041_035deg.npz,41,35.0,test,Base_TC4,12126,OK,
/data/run01/scxk573/lsz/ysy/physicsnemo/data/dataset_springback_pair_Base_TC4_150/springback_pair_Base_TC4_sample_0041_040deg.npz,41,40.0,test,Base_TC4,12126,OK,
/data/run01/scxk573/lsz/ysy/physicsnemo/data/dataset_springback_pair_Base_TC4_150/springback_pair_Base_TC4_sample_0041_045deg.npz,41,45.0,test,Base_TC4,12126,OK,
/data/run01/scxk573/lsz/ysy/physicsnemo/data/dataset_springback_pair_Base_TC4_150/springback_pair_Base_TC4_sample_0041_050deg.npz,41,50.0,test,Base_TC4,12126,OK,
/data/run01/scxk573/lsz/ysy/physicsnemo/data/dataset_springback_pair_Base_TC4_150/springback_pair_Base_TC4_sample_0041_055deg.npz,41,55.0,test,Base_TC4,12126,OK,
/data/run01/scxk573/lsz/ysy/physicsnemo/data/dataset_springback_pair_Base_TC4_150/springback_pair_Base_TC4_sample_0041_060deg.npz,41,60.0,test,Base_TC4,12126,OK,
/data/run01/scxk573/lsz/ysy/physicsnemo/data/dataset_springback_pair_Base_TC4_150/springback_pair_Base_TC4_sample_0041_065deg.npz,41,65.0,test,Base_TC4,12126,OK,
/data/run01/scxk573/lsz/ysy/physicsnemo/data/dataset_springback_pair_Base_TC4_150/springback_pair_Base_TC4_sample_0041_070deg.npz,41,70.0,test,Base_TC4,12126,OK,
/data/run01/scxk573/lsz/ysy/physicsnemo/data/dataset_springback_pair_Base_TC4_150/springback_pair_Base_TC4_sample_0041_075deg.npz,41,75.0,test,Base_TC4,12126,OK,
/data/run01/scxk573/lsz/ysy/physicsnemo/data/dataset_springback_pair_Base_TC4_150/springback_pair_Base_TC4_sample_0041_080deg.npz,41,80.0,test,Base_TC4,12126,OK,
/data/run01/scxk573/lsz/ysy/physicsnemo/data/dataset_springback_pair_Base_TC4_150/springback_pair_Base_TC4_sample_0041_085deg.npz,41,85.0,test,Base_TC4,12126,OK,
/data/run01/scxk573/lsz/ysy/physicsnemo/data/dataset_springback_pair_Base_TC4_150/springback_pair_Base_TC4_sample_0041_090deg.npz,41,90.0,test,Base_TC4,12126,OK,
/data/run01/scxk573/lsz/ysy/physicsnemo/data/dataset_springback_pair_Base_TC4_150/springback_pair_Base_TC4_sample_0041_095deg.npz,41,95.0,test,Base_TC4,12126,OK,
/data/run01/scxk573/lsz/ysy/physicsnemo/data/dataset_springback_pair_Base_TC4_150/springback_pair_Base_TC4_sample_0041_100deg.npz,41,100.0,test,Base_TC4,12126,OK,
/data/run01/scxk573/lsz/ysy/physicsnemo/data/dataset_springback_pair_Base_TC4_150/springback_pair_Base_TC4_sample_0041_105deg.npz,41,105.0,test,Base_TC4,12126,OK,
/data/run01/scxk573/lsz/ysy/physicsnemo/data/dataset_springback_pair_Base_TC4_150/springback_pair_Base_TC4_sample_0041_110deg.npz,41,110.0,test,Base_TC4,12126,OK,
/data/run01/scxk573/lsz/ysy/physicsnemo/data/dataset_springback_pair_Base_TC4_150/springback_pair_Base_TC4_sample_0041_115deg.npz,41,115.0,test,Base_TC4,12126,OK,
/data/run01/scxk573/lsz/ysy/physicsnemo/data/dataset_springback_pair_Base_TC4_150/springback_pair_Base_TC4_sample_0041_120deg.npz,41,120.0,test,Base_TC4,12126,OK,
/data/run01/scxk573/lsz/ysy/physicsnemo/data/dataset_springback_pair_Base_TC4_150/springback_pair_Base_TC4_sample_0041_125deg.npz,41,125.0,test,Base_TC4,12126,OK,
/data/run01/scxk573/lsz/ysy/physicsnemo/data/dataset_springback_pair_Base_TC4_150/springback_pair_Base_TC4_sample_0041_130deg.npz,41,130.0,test,Base_TC4,12126,OK,
/data/run01/scxk573/lsz/ysy/physicsnemo/data/dataset_springback_pair_Base_TC4_150/springback_pair_Base_TC4_sample_0041_135deg.npz,41,135.0,test,Base_TC4,12126,OK,
/data/run01/scxk573/lsz/ysy/physicsnemo/data/dataset_springback_pair_Base_TC4_150/springback_pair_Base_TC4_sample_0041_140deg.npz,41,140.0,test,Base_TC4,12126,OK,
/data/run01/scxk573/lsz/ysy/physicsnemo/data/dataset_springback_pair_Base_TC4_150/springback_pair_Base_TC4_sample_0041_145deg.npz,41,145.0,test,Base_TC4,12126,OK,
/data/run01/scxk573/lsz/ysy/physicsnemo/data/dataset_springback_pair_Base_TC4_150/springback_pair_Base_TC4_sample_0041_150deg.npz,41,150.0,test,Base_TC4,12126,OK,
/data/run01/scxk573/lsz/ysy/physicsnemo/data/dataset_springback_pair_Base_TC4_150/springback_pair_Base_TC4_sample_0041_155deg.npz,41,155.0,test,Base_TC4,12126,OK,
/data/run01/scxk573/lsz/ysy/physicsnemo/data/dataset_springback_pair_Base_TC4_150/springback_pair_Base_TC4_sample_0041_160deg.npz,41,160.0,test,Base_TC4,12126,OK,
/data/run01/scxk573/lsz/ysy/physicsnemo/data/dataset_springback_pair_Base_TC4_150/springback_pair_Base_TC4_sample_0041_165deg.npz,41,165.0,test,Base_TC4,12126,OK,
/data/run01/scxk573/lsz/ysy/physicsnemo/data/dataset_springback_pair_Base_TC4_150/springback_pair_Base_TC4_sample_0041_170deg.npz,41,170.0,test,Base_TC4,12126,OK,
/data/run01/scxk573/lsz/ysy/physicsnemo/data/dataset_springback_pair_Base_TC4_150/springback_pair_Base_TC4_sample_0041_175deg.npz,41,175.0,test,Base_TC4,12126,OK,
/data/run01/scxk573/lsz/ysy/physicsnemo/data/dataset_springback_pair_Base_TC4_150/springback_pair_Base_TC4_sample_0041_180deg.npz,41,180.0,test,Base_TC4,12126,OK,
/data/run01/scxk573/lsz/ysy/physicsnemo/data/dataset_springback_pair_Base_TC4_150/springback_pair_Base_TC4_sample_0042_005deg.npz,42,5.0,train,Base_TC4,5940,OK,
/data/run01/scxk573/lsz/ysy/physicsnemo/data/dataset_springback_pair_Base_TC4_150/springback_pair_Base_TC4_sample_0042_010deg.npz,42,10.0,train,Base_TC4,5940,OK,
/data/run01/scxk573/lsz/ysy/physicsnemo/data/dataset_springback_pair_Base_TC4_150/springback_pair_Base_TC4_sample_0042_015deg.npz,42,15.0,train,Base_TC4,5940,OK,
/data/run01/scxk573/lsz/ysy/physicsnemo/data/dataset_springback_pair_Base_TC4_150/springback_pair_Base_TC4_sample_0042_020deg.npz,42,20.0,train,Base_TC4,5940,OK,
/data/run01/scxk573/lsz/ysy/physicsnemo/data/dataset_springback_pair_Base_TC4_150/springback_pair_Base_TC4_sample_0042_025deg.npz,42,25.0,train,Base_TC4,5940,OK,
/data/run01/scxk573/lsz/ysy/physicsnemo/data/dataset_springback_pair_Base_TC4_150/springback_pair_Base_TC4_sample_0042_030deg.npz,42,30.0,train,Base_TC4,5940,OK,
/data/run01/scxk573/lsz/ysy/physicsnemo/data/dataset_springback_pair_Base_TC4_150/springback_pair_Base_TC4_sample_0042_035deg.npz,42,35.0,train,Base_TC4,5940,OK,
/data/run01/scxk573/lsz/ysy/physicsnemo/data/dataset_springback_pair_Base_TC4_150/springback_pair_Base_TC4_sample_0042_040deg.npz,42,40.0,train,Base_TC4,5940,OK,
/data/run01/scxk573/lsz/ysy/physicsnemo/data/dataset_springback_pair_Base_TC4_150/springback_pair_Base_TC4_sample_0042_045deg.npz,42,45.0,train,Base_TC4,5940,OK,
/data/run01/scxk573/lsz/ysy/physicsnemo/data/dataset_springback_pair_Base_TC4_150/springback_pair_Base_TC4_sample_0042_050deg.npz,42,50.0,train,Base_TC4,5940,OK,
/data/run01/scxk573/lsz/ysy/physicsnemo/data/dataset_springback_pair_Base_TC4_150/springback_pair_Base_TC4_sample_0042_055deg.npz,42,55.0,train,Base_TC4,5940,OK,
/data/run01/scxk573/lsz/ysy/physicsnemo/data/dataset_springback_pair_Base_TC4_150/springback_pair_Base_TC4_sample_0042_060deg.npz,42,60.0,train,Base_TC4,5940,OK,
/data/run01/scxk573/lsz/ysy/physicsnemo/data/dataset_springback_pair_Base_TC4_150/springback_pair_Base_TC4_sample_0042_065deg.npz,42,65.0,train,Base_TC4,5940,OK,
/data/run01/scxk573/lsz/ysy/physicsnemo/data/dataset_springback_pair_Base_TC4_150/springback_pair_Base_TC4_sample_0042_070deg.npz,42,70.0,train,Base_TC4,5940,OK,
/data/run01/scxk573/lsz/ysy/physicsnemo/data/dataset_springback_pair_Base_TC4_150/springback_pair_Base_TC4_sample_0042_075deg.npz,42,75.0,train,Base_TC4,5940,OK,
/data/run01/scxk573/lsz/ysy/physicsnemo/data/dataset_springback_pair_Base_TC4_150/springback_pair_Base_TC4_sample_0042_080deg.npz,42,80.0,train,Base_TC4,5940,OK,
/data/run01/scxk573/lsz/ysy/physicsnemo/data/dataset_springback_pair_Base_TC4_150/springback_pair_Base_TC4_sample_0042_085deg.npz,42,85.0,train,Base_TC4,5940,OK,
/data/run01/scxk573/lsz/ysy/physicsnemo/data/dataset_springback_pair_Base_TC4_150/springback_pair_Base_TC4_sample_0042_090deg.npz,42,90.0,train,Base_TC4,5940,OK,
/data/run01/scxk573/lsz/ysy/physicsnemo/data/dataset_springback_pair_Base_TC4_150/springback_pair_Base_TC4_sample_0042_095deg.npz,42,95.0,train,Base_TC4,5940,OK,
/data/run01/scxk573/lsz/ysy/physicsnemo/data/dataset_springback_pair_Base_TC4_150/springback_pair_Base_TC4_sample_0042_100deg.npz,42,100.0,train,Base_TC4,5940,OK,
/data/run01/scxk573/lsz/ysy/physicsnemo/data/dataset_springback_pair_Base_TC4_150/springback_pair_Base_TC4_sample_0042_105deg.npz,42,105.0,train,Base_TC4,5940,OK,
/data/run01/scxk573/lsz/ysy/physicsnemo/data/dataset_springback_pair_Base_TC4_150/springback_pair_Base_TC4_sample_0042_110deg.npz,42,110.0,train,Base_TC4,5940,OK,
/data/run01/scxk573/lsz/ysy/physicsnemo/data/dataset_springback_pair_Base_TC4_150/springback_pair_Base_TC4_sample_0042_115deg.npz,42,115.0,train,Base_TC4,5940,OK,
/data/run01/scxk573/lsz/ysy/physicsnemo/data/dataset_springback_pair_Base_TC4_150/springback_pair_Base_TC4_sample_0042_120deg.npz,42,120.0,train,Base_TC4,5940,OK,
/data/run01/scxk573/lsz/ysy/physicsnemo/data/dataset_springback_pair_Base_TC4_150/springback_pair_Base_TC4_sample_0042_125deg.npz,42,125.0,train,Base_TC4,5940,OK,
/data/run01/scxk573/lsz/ysy/physicsnemo/data/dataset_springback_pair_Base_TC4_150/springback_pair_Base_TC4_sample_0042_130deg.npz,42,130.0,train,Base_TC4,5940,OK,
/data/run01/scxk573/lsz/ysy/physicsnemo/data/dataset_springback_pair_Base_TC4_150/springback_pair_Base_TC4_sample_0042_135deg.npz,42,135.0,train,Base_TC4,5940,OK,
/data/run01/scxk573/lsz/ysy/physicsnemo/data/dataset_springback_pair_Base_TC4_150/springback_pair_Base_TC4_sample_0042_140deg.npz,42,140.0,train,Base_TC4,5940,OK,
/data/run01/scxk573/lsz/ysy/physicsnemo/data/dataset_springback_pair_Base_TC4_150/springback_pair_Base_TC4_sample_0042_145deg.npz,42,145.0,train,Base_TC4,5940,OK,
/data/run01/scxk573/lsz/ysy/physicsnemo/data/dataset_springback_pair_Base_TC4_150/springback_pair_Base_TC4_sample_0042_150deg.npz,42,150.0,train,Base_TC4,5940,OK,
/data/run01/scxk573/lsz/ysy/physicsnemo/data/dataset_springback_pair_Base_TC4_150/springback_pair_Base_TC4_sample_0042_155deg.npz,42,155.0,train,Base_TC4,5940,OK,
/data/run01/scxk573/lsz/ysy/physicsnemo/data/dataset_springback_pair_Base_TC4_150/springback_pair_Base_TC4_sample_0042_160deg.npz,42,160.0,train,Base_TC4,5940,OK,
/data/run01/scxk573/lsz/ysy/physicsnemo/data/dataset_springback_pair_Base_TC4_150/springback_pair_Base_TC4_sample_0042_165deg.npz,42,165.0,train,Base_TC4,5940,OK,
/data/run01/scxk573/lsz/ysy/physicsnemo/data/dataset_springback_pair_Base_TC4_150/springback_pair_Base_TC4_sample_0042_170deg.npz,42,170.0,train,Base_TC4,5940,OK,
/data/run01/scxk573/lsz/ysy/physicsnemo/data/dataset_springback_pair_Base_TC4_150/springback_pair_Base_TC4_sample_0042_175deg.npz,42,175.0,train,Base_TC4,5940,OK,
/data/run01/scxk573/lsz/ysy/physicsnemo/data/dataset_springback_pair_Base_TC4_150/springback_pair_Base_TC4_sample_0042_180deg.npz,42,180.0,train,Base_TC4,5940,OK,
/data/run01/scxk573/lsz/ysy/physicsnemo/data/dataset_springback_pair_Base_TC4_150/springback_pair_Base_TC4_sample_0043_005deg.npz,43,5.0,train,Base_TC4,10122,OK,
/data/run01/scxk573/lsz/ysy/physicsnemo/data/dataset_springback_pair_Base_TC4_150/springback_pair_Base_TC4_sample_0043_010deg.npz,43,10.0,train,Base_TC4,10122,OK,
/data/run01/scxk573/lsz/ysy/physicsnemo/data/dataset_springback_pair_Base_TC4_150/springback_pair_Base_TC4_sample_0043_015deg.npz,43,15.0,train,Base_TC4,10122,OK,
/data/run01/scxk573/lsz/ysy/physicsnemo/data/dataset_springback_pair_Base_TC4_150/springback_pair_Base_TC4_sample_0043_020deg.npz,43,20.0,train,Base_TC4,10122,OK,
/data/run01/scxk573/lsz/ysy/physicsnemo/data/dataset_springback_pair_Base_TC4_150/springback_pair_Base_TC4_sample_0043_025deg.npz,43,25.0,train,Base_TC4,10122,OK,
/data/run01/scxk573/lsz/ysy/physicsnemo/data/dataset_springback_pair_Base_TC4_150/springback_pair_Base_TC4_sample_0043_030deg.npz,43,30.0,train,Base_TC4,10122,OK,
/data/run01/scxk573/lsz/ysy/physicsnemo/data/dataset_springback_pair_Base_TC4_150/springback_pair_Base_TC4_sample_0043_035deg.npz,43,35.0,train,Base_TC4,10122,OK,
/data/run01/scxk573/lsz/ysy/physicsnemo/data/dataset_springback_pair_Base_TC4_150/springback_pair_Base_TC4_sample_0043_040deg.npz,43,40.0,train,Base_TC4,10122,OK,
/data/run01/scxk573/lsz/ysy/physicsnemo/data/dataset_springback_pair_Base_TC4_150/springback_pair_Base_TC4_sample_0043_045deg.npz,43,45.0,train,Base_TC4,10122,OK,
/data/run01/scxk573/lsz/ysy/physicsnemo/data/dataset_springback_pair_Base_TC4_150/springback_pair_Base_TC4_sample_0043_050deg.npz,43,50.0,train,Base_TC4,10122,OK,
/data/run01/scxk573/lsz/ysy/physicsnemo/data/dataset_springback_pair_Base_TC4_150/springback_pair_Base_TC4_sample_0043_055deg.npz,43,55.0,train,Base_TC4,10122,OK,
/data/run01/scxk573/lsz/ysy/physicsnemo/data/dataset_springback_pair_Base_TC4_150/springback_pair_Base_TC4_sample_0043_060deg.npz,43,60.0,train,Base_TC4,10122,OK,
/data/run01/scxk573/lsz/ysy/physicsnemo/data/dataset_springback_pair_Base_TC4_150/springback_pair_Base_TC4_sample_0043_065deg.npz,43,65.0,train,Base_TC4,10122,OK,
/data/run01/scxk573/lsz/ysy/physicsnemo/data/dataset_springback_pair_Base_TC4_150/springback_pair_Base_TC4_sample_0043_070deg.npz,43,70.0,train,Base_TC4,10122,OK,
/data/run01/scxk573/lsz/ysy/physicsnemo/data/dataset_springback_pair_Base_TC4_150/springback_pair_Base_TC4_sample_0043_075deg.npz,43,75.0,train,Base_TC4,10122,OK,
/data/run01/scxk573/lsz/ysy/physicsnemo/data/dataset_springback_pair_Base_TC4_150/springback_pair_Base_TC4_sample_0043_080deg.npz,43,80.0,train,Base_TC4,10122,OK,
/data/run01/scxk573/lsz/ysy/physicsnemo/data/dataset_springback_pair_Base_TC4_150/springback_pair_Base_TC4_sample_0043_085deg.npz,43,85.0,train,Base_TC4,10122,OK,
/data/run01/scxk573/lsz/ysy/physicsnemo/data/dataset_springback_pair_Base_TC4_150/springback_pair_Base_TC4_sample_0043_090deg.npz,43,90.0,train,Base_TC4,10122,OK,
/data/run01/scxk573/lsz/ysy/physicsnemo/data/dataset_springback_pair_Base_TC4_150/springback_pair_Base_TC4_sample_0043_095deg.npz,43,95.0,train,Base_TC4,10122,OK,
/data/run01/scxk573/lsz/ysy/physicsnemo/data/dataset_springback_pair_Base_TC4_150/springback_pair_Base_TC4_sample_0043_100deg.npz,43,100.0,train,Base_TC4,10122,OK,
/data/run01/scxk573/lsz/ysy/physicsnemo/data/dataset_springback_pair_Base_TC4_150/springback_pair_Base_TC4_sample_0043_105deg.npz,43,105.0,train,Base_TC4,10122,OK,
/data/run01/scxk573/lsz/ysy/physicsnemo/data/dataset_springback_pair_Base_TC4_150/springback_pair_Base_TC4_sample_0043_110deg.npz,43,110.0,train,Base_TC4,10122,OK,
/data/run01/scxk573/lsz/ysy/physicsnemo/data/dataset_springback_pair_Base_TC4_150/springback_pair_Base_TC4_sample_0043_115deg.npz,43,115.0,train,Base_TC4,10122,OK,
/data/run01/scxk573/lsz/ysy/physicsnemo/data/dataset_springback_pair_Base_TC4_150/springback_pair_Base_TC4_sample_0043_120deg.npz,43,120.0,train,Base_TC4,10122,OK,
/data/run01/scxk573/lsz/ysy/physicsnemo/data/dataset_springback_pair_Base_TC4_150/springback_pair_Base_TC4_sample_0043_125deg.npz,43,125.0,train,Base_TC4,10122,OK,
/data/run01/scxk573/lsz/ysy/physicsnemo/data/dataset_springback_pair_Base_TC4_150/springback_pair_Base_TC4_sample_0043_130deg.npz,43,130.0,train,Base_TC4,10122,OK,
/data/run01/scxk573/lsz/ysy/physicsnemo/data/dataset_springback_pair_Base_TC4_150/springback_pair_Base_TC4_sample_0043_135deg.npz,43,135.0,train,Base_TC4,10122,OK,
/data/run01/scxk573/lsz/ysy/physicsnemo/data/dataset_springback_pair_Base_TC4_150/springback_pair_Base_TC4_sample_0043_140deg.npz,43,140.0,train,Base_TC4,10122,OK,
/data/run01/scxk573/lsz/ysy/physicsnemo/data/dataset_springback_pair_Base_TC4_150/springback_pair_Base_TC4_sample_0043_145deg.npz,43,145.0,train,Base_TC4,10122,OK,
/data/run01/scxk573/lsz/ysy/physicsnemo/data/dataset_springback_pair_Base_TC4_150/springback_pair_Base_TC4_sample_0043_150deg.npz,43,150.0,train,Base_TC4,10122,OK,
/data/run01/scxk573/lsz/ysy/physicsnemo/data/dataset_springback_pair_Base_TC4_150/springback_pair_Base_TC4_sample_0043_155deg.npz,43,155.0,train,Base_TC4,10122,OK,
/data/run01/scxk573/lsz/ysy/physicsnemo/data/dataset_springback_pair_Base_TC4_150/springback_pair_Base_TC4_sample_0043_160deg.npz,43,160.0,train,Base_TC4,10122,OK,
/data/run01/scxk573/lsz/ysy/physicsnemo/data/dataset_springback_pair_Base_TC4_150/springback_pair_Base_TC4_sample_0043_165deg.npz,43,165.0,train,Base_TC4,10122,OK,
/data/run01/scxk573/lsz/ysy/physicsnemo/data/dataset_springback_pair_Base_TC4_150/springback_pair_Base_TC4_sample_0043_170deg.npz,43,170.0,train,Base_TC4,10122,OK,
/data/run01/scxk573/lsz/ysy/physicsnemo/data/dataset_springback_pair_Base_TC4_150/springback_pair_Base_TC4_sample_0043_175deg.npz,43,175.0,train,Base_TC4,10122,OK,
/data/run01/scxk573/lsz/ysy/physicsnemo/data/dataset_springback_pair_Base_TC4_150/springback_pair_Base_TC4_sample_0043_180deg.npz,43,180.0,train,Base_TC4,10122,OK,
/data/run01/scxk573/lsz/ysy/physicsnemo/data/dataset_springback_pair_Base_TC4_150/springback_pair_Base_TC4_sample_0044_005deg.npz,44,5.0,train,Base_TC4,22620,OK,
/data/run01/scxk573/lsz/ysy/physicsnemo/data/dataset_springback_pair_Base_TC4_150/springback_pair_Base_TC4_sample_0044_010deg.npz,44,10.0,train,Base_TC4,22620,OK,
/data/run01/scxk573/lsz/ysy/physicsnemo/data/dataset_springback_pair_Base_TC4_150/springback_pair_Base_TC4_sample_0044_015deg.npz,44,15.0,train,Base_TC4,22620,OK,
/data/run01/scxk573/lsz/ysy/physicsnemo/data/dataset_springback_pair_Base_TC4_150/springback_pair_Base_TC4_sample_0044_020deg.npz,44,20.0,train,Base_TC4,22620,OK,
/data/run01/scxk573/lsz/ysy/physicsnemo/data/dataset_springback_pair_Base_TC4_150/springback_pair_Base_TC4_sample_0044_025deg.npz,44,25.0,train,Base_TC4,22620,OK,
/data/run01/scxk573/lsz/ysy/physicsnemo/data/dataset_springback_pair_Base_TC4_150/springback_pair_Base_TC4_sample_0044_030deg.npz,44,30.0,train,Base_TC4,22620,OK,
/data/run01/scxk573/lsz/ysy/physicsnemo/data/dataset_springback_pair_Base_TC4_150/springback_pair_Base_TC4_sample_0044_035deg.npz,44,35.0,train,Base_TC4,22620,OK,
/data/run01/scxk573/lsz/ysy/physicsnemo/data/dataset_springback_pair_Base_TC4_150/springback_pair_Base_TC4_sample_0044_040deg.npz,44,40.0,train,Base_TC4,22620,OK,
/data/run01/scxk573/lsz/ysy/physicsnemo/data/dataset_springback_pair_Base_TC4_150/springback_pair_Base_TC4_sample_0044_045deg.npz,44,45.0,train,Base_TC4,22620,OK,
/data/run01/scxk573/lsz/ysy/physicsnemo/data/dataset_springback_pair_Base_TC4_150/springback_pair_Base_TC4_sample_0044_050deg.npz,44,50.0,train,Base_TC4,22620,OK,
/data/run01/scxk573/lsz/ysy/physicsnemo/data/dataset_springback_pair_Base_TC4_150/springback_pair_Base_TC4_sample_0044_055deg.npz,44,55.0,train,Base_TC4,22620,OK,
/data/run01/scxk573/lsz/ysy/physicsnemo/data/dataset_springback_pair_Base_TC4_150/springback_pair_Base_TC4_sample_0044_060deg.npz,44,60.0,train,Base_TC4,22620,OK,
/data/run01/scxk573/lsz/ysy/physicsnemo/data/dataset_springback_pair_Base_TC4_150/springback_pair_Base_TC4_sample_0044_065deg.npz,44,65.0,train,Base_TC4,22620,OK,
/data/run01/scxk573/lsz/ysy/physicsnemo/data/dataset_springback_pair_Base_TC4_150/springback_pair_Base_TC4_sample_0044_070deg.npz,44,70.0,train,Base_TC4,22620,OK,
/data/run01/scxk573/lsz/ysy/physicsnemo/data/dataset_springback_pair_Base_TC4_150/springback_pair_Base_TC4_sample_0044_075deg.npz,44,75.0,train,Base_TC4,22620,OK,
/data/run01/scxk573/lsz/ysy/physicsnemo/data/dataset_springback_pair_Base_TC4_150/springback_pair_Base_TC4_sample_0044_080deg.npz,44,80.0,train,Base_TC4,22620,OK,
/data/run01/scxk573/lsz/ysy/physicsnemo/data/dataset_springback_pair_Base_TC4_150/springback_pair_Base_TC4_sample_0044_085deg.npz,44,85.0,train,Base_TC4,22620,OK,
/data/run01/scxk573/lsz/ysy/physicsnemo/data/dataset_springback_pair_Base_TC4_150/springback_pair_Base_TC4_sample_0044_090deg.npz,44,90.0,train,Base_TC4,22620,OK,
/data/run01/scxk573/lsz/ysy/physicsnemo/data/dataset_springback_pair_Base_TC4_150/springback_pair_Base_TC4_sample_0044_095deg.npz,44,95.0,train,Base_TC4,22620,OK,
/data/run01/scxk573/lsz/ysy/physicsnemo/data/dataset_springback_pair_Base_TC4_150/springback_pair_Base_TC4_sample_0044_100deg.npz,44,100.0,train,Base_TC4,22620,OK,
/data/run01/scxk573/lsz/ysy/physicsnemo/data/dataset_springback_pair_Base_TC4_150/springback_pair_Base_TC4_sample_0044_105deg.npz,44,105.0,train,Base_TC4,22620,OK,
/data/run01/scxk573/lsz/ysy/physicsnemo/data/dataset_springback_pair_Base_TC4_150/springback_pair_Base_TC4_sample_0044_110deg.npz,44,110.0,train,Base_TC4,22620,OK,
/data/run01/scxk573/lsz/ysy/physicsnemo/data/dataset_springback_pair_Base_TC4_150/springback_pair_Base_TC4_sample_0044_115deg.npz,44,115.0,train,Base_TC4,22620,OK,
/data/run01/scxk573/lsz/ysy/physicsnemo/data/dataset_springback_pair_Base_TC4_150/springback_pair_Base_TC4_sample_0044_120deg.npz,44,120.0,train,Base_TC4,22620,OK,
/data/run01/scxk573/lsz/ysy/physicsnemo/data/dataset_springback_pair_Base_TC4_150/springback_pair_Base_TC4_sample_0044_125deg.npz,44,125.0,train,Base_TC4,22620,OK,
/data/run01/scxk573/lsz/ysy/physicsnemo/data/dataset_springback_pair_Base_TC4_150/springback_pair_Base_TC4_sample_0044_130deg.npz,44,130.0,train,Base_TC4,22620,OK,
/data/run01/scxk573/lsz/ysy/physicsnemo/data/dataset_springback_pair_Base_TC4_150/springback_pair_Base_TC4_sample_0044_135deg.npz,44,135.0,train,Base_TC4,22620,OK,
/data/run01/scxk573/lsz/ysy/physicsnemo/data/dataset_springback_pair_Base_TC4_150/springback_pair_Base_TC4_sample_0044_140deg.npz,44,140.0,train,Base_TC4,22620,OK,
/data/run01/scxk573/lsz/ysy/physicsnemo/data/dataset_springback_pair_Base_TC4_150/springback_pair_Base_TC4_sample_0044_145deg.npz,44,145.0,train,Base_TC4,22620,OK,
/data/run01/scxk573/lsz/ysy/physicsnemo/data/dataset_springback_pair_Base_TC4_150/springback_pair_Base_TC4_sample_0044_150deg.npz,44,150.0,train,Base_TC4,22620,OK,
/data/run01/scxk573/lsz/ysy/physicsnemo/data/dataset_springback_pair_Base_TC4_150/springback_pair_Base_TC4_sample_0044_155deg.npz,44,155.0,train,Base_TC4,22620,OK,
/data/run01/scxk573/lsz/ysy/physicsnemo/data/dataset_springback_pair_Base_TC4_150/springback_pair_Base_TC4_sample_0044_160deg.npz,44,160.0,train,Base_TC4,22620,OK,
/data/run01/scxk573/lsz/ysy/physicsnemo/data/dataset_springback_pair_Base_TC4_150/springback_pair_Base_TC4_sample_0044_165deg.npz,44,165.0,train,Base_TC4,22620,OK,
/data/run01/scxk573/lsz/ysy/physicsnemo/data/dataset_springback_pair_Base_TC4_150/springback_pair_Base_TC4_sample_0044_170deg.npz,44,170.0,train,Base_TC4,22620,OK,
/data/run01/scxk573/lsz/ysy/physicsnemo/data/dataset_springback_pair_Base_TC4_150/springback_pair_Base_TC4_sample_0044_175deg.npz,44,175.0,train,Base_TC4,22620,OK,
/data/run01/scxk573/lsz/ysy/physicsnemo/data/dataset_springback_pair_Base_TC4_150/springback_pair_Base_TC4_sample_0044_180deg.npz,44,180.0,train,Base_TC4,22620,OK,
/data/run01/scxk573/lsz/ysy/physicsnemo/data/dataset_springback_pair_Base_TC4_150/springback_pair_Base_TC4_sample_0045_005deg.npz,45,5.0,train,Base_TC4,23994,OK,
/data/run01/scxk573/lsz/ysy/physicsnemo/data/dataset_springback_pair_Base_TC4_150/springback_pair_Base_TC4_sample_0045_010deg.npz,45,10.0,train,Base_TC4,23994,OK,
/data/run01/scxk573/lsz/ysy/physicsnemo/data/dataset_springback_pair_Base_TC4_150/springback_pair_Base_TC4_sample_0045_015deg.npz,45,15.0,train,Base_TC4,23994,OK,
/data/run01/scxk573/lsz/ysy/physicsnemo/data/dataset_springback_pair_Base_TC4_150/springback_pair_Base_TC4_sample_0045_020deg.npz,45,20.0,train,Base_TC4,23994,OK,
/data/run01/scxk573/lsz/ysy/physicsnemo/data/dataset_springback_pair_Base_TC4_150/springback_pair_Base_TC4_sample_0045_025deg.npz,45,25.0,train,Base_TC4,23994,OK,
/data/run01/scxk573/lsz/ysy/physicsnemo/data/dataset_springback_pair_Base_TC4_150/springback_pair_Base_TC4_sample_0045_030deg.npz,45,30.0,train,Base_TC4,23994,OK,
/data/run01/scxk573/lsz/ysy/physicsnemo/data/dataset_springback_pair_Base_TC4_150/springback_pair_Base_TC4_sample_0045_035deg.npz,45,35.0,train,Base_TC4,23994,OK,
/data/run01/scxk573/lsz/ysy/physicsnemo/data/dataset_springback_pair_Base_TC4_150/springback_pair_Base_TC4_sample_0045_040deg.npz,45,40.0,train,Base_TC4,23994,OK,
/data/run01/scxk573/lsz/ysy/physicsnemo/data/dataset_springback_pair_Base_TC4_150/springback_pair_Base_TC4_sample_0045_045deg.npz,45,45.0,train,Base_TC4,23994,OK,
/data/run01/scxk573/lsz/ysy/physicsnemo/data/dataset_springback_pair_Base_TC4_150/springback_pair_Base_TC4_sample_0045_050deg.npz,45,50.0,train,Base_TC4,23994,OK,
/data/run01/scxk573/lsz/ysy/physicsnemo/data/dataset_springback_pair_Base_TC4_150/springback_pair_Base_TC4_sample_0045_055deg.npz,45,55.0,train,Base_TC4,23994,OK,
/data/run01/scxk573/lsz/ysy/physicsnemo/data/dataset_springback_pair_Base_TC4_150/springback_pair_Base_TC4_sample_0045_060deg.npz,45,60.0,train,Base_TC4,23994,OK,
/data/run01/scxk573/lsz/ysy/physicsnemo/data/dataset_springback_pair_Base_TC4_150/springback_pair_Base_TC4_sample_0045_065deg.npz,45,65.0,train,Base_TC4,23994,OK,
/data/run01/scxk573/lsz/ysy/physicsnemo/data/dataset_springback_pair_Base_TC4_150/springback_pair_Base_TC4_sample_0045_070deg.npz,45,70.0,train,Base_TC4,23994,OK,
/data/run01/scxk573/lsz/ysy/physicsnemo/data/dataset_springback_pair_Base_TC4_150/springback_pair_Base_TC4_sample_0045_075deg.npz,45,75.0,train,Base_TC4,23994,OK,
/data/run01/scxk573/lsz/ysy/physicsnemo/data/dataset_springback_pair_Base_TC4_150/springback_pair_Base_TC4_sample_0045_080deg.npz,45,80.0,train,Base_TC4,23994,OK,
/data/run01/scxk573/lsz/ysy/physicsnemo/data/dataset_springback_pair_Base_TC4_150/springback_pair_Base_TC4_sample_0045_085deg.npz,45,85.0,train,Base_TC4,23994,OK,
/data/run01/scxk573/lsz/ysy/physicsnemo/data/dataset_springback_pair_Base_TC4_150/springback_pair_Base_TC4_sample_0045_090deg.npz,45,90.0,train,Base_TC4,23994,OK,
/data/run01/scxk573/lsz/ysy/physicsnemo/data/dataset_springback_pair_Base_TC4_150/springback_pair_Base_TC4_sample_0045_095deg.npz,45,95.0,train,Base_TC4,23994,OK,
/data/run01/scxk573/lsz/ysy/physicsnemo/data/dataset_springback_pair_Base_TC4_150/springback_pair_Base_TC4_sample_0045_100deg.npz,45,100.0,train,Base_TC4,23994,OK,
/data/run01/scxk573/lsz/ysy/physicsnemo/data/dataset_springback_pair_Base_TC4_150/springback_pair_Base_TC4_sample_0045_105deg.npz,45,105.0,train,Base_TC4,23994,OK,
/data/run01/scxk573/lsz/ysy/physicsnemo/data/dataset_springback_pair_Base_TC4_150/springback_pair_Base_TC4_sample_0045_110deg.npz,45,110.0,train,Base_TC4,23994,OK,
/data/run01/scxk573/lsz/ysy/physicsnemo/data/dataset_springback_pair_Base_TC4_150/springback_pair_Base_TC4_sample_0045_115deg.npz,45,115.0,train,Base_TC4,23994,OK,
/data/run01/scxk573/lsz/ysy/physicsnemo/data/dataset_springback_pair_Base_TC4_150/springback_pair_Base_TC4_sample_0045_120deg.npz,45,120.0,train,Base_TC4,23994,OK,
/data/run01/scxk573/lsz/ysy/physicsnemo/data/dataset_springback_pair_Base_TC4_150/springback_pair_Base_TC4_sample_0045_125deg.npz,45,125.0,train,Base_TC4,23994,OK,
/data/run01/scxk573/lsz/ysy/physicsnemo/data/dataset_springback_pair_Base_TC4_150/springback_pair_Base_TC4_sample_0045_130deg.npz,45,130.0,train,Base_TC4,23994,OK,
/data/run01/scxk573/lsz/ysy/physicsnemo/data/dataset_springback_pair_Base_TC4_150/springback_pair_Base_TC4_sample_0045_135deg.npz,45,135.0,train,Base_TC4,23994,OK,
/data/run01/scxk573/lsz/ysy/physicsnemo/data/dataset_springback_pair_Base_TC4_150/springback_pair_Base_TC4_sample_0045_140deg.npz,45,140.0,train,Base_TC4,23994,OK,
/data/run01/scxk573/lsz/ysy/physicsnemo/data/dataset_springback_pair_Base_TC4_150/springback_pair_Base_TC4_sample_0045_145deg.npz,45,145.0,train,Base_TC4,23994,OK,
/data/run01/scxk573/lsz/ysy/physicsnemo/data/dataset_springback_pair_Base_TC4_150/springback_pair_Base_TC4_sample_0045_150deg.npz,45,150.0,train,Base_TC4,23994,OK,
/data/run01/scxk573/lsz/ysy/physicsnemo/data/dataset_springback_pair_Base_TC4_150/springback_pair_Base_TC4_sample_0045_155deg.npz,45,155.0,train,Base_TC4,23994,OK,
/data/run01/scxk573/lsz/ysy/physicsnemo/data/dataset_springback_pair_Base_TC4_150/springback_pair_Base_TC4_sample_0045_160deg.npz,45,160.0,train,Base_TC4,23994,OK,
/data/run01/scxk573/lsz/ysy/physicsnemo/data/dataset_springback_pair_Base_TC4_150/springback_pair_Base_TC4_sample_0045_165deg.npz,45,165.0,train,Base_TC4,23994,OK,
/data/run01/scxk573/lsz/ysy/physicsnemo/data/dataset_springback_pair_Base_TC4_150/springback_pair_Base_TC4_sample_0045_170deg.npz,45,170.0,train,Base_TC4,23994,OK,
/data/run01/scxk573/lsz/ysy/physicsnemo/data/dataset_springback_pair_Base_TC4_150/springback_pair_Base_TC4_sample_0045_175deg.npz,45,175.0,train,Base_TC4,23994,OK,
/data/run01/scxk573/lsz/ysy/physicsnemo/data/dataset_springback_pair_Base_TC4_150/springback_pair_Base_TC4_sample_0045_180deg.npz,45,180.0,train,Base_TC4,23994,OK,
/data/run01/scxk573/lsz/ysy/physicsnemo/data/dataset_springback_pair_Base_TC4_150/springback_pair_Base_TC4_sample_0046_005deg.npz,46,5.0,train,Base_TC4,11835,OK,
/data/run01/scxk573/lsz/ysy/physicsnemo/data/dataset_springback_pair_Base_TC4_150/springback_pair_Base_TC4_sample_0046_010deg.npz,46,10.0,train,Base_TC4,11835,OK,
/data/run01/scxk573/lsz/ysy/physicsnemo/data/dataset_springback_pair_Base_TC4_150/springback_pair_Base_TC4_sample_0046_015deg.npz,46,15.0,train,Base_TC4,11835,OK,
/data/run01/scxk573/lsz/ysy/physicsnemo/data/dataset_springback_pair_Base_TC4_150/springback_pair_Base_TC4_sample_0046_020deg.npz,46,20.0,train,Base_TC4,11835,OK,
/data/run01/scxk573/lsz/ysy/physicsnemo/data/dataset_springback_pair_Base_TC4_150/springback_pair_Base_TC4_sample_0046_025deg.npz,46,25.0,train,Base_TC4,11835,OK,
/data/run01/scxk573/lsz/ysy/physicsnemo/data/dataset_springback_pair_Base_TC4_150/springback_pair_Base_TC4_sample_0046_030deg.npz,46,30.0,train,Base_TC4,11835,OK,
/data/run01/scxk573/lsz/ysy/physicsnemo/data/dataset_springback_pair_Base_TC4_150/springback_pair_Base_TC4_sample_0046_035deg.npz,46,35.0,train,Base_TC4,11835,OK,
/data/run01/scxk573/lsz/ysy/physicsnemo/data/dataset_springback_pair_Base_TC4_150/springback_pair_Base_TC4_sample_0046_040deg.npz,46,40.0,train,Base_TC4,11835,OK,
/data/run01/scxk573/lsz/ysy/physicsnemo/data/dataset_springback_pair_Base_TC4_150/springback_pair_Base_TC4_sample_0046_045deg.npz,46,45.0,train,Base_TC4,11835,OK,
/data/run01/scxk573/lsz/ysy/physicsnemo/data/dataset_springback_pair_Base_TC4_150/springback_pair_Base_TC4_sample_0046_050deg.npz,46,50.0,train,Base_TC4,11835,OK,
/data/run01/scxk573/lsz/ysy/physicsnemo/data/dataset_springback_pair_Base_TC4_150/springback_pair_Base_TC4_sample_0046_055deg.npz,46,55.0,train,Base_TC4,11835,OK,
/data/run01/scxk573/lsz/ysy/physicsnemo/data/dataset_springback_pair_Base_TC4_150/springback_pair_Base_TC4_sample_0046_060deg.npz,46,60.0,train,Base_TC4,11835,OK,
/data/run01/scxk573/lsz/ysy/physicsnemo/data/dataset_springback_pair_Base_TC4_150/springback_pair_Base_TC4_sample_0046_065deg.npz,46,65.0,train,Base_TC4,11835,OK,
/data/run01/scxk573/lsz/ysy/physicsnemo/data/dataset_springback_pair_Base_TC4_150/springback_pair_Base_TC4_sample_0046_070deg.npz,46,70.0,train,Base_TC4,11835,OK,
/data/run01/scxk573/lsz/ysy/physicsnemo/data/dataset_springback_pair_Base_TC4_150/springback_pair_Base_TC4_sample_0046_075deg.npz,46,75.0,train,Base_TC4,11835,OK,
/data/run01/scxk573/lsz/ysy/physicsnemo/data/dataset_springback_pair_Base_TC4_150/springback_pair_Base_TC4_sample_0046_080deg.npz,46,80.0,train,Base_TC4,11835,OK,
/data/run01/scxk573/lsz/ysy/physicsnemo/data/dataset_springback_pair_Base_TC4_150/springback_pair_Base_TC4_sample_0046_085deg.npz,46,85.0,train,Base_TC4,11835,OK,
/data/run01/scxk573/lsz/ysy/physicsnemo/data/dataset_springback_pair_Base_TC4_150/springback_pair_Base_TC4_sample_0046_090deg.npz,46,90.0,train,Base_TC4,11835,OK,
/data/run01/scxk573/lsz/ysy/physicsnemo/data/dataset_springback_pair_Base_TC4_150/springback_pair_Base_TC4_sample_0046_095deg.npz,46,95.0,train,Base_TC4,11835,OK,
/data/run01/scxk573/lsz/ysy/physicsnemo/data/dataset_springback_pair_Base_TC4_150/springback_pair_Base_TC4_sample_0046_100deg.npz,46,100.0,train,Base_TC4,11835,OK,
/data/run01/scxk573/lsz/ysy/physicsnemo/data/dataset_springback_pair_Base_TC4_150/springback_pair_Base_TC4_sample_0046_105deg.npz,46,105.0,train,Base_TC4,11835,OK,
/data/run01/scxk573/lsz/ysy/physicsnemo/data/dataset_springback_pair_Base_TC4_150/springback_pair_Base_TC4_sample_0046_110deg.npz,46,110.0,train,Base_TC4,11835,OK,
/data/run01/scxk573/lsz/ysy/physicsnemo/data/dataset_springback_pair_Base_TC4_150/springback_pair_Base_TC4_sample_0046_115deg.npz,46,115.0,train,Base_TC4,11835,OK,
/data/run01/scxk573/lsz/ysy/physicsnemo/data/dataset_springback_pair_Base_TC4_150/springback_pair_Base_TC4_sample_0046_120deg.npz,46,120.0,train,Base_TC4,11835,OK,
/data/run01/scxk573/lsz/ysy/physicsnemo/data/dataset_springback_pair_Base_TC4_150/springback_pair_Base_TC4_sample_0046_125deg.npz,46,125.0,train,Base_TC4,11835,OK,
/data/run01/scxk573/lsz/ysy/physicsnemo/data/dataset_springback_pair_Base_TC4_150/springback_pair_Base_TC4_sample_0046_130deg.npz,46,130.0,train,Base_TC4,11835,OK,
/data/run01/scxk573/lsz/ysy/physicsnemo/data/dataset_springback_pair_Base_TC4_150/springback_pair_Base_TC4_sample_0046_135deg.npz,46,135.0,train,Base_TC4,11835,OK,
/data/run01/scxk573/lsz/ysy/physicsnemo/data/dataset_springback_pair_Base_TC4_150/springback_pair_Base_TC4_sample_0046_140deg.npz,46,140.0,train,Base_TC4,11835,OK,
/data/run01/scxk573/lsz/ysy/physicsnemo/data/dataset_springback_pair_Base_TC4_150/springback_pair_Base_TC4_sample_0046_145deg.npz,46,145.0,train,Base_TC4,11835,OK,
/data/run01/scxk573/lsz/ysy/physicsnemo/data/dataset_springback_pair_Base_TC4_150/springback_pair_Base_TC4_sample_0046_150deg.npz,46,150.0,train,Base_TC4,11835,OK,
/data/run01/scxk573/lsz/ysy/physicsnemo/data/dataset_springback_pair_Base_TC4_150/springback_pair_Base_TC4_sample_0046_155deg.npz,46,155.0,train,Base_TC4,11835,OK,
/data/run01/scxk573/lsz/ysy/physicsnemo/data/dataset_springback_pair_Base_TC4_150/springback_pair_Base_TC4_sample_0046_160deg.npz,46,160.0,train,Base_TC4,11835,OK,
/data/run01/scxk573/lsz/ysy/physicsnemo/data/dataset_springback_pair_Base_TC4_150/springback_pair_Base_TC4_sample_0046_165deg.npz,46,165.0,train,Base_TC4,11835,OK,
/data/run01/scxk573/lsz/ysy/physicsnemo/data/dataset_springback_pair_Base_TC4_150/springback_pair_Base_TC4_sample_0046_170deg.npz,46,170.0,train,Base_TC4,11835,OK,
/data/run01/scxk573/lsz/ysy/physicsnemo/data/dataset_springback_pair_Base_TC4_150/springback_pair_Base_TC4_sample_0046_175deg.npz,46,175.0,train,Base_TC4,11835,OK,
/data/run01/scxk573/lsz/ysy/physicsnemo/data/dataset_springback_pair_Base_TC4_150/springback_pair_Base_TC4_sample_0046_180deg.npz,46,180.0,train,Base_TC4,11835,OK,
/data/run01/scxk573/lsz/ysy/physicsnemo/data/dataset_springback_pair_Base_TC4_150/springback_pair_Base_TC4_sample_0047_005deg.npz,47,5.0,train,Base_TC4,5012,OK,
/data/run01/scxk573/lsz/ysy/physicsnemo/data/dataset_springback_pair_Base_TC4_150/springback_pair_Base_TC4_sample_0047_010deg.npz,47,10.0,train,Base_TC4,5012,OK,
/data/run01/scxk573/lsz/ysy/physicsnemo/data/dataset_springback_pair_Base_TC4_150/springback_pair_Base_TC4_sample_0047_015deg.npz,47,15.0,train,Base_TC4,5012,OK,
/data/run01/scxk573/lsz/ysy/physicsnemo/data/dataset_springback_pair_Base_TC4_150/springback_pair_Base_TC4_sample_0047_020deg.npz,47,20.0,train,Base_TC4,5012,OK,
/data/run01/scxk573/lsz/ysy/physicsnemo/data/dataset_springback_pair_Base_TC4_150/springback_pair_Base_TC4_sample_0047_025deg.npz,47,25.0,train,Base_TC4,5012,OK,
/data/run01/scxk573/lsz/ysy/physicsnemo/data/dataset_springback_pair_Base_TC4_150/springback_pair_Base_TC4_sample_0047_030deg.npz,47,30.0,train,Base_TC4,5012,OK,
/data/run01/scxk573/lsz/ysy/physicsnemo/data/dataset_springback_pair_Base_TC4_150/springback_pair_Base_TC4_sample_0047_035deg.npz,47,35.0,train,Base_TC4,5012,OK,
/data/run01/scxk573/lsz/ysy/physicsnemo/data/dataset_springback_pair_Base_TC4_150/springback_pair_Base_TC4_sample_0047_040deg.npz,47,40.0,train,Base_TC4,5012,OK,
/data/run01/scxk573/lsz/ysy/physicsnemo/data/dataset_springback_pair_Base_TC4_150/springback_pair_Base_TC4_sample_0047_045deg.npz,47,45.0,train,Base_TC4,5012,OK,
/data/run01/scxk573/lsz/ysy/physicsnemo/data/dataset_springback_pair_Base_TC4_150/springback_pair_Base_TC4_sample_0047_050deg.npz,47,50.0,train,Base_TC4,5012,OK,
/data/run01/scxk573/lsz/ysy/physicsnemo/data/dataset_springback_pair_Base_TC4_150/springback_pair_Base_TC4_sample_0047_055deg.npz,47,55.0,train,Base_TC4,5012,OK,
/data/run01/scxk573/lsz/ysy/physicsnemo/data/dataset_springback_pair_Base_TC4_150/springback_pair_Base_TC4_sample_0047_060deg.npz,47,60.0,train,Base_TC4,5012,OK,
/data/run01/scxk573/lsz/ysy/physicsnemo/data/dataset_springback_pair_Base_TC4_150/springback_pair_Base_TC4_sample_0047_065deg.npz,47,65.0,train,Base_TC4,5012,OK,
/data/run01/scxk573/lsz/ysy/physicsnemo/data/dataset_springback_pair_Base_TC4_150/springback_pair_Base_TC4_sample_0047_070deg.npz,47,70.0,train,Base_TC4,5012,OK,
/data/run01/scxk573/lsz/ysy/physicsnemo/data/dataset_springback_pair_Base_TC4_150/springback_pair_Base_TC4_sample_0047_075deg.npz,47,75.0,train,Base_TC4,5012,OK,
/data/run01/scxk573/lsz/ysy/physicsnemo/data/dataset_springback_pair_Base_TC4_150/springback_pair_Base_TC4_sample_0047_080deg.npz,47,80.0,train,Base_TC4,5012,OK,
/data/run01/scxk573/lsz/ysy/physicsnemo/data/dataset_springback_pair_Base_TC4_150/springback_pair_Base_TC4_sample_0047_085deg.npz,47,85.0,train,Base_TC4,5012,OK,
/data/run01/scxk573/lsz/ysy/physicsnemo/data/dataset_springback_pair_Base_TC4_150/springback_pair_Base_TC4_sample_0047_090deg.npz,47,90.0,train,Base_TC4,5012,OK,
/data/run01/scxk573/lsz/ysy/physicsnemo/data/dataset_springback_pair_Base_TC4_150/springback_pair_Base_TC4_sample_0047_095deg.npz,47,95.0,train,Base_TC4,5012,OK,
/data/run01/scxk573/lsz/ysy/physicsnemo/data/dataset_springback_pair_Base_TC4_150/springback_pair_Base_TC4_sample_0047_100deg.npz,47,100.0,train,Base_TC4,5012,OK,
/data/run01/scxk573/lsz/ysy/physicsnemo/data/dataset_springback_pair_Base_TC4_150/springback_pair_Base_TC4_sample_0047_105deg.npz,47,105.0,train,Base_TC4,5012,OK,
/data/run01/scxk573/lsz/ysy/physicsnemo/data/dataset_springback_pair_Base_TC4_150/springback_pair_Base_TC4_sample_0047_110deg.npz,47,110.0,train,Base_TC4,5012,OK,
/data/run01/scxk573/lsz/ysy/physicsnemo/data/dataset_springback_pair_Base_TC4_150/springback_pair_Base_TC4_sample_0047_115deg.npz,47,115.0,train,Base_TC4,5012,OK,
/data/run01/scxk573/lsz/ysy/physicsnemo/data/dataset_springback_pair_Base_TC4_150/springback_pair_Base_TC4_sample_0047_120deg.npz,47,120.0,train,Base_TC4,5012,OK,
/data/run01/scxk573/lsz/ysy/physicsnemo/data/dataset_springback_pair_Base_TC4_150/springback_pair_Base_TC4_sample_0047_125deg.npz,47,125.0,train,Base_TC4,5012,OK,
/data/run01/scxk573/lsz/ysy/physicsnemo/data/dataset_springback_pair_Base_TC4_150/springback_pair_Base_TC4_sample_0047_130deg.npz,47,130.0,train,Base_TC4,5012,OK,
/data/run01/scxk573/lsz/ysy/physicsnemo/data/dataset_springback_pair_Base_TC4_150/springback_pair_Base_TC4_sample_0047_135deg.npz,47,135.0,train,Base_TC4,5012,OK,
/data/run01/scxk573/lsz/ysy/physicsnemo/data/dataset_springback_pair_Base_TC4_150/springback_pair_Base_TC4_sample_0047_140deg.npz,47,140.0,train,Base_TC4,5012,OK,
/data/run01/scxk573/lsz/ysy/physicsnemo/data/dataset_springback_pair_Base_TC4_150/springback_pair_Base_TC4_sample_0047_145deg.npz,47,145.0,train,Base_TC4,5012,OK,
/data/run01/scxk573/lsz/ysy/physicsnemo/data/dataset_springback_pair_Base_TC4_150/springback_pair_Base_TC4_sample_0047_150deg.npz,47,150.0,train,Base_TC4,5012,OK,
/data/run01/scxk573/lsz/ysy/physicsnemo/data/dataset_springback_pair_Base_TC4_150/springback_pair_Base_TC4_sample_0047_155deg.npz,47,155.0,train,Base_TC4,5012,OK,
/data/run01/scxk573/lsz/ysy/physicsnemo/data/dataset_springback_pair_Base_TC4_150/springback_pair_Base_TC4_sample_0047_160deg.npz,47,160.0,train,Base_TC4,5012,OK,
/data/run01/scxk573/lsz/ysy/physicsnemo/data/dataset_springback_pair_Base_TC4_150/springback_pair_Base_TC4_sample_0047_165deg.npz,47,165.0,train,Base_TC4,5012,OK,
/data/run01/scxk573/lsz/ysy/physicsnemo/data/dataset_springback_pair_Base_TC4_150/springback_pair_Base_TC4_sample_0047_170deg.npz,47,170.0,train,Base_TC4,5012,OK,
/data/run01/scxk573/lsz/ysy/physicsnemo/data/dataset_springback_pair_Base_TC4_150/springback_pair_Base_TC4_sample_0047_175deg.npz,47,175.0,train,Base_TC4,5012,OK,
/data/run01/scxk573/lsz/ysy/physicsnemo/data/dataset_springback_pair_Base_TC4_150/springback_pair_Base_TC4_sample_0047_180deg.npz,47,180.0,train,Base_TC4,5012,OK,
/data/run01/scxk573/lsz/ysy/physicsnemo/data/dataset_springback_pair_Base_TC4_150/springback_pair_Base_TC4_sample_0048_005deg.npz,48,5.0,train,Base_TC4,17118,OK,
/data/run01/scxk573/lsz/ysy/physicsnemo/data/dataset_springback_pair_Base_TC4_150/springback_pair_Base_TC4_sample_0048_010deg.npz,48,10.0,train,Base_TC4,17118,OK,
/data/run01/scxk573/lsz/ysy/physicsnemo/data/dataset_springback_pair_Base_TC4_150/springback_pair_Base_TC4_sample_0048_015deg.npz,48,15.0,train,Base_TC4,17118,OK,
/data/run01/scxk573/lsz/ysy/physicsnemo/data/dataset_springback_pair_Base_TC4_150/springback_pair_Base_TC4_sample_0048_020deg.npz,48,20.0,train,Base_TC4,17118,OK,
/data/run01/scxk573/lsz/ysy/physicsnemo/data/dataset_springback_pair_Base_TC4_150/springback_pair_Base_TC4_sample_0048_025deg.npz,48,25.0,train,Base_TC4,17118,OK,
/data/run01/scxk573/lsz/ysy/physicsnemo/data/dataset_springback_pair_Base_TC4_150/springback_pair_Base_TC4_sample_0048_030deg.npz,48,30.0,train,Base_TC4,17118,OK,
/data/run01/scxk573/lsz/ysy/physicsnemo/data/dataset_springback_pair_Base_TC4_150/springback_pair_Base_TC4_sample_0048_035deg.npz,48,35.0,train,Base_TC4,17118,OK,
/data/run01/scxk573/lsz/ysy/physicsnemo/data/dataset_springback_pair_Base_TC4_150/springback_pair_Base_TC4_sample_0048_040deg.npz,48,40.0,train,Base_TC4,17118,OK,
/data/run01/scxk573/lsz/ysy/physicsnemo/data/dataset_springback_pair_Base_TC4_150/springback_pair_Base_TC4_sample_0048_045deg.npz,48,45.0,train,Base_TC4,17118,OK,
/data/run01/scxk573/lsz/ysy/physicsnemo/data/dataset_springback_pair_Base_TC4_150/springback_pair_Base_TC4_sample_0048_050deg.npz,48,50.0,train,Base_TC4,17118,OK,
/data/run01/scxk573/lsz/ysy/physicsnemo/data/dataset_springback_pair_Base_TC4_150/springback_pair_Base_TC4_sample_0048_055deg.npz,48,55.0,train,Base_TC4,17118,OK,
/data/run01/scxk573/lsz/ysy/physicsnemo/data/dataset_springback_pair_Base_TC4_150/springback_pair_Base_TC4_sample_0048_060deg.npz,48,60.0,train,Base_TC4,17118,OK,
/data/run01/scxk573/lsz/ysy/physicsnemo/data/dataset_springback_pair_Base_TC4_150/springback_pair_Base_TC4_sample_0048_065deg.npz,48,65.0,train,Base_TC4,17118,OK,
/data/run01/scxk573/lsz/ysy/physicsnemo/data/dataset_springback_pair_Base_TC4_150/springback_pair_Base_TC4_sample_0048_070deg.npz,48,70.0,train,Base_TC4,17118,OK,
/data/run01/scxk573/lsz/ysy/physicsnemo/data/dataset_springback_pair_Base_TC4_150/springback_pair_Base_TC4_sample_0048_075deg.npz,48,75.0,train,Base_TC4,17118,OK,
/data/run01/scxk573/lsz/ysy/physicsnemo/data/dataset_springback_pair_Base_TC4_150/springback_pair_Base_TC4_sample_0048_080deg.npz,48,80.0,train,Base_TC4,17118,OK,
/data/run01/scxk573/lsz/ysy/physicsnemo/data/dataset_springback_pair_Base_TC4_150/springback_pair_Base_TC4_sample_0048_085deg.npz,48,85.0,train,Base_TC4,17118,OK,
/data/run01/scxk573/lsz/ysy/physicsnemo/data/dataset_springback_pair_Base_TC4_150/springback_pair_Base_TC4_sample_0048_090deg.npz,48,90.0,train,Base_TC4,17118,OK,
/data/run01/scxk573/lsz/ysy/physicsnemo/data/dataset_springback_pair_Base_TC4_150/springback_pair_Base_TC4_sample_0048_095deg.npz,48,95.0,train,Base_TC4,17118,OK,
/data/run01/scxk573/lsz/ysy/physicsnemo/data/dataset_springback_pair_Base_TC4_150/springback_pair_Base_TC4_sample_0048_100deg.npz,48,100.0,train,Base_TC4,17118,OK,
/data/run01/scxk573/lsz/ysy/physicsnemo/data/dataset_springback_pair_Base_TC4_150/springback_pair_Base_TC4_sample_0048_105deg.npz,48,105.0,train,Base_TC4,17118,OK,
/data/run01/scxk573/lsz/ysy/physicsnemo/data/dataset_springback_pair_Base_TC4_150/springback_pair_Base_TC4_sample_0048_110deg.npz,48,110.0,train,Base_TC4,17118,OK,
/data/run01/scxk573/lsz/ysy/physicsnemo/data/dataset_springback_pair_Base_TC4_150/springback_pair_Base_TC4_sample_0048_115deg.npz,48,115.0,train,Base_TC4,17118,OK,
/data/run01/scxk573/lsz/ysy/physicsnemo/data/dataset_springback_pair_Base_TC4_150/springback_pair_Base_TC4_sample_0048_120deg.npz,48,120.0,train,Base_TC4,17118,OK,
/data/run01/scxk573/lsz/ysy/physicsnemo/data/dataset_springback_pair_Base_TC4_150/springback_pair_Base_TC4_sample_0048_125deg.npz,48,125.0,train,Base_TC4,17118,OK,
/data/run01/scxk573/lsz/ysy/physicsnemo/data/dataset_springback_pair_Base_TC4_150/springback_pair_Base_TC4_sample_0048_130deg.npz,48,130.0,train,Base_TC4,17118,OK,
/data/run01/scxk573/lsz/ysy/physicsnemo/data/dataset_springback_pair_Base_TC4_150/springback_pair_Base_TC4_sample_0048_135deg.npz,48,135.0,train,Base_TC4,17118,OK,
/data/run01/scxk573/lsz/ysy/physicsnemo/data/dataset_springback_pair_Base_TC4_150/springback_pair_Base_TC4_sample_0048_140deg.npz,48,140.0,train,Base_TC4,17118,OK,
/data/run01/scxk573/lsz/ysy/physicsnemo/data/dataset_springback_pair_Base_TC4_150/springback_pair_Base_TC4_sample_0048_145deg.npz,48,145.0,train,Base_TC4,17118,OK,
/data/run01/scxk573/lsz/ysy/physicsnemo/data/dataset_springback_pair_Base_TC4_150/springback_pair_Base_TC4_sample_0048_150deg.npz,48,150.0,train,Base_TC4,17118,OK,
/data/run01/scxk573/lsz/ysy/physicsnemo/data/dataset_springback_pair_Base_TC4_150/springback_pair_Base_TC4_sample_0048_155deg.npz,48,155.0,train,Base_TC4,17118,OK,
/data/run01/scxk573/lsz/ysy/physicsnemo/data/dataset_springback_pair_Base_TC4_150/springback_pair_Base_TC4_sample_0048_160deg.npz,48,160.0,train,Base_TC4,17118,OK,
/data/run01/scxk573/lsz/ysy/physicsnemo/data/dataset_springback_pair_Base_TC4_150/springback_pair_Base_TC4_sample_0048_165deg.npz,48,165.0,train,Base_TC4,17118,OK,
/data/run01/scxk573/lsz/ysy/physicsnemo/data/dataset_springback_pair_Base_TC4_150/springback_pair_Base_TC4_sample_0048_170deg.npz,48,170.0,train,Base_TC4,17118,OK,
/data/run01/scxk573/lsz/ysy/physicsnemo/data/dataset_springback_pair_Base_TC4_150/springback_pair_Base_TC4_sample_0048_175deg.npz,48,175.0,train,Base_TC4,17118,OK,
/data/run01/scxk573/lsz/ysy/physicsnemo/data/dataset_springback_pair_Base_TC4_150/springback_pair_Base_TC4_sample_0048_180deg.npz,48,180.0,train,Base_TC4,17118,OK,
/data/run01/scxk573/lsz/ysy/physicsnemo/data/dataset_springback_pair_Base_TC4_150/springback_pair_Base_TC4_sample_0049_005deg.npz,49,5.0,train,Base_TC4,4867,OK,
/data/run01/scxk573/lsz/ysy/physicsnemo/data/dataset_springback_pair_Base_TC4_150/springback_pair_Base_TC4_sample_0049_010deg.npz,49,10.0,train,Base_TC4,4867,OK,
/data/run01/scxk573/lsz/ysy/physicsnemo/data/dataset_springback_pair_Base_TC4_150/springback_pair_Base_TC4_sample_0049_015deg.npz,49,15.0,train,Base_TC4,4867,OK,
/data/run01/scxk573/lsz/ysy/physicsnemo/data/dataset_springback_pair_Base_TC4_150/springback_pair_Base_TC4_sample_0049_020deg.npz,49,20.0,train,Base_TC4,4867,OK,
/data/run01/scxk573/lsz/ysy/physicsnemo/data/dataset_springback_pair_Base_TC4_150/springback_pair_Base_TC4_sample_0049_025deg.npz,49,25.0,train,Base_TC4,4867,OK,
/data/run01/scxk573/lsz/ysy/physicsnemo/data/dataset_springback_pair_Base_TC4_150/springback_pair_Base_TC4_sample_0049_030deg.npz,49,30.0,train,Base_TC4,4867,OK,
/data/run01/scxk573/lsz/ysy/physicsnemo/data/dataset_springback_pair_Base_TC4_150/springback_pair_Base_TC4_sample_0049_035deg.npz,49,35.0,train,Base_TC4,4867,OK,
/data/run01/scxk573/lsz/ysy/physicsnemo/data/dataset_springback_pair_Base_TC4_150/springback_pair_Base_TC4_sample_0049_040deg.npz,49,40.0,train,Base_TC4,4867,OK,
/data/run01/scxk573/lsz/ysy/physicsnemo/data/dataset_springback_pair_Base_TC4_150/springback_pair_Base_TC4_sample_0049_045deg.npz,49,45.0,train,Base_TC4,4867,OK,
/data/run01/scxk573/lsz/ysy/physicsnemo/data/dataset_springback_pair_Base_TC4_150/springback_pair_Base_TC4_sample_0049_050deg.npz,49,50.0,train,Base_TC4,4867,OK,
/data/run01/scxk573/lsz/ysy/physicsnemo/data/dataset_springback_pair_Base_TC4_150/springback_pair_Base_TC4_sample_0049_055deg.npz,49,55.0,train,Base_TC4,4867,OK,
/data/run01/scxk573/lsz/ysy/physicsnemo/data/dataset_springback_pair_Base_TC4_150/springback_pair_Base_TC4_sample_0049_060deg.npz,49,60.0,train,Base_TC4,4867,OK,
/data/run01/scxk573/lsz/ysy/physicsnemo/data/dataset_springback_pair_Base_TC4_150/springback_pair_Base_TC4_sample_0049_065deg.npz,49,65.0,train,Base_TC4,4867,OK,
/data/run01/scxk573/lsz/ysy/physicsnemo/data/dataset_springback_pair_Base_TC4_150/springback_pair_Base_TC4_sample_0049_070deg.npz,49,70.0,train,Base_TC4,4867,OK,
/data/run01/scxk573/lsz/ysy/physicsnemo/data/dataset_springback_pair_Base_TC4_150/springback_pair_Base_TC4_sample_0049_075deg.npz,49,75.0,train,Base_TC4,4867,OK,
/data/run01/scxk573/lsz/ysy/physicsnemo/data/dataset_springback_pair_Base_TC4_150/springback_pair_Base_TC4_sample_0049_080deg.npz,49,80.0,train,Base_TC4,4867,OK,
/data/run01/scxk573/lsz/ysy/physicsnemo/data/dataset_springback_pair_Base_TC4_150/springback_pair_Base_TC4_sample_0049_085deg.npz,49,85.0,train,Base_TC4,4867,OK,
/data/run01/scxk573/lsz/ysy/physicsnemo/data/dataset_springback_pair_Base_TC4_150/springback_pair_Base_TC4_sample_0049_090deg.npz,49,90.0,train,Base_TC4,4867,OK,
/data/run01/scxk573/lsz/ysy/physicsnemo/data/dataset_springback_pair_Base_TC4_150/springback_pair_Base_TC4_sample_0049_095deg.npz,49,95.0,train,Base_TC4,4867,OK,
/data/run01/scxk573/lsz/ysy/physicsnemo/data/dataset_springback_pair_Base_TC4_150/springback_pair_Base_TC4_sample_0049_100deg.npz,49,100.0,train,Base_TC4,4867,OK,
/data/run01/scxk573/lsz/ysy/physicsnemo/data/dataset_springback_pair_Base_TC4_150/springback_pair_Base_TC4_sample_0049_105deg.npz,49,105.0,train,Base_TC4,4867,OK,
/data/run01/scxk573/lsz/ysy/physicsnemo/data/dataset_springback_pair_Base_TC4_150/springback_pair_Base_TC4_sample_0049_110deg.npz,49,110.0,train,Base_TC4,4867,OK,
/data/run01/scxk573/lsz/ysy/physicsnemo/data/dataset_springback_pair_Base_TC4_150/springback_pair_Base_TC4_sample_0049_115deg.npz,49,115.0,train,Base_TC4,4867,OK,
/data/run01/scxk573/lsz/ysy/physicsnemo/data/dataset_springback_pair_Base_TC4_150/springback_pair_Base_TC4_sample_0049_120deg.npz,49,120.0,train,Base_TC4,4867,OK,
/data/run01/scxk573/lsz/ysy/physicsnemo/data/dataset_springback_pair_Base_TC4_150/springback_pair_Base_TC4_sample_0049_125deg.npz,49,125.0,train,Base_TC4,4867,OK,
/data/run01/scxk573/lsz/ysy/physicsnemo/data/dataset_springback_pair_Base_TC4_150/springback_pair_Base_TC4_sample_0049_130deg.npz,49,130.0,train,Base_TC4,4867,OK,
/data/run01/scxk573/lsz/ysy/physicsnemo/data/dataset_springback_pair_Base_TC4_150/springback_pair_Base_TC4_sample_0049_135deg.npz,49,135.0,train,Base_TC4,4867,OK,
/data/run01/scxk573/lsz/ysy/physicsnemo/data/dataset_springback_pair_Base_TC4_150/springback_pair_Base_TC4_sample_0049_140deg.npz,49,140.0,train,Base_TC4,4867,OK,
/data/run01/scxk573/lsz/ysy/physicsnemo/data/dataset_springback_pair_Base_TC4_150/springback_pair_Base_TC4_sample_0049_145deg.npz,49,145.0,train,Base_TC4,4867,OK,
/data/run01/scxk573/lsz/ysy/physicsnemo/data/dataset_springback_pair_Base_TC4_150/springback_pair_Base_TC4_sample_0049_150deg.npz,49,150.0,train,Base_TC4,4867,OK,
/data/run01/scxk573/lsz/ysy/physicsnemo/data/dataset_springback_pair_Base_TC4_150/springback_pair_Base_TC4_sample_0049_155deg.npz,49,155.0,train,Base_TC4,4867,OK,
/data/run01/scxk573/lsz/ysy/physicsnemo/data/dataset_springback_pair_Base_TC4_150/springback_pair_Base_TC4_sample_0049_160deg.npz,49,160.0,train,Base_TC4,4867,OK,
/data/run01/scxk573/lsz/ysy/physicsnemo/data/dataset_springback_pair_Base_TC4_150/springback_pair_Base_TC4_sample_0049_165deg.npz,49,165.0,train,Base_TC4,4867,OK,
/data/run01/scxk573/lsz/ysy/physicsnemo/data/dataset_springback_pair_Base_TC4_150/springback_pair_Base_TC4_sample_0049_170deg.npz,49,170.0,train,Base_TC4,4867,OK,
/data/run01/scxk573/lsz/ysy/physicsnemo/data/dataset_springback_pair_Base_TC4_150/springback_pair_Base_TC4_sample_0049_175deg.npz,49,175.0,train,Base_TC4,4867,OK,
/data/run01/scxk573/lsz/ysy/physicsnemo/data/dataset_springback_pair_Base_TC4_150/springback_pair_Base_TC4_sample_0049_180deg.npz,49,180.0,train,Base_TC4,4867,OK,
/data/run01/scxk573/lsz/ysy/physicsnemo/data/dataset_springback_pair_Base_TC4_150/springback_pair_Base_TC4_sample_0050_005deg.npz,50,5.0,test,Base_TC4,6006,OK,
/data/run01/scxk573/lsz/ysy/physicsnemo/data/dataset_springback_pair_Base_TC4_150/springback_pair_Base_TC4_sample_0050_010deg.npz,50,10.0,test,Base_TC4,6006,OK,
/data/run01/scxk573/lsz/ysy/physicsnemo/data/dataset_springback_pair_Base_TC4_150/springback_pair_Base_TC4_sample_0050_015deg.npz,50,15.0,test,Base_TC4,6006,OK,
/data/run01/scxk573/lsz/ysy/physicsnemo/data/dataset_springback_pair_Base_TC4_150/springback_pair_Base_TC4_sample_0050_020deg.npz,50,20.0,test,Base_TC4,6006,OK,
/data/run01/scxk573/lsz/ysy/physicsnemo/data/dataset_springback_pair_Base_TC4_150/springback_pair_Base_TC4_sample_0050_025deg.npz,50,25.0,test,Base_TC4,6006,OK,
/data/run01/scxk573/lsz/ysy/physicsnemo/data/dataset_springback_pair_Base_TC4_150/springback_pair_Base_TC4_sample_0050_030deg.npz,50,30.0,test,Base_TC4,6006,OK,
/data/run01/scxk573/lsz/ysy/physicsnemo/data/dataset_springback_pair_Base_TC4_150/springback_pair_Base_TC4_sample_0050_035deg.npz,50,35.0,test,Base_TC4,6006,OK,
/data/run01/scxk573/lsz/ysy/physicsnemo/data/dataset_springback_pair_Base_TC4_150/springback_pair_Base_TC4_sample_0050_040deg.npz,50,40.0,test,Base_TC4,6006,OK,
/data/run01/scxk573/lsz/ysy/physicsnemo/data/dataset_springback_pair_Base_TC4_150/springback_pair_Base_TC4_sample_0050_045deg.npz,50,45.0,test,Base_TC4,6006,OK,
/data/run01/scxk573/lsz/ysy/physicsnemo/data/dataset_springback_pair_Base_TC4_150/springback_pair_Base_TC4_sample_0050_050deg.npz,50,50.0,test,Base_TC4,6006,OK,
/data/run01/scxk573/lsz/ysy/physicsnemo/data/dataset_springback_pair_Base_TC4_150/springback_pair_Base_TC4_sample_0050_055deg.npz,50,55.0,test,Base_TC4,6006,OK,
/data/run01/scxk573/lsz/ysy/physicsnemo/data/dataset_springback_pair_Base_TC4_150/springback_pair_Base_TC4_sample_0050_060deg.npz,50,60.0,test,Base_TC4,6006,OK,
/data/run01/scxk573/lsz/ysy/physicsnemo/data/dataset_springback_pair_Base_TC4_150/springback_pair_Base_TC4_sample_0050_065deg.npz,50,65.0,test,Base_TC4,6006,OK,
/data/run01/scxk573/lsz/ysy/physicsnemo/data/dataset_springback_pair_Base_TC4_150/springback_pair_Base_TC4_sample_0050_070deg.npz,50,70.0,test,Base_TC4,6006,OK,
/data/run01/scxk573/lsz/ysy/physicsnemo/data/dataset_springback_pair_Base_TC4_150/springback_pair_Base_TC4_sample_0050_075deg.npz,50,75.0,test,Base_TC4,6006,OK,
/data/run01/scxk573/lsz/ysy/physicsnemo/data/dataset_springback_pair_Base_TC4_150/springback_pair_Base_TC4_sample_0050_080deg.npz,50,80.0,test,Base_TC4,6006,OK,
/data/run01/scxk573/lsz/ysy/physicsnemo/data/dataset_springback_pair_Base_TC4_150/springback_pair_Base_TC4_sample_0050_085deg.npz,50,85.0,test,Base_TC4,6006,OK,
/data/run01/scxk573/lsz/ysy/physicsnemo/data/dataset_springback_pair_Base_TC4_150/springback_pair_Base_TC4_sample_0050_090deg.npz,50,90.0,test,Base_TC4,6006,OK,
/data/run01/scxk573/lsz/ysy/physicsnemo/data/dataset_springback_pair_Base_TC4_150/springback_pair_Base_TC4_sample_0050_095deg.npz,50,95.0,test,Base_TC4,6006,OK,
/data/run01/scxk573/lsz/ysy/physicsnemo/data/dataset_springback_pair_Base_TC4_150/springback_pair_Base_TC4_sample_0050_100deg.npz,50,100.0,test,Base_TC4,6006,OK,
/data/run01/scxk573/lsz/ysy/physicsnemo/data/dataset_springback_pair_Base_TC4_150/springback_pair_Base_TC4_sample_0050_105deg.npz,50,105.0,test,Base_TC4,6006,OK,
/data/run01/scxk573/lsz/ysy/physicsnemo/data/dataset_springback_pair_Base_TC4_150/springback_pair_Base_TC4_sample_0050_110deg.npz,50,110.0,test,Base_TC4,6006,OK,
/data/run01/scxk573/lsz/ysy/physicsnemo/data/dataset_springback_pair_Base_TC4_150/springback_pair_Base_TC4_sample_0050_115deg.npz,50,115.0,test,Base_TC4,6006,OK,
/data/run01/scxk573/lsz/ysy/physicsnemo/data/dataset_springback_pair_Base_TC4_150/springback_pair_Base_TC4_sample_0050_120deg.npz,50,120.0,test,Base_TC4,6006,OK,
/data/run01/scxk573/lsz/ysy/physicsnemo/data/dataset_springback_pair_Base_TC4_150/springback_pair_Base_TC4_sample_0050_125deg.npz,50,125.0,test,Base_TC4,6006,OK,
/data/run01/scxk573/lsz/ysy/physicsnemo/data/dataset_springback_pair_Base_TC4_150/springback_pair_Base_TC4_sample_0050_130deg.npz,50,130.0,test,Base_TC4,6006,OK,
/data/run01/scxk573/lsz/ysy/physicsnemo/data/dataset_springback_pair_Base_TC4_150/springback_pair_Base_TC4_sample_0050_135deg.npz,50,135.0,test,Base_TC4,6006,OK,
/data/run01/scxk573/lsz/ysy/physicsnemo/data/dataset_springback_pair_Base_TC4_150/springback_pair_Base_TC4_sample_0050_140deg.npz,50,140.0,test,Base_TC4,6006,OK,
/data/run01/scxk573/lsz/ysy/physicsnemo/data/dataset_springback_pair_Base_TC4_150/springback_pair_Base_TC4_sample_0050_145deg.npz,50,145.0,test,Base_TC4,6006,OK,
/data/run01/scxk573/lsz/ysy/physicsnemo/data/dataset_springback_pair_Base_TC4_150/springback_pair_Base_TC4_sample_0050_150deg.npz,50,150.0,test,Base_TC4,6006,OK,
/data/run01/scxk573/lsz/ysy/physicsnemo/data/dataset_springback_pair_Base_TC4_150/springback_pair_Base_TC4_sample_0050_155deg.npz,50,155.0,test,Base_TC4,6006,OK,
/data/run01/scxk573/lsz/ysy/physicsnemo/data/dataset_springback_pair_Base_TC4_150/springback_pair_Base_TC4_sample_0050_160deg.npz,50,160.0,test,Base_TC4,6006,OK,
/data/run01/scxk573/lsz/ysy/physicsnemo/data/dataset_springback_pair_Base_TC4_150/springback_pair_Base_TC4_sample_0050_165deg.npz,50,165.0,test,Base_TC4,6006,OK,
/data/run01/scxk573/lsz/ysy/physicsnemo/data/dataset_springback_pair_Base_TC4_150/springback_pair_Base_TC4_sample_0050_170deg.npz,50,170.0,test,Base_TC4,6006,OK,
/data/run01/scxk573/lsz/ysy/physicsnemo/data/dataset_springback_pair_Base_TC4_150/springback_pair_Base_TC4_sample_0050_175deg.npz,50,175.0,test,Base_TC4,6006,OK,
/data/run01/scxk573/lsz/ysy/physicsnemo/data/dataset_springback_pair_Base_TC4_150/springback_pair_Base_TC4_sample_0050_180deg.npz,50,180.0,test,Base_TC4,6006,OK,
/data/run01/scxk573/lsz/ysy/physicsnemo/data/dataset_springback_pair_Base_TC4_150/springback_pair_Base_TC4_sample_0051_005deg.npz,51,5.0,val,Base_TC4,14688,OK,
/data/run01/scxk573/lsz/ysy/physicsnemo/data/dataset_springback_pair_Base_TC4_150/springback_pair_Base_TC4_sample_0051_010deg.npz,51,10.0,val,Base_TC4,14688,OK,
/data/run01/scxk573/lsz/ysy/physicsnemo/data/dataset_springback_pair_Base_TC4_150/springback_pair_Base_TC4_sample_0051_015deg.npz,51,15.0,val,Base_TC4,14688,OK,
/data/run01/scxk573/lsz/ysy/physicsnemo/data/dataset_springback_pair_Base_TC4_150/springback_pair_Base_TC4_sample_0051_020deg.npz,51,20.0,val,Base_TC4,14688,OK,
/data/run01/scxk573/lsz/ysy/physicsnemo/data/dataset_springback_pair_Base_TC4_150/springback_pair_Base_TC4_sample_0051_025deg.npz,51,25.0,val,Base_TC4,14688,OK,
/data/run01/scxk573/lsz/ysy/physicsnemo/data/dataset_springback_pair_Base_TC4_150/springback_pair_Base_TC4_sample_0051_030deg.npz,51,30.0,val,Base_TC4,14688,OK,
/data/run01/scxk573/lsz/ysy/physicsnemo/data/dataset_springback_pair_Base_TC4_150/springback_pair_Base_TC4_sample_0051_035deg.npz,51,35.0,val,Base_TC4,14688,OK,
/data/run01/scxk573/lsz/ysy/physicsnemo/data/dataset_springback_pair_Base_TC4_150/springback_pair_Base_TC4_sample_0051_040deg.npz,51,40.0,val,Base_TC4,14688,OK,
/data/run01/scxk573/lsz/ysy/physicsnemo/data/dataset_springback_pair_Base_TC4_150/springback_pair_Base_TC4_sample_0051_045deg.npz,51,45.0,val,Base_TC4,14688,OK,
/data/run01/scxk573/lsz/ysy/physicsnemo/data/dataset_springback_pair_Base_TC4_150/springback_pair_Base_TC4_sample_0051_050deg.npz,51,50.0,val,Base_TC4,14688,OK,
/data/run01/scxk573/lsz/ysy/physicsnemo/data/dataset_springback_pair_Base_TC4_150/springback_pair_Base_TC4_sample_0051_055deg.npz,51,55.0,val,Base_TC4,14688,OK,
/data/run01/scxk573/lsz/ysy/physicsnemo/data/dataset_springback_pair_Base_TC4_150/springback_pair_Base_TC4_sample_0051_060deg.npz,51,60.0,val,Base_TC4,14688,OK,
/data/run01/scxk573/lsz/ysy/physicsnemo/data/dataset_springback_pair_Base_TC4_150/springback_pair_Base_TC4_sample_0051_065deg.npz,51,65.0,val,Base_TC4,14688,OK,
/data/run01/scxk573/lsz/ysy/physicsnemo/data/dataset_springback_pair_Base_TC4_150/springback_pair_Base_TC4_sample_0051_070deg.npz,51,70.0,val,Base_TC4,14688,OK,
/data/run01/scxk573/lsz/ysy/physicsnemo/data/dataset_springback_pair_Base_TC4_150/springback_pair_Base_TC4_sample_0051_075deg.npz,51,75.0,val,Base_TC4,14688,OK,
/data/run01/scxk573/lsz/ysy/physicsnemo/data/dataset_springback_pair_Base_TC4_150/springback_pair_Base_TC4_sample_0051_080deg.npz,51,80.0,val,Base_TC4,14688,OK,
/data/run01/scxk573/lsz/ysy/physicsnemo/data/dataset_springback_pair_Base_TC4_150/springback_pair_Base_TC4_sample_0051_085deg.npz,51,85.0,val,Base_TC4,14688,OK,
/data/run01/scxk573/lsz/ysy/physicsnemo/data/dataset_springback_pair_Base_TC4_150/springback_pair_Base_TC4_sample_0051_090deg.npz,51,90.0,val,Base_TC4,14688,OK,
/data/run01/scxk573/lsz/ysy/physicsnemo/data/dataset_springback_pair_Base_TC4_150/springback_pair_Base_TC4_sample_0051_095deg.npz,51,95.0,val,Base_TC4,14688,OK,
/data/run01/scxk573/lsz/ysy/physicsnemo/data/dataset_springback_pair_Base_TC4_150/springback_pair_Base_TC4_sample_0051_100deg.npz,51,100.0,val,Base_TC4,14688,OK,
/data/run01/scxk573/lsz/ysy/physicsnemo/data/dataset_springback_pair_Base_TC4_150/springback_pair_Base_TC4_sample_0051_105deg.npz,51,105.0,val,Base_TC4,14688,OK,
/data/run01/scxk573/lsz/ysy/physicsnemo/data/dataset_springback_pair_Base_TC4_150/springback_pair_Base_TC4_sample_0051_110deg.npz,51,110.0,val,Base_TC4,14688,OK,
/data/run01/scxk573/lsz/ysy/physicsnemo/data/dataset_springback_pair_Base_TC4_150/springback_pair_Base_TC4_sample_0051_115deg.npz,51,115.0,val,Base_TC4,14688,OK,
/data/run01/scxk573/lsz/ysy/physicsnemo/data/dataset_springback_pair_Base_TC4_150/springback_pair_Base_TC4_sample_0051_120deg.npz,51,120.0,val,Base_TC4,14688,OK,
/data/run01/scxk573/lsz/ysy/physicsnemo/data/dataset_springback_pair_Base_TC4_150/springback_pair_Base_TC4_sample_0051_125deg.npz,51,125.0,val,Base_TC4,14688,OK,
/data/run01/scxk573/lsz/ysy/physicsnemo/data/dataset_springback_pair_Base_TC4_150/springback_pair_Base_TC4_sample_0051_130deg.npz,51,130.0,val,Base_TC4,14688,OK,
/data/run01/scxk573/lsz/ysy/physicsnemo/data/dataset_springback_pair_Base_TC4_150/springback_pair_Base_TC4_sample_0051_135deg.npz,51,135.0,val,Base_TC4,14688,OK,
/data/run01/scxk573/lsz/ysy/physicsnemo/data/dataset_springback_pair_Base_TC4_150/springback_pair_Base_TC4_sample_0051_140deg.npz,51,140.0,val,Base_TC4,14688,OK,
/data/run01/scxk573/lsz/ysy/physicsnemo/data/dataset_springback_pair_Base_TC4_150/springback_pair_Base_TC4_sample_0051_145deg.npz,51,145.0,val,Base_TC4,14688,OK,
/data/run01/scxk573/lsz/ysy/physicsnemo/data/dataset_springback_pair_Base_TC4_150/springback_pair_Base_TC4_sample_0051_150deg.npz,51,150.0,val,Base_TC4,14688,OK,
/data/run01/scxk573/lsz/ysy/physicsnemo/data/dataset_springback_pair_Base_TC4_150/springback_pair_Base_TC4_sample_0051_155deg.npz,51,155.0,val,Base_TC4,14688,OK,
/data/run01/scxk573/lsz/ysy/physicsnemo/data/dataset_springback_pair_Base_TC4_150/springback_pair_Base_TC4_sample_0051_160deg.npz,51,160.0,val,Base_TC4,14688,OK,
/data/run01/scxk573/lsz/ysy/physicsnemo/data/dataset_springback_pair_Base_TC4_150/springback_pair_Base_TC4_sample_0051_165deg.npz,51,165.0,val,Base_TC4,14688,OK,
/data/run01/scxk573/lsz/ysy/physicsnemo/data/dataset_springback_pair_Base_TC4_150/springback_pair_Base_TC4_sample_0051_170deg.npz,51,170.0,val,Base_TC4,14688,OK,
/data/run01/scxk573/lsz/ysy/physicsnemo/data/dataset_springback_pair_Base_TC4_150/springback_pair_Base_TC4_sample_0051_175deg.npz,51,175.0,val,Base_TC4,14688,OK,
/data/run01/scxk573/lsz/ysy/physicsnemo/data/dataset_springback_pair_Base_TC4_150/springback_pair_Base_TC4_sample_0051_180deg.npz,51,180.0,val,Base_TC4,14688,OK,
/data/run01/scxk573/lsz/ysy/physicsnemo/data/dataset_springback_pair_Base_TC4_150/springback_pair_Base_TC4_sample_0052_005deg.npz,52,5.0,train,Base_TC4,6020,OK,
/data/run01/scxk573/lsz/ysy/physicsnemo/data/dataset_springback_pair_Base_TC4_150/springback_pair_Base_TC4_sample_0052_010deg.npz,52,10.0,train,Base_TC4,6020,OK,
/data/run01/scxk573/lsz/ysy/physicsnemo/data/dataset_springback_pair_Base_TC4_150/springback_pair_Base_TC4_sample_0052_015deg.npz,52,15.0,train,Base_TC4,6020,OK,
/data/run01/scxk573/lsz/ysy/physicsnemo/data/dataset_springback_pair_Base_TC4_150/springback_pair_Base_TC4_sample_0052_020deg.npz,52,20.0,train,Base_TC4,6020,OK,
/data/run01/scxk573/lsz/ysy/physicsnemo/data/dataset_springback_pair_Base_TC4_150/springback_pair_Base_TC4_sample_0052_025deg.npz,52,25.0,train,Base_TC4,6020,OK,
/data/run01/scxk573/lsz/ysy/physicsnemo/data/dataset_springback_pair_Base_TC4_150/springback_pair_Base_TC4_sample_0052_030deg.npz,52,30.0,train,Base_TC4,6020,OK,
/data/run01/scxk573/lsz/ysy/physicsnemo/data/dataset_springback_pair_Base_TC4_150/springback_pair_Base_TC4_sample_0052_035deg.npz,52,35.0,train,Base_TC4,6020,OK,
/data/run01/scxk573/lsz/ysy/physicsnemo/data/dataset_springback_pair_Base_TC4_150/springback_pair_Base_TC4_sample_0052_040deg.npz,52,40.0,train,Base_TC4,6020,OK,
/data/run01/scxk573/lsz/ysy/physicsnemo/data/dataset_springback_pair_Base_TC4_150/springback_pair_Base_TC4_sample_0052_045deg.npz,52,45.0,train,Base_TC4,6020,OK,
/data/run01/scxk573/lsz/ysy/physicsnemo/data/dataset_springback_pair_Base_TC4_150/springback_pair_Base_TC4_sample_0052_050deg.npz,52,50.0,train,Base_TC4,6020,OK,
/data/run01/scxk573/lsz/ysy/physicsnemo/data/dataset_springback_pair_Base_TC4_150/springback_pair_Base_TC4_sample_0052_055deg.npz,52,55.0,train,Base_TC4,6020,OK,
/data/run01/scxk573/lsz/ysy/physicsnemo/data/dataset_springback_pair_Base_TC4_150/springback_pair_Base_TC4_sample_0052_060deg.npz,52,60.0,train,Base_TC4,6020,OK,
/data/run01/scxk573/lsz/ysy/physicsnemo/data/dataset_springback_pair_Base_TC4_150/springback_pair_Base_TC4_sample_0052_065deg.npz,52,65.0,train,Base_TC4,6020,OK,
/data/run01/scxk573/lsz/ysy/physicsnemo/data/dataset_springback_pair_Base_TC4_150/springback_pair_Base_TC4_sample_0052_070deg.npz,52,70.0,train,Base_TC4,6020,OK,
/data/run01/scxk573/lsz/ysy/physicsnemo/data/dataset_springback_pair_Base_TC4_150/springback_pair_Base_TC4_sample_0052_075deg.npz,52,75.0,train,Base_TC4,6020,OK,
/data/run01/scxk573/lsz/ysy/physicsnemo/data/dataset_springback_pair_Base_TC4_150/springback_pair_Base_TC4_sample_0052_080deg.npz,52,80.0,train,Base_TC4,6020,OK,
/data/run01/scxk573/lsz/ysy/physicsnemo/data/dataset_springback_pair_Base_TC4_150/springback_pair_Base_TC4_sample_0052_085deg.npz,52,85.0,train,Base_TC4,6020,OK,
/data/run01/scxk573/lsz/ysy/physicsnemo/data/dataset_springback_pair_Base_TC4_150/springback_pair_Base_TC4_sample_0052_090deg.npz,52,90.0,train,Base_TC4,6020,OK,
/data/run01/scxk573/lsz/ysy/physicsnemo/data/dataset_springback_pair_Base_TC4_150/springback_pair_Base_TC4_sample_0052_095deg.npz,52,95.0,train,Base_TC4,6020,OK,
/data/run01/scxk573/lsz/ysy/physicsnemo/data/dataset_springback_pair_Base_TC4_150/springback_pair_Base_TC4_sample_0052_100deg.npz,52,100.0,train,Base_TC4,6020,OK,
/data/run01/scxk573/lsz/ysy/physicsnemo/data/dataset_springback_pair_Base_TC4_150/springback_pair_Base_TC4_sample_0052_105deg.npz,52,105.0,train,Base_TC4,6020,OK,
/data/run01/scxk573/lsz/ysy/physicsnemo/data/dataset_springback_pair_Base_TC4_150/springback_pair_Base_TC4_sample_0052_110deg.npz,52,110.0,train,Base_TC4,6020,OK,
/data/run01/scxk573/lsz/ysy/physicsnemo/data/dataset_springback_pair_Base_TC4_150/springback_pair_Base_TC4_sample_0052_115deg.npz,52,115.0,train,Base_TC4,6020,OK,
/data/run01/scxk573/lsz/ysy/physicsnemo/data/dataset_springback_pair_Base_TC4_150/springback_pair_Base_TC4_sample_0052_120deg.npz,52,120.0,train,Base_TC4,6020,OK,
/data/run01/scxk573/lsz/ysy/physicsnemo/data/dataset_springback_pair_Base_TC4_150/springback_pair_Base_TC4_sample_0052_125deg.npz,52,125.0,train,Base_TC4,6020,OK,
/data/run01/scxk573/lsz/ysy/physicsnemo/data/dataset_springback_pair_Base_TC4_150/springback_pair_Base_TC4_sample_0052_130deg.npz,52,130.0,train,Base_TC4,6020,OK,
/data/run01/scxk573/lsz/ysy/physicsnemo/data/dataset_springback_pair_Base_TC4_150/springback_pair_Base_TC4_sample_0052_135deg.npz,52,135.0,train,Base_TC4,6020,OK,
/data/run01/scxk573/lsz/ysy/physicsnemo/data/dataset_springback_pair_Base_TC4_150/springback_pair_Base_TC4_sample_0052_140deg.npz,52,140.0,train,Base_TC4,6020,OK,
/data/run01/scxk573/lsz/ysy/physicsnemo/data/dataset_springback_pair_Base_TC4_150/springback_pair_Base_TC4_sample_0052_145deg.npz,52,145.0,train,Base_TC4,6020,OK,
/data/run01/scxk573/lsz/ysy/physicsnemo/data/dataset_springback_pair_Base_TC4_150/springback_pair_Base_TC4_sample_0052_150deg.npz,52,150.0,train,Base_TC4,6020,OK,
/data/run01/scxk573/lsz/ysy/physicsnemo/data/dataset_springback_pair_Base_TC4_150/springback_pair_Base_TC4_sample_0052_155deg.npz,52,155.0,train,Base_TC4,6020,OK,
/data/run01/scxk573/lsz/ysy/physicsnemo/data/dataset_springback_pair_Base_TC4_150/springback_pair_Base_TC4_sample_0052_160deg.npz,52,160.0,train,Base_TC4,6020,OK,
/data/run01/scxk573/lsz/ysy/physicsnemo/data/dataset_springback_pair_Base_TC4_150/springback_pair_Base_TC4_sample_0052_165deg.npz,52,165.0,train,Base_TC4,6020,OK,
/data/run01/scxk573/lsz/ysy/physicsnemo/data/dataset_springback_pair_Base_TC4_150/springback_pair_Base_TC4_sample_0052_170deg.npz,52,170.0,train,Base_TC4,6020,OK,
/data/run01/scxk573/lsz/ysy/physicsnemo/data/dataset_springback_pair_Base_TC4_150/springback_pair_Base_TC4_sample_0052_175deg.npz,52,175.0,train,Base_TC4,6020,OK,
/data/run01/scxk573/lsz/ysy/physicsnemo/data/dataset_springback_pair_Base_TC4_150/springback_pair_Base_TC4_sample_0052_180deg.npz,52,180.0,train,Base_TC4,6020,OK,
/data/run01/scxk573/lsz/ysy/physicsnemo/data/dataset_springback_pair_Base_TC4_150/springback_pair_Base_TC4_sample_0053_005deg.npz,53,5.0,train,Base_TC4,19224,OK,
/data/run01/scxk573/lsz/ysy/physicsnemo/data/dataset_springback_pair_Base_TC4_150/springback_pair_Base_TC4_sample_0053_010deg.npz,53,10.0,train,Base_TC4,19224,OK,
/data/run01/scxk573/lsz/ysy/physicsnemo/data/dataset_springback_pair_Base_TC4_150/springback_pair_Base_TC4_sample_0053_015deg.npz,53,15.0,train,Base_TC4,19224,OK,
/data/run01/scxk573/lsz/ysy/physicsnemo/data/dataset_springback_pair_Base_TC4_150/springback_pair_Base_TC4_sample_0053_020deg.npz,53,20.0,train,Base_TC4,19224,OK,
/data/run01/scxk573/lsz/ysy/physicsnemo/data/dataset_springback_pair_Base_TC4_150/springback_pair_Base_TC4_sample_0053_025deg.npz,53,25.0,train,Base_TC4,19224,OK,
/data/run01/scxk573/lsz/ysy/physicsnemo/data/dataset_springback_pair_Base_TC4_150/springback_pair_Base_TC4_sample_0053_030deg.npz,53,30.0,train,Base_TC4,19224,OK,
/data/run01/scxk573/lsz/ysy/physicsnemo/data/dataset_springback_pair_Base_TC4_150/springback_pair_Base_TC4_sample_0053_035deg.npz,53,35.0,train,Base_TC4,19224,OK,
/data/run01/scxk573/lsz/ysy/physicsnemo/data/dataset_springback_pair_Base_TC4_150/springback_pair_Base_TC4_sample_0053_040deg.npz,53,40.0,train,Base_TC4,19224,OK,
/data/run01/scxk573/lsz/ysy/physicsnemo/data/dataset_springback_pair_Base_TC4_150/springback_pair_Base_TC4_sample_0053_045deg.npz,53,45.0,train,Base_TC4,19224,OK,
/data/run01/scxk573/lsz/ysy/physicsnemo/data/dataset_springback_pair_Base_TC4_150/springback_pair_Base_TC4_sample_0053_050deg.npz,53,50.0,train,Base_TC4,19224,OK,
/data/run01/scxk573/lsz/ysy/physicsnemo/data/dataset_springback_pair_Base_TC4_150/springback_pair_Base_TC4_sample_0053_055deg.npz,53,55.0,train,Base_TC4,19224,OK,
/data/run01/scxk573/lsz/ysy/physicsnemo/data/dataset_springback_pair_Base_TC4_150/springback_pair_Base_TC4_sample_0053_060deg.npz,53,60.0,train,Base_TC4,19224,OK,
/data/run01/scxk573/lsz/ysy/physicsnemo/data/dataset_springback_pair_Base_TC4_150/springback_pair_Base_TC4_sample_0053_065deg.npz,53,65.0,train,Base_TC4,19224,OK,
/data/run01/scxk573/lsz/ysy/physicsnemo/data/dataset_springback_pair_Base_TC4_150/springback_pair_Base_TC4_sample_0053_070deg.npz,53,70.0,train,Base_TC4,19224,OK,
/data/run01/scxk573/lsz/ysy/physicsnemo/data/dataset_springback_pair_Base_TC4_150/springback_pair_Base_TC4_sample_0053_075deg.npz,53,75.0,train,Base_TC4,19224,OK,
/data/run01/scxk573/lsz/ysy/physicsnemo/data/dataset_springback_pair_Base_TC4_150/springback_pair_Base_TC4_sample_0053_080deg.npz,53,80.0,train,Base_TC4,19224,OK,
/data/run01/scxk573/lsz/ysy/physicsnemo/data/dataset_springback_pair_Base_TC4_150/springback_pair_Base_TC4_sample_0053_085deg.npz,53,85.0,train,Base_TC4,19224,OK,
/data/run01/scxk573/lsz/ysy/physicsnemo/data/dataset_springback_pair_Base_TC4_150/springback_pair_Base_TC4_sample_0053_090deg.npz,53,90.0,train,Base_TC4,19224,OK,
/data/run01/scxk573/lsz/ysy/physicsnemo/data/dataset_springback_pair_Base_TC4_150/springback_pair_Base_TC4_sample_0053_095deg.npz,53,95.0,train,Base_TC4,19224,OK,
/data/run01/scxk573/lsz/ysy/physicsnemo/data/dataset_springback_pair_Base_TC4_150/springback_pair_Base_TC4_sample_0053_100deg.npz,53,100.0,train,Base_TC4,19224,OK,
/data/run01/scxk573/lsz/ysy/physicsnemo/data/dataset_springback_pair_Base_TC4_150/springback_pair_Base_TC4_sample_0053_105deg.npz,53,105.0,train,Base_TC4,19224,OK,
/data/run01/scxk573/lsz/ysy/physicsnemo/data/dataset_springback_pair_Base_TC4_150/springback_pair_Base_TC4_sample_0053_110deg.npz,53,110.0,train,Base_TC4,19224,OK,
/data/run01/scxk573/lsz/ysy/physicsnemo/data/dataset_springback_pair_Base_TC4_150/springback_pair_Base_TC4_sample_0053_115deg.npz,53,115.0,train,Base_TC4,19224,OK,
/data/run01/scxk573/lsz/ysy/physicsnemo/data/dataset_springback_pair_Base_TC4_150/springback_pair_Base_TC4_sample_0053_120deg.npz,53,120.0,train,Base_TC4,19224,OK,
/data/run01/scxk573/lsz/ysy/physicsnemo/data/dataset_springback_pair_Base_TC4_150/springback_pair_Base_TC4_sample_0053_125deg.npz,53,125.0,train,Base_TC4,19224,OK,
/data/run01/scxk573/lsz/ysy/physicsnemo/data/dataset_springback_pair_Base_TC4_150/springback_pair_Base_TC4_sample_0053_130deg.npz,53,130.0,train,Base_TC4,19224,OK,
/data/run01/scxk573/lsz/ysy/physicsnemo/data/dataset_springback_pair_Base_TC4_150/springback_pair_Base_TC4_sample_0053_135deg.npz,53,135.0,train,Base_TC4,19224,OK,
/data/run01/scxk573/lsz/ysy/physicsnemo/data/dataset_springback_pair_Base_TC4_150/springback_pair_Base_TC4_sample_0053_140deg.npz,53,140.0,train,Base_TC4,19224,OK,
/data/run01/scxk573/lsz/ysy/physicsnemo/data/dataset_springback_pair_Base_TC4_150/springback_pair_Base_TC4_sample_0053_145deg.npz,53,145.0,train,Base_TC4,19224,OK,
/data/run01/scxk573/lsz/ysy/physicsnemo/data/dataset_springback_pair_Base_TC4_150/springback_pair_Base_TC4_sample_0053_150deg.npz,53,150.0,train,Base_TC4,19224,OK,
/data/run01/scxk573/lsz/ysy/physicsnemo/data/dataset_springback_pair_Base_TC4_150/springback_pair_Base_TC4_sample_0053_155deg.npz,53,155.0,train,Base_TC4,19224,OK,
/data/run01/scxk573/lsz/ysy/physicsnemo/data/dataset_springback_pair_Base_TC4_150/springback_pair_Base_TC4_sample_0053_160deg.npz,53,160.0,train,Base_TC4,19224,OK,
/data/run01/scxk573/lsz/ysy/physicsnemo/data/dataset_springback_pair_Base_TC4_150/springback_pair_Base_TC4_sample_0053_165deg.npz,53,165.0,train,Base_TC4,19224,OK,
/data/run01/scxk573/lsz/ysy/physicsnemo/data/dataset_springback_pair_Base_TC4_150/springback_pair_Base_TC4_sample_0053_170deg.npz,53,170.0,train,Base_TC4,19224,OK,
/data/run01/scxk573/lsz/ysy/physicsnemo/data/dataset_springback_pair_Base_TC4_150/springback_pair_Base_TC4_sample_0053_175deg.npz,53,175.0,train,Base_TC4,19224,OK,
/data/run01/scxk573/lsz/ysy/physicsnemo/data/dataset_springback_pair_Base_TC4_150/springback_pair_Base_TC4_sample_0053_180deg.npz,53,180.0,train,Base_TC4,19224,OK,
/data/run01/scxk573/lsz/ysy/physicsnemo/data/dataset_springback_pair_Base_TC4_150/springback_pair_Base_TC4_sample_0054_005deg.npz,54,5.0,train,Base_TC4,3675,OK,
/data/run01/scxk573/lsz/ysy/physicsnemo/data/dataset_springback_pair_Base_TC4_150/springback_pair_Base_TC4_sample_0054_010deg.npz,54,10.0,train,Base_TC4,3675,OK,
/data/run01/scxk573/lsz/ysy/physicsnemo/data/dataset_springback_pair_Base_TC4_150/springback_pair_Base_TC4_sample_0054_015deg.npz,54,15.0,train,Base_TC4,3675,OK,
/data/run01/scxk573/lsz/ysy/physicsnemo/data/dataset_springback_pair_Base_TC4_150/springback_pair_Base_TC4_sample_0054_020deg.npz,54,20.0,train,Base_TC4,3675,OK,
/data/run01/scxk573/lsz/ysy/physicsnemo/data/dataset_springback_pair_Base_TC4_150/springback_pair_Base_TC4_sample_0054_025deg.npz,54,25.0,train,Base_TC4,3675,OK,
/data/run01/scxk573/lsz/ysy/physicsnemo/data/dataset_springback_pair_Base_TC4_150/springback_pair_Base_TC4_sample_0054_030deg.npz,54,30.0,train,Base_TC4,3675,OK,
/data/run01/scxk573/lsz/ysy/physicsnemo/data/dataset_springback_pair_Base_TC4_150/springback_pair_Base_TC4_sample_0054_035deg.npz,54,35.0,train,Base_TC4,3675,OK,
/data/run01/scxk573/lsz/ysy/physicsnemo/data/dataset_springback_pair_Base_TC4_150/springback_pair_Base_TC4_sample_0054_040deg.npz,54,40.0,train,Base_TC4,3675,OK,
/data/run01/scxk573/lsz/ysy/physicsnemo/data/dataset_springback_pair_Base_TC4_150/springback_pair_Base_TC4_sample_0054_045deg.npz,54,45.0,train,Base_TC4,3675,OK,
/data/run01/scxk573/lsz/ysy/physicsnemo/data/dataset_springback_pair_Base_TC4_150/springback_pair_Base_TC4_sample_0054_050deg.npz,54,50.0,train,Base_TC4,3675,OK,
/data/run01/scxk573/lsz/ysy/physicsnemo/data/dataset_springback_pair_Base_TC4_150/springback_pair_Base_TC4_sample_0054_055deg.npz,54,55.0,train,Base_TC4,3675,OK,
/data/run01/scxk573/lsz/ysy/physicsnemo/data/dataset_springback_pair_Base_TC4_150/springback_pair_Base_TC4_sample_0054_060deg.npz,54,60.0,train,Base_TC4,3675,OK,
/data/run01/scxk573/lsz/ysy/physicsnemo/data/dataset_springback_pair_Base_TC4_150/springback_pair_Base_TC4_sample_0054_065deg.npz,54,65.0,train,Base_TC4,3675,OK,
/data/run01/scxk573/lsz/ysy/physicsnemo/data/dataset_springback_pair_Base_TC4_150/springback_pair_Base_TC4_sample_0054_070deg.npz,54,70.0,train,Base_TC4,3675,OK,
/data/run01/scxk573/lsz/ysy/physicsnemo/data/dataset_springback_pair_Base_TC4_150/springback_pair_Base_TC4_sample_0054_075deg.npz,54,75.0,train,Base_TC4,3675,OK,
/data/run01/scxk573/lsz/ysy/physicsnemo/data/dataset_springback_pair_Base_TC4_150/springback_pair_Base_TC4_sample_0054_080deg.npz,54,80.0,train,Base_TC4,3675,OK,
/data/run01/scxk573/lsz/ysy/physicsnemo/data/dataset_springback_pair_Base_TC4_150/springback_pair_Base_TC4_sample_0054_085deg.npz,54,85.0,train,Base_TC4,3675,OK,
/data/run01/scxk573/lsz/ysy/physicsnemo/data/dataset_springback_pair_Base_TC4_150/springback_pair_Base_TC4_sample_0054_090deg.npz,54,90.0,train,Base_TC4,3675,OK,
/data/run01/scxk573/lsz/ysy/physicsnemo/data/dataset_springback_pair_Base_TC4_150/springback_pair_Base_TC4_sample_0054_095deg.npz,54,95.0,train,Base_TC4,3675,OK,
/data/run01/scxk573/lsz/ysy/physicsnemo/data/dataset_springback_pair_Base_TC4_150/springback_pair_Base_TC4_sample_0054_100deg.npz,54,100.0,train,Base_TC4,3675,OK,
/data/run01/scxk573/lsz/ysy/physicsnemo/data/dataset_springback_pair_Base_TC4_150/springback_pair_Base_TC4_sample_0054_105deg.npz,54,105.0,train,Base_TC4,3675,OK,
/data/run01/scxk573/lsz/ysy/physicsnemo/data/dataset_springback_pair_Base_TC4_150/springback_pair_Base_TC4_sample_0054_110deg.npz,54,110.0,train,Base_TC4,3675,OK,
/data/run01/scxk573/lsz/ysy/physicsnemo/data/dataset_springback_pair_Base_TC4_150/springback_pair_Base_TC4_sample_0054_115deg.npz,54,115.0,train,Base_TC4,3675,OK,
/data/run01/scxk573/lsz/ysy/physicsnemo/data/dataset_springback_pair_Base_TC4_150/springback_pair_Base_TC4_sample_0054_120deg.npz,54,120.0,train,Base_TC4,3675,OK,
/data/run01/scxk573/lsz/ysy/physicsnemo/data/dataset_springback_pair_Base_TC4_150/springback_pair_Base_TC4_sample_0054_125deg.npz,54,125.0,train,Base_TC4,3675,OK,
/data/run01/scxk573/lsz/ysy/physicsnemo/data/dataset_springback_pair_Base_TC4_150/springback_pair_Base_TC4_sample_0054_130deg.npz,54,130.0,train,Base_TC4,3675,OK,
/data/run01/scxk573/lsz/ysy/physicsnemo/data/dataset_springback_pair_Base_TC4_150/springback_pair_Base_TC4_sample_0054_135deg.npz,54,135.0,train,Base_TC4,3675,OK,
/data/run01/scxk573/lsz/ysy/physicsnemo/data/dataset_springback_pair_Base_TC4_150/springback_pair_Base_TC4_sample_0054_140deg.npz,54,140.0,train,Base_TC4,3675,OK,
/data/run01/scxk573/lsz/ysy/physicsnemo/data/dataset_springback_pair_Base_TC4_150/springback_pair_Base_TC4_sample_0054_145deg.npz,54,145.0,train,Base_TC4,3675,OK,
/data/run01/scxk573/lsz/ysy/physicsnemo/data/dataset_springback_pair_Base_TC4_150/springback_pair_Base_TC4_sample_0054_150deg.npz,54,150.0,train,Base_TC4,3675,OK,
/data/run01/scxk573/lsz/ysy/physicsnemo/data/dataset_springback_pair_Base_TC4_150/springback_pair_Base_TC4_sample_0054_155deg.npz,54,155.0,train,Base_TC4,3675,OK,
/data/run01/scxk573/lsz/ysy/physicsnemo/data/dataset_springback_pair_Base_TC4_150/springback_pair_Base_TC4_sample_0054_160deg.npz,54,160.0,train,Base_TC4,3675,OK,
/data/run01/scxk573/lsz/ysy/physicsnemo/data/dataset_springback_pair_Base_TC4_150/springback_pair_Base_TC4_sample_0054_165deg.npz,54,165.0,train,Base_TC4,3675,OK,
/data/run01/scxk573/lsz/ysy/physicsnemo/data/dataset_springback_pair_Base_TC4_150/springback_pair_Base_TC4_sample_0054_170deg.npz,54,170.0,train,Base_TC4,3675,OK,
/data/run01/scxk573/lsz/ysy/physicsnemo/data/dataset_springback_pair_Base_TC4_150/springback_pair_Base_TC4_sample_0054_175deg.npz,54,175.0,train,Base_TC4,3675,OK,
/data/run01/scxk573/lsz/ysy/physicsnemo/data/dataset_springback_pair_Base_TC4_150/springback_pair_Base_TC4_sample_0054_180deg.npz,54,180.0,train,Base_TC4,3675,OK,
/data/run01/scxk573/lsz/ysy/physicsnemo/data/dataset_springback_pair_Base_TC4_150/springback_pair_Base_TC4_sample_0055_005deg.npz,55,5.0,train,Base_TC4,12408,OK,
/data/run01/scxk573/lsz/ysy/physicsnemo/data/dataset_springback_pair_Base_TC4_150/springback_pair_Base_TC4_sample_0055_010deg.npz,55,10.0,train,Base_TC4,12408,OK,
/data/run01/scxk573/lsz/ysy/physicsnemo/data/dataset_springback_pair_Base_TC4_150/springback_pair_Base_TC4_sample_0055_015deg.npz,55,15.0,train,Base_TC4,12408,OK,
/data/run01/scxk573/lsz/ysy/physicsnemo/data/dataset_springback_pair_Base_TC4_150/springback_pair_Base_TC4_sample_0055_020deg.npz,55,20.0,train,Base_TC4,12408,OK,
/data/run01/scxk573/lsz/ysy/physicsnemo/data/dataset_springback_pair_Base_TC4_150/springback_pair_Base_TC4_sample_0055_025deg.npz,55,25.0,train,Base_TC4,12408,OK,
/data/run01/scxk573/lsz/ysy/physicsnemo/data/dataset_springback_pair_Base_TC4_150/springback_pair_Base_TC4_sample_0055_030deg.npz,55,30.0,train,Base_TC4,12408,OK,
/data/run01/scxk573/lsz/ysy/physicsnemo/data/dataset_springback_pair_Base_TC4_150/springback_pair_Base_TC4_sample_0055_035deg.npz,55,35.0,train,Base_TC4,12408,OK,
/data/run01/scxk573/lsz/ysy/physicsnemo/data/dataset_springback_pair_Base_TC4_150/springback_pair_Base_TC4_sample_0055_040deg.npz,55,40.0,train,Base_TC4,12408,OK,
/data/run01/scxk573/lsz/ysy/physicsnemo/data/dataset_springback_pair_Base_TC4_150/springback_pair_Base_TC4_sample_0055_045deg.npz,55,45.0,train,Base_TC4,12408,OK,
/data/run01/scxk573/lsz/ysy/physicsnemo/data/dataset_springback_pair_Base_TC4_150/springback_pair_Base_TC4_sample_0055_050deg.npz,55,50.0,train,Base_TC4,12408,OK,
/data/run01/scxk573/lsz/ysy/physicsnemo/data/dataset_springback_pair_Base_TC4_150/springback_pair_Base_TC4_sample_0055_055deg.npz,55,55.0,train,Base_TC4,12408,OK,
/data/run01/scxk573/lsz/ysy/physicsnemo/data/dataset_springback_pair_Base_TC4_150/springback_pair_Base_TC4_sample_0055_060deg.npz,55,60.0,train,Base_TC4,12408,OK,
/data/run01/scxk573/lsz/ysy/physicsnemo/data/dataset_springback_pair_Base_TC4_150/springback_pair_Base_TC4_sample_0055_065deg.npz,55,65.0,train,Base_TC4,12408,OK,
/data/run01/scxk573/lsz/ysy/physicsnemo/data/dataset_springback_pair_Base_TC4_150/springback_pair_Base_TC4_sample_0055_070deg.npz,55,70.0,train,Base_TC4,12408,OK,
/data/run01/scxk573/lsz/ysy/physicsnemo/data/dataset_springback_pair_Base_TC4_150/springback_pair_Base_TC4_sample_0055_075deg.npz,55,75.0,train,Base_TC4,12408,OK,
/data/run01/scxk573/lsz/ysy/physicsnemo/data/dataset_springback_pair_Base_TC4_150/springback_pair_Base_TC4_sample_0055_080deg.npz,55,80.0,train,Base_TC4,12408,OK,
/data/run01/scxk573/lsz/ysy/physicsnemo/data/dataset_springback_pair_Base_TC4_150/springback_pair_Base_TC4_sample_0055_085deg.npz,55,85.0,train,Base_TC4,12408,OK,
/data/run01/scxk573/lsz/ysy/physicsnemo/data/dataset_springback_pair_Base_TC4_150/springback_pair_Base_TC4_sample_0055_090deg.npz,55,90.0,train,Base_TC4,12408,OK,
/data/run01/scxk573/lsz/ysy/physicsnemo/data/dataset_springback_pair_Base_TC4_150/springback_pair_Base_TC4_sample_0055_095deg.npz,55,95.0,train,Base_TC4,12408,OK,
/data/run01/scxk573/lsz/ysy/physicsnemo/data/dataset_springback_pair_Base_TC4_150/springback_pair_Base_TC4_sample_0055_100deg.npz,55,100.0,train,Base_TC4,12408,OK,
/data/run01/scxk573/lsz/ysy/physicsnemo/data/dataset_springback_pair_Base_TC4_150/springback_pair_Base_TC4_sample_0055_105deg.npz,55,105.0,train,Base_TC4,12408,OK,
/data/run01/scxk573/lsz/ysy/physicsnemo/data/dataset_springback_pair_Base_TC4_150/springback_pair_Base_TC4_sample_0055_110deg.npz,55,110.0,train,Base_TC4,12408,OK,
/data/run01/scxk573/lsz/ysy/physicsnemo/data/dataset_springback_pair_Base_TC4_150/springback_pair_Base_TC4_sample_0055_115deg.npz,55,115.0,train,Base_TC4,12408,OK,
/data/run01/scxk573/lsz/ysy/physicsnemo/data/dataset_springback_pair_Base_TC4_150/springback_pair_Base_TC4_sample_0055_120deg.npz,55,120.0,train,Base_TC4,12408,OK,
/data/run01/scxk573/lsz/ysy/physicsnemo/data/dataset_springback_pair_Base_TC4_150/springback_pair_Base_TC4_sample_0055_125deg.npz,55,125.0,train,Base_TC4,12408,OK,
/data/run01/scxk573/lsz/ysy/physicsnemo/data/dataset_springback_pair_Base_TC4_150/springback_pair_Base_TC4_sample_0055_130deg.npz,55,130.0,train,Base_TC4,12408,OK,
/data/run01/scxk573/lsz/ysy/physicsnemo/data/dataset_springback_pair_Base_TC4_150/springback_pair_Base_TC4_sample_0055_135deg.npz,55,135.0,train,Base_TC4,12408,OK,
/data/run01/scxk573/lsz/ysy/physicsnemo/data/dataset_springback_pair_Base_TC4_150/springback_pair_Base_TC4_sample_0055_140deg.npz,55,140.0,train,Base_TC4,12408,OK,
/data/run01/scxk573/lsz/ysy/physicsnemo/data/dataset_springback_pair_Base_TC4_150/springback_pair_Base_TC4_sample_0055_145deg.npz,55,145.0,train,Base_TC4,12408,OK,
/data/run01/scxk573/lsz/ysy/physicsnemo/data/dataset_springback_pair_Base_TC4_150/springback_pair_Base_TC4_sample_0055_150deg.npz,55,150.0,train,Base_TC4,12408,OK,
/data/run01/scxk573/lsz/ysy/physicsnemo/data/dataset_springback_pair_Base_TC4_150/springback_pair_Base_TC4_sample_0055_155deg.npz,55,155.0,train,Base_TC4,12408,OK,
/data/run01/scxk573/lsz/ysy/physicsnemo/data/dataset_springback_pair_Base_TC4_150/springback_pair_Base_TC4_sample_0055_160deg.npz,55,160.0,train,Base_TC4,12408,OK,
/data/run01/scxk573/lsz/ysy/physicsnemo/data/dataset_springback_pair_Base_TC4_150/springback_pair_Base_TC4_sample_0055_165deg.npz,55,165.0,train,Base_TC4,12408,OK,
/data/run01/scxk573/lsz/ysy/physicsnemo/data/dataset_springback_pair_Base_TC4_150/springback_pair_Base_TC4_sample_0055_170deg.npz,55,170.0,train,Base_TC4,12408,OK,
/data/run01/scxk573/lsz/ysy/physicsnemo/data/dataset_springback_pair_Base_TC4_150/springback_pair_Base_TC4_sample_0055_175deg.npz,55,175.0,train,Base_TC4,12408,OK,
/data/run01/scxk573/lsz/ysy/physicsnemo/data/dataset_springback_pair_Base_TC4_150/springback_pair_Base_TC4_sample_0055_180deg.npz,55,180.0,train,Base_TC4,12408,OK,
/data/run01/scxk573/lsz/ysy/physicsnemo/data/dataset_springback_pair_Base_TC4_150/springback_pair_Base_TC4_sample_0056_005deg.npz,56,5.0,train,Base_TC4,4104,OK,
/data/run01/scxk573/lsz/ysy/physicsnemo/data/dataset_springback_pair_Base_TC4_150/springback_pair_Base_TC4_sample_0056_010deg.npz,56,10.0,train,Base_TC4,4104,OK,
/data/run01/scxk573/lsz/ysy/physicsnemo/data/dataset_springback_pair_Base_TC4_150/springback_pair_Base_TC4_sample_0056_015deg.npz,56,15.0,train,Base_TC4,4104,OK,
/data/run01/scxk573/lsz/ysy/physicsnemo/data/dataset_springback_pair_Base_TC4_150/springback_pair_Base_TC4_sample_0056_020deg.npz,56,20.0,train,Base_TC4,4104,OK,
/data/run01/scxk573/lsz/ysy/physicsnemo/data/dataset_springback_pair_Base_TC4_150/springback_pair_Base_TC4_sample_0056_025deg.npz,56,25.0,train,Base_TC4,4104,OK,
/data/run01/scxk573/lsz/ysy/physicsnemo/data/dataset_springback_pair_Base_TC4_150/springback_pair_Base_TC4_sample_0056_030deg.npz,56,30.0,train,Base_TC4,4104,OK,
/data/run01/scxk573/lsz/ysy/physicsnemo/data/dataset_springback_pair_Base_TC4_150/springback_pair_Base_TC4_sample_0056_035deg.npz,56,35.0,train,Base_TC4,4104,OK,
/data/run01/scxk573/lsz/ysy/physicsnemo/data/dataset_springback_pair_Base_TC4_150/springback_pair_Base_TC4_sample_0056_040deg.npz,56,40.0,train,Base_TC4,4104,OK,
/data/run01/scxk573/lsz/ysy/physicsnemo/data/dataset_springback_pair_Base_TC4_150/springback_pair_Base_TC4_sample_0056_045deg.npz,56,45.0,train,Base_TC4,4104,OK,
/data/run01/scxk573/lsz/ysy/physicsnemo/data/dataset_springback_pair_Base_TC4_150/springback_pair_Base_TC4_sample_0056_050deg.npz,56,50.0,train,Base_TC4,4104,OK,
/data/run01/scxk573/lsz/ysy/physicsnemo/data/dataset_springback_pair_Base_TC4_150/springback_pair_Base_TC4_sample_0056_055deg.npz,56,55.0,train,Base_TC4,4104,OK,
/data/run01/scxk573/lsz/ysy/physicsnemo/data/dataset_springback_pair_Base_TC4_150/springback_pair_Base_TC4_sample_0056_060deg.npz,56,60.0,train,Base_TC4,4104,OK,
/data/run01/scxk573/lsz/ysy/physicsnemo/data/dataset_springback_pair_Base_TC4_150/springback_pair_Base_TC4_sample_0056_065deg.npz,56,65.0,train,Base_TC4,4104,OK,
/data/run01/scxk573/lsz/ysy/physicsnemo/data/dataset_springback_pair_Base_TC4_150/springback_pair_Base_TC4_sample_0056_070deg.npz,56,70.0,train,Base_TC4,4104,OK,
/data/run01/scxk573/lsz/ysy/physicsnemo/data/dataset_springback_pair_Base_TC4_150/springback_pair_Base_TC4_sample_0056_075deg.npz,56,75.0,train,Base_TC4,4104,OK,
/data/run01/scxk573/lsz/ysy/physicsnemo/data/dataset_springback_pair_Base_TC4_150/springback_pair_Base_TC4_sample_0056_080deg.npz,56,80.0,train,Base_TC4,4104,OK,
/data/run01/scxk573/lsz/ysy/physicsnemo/data/dataset_springback_pair_Base_TC4_150/springback_pair_Base_TC4_sample_0056_085deg.npz,56,85.0,train,Base_TC4,4104,OK,
/data/run01/scxk573/lsz/ysy/physicsnemo/data/dataset_springback_pair_Base_TC4_150/springback_pair_Base_TC4_sample_0056_090deg.npz,56,90.0,train,Base_TC4,4104,OK,
/data/run01/scxk573/lsz/ysy/physicsnemo/data/dataset_springback_pair_Base_TC4_150/springback_pair_Base_TC4_sample_0056_095deg.npz,56,95.0,train,Base_TC4,4104,OK,
/data/run01/scxk573/lsz/ysy/physicsnemo/data/dataset_springback_pair_Base_TC4_150/springback_pair_Base_TC4_sample_0056_100deg.npz,56,100.0,train,Base_TC4,4104,OK,
/data/run01/scxk573/lsz/ysy/physicsnemo/data/dataset_springback_pair_Base_TC4_150/springback_pair_Base_TC4_sample_0056_105deg.npz,56,105.0,train,Base_TC4,4104,OK,
/data/run01/scxk573/lsz/ysy/physicsnemo/data/dataset_springback_pair_Base_TC4_150/springback_pair_Base_TC4_sample_0056_110deg.npz,56,110.0,train,Base_TC4,4104,OK,
/data/run01/scxk573/lsz/ysy/physicsnemo/data/dataset_springback_pair_Base_TC4_150/springback_pair_Base_TC4_sample_0056_115deg.npz,56,115.0,train,Base_TC4,4104,OK,
/data/run01/scxk573/lsz/ysy/physicsnemo/data/dataset_springback_pair_Base_TC4_150/springback_pair_Base_TC4_sample_0056_120deg.npz,56,120.0,train,Base_TC4,4104,OK,
/data/run01/scxk573/lsz/ysy/physicsnemo/data/dataset_springback_pair_Base_TC4_150/springback_pair_Base_TC4_sample_0056_125deg.npz,56,125.0,train,Base_TC4,4104,OK,
/data/run01/scxk573/lsz/ysy/physicsnemo/data/dataset_springback_pair_Base_TC4_150/springback_pair_Base_TC4_sample_0056_130deg.npz,56,130.0,train,Base_TC4,4104,OK,
/data/run01/scxk573/lsz/ysy/physicsnemo/data/dataset_springback_pair_Base_TC4_150/springback_pair_Base_TC4_sample_0056_135deg.npz,56,135.0,train,Base_TC4,4104,OK,
/data/run01/scxk573/lsz/ysy/physicsnemo/data/dataset_springback_pair_Base_TC4_150/springback_pair_Base_TC4_sample_0056_140deg.npz,56,140.0,train,Base_TC4,4104,OK,
/data/run01/scxk573/lsz/ysy/physicsnemo/data/dataset_springback_pair_Base_TC4_150/springback_pair_Base_TC4_sample_0056_145deg.npz,56,145.0,train,Base_TC4,4104,OK,
/data/run01/scxk573/lsz/ysy/physicsnemo/data/dataset_springback_pair_Base_TC4_150/springback_pair_Base_TC4_sample_0056_150deg.npz,56,150.0,train,Base_TC4,4104,OK,
/data/run01/scxk573/lsz/ysy/physicsnemo/data/dataset_springback_pair_Base_TC4_150/springback_pair_Base_TC4_sample_0056_155deg.npz,56,155.0,train,Base_TC4,4104,OK,
/data/run01/scxk573/lsz/ysy/physicsnemo/data/dataset_springback_pair_Base_TC4_150/springback_pair_Base_TC4_sample_0056_160deg.npz,56,160.0,train,Base_TC4,4104,OK,
/data/run01/scxk573/lsz/ysy/physicsnemo/data/dataset_springback_pair_Base_TC4_150/springback_pair_Base_TC4_sample_0056_165deg.npz,56,165.0,train,Base_TC4,4104,OK,
/data/run01/scxk573/lsz/ysy/physicsnemo/data/dataset_springback_pair_Base_TC4_150/springback_pair_Base_TC4_sample_0056_170deg.npz,56,170.0,train,Base_TC4,4104,OK,
/data/run01/scxk573/lsz/ysy/physicsnemo/data/dataset_springback_pair_Base_TC4_150/springback_pair_Base_TC4_sample_0056_175deg.npz,56,175.0,train,Base_TC4,4104,OK,
/data/run01/scxk573/lsz/ysy/physicsnemo/data/dataset_springback_pair_Base_TC4_150/springback_pair_Base_TC4_sample_0056_180deg.npz,56,180.0,train,Base_TC4,4104,OK,
/data/run01/scxk573/lsz/ysy/physicsnemo/data/dataset_springback_pair_Base_TC4_150/springback_pair_Base_TC4_sample_0057_005deg.npz,57,5.0,train,Base_TC4,1720,OK,
/data/run01/scxk573/lsz/ysy/physicsnemo/data/dataset_springback_pair_Base_TC4_150/springback_pair_Base_TC4_sample_0057_010deg.npz,57,10.0,train,Base_TC4,1720,OK,
/data/run01/scxk573/lsz/ysy/physicsnemo/data/dataset_springback_pair_Base_TC4_150/springback_pair_Base_TC4_sample_0057_015deg.npz,57,15.0,train,Base_TC4,1720,OK,
/data/run01/scxk573/lsz/ysy/physicsnemo/data/dataset_springback_pair_Base_TC4_150/springback_pair_Base_TC4_sample_0057_020deg.npz,57,20.0,train,Base_TC4,1720,OK,
/data/run01/scxk573/lsz/ysy/physicsnemo/data/dataset_springback_pair_Base_TC4_150/springback_pair_Base_TC4_sample_0057_025deg.npz,57,25.0,train,Base_TC4,1720,OK,
/data/run01/scxk573/lsz/ysy/physicsnemo/data/dataset_springback_pair_Base_TC4_150/springback_pair_Base_TC4_sample_0057_030deg.npz,57,30.0,train,Base_TC4,1720,OK,
/data/run01/scxk573/lsz/ysy/physicsnemo/data/dataset_springback_pair_Base_TC4_150/springback_pair_Base_TC4_sample_0057_035deg.npz,57,35.0,train,Base_TC4,1720,OK,
/data/run01/scxk573/lsz/ysy/physicsnemo/data/dataset_springback_pair_Base_TC4_150/springback_pair_Base_TC4_sample_0057_040deg.npz,57,40.0,train,Base_TC4,1720,OK,
/data/run01/scxk573/lsz/ysy/physicsnemo/data/dataset_springback_pair_Base_TC4_150/springback_pair_Base_TC4_sample_0057_045deg.npz,57,45.0,train,Base_TC4,1720,OK,
/data/run01/scxk573/lsz/ysy/physicsnemo/data/dataset_springback_pair_Base_TC4_150/springback_pair_Base_TC4_sample_0057_050deg.npz,57,50.0,train,Base_TC4,1720,OK,
/data/run01/scxk573/lsz/ysy/physicsnemo/data/dataset_springback_pair_Base_TC4_150/springback_pair_Base_TC4_sample_0057_055deg.npz,57,55.0,train,Base_TC4,1720,OK,
/data/run01/scxk573/lsz/ysy/physicsnemo/data/dataset_springback_pair_Base_TC4_150/springback_pair_Base_TC4_sample_0057_060deg.npz,57,60.0,train,Base_TC4,1720,OK,
/data/run01/scxk573/lsz/ysy/physicsnemo/data/dataset_springback_pair_Base_TC4_150/springback_pair_Base_TC4_sample_0057_065deg.npz,57,65.0,train,Base_TC4,1720,OK,
/data/run01/scxk573/lsz/ysy/physicsnemo/data/dataset_springback_pair_Base_TC4_150/springback_pair_Base_TC4_sample_0057_070deg.npz,57,70.0,train,Base_TC4,1720,OK,
/data/run01/scxk573/lsz/ysy/physicsnemo/data/dataset_springback_pair_Base_TC4_150/springback_pair_Base_TC4_sample_0057_075deg.npz,57,75.0,train,Base_TC4,1720,OK,
/data/run01/scxk573/lsz/ysy/physicsnemo/data/dataset_springback_pair_Base_TC4_150/springback_pair_Base_TC4_sample_0057_080deg.npz,57,80.0,train,Base_TC4,1720,OK,
/data/run01/scxk573/lsz/ysy/physicsnemo/data/dataset_springback_pair_Base_TC4_150/springback_pair_Base_TC4_sample_0057_085deg.npz,57,85.0,train,Base_TC4,1720,OK,
/data/run01/scxk573/lsz/ysy/physicsnemo/data/dataset_springback_pair_Base_TC4_150/springback_pair_Base_TC4_sample_0057_090deg.npz,57,90.0,train,Base_TC4,1720,OK,
/data/run01/scxk573/lsz/ysy/physicsnemo/data/dataset_springback_pair_Base_TC4_150/springback_pair_Base_TC4_sample_0057_095deg.npz,57,95.0,train,Base_TC4,1720,OK,
/data/run01/scxk573/lsz/ysy/physicsnemo/data/dataset_springback_pair_Base_TC4_150/springback_pair_Base_TC4_sample_0057_100deg.npz,57,100.0,train,Base_TC4,1720,OK,
/data/run01/scxk573/lsz/ysy/physicsnemo/data/dataset_springback_pair_Base_TC4_150/springback_pair_Base_TC4_sample_0057_105deg.npz,57,105.0,train,Base_TC4,1720,OK,
/data/run01/scxk573/lsz/ysy/physicsnemo/data/dataset_springback_pair_Base_TC4_150/springback_pair_Base_TC4_sample_0057_110deg.npz,57,110.0,train,Base_TC4,1720,OK,
/data/run01/scxk573/lsz/ysy/physicsnemo/data/dataset_springback_pair_Base_TC4_150/springback_pair_Base_TC4_sample_0057_115deg.npz,57,115.0,train,Base_TC4,1720,OK,
/data/run01/scxk573/lsz/ysy/physicsnemo/data/dataset_springback_pair_Base_TC4_150/springback_pair_Base_TC4_sample_0057_120deg.npz,57,120.0,train,Base_TC4,1720,OK,
/data/run01/scxk573/lsz/ysy/physicsnemo/data/dataset_springback_pair_Base_TC4_150/springback_pair_Base_TC4_sample_0057_125deg.npz,57,125.0,train,Base_TC4,1720,OK,
/data/run01/scxk573/lsz/ysy/physicsnemo/data/dataset_springback_pair_Base_TC4_150/springback_pair_Base_TC4_sample_0057_130deg.npz,57,130.0,train,Base_TC4,1720,OK,
/data/run01/scxk573/lsz/ysy/physicsnemo/data/dataset_springback_pair_Base_TC4_150/springback_pair_Base_TC4_sample_0057_135deg.npz,57,135.0,train,Base_TC4,1720,OK,
/data/run01/scxk573/lsz/ysy/physicsnemo/data/dataset_springback_pair_Base_TC4_150/springback_pair_Base_TC4_sample_0057_140deg.npz,57,140.0,train,Base_TC4,1720,OK,
/data/run01/scxk573/lsz/ysy/physicsnemo/data/dataset_springback_pair_Base_TC4_150/springback_pair_Base_TC4_sample_0057_145deg.npz,57,145.0,train,Base_TC4,1720,OK,
/data/run01/scxk573/lsz/ysy/physicsnemo/data/dataset_springback_pair_Base_TC4_150/springback_pair_Base_TC4_sample_0057_150deg.npz,57,150.0,train,Base_TC4,1720,OK,
/data/run01/scxk573/lsz/ysy/physicsnemo/data/dataset_springback_pair_Base_TC4_150/springback_pair_Base_TC4_sample_0057_155deg.npz,57,155.0,train,Base_TC4,1720,OK,
/data/run01/scxk573/lsz/ysy/physicsnemo/data/dataset_springback_pair_Base_TC4_150/springback_pair_Base_TC4_sample_0057_160deg.npz,57,160.0,train,Base_TC4,1720,OK,
/data/run01/scxk573/lsz/ysy/physicsnemo/data/dataset_springback_pair_Base_TC4_150/springback_pair_Base_TC4_sample_0057_165deg.npz,57,165.0,train,Base_TC4,1720,OK,
/data/run01/scxk573/lsz/ysy/physicsnemo/data/dataset_springback_pair_Base_TC4_150/springback_pair_Base_TC4_sample_0057_170deg.npz,57,170.0,train,Base_TC4,1720,OK,
/data/run01/scxk573/lsz/ysy/physicsnemo/data/dataset_springback_pair_Base_TC4_150/springback_pair_Base_TC4_sample_0057_175deg.npz,57,175.0,train,Base_TC4,1720,OK,
/data/run01/scxk573/lsz/ysy/physicsnemo/data/dataset_springback_pair_Base_TC4_150/springback_pair_Base_TC4_sample_0057_180deg.npz,57,180.0,train,Base_TC4,1720,OK,
/data/run01/scxk573/lsz/ysy/physicsnemo/data/dataset_springback_pair_Base_TC4_150/springback_pair_Base_TC4_sample_0058_005deg.npz,58,5.0,train,Base_TC4,17755,OK,
/data/run01/scxk573/lsz/ysy/physicsnemo/data/dataset_springback_pair_Base_TC4_150/springback_pair_Base_TC4_sample_0058_010deg.npz,58,10.0,train,Base_TC4,17755,OK,
/data/run01/scxk573/lsz/ysy/physicsnemo/data/dataset_springback_pair_Base_TC4_150/springback_pair_Base_TC4_sample_0058_015deg.npz,58,15.0,train,Base_TC4,17755,OK,
/data/run01/scxk573/lsz/ysy/physicsnemo/data/dataset_springback_pair_Base_TC4_150/springback_pair_Base_TC4_sample_0058_020deg.npz,58,20.0,train,Base_TC4,17755,OK,
/data/run01/scxk573/lsz/ysy/physicsnemo/data/dataset_springback_pair_Base_TC4_150/springback_pair_Base_TC4_sample_0058_025deg.npz,58,25.0,train,Base_TC4,17755,OK,
/data/run01/scxk573/lsz/ysy/physicsnemo/data/dataset_springback_pair_Base_TC4_150/springback_pair_Base_TC4_sample_0058_030deg.npz,58,30.0,train,Base_TC4,17755,OK,
/data/run01/scxk573/lsz/ysy/physicsnemo/data/dataset_springback_pair_Base_TC4_150/springback_pair_Base_TC4_sample_0058_035deg.npz,58,35.0,train,Base_TC4,17755,OK,
/data/run01/scxk573/lsz/ysy/physicsnemo/data/dataset_springback_pair_Base_TC4_150/springback_pair_Base_TC4_sample_0058_040deg.npz,58,40.0,train,Base_TC4,17755,OK,
/data/run01/scxk573/lsz/ysy/physicsnemo/data/dataset_springback_pair_Base_TC4_150/springback_pair_Base_TC4_sample_0058_045deg.npz,58,45.0,train,Base_TC4,17755,OK,
/data/run01/scxk573/lsz/ysy/physicsnemo/data/dataset_springback_pair_Base_TC4_150/springback_pair_Base_TC4_sample_0058_050deg.npz,58,50.0,train,Base_TC4,17755,OK,
/data/run01/scxk573/lsz/ysy/physicsnemo/data/dataset_springback_pair_Base_TC4_150/springback_pair_Base_TC4_sample_0058_055deg.npz,58,55.0,train,Base_TC4,17755,OK,
/data/run01/scxk573/lsz/ysy/physicsnemo/data/dataset_springback_pair_Base_TC4_150/springback_pair_Base_TC4_sample_0058_060deg.npz,58,60.0,train,Base_TC4,17755,OK,
/data/run01/scxk573/lsz/ysy/physicsnemo/data/dataset_springback_pair_Base_TC4_150/springback_pair_Base_TC4_sample_0058_065deg.npz,58,65.0,train,Base_TC4,17755,OK,
/data/run01/scxk573/lsz/ysy/physicsnemo/data/dataset_springback_pair_Base_TC4_150/springback_pair_Base_TC4_sample_0058_070deg.npz,58,70.0,train,Base_TC4,17755,OK,
/data/run01/scxk573/lsz/ysy/physicsnemo/data/dataset_springback_pair_Base_TC4_150/springback_pair_Base_TC4_sample_0058_075deg.npz,58,75.0,train,Base_TC4,17755,OK,
/data/run01/scxk573/lsz/ysy/physicsnemo/data/dataset_springback_pair_Base_TC4_150/springback_pair_Base_TC4_sample_0058_080deg.npz,58,80.0,train,Base_TC4,17755,OK,
/data/run01/scxk573/lsz/ysy/physicsnemo/data/dataset_springback_pair_Base_TC4_150/springback_pair_Base_TC4_sample_0058_085deg.npz,58,85.0,train,Base_TC4,17755,OK,
/data/run01/scxk573/lsz/ysy/physicsnemo/data/dataset_springback_pair_Base_TC4_150/springback_pair_Base_TC4_sample_0058_090deg.npz,58,90.0,train,Base_TC4,17755,OK,
/data/run01/scxk573/lsz/ysy/physicsnemo/data/dataset_springback_pair_Base_TC4_150/springback_pair_Base_TC4_sample_0058_095deg.npz,58,95.0,train,Base_TC4,17755,OK,
/data/run01/scxk573/lsz/ysy/physicsnemo/data/dataset_springback_pair_Base_TC4_150/springback_pair_Base_TC4_sample_0058_100deg.npz,58,100.0,train,Base_TC4,17755,OK,
/data/run01/scxk573/lsz/ysy/physicsnemo/data/dataset_springback_pair_Base_TC4_150/springback_pair_Base_TC4_sample_0058_105deg.npz,58,105.0,train,Base_TC4,17755,OK,
/data/run01/scxk573/lsz/ysy/physicsnemo/data/dataset_springback_pair_Base_TC4_150/springback_pair_Base_TC4_sample_0058_110deg.npz,58,110.0,train,Base_TC4,17755,OK,
/data/run01/scxk573/lsz/ysy/physicsnemo/data/dataset_springback_pair_Base_TC4_150/springback_pair_Base_TC4_sample_0058_115deg.npz,58,115.0,train,Base_TC4,17755,OK,
/data/run01/scxk573/lsz/ysy/physicsnemo/data/dataset_springback_pair_Base_TC4_150/springback_pair_Base_TC4_sample_0058_120deg.npz,58,120.0,train,Base_TC4,17755,OK,
/data/run01/scxk573/lsz/ysy/physicsnemo/data/dataset_springback_pair_Base_TC4_150/springback_pair_Base_TC4_sample_0058_125deg.npz,58,125.0,train,Base_TC4,17755,OK,
/data/run01/scxk573/lsz/ysy/physicsnemo/data/dataset_springback_pair_Base_TC4_150/springback_pair_Base_TC4_sample_0058_130deg.npz,58,130.0,train,Base_TC4,17755,OK,
/data/run01/scxk573/lsz/ysy/physicsnemo/data/dataset_springback_pair_Base_TC4_150/springback_pair_Base_TC4_sample_0058_135deg.npz,58,135.0,train,Base_TC4,17755,OK,
/data/run01/scxk573/lsz/ysy/physicsnemo/data/dataset_springback_pair_Base_TC4_150/springback_pair_Base_TC4_sample_0058_140deg.npz,58,140.0,train,Base_TC4,17755,OK,
/data/run01/scxk573/lsz/ysy/physicsnemo/data/dataset_springback_pair_Base_TC4_150/springback_pair_Base_TC4_sample_0058_145deg.npz,58,145.0,train,Base_TC4,17755,OK,
/data/run01/scxk573/lsz/ysy/physicsnemo/data/dataset_springback_pair_Base_TC4_150/springback_pair_Base_TC4_sample_0058_150deg.npz,58,150.0,train,Base_TC4,17755,OK,
/data/run01/scxk573/lsz/ysy/physicsnemo/data/dataset_springback_pair_Base_TC4_150/springback_pair_Base_TC4_sample_0058_155deg.npz,58,155.0,train,Base_TC4,17755,OK,
/data/run01/scxk573/lsz/ysy/physicsnemo/data/dataset_springback_pair_Base_TC4_150/springback_pair_Base_TC4_sample_0058_160deg.npz,58,160.0,train,Base_TC4,17755,OK,
/data/run01/scxk573/lsz/ysy/physicsnemo/data/dataset_springback_pair_Base_TC4_150/springback_pair_Base_TC4_sample_0058_165deg.npz,58,165.0,train,Base_TC4,17755,OK,
/data/run01/scxk573/lsz/ysy/physicsnemo/data/dataset_springback_pair_Base_TC4_150/springback_pair_Base_TC4_sample_0058_170deg.npz,58,170.0,train,Base_TC4,17755,OK,
/data/run01/scxk573/lsz/ysy/physicsnemo/data/dataset_springback_pair_Base_TC4_150/springback_pair_Base_TC4_sample_0058_175deg.npz,58,175.0,train,Base_TC4,17755,OK,
/data/run01/scxk573/lsz/ysy/physicsnemo/data/dataset_springback_pair_Base_TC4_150/springback_pair_Base_TC4_sample_0058_180deg.npz,58,180.0,train,Base_TC4,17755,OK,
/data/run01/scxk573/lsz/ysy/physicsnemo/data/dataset_springback_pair_Base_TC4_150/springback_pair_Base_TC4_sample_0059_005deg.npz,59,5.0,val,Base_TC4,9828,OK,
/data/run01/scxk573/lsz/ysy/physicsnemo/data/dataset_springback_pair_Base_TC4_150/springback_pair_Base_TC4_sample_0059_010deg.npz,59,10.0,val,Base_TC4,9828,OK,
/data/run01/scxk573/lsz/ysy/physicsnemo/data/dataset_springback_pair_Base_TC4_150/springback_pair_Base_TC4_sample_0059_015deg.npz,59,15.0,val,Base_TC4,9828,OK,
/data/run01/scxk573/lsz/ysy/physicsnemo/data/dataset_springback_pair_Base_TC4_150/springback_pair_Base_TC4_sample_0059_020deg.npz,59,20.0,val,Base_TC4,9828,OK,
/data/run01/scxk573/lsz/ysy/physicsnemo/data/dataset_springback_pair_Base_TC4_150/springback_pair_Base_TC4_sample_0059_025deg.npz,59,25.0,val,Base_TC4,9828,OK,
/data/run01/scxk573/lsz/ysy/physicsnemo/data/dataset_springback_pair_Base_TC4_150/springback_pair_Base_TC4_sample_0059_030deg.npz,59,30.0,val,Base_TC4,9828,OK,
/data/run01/scxk573/lsz/ysy/physicsnemo/data/dataset_springback_pair_Base_TC4_150/springback_pair_Base_TC4_sample_0059_035deg.npz,59,35.0,val,Base_TC4,9828,OK,
/data/run01/scxk573/lsz/ysy/physicsnemo/data/dataset_springback_pair_Base_TC4_150/springback_pair_Base_TC4_sample_0059_040deg.npz,59,40.0,val,Base_TC4,9828,OK,
/data/run01/scxk573/lsz/ysy/physicsnemo/data/dataset_springback_pair_Base_TC4_150/springback_pair_Base_TC4_sample_0059_045deg.npz,59,45.0,val,Base_TC4,9828,OK,
/data/run01/scxk573/lsz/ysy/physicsnemo/data/dataset_springback_pair_Base_TC4_150/springback_pair_Base_TC4_sample_0059_050deg.npz,59,50.0,val,Base_TC4,9828,OK,
/data/run01/scxk573/lsz/ysy/physicsnemo/data/dataset_springback_pair_Base_TC4_150/springback_pair_Base_TC4_sample_0059_055deg.npz,59,55.0,val,Base_TC4,9828,OK,
/data/run01/scxk573/lsz/ysy/physicsnemo/data/dataset_springback_pair_Base_TC4_150/springback_pair_Base_TC4_sample_0059_060deg.npz,59,60.0,val,Base_TC4,9828,OK,
/data/run01/scxk573/lsz/ysy/physicsnemo/data/dataset_springback_pair_Base_TC4_150/springback_pair_Base_TC4_sample_0059_065deg.npz,59,65.0,val,Base_TC4,9828,OK,
/data/run01/scxk573/lsz/ysy/physicsnemo/data/dataset_springback_pair_Base_TC4_150/springback_pair_Base_TC4_sample_0059_070deg.npz,59,70.0,val,Base_TC4,9828,OK,
/data/run01/scxk573/lsz/ysy/physicsnemo/data/dataset_springback_pair_Base_TC4_150/springback_pair_Base_TC4_sample_0059_075deg.npz,59,75.0,val,Base_TC4,9828,OK,
/data/run01/scxk573/lsz/ysy/physicsnemo/data/dataset_springback_pair_Base_TC4_150/springback_pair_Base_TC4_sample_0059_080deg.npz,59,80.0,val,Base_TC4,9828,OK,
/data/run01/scxk573/lsz/ysy/physicsnemo/data/dataset_springback_pair_Base_TC4_150/springback_pair_Base_TC4_sample_0059_085deg.npz,59,85.0,val,Base_TC4,9828,OK,
/data/run01/scxk573/lsz/ysy/physicsnemo/data/dataset_springback_pair_Base_TC4_150/springback_pair_Base_TC4_sample_0059_090deg.npz,59,90.0,val,Base_TC4,9828,OK,
/data/run01/scxk573/lsz/ysy/physicsnemo/data/dataset_springback_pair_Base_TC4_150/springback_pair_Base_TC4_sample_0059_095deg.npz,59,95.0,val,Base_TC4,9828,OK,
/data/run01/scxk573/lsz/ysy/physicsnemo/data/dataset_springback_pair_Base_TC4_150/springback_pair_Base_TC4_sample_0059_100deg.npz,59,100.0,val,Base_TC4,9828,OK,
/data/run01/scxk573/lsz/ysy/physicsnemo/data/dataset_springback_pair_Base_TC4_150/springback_pair_Base_TC4_sample_0059_105deg.npz,59,105.0,val,Base_TC4,9828,OK,
/data/run01/scxk573/lsz/ysy/physicsnemo/data/dataset_springback_pair_Base_TC4_150/springback_pair_Base_TC4_sample_0059_110deg.npz,59,110.0,val,Base_TC4,9828,OK,
/data/run01/scxk573/lsz/ysy/physicsnemo/data/dataset_springback_pair_Base_TC4_150/springback_pair_Base_TC4_sample_0059_115deg.npz,59,115.0,val,Base_TC4,9828,OK,
/data/run01/scxk573/lsz/ysy/physicsnemo/data/dataset_springback_pair_Base_TC4_150/springback_pair_Base_TC4_sample_0059_120deg.npz,59,120.0,val,Base_TC4,9828,OK,
/data/run01/scxk573/lsz/ysy/physicsnemo/data/dataset_springback_pair_Base_TC4_150/springback_pair_Base_TC4_sample_0059_125deg.npz,59,125.0,val,Base_TC4,9828,OK,
/data/run01/scxk573/lsz/ysy/physicsnemo/data/dataset_springback_pair_Base_TC4_150/springback_pair_Base_TC4_sample_0059_130deg.npz,59,130.0,val,Base_TC4,9828,OK,
/data/run01/scxk573/lsz/ysy/physicsnemo/data/dataset_springback_pair_Base_TC4_150/springback_pair_Base_TC4_sample_0059_135deg.npz,59,135.0,val,Base_TC4,9828,OK,
/data/run01/scxk573/lsz/ysy/physicsnemo/data/dataset_springback_pair_Base_TC4_150/springback_pair_Base_TC4_sample_0059_140deg.npz,59,140.0,val,Base_TC4,9828,OK,
/data/run01/scxk573/lsz/ysy/physicsnemo/data/dataset_springback_pair_Base_TC4_150/springback_pair_Base_TC4_sample_0059_145deg.npz,59,145.0,val,Base_TC4,9828,OK,
/data/run01/scxk573/lsz/ysy/physicsnemo/data/dataset_springback_pair_Base_TC4_150/springback_pair_Base_TC4_sample_0059_150deg.npz,59,150.0,val,Base_TC4,9828,OK,
/data/run01/scxk573/lsz/ysy/physicsnemo/data/dataset_springback_pair_Base_TC4_150/springback_pair_Base_TC4_sample_0059_155deg.npz,59,155.0,val,Base_TC4,9828,OK,
/data/run01/scxk573/lsz/ysy/physicsnemo/data/dataset_springback_pair_Base_TC4_150/springback_pair_Base_TC4_sample_0059_160deg.npz,59,160.0,val,Base_TC4,9828,OK,
/data/run01/scxk573/lsz/ysy/physicsnemo/data/dataset_springback_pair_Base_TC4_150/springback_pair_Base_TC4_sample_0059_165deg.npz,59,165.0,val,Base_TC4,9828,OK,
/data/run01/scxk573/lsz/ysy/physicsnemo/data/dataset_springback_pair_Base_TC4_150/springback_pair_Base_TC4_sample_0059_170deg.npz,59,170.0,val,Base_TC4,9828,OK,
/data/run01/scxk573/lsz/ysy/physicsnemo/data/dataset_springback_pair_Base_TC4_150/springback_pair_Base_TC4_sample_0059_175deg.npz,59,175.0,val,Base_TC4,9828,OK,
/data/run01/scxk573/lsz/ysy/physicsnemo/data/dataset_springback_pair_Base_TC4_150/springback_pair_Base_TC4_sample_0059_180deg.npz,59,180.0,val,Base_TC4,9828,OK,
/data/run01/scxk573/lsz/ysy/physicsnemo/data/dataset_springback_pair_Base_TC4_150/springback_pair_Base_TC4_sample_0060_005deg.npz,60,5.0,train,Base_TC4,14006,OK,
/data/run01/scxk573/lsz/ysy/physicsnemo/data/dataset_springback_pair_Base_TC4_150/springback_pair_Base_TC4_sample_0060_010deg.npz,60,10.0,train,Base_TC4,14006,OK,
/data/run01/scxk573/lsz/ysy/physicsnemo/data/dataset_springback_pair_Base_TC4_150/springback_pair_Base_TC4_sample_0060_015deg.npz,60,15.0,train,Base_TC4,14006,OK,
/data/run01/scxk573/lsz/ysy/physicsnemo/data/dataset_springback_pair_Base_TC4_150/springback_pair_Base_TC4_sample_0060_020deg.npz,60,20.0,train,Base_TC4,14006,OK,
/data/run01/scxk573/lsz/ysy/physicsnemo/data/dataset_springback_pair_Base_TC4_150/springback_pair_Base_TC4_sample_0060_025deg.npz,60,25.0,train,Base_TC4,14006,OK,
/data/run01/scxk573/lsz/ysy/physicsnemo/data/dataset_springback_pair_Base_TC4_150/springback_pair_Base_TC4_sample_0060_030deg.npz,60,30.0,train,Base_TC4,14006,OK,
/data/run01/scxk573/lsz/ysy/physicsnemo/data/dataset_springback_pair_Base_TC4_150/springback_pair_Base_TC4_sample_0060_035deg.npz,60,35.0,train,Base_TC4,14006,OK,
/data/run01/scxk573/lsz/ysy/physicsnemo/data/dataset_springback_pair_Base_TC4_150/springback_pair_Base_TC4_sample_0060_040deg.npz,60,40.0,train,Base_TC4,14006,OK,
/data/run01/scxk573/lsz/ysy/physicsnemo/data/dataset_springback_pair_Base_TC4_150/springback_pair_Base_TC4_sample_0060_045deg.npz,60,45.0,train,Base_TC4,14006,OK,
/data/run01/scxk573/lsz/ysy/physicsnemo/data/dataset_springback_pair_Base_TC4_150/springback_pair_Base_TC4_sample_0060_050deg.npz,60,50.0,train,Base_TC4,14006,OK,
/data/run01/scxk573/lsz/ysy/physicsnemo/data/dataset_springback_pair_Base_TC4_150/springback_pair_Base_TC4_sample_0060_055deg.npz,60,55.0,train,Base_TC4,14006,OK,
/data/run01/scxk573/lsz/ysy/physicsnemo/data/dataset_springback_pair_Base_TC4_150/springback_pair_Base_TC4_sample_0060_060deg.npz,60,60.0,train,Base_TC4,14006,OK,
/data/run01/scxk573/lsz/ysy/physicsnemo/data/dataset_springback_pair_Base_TC4_150/springback_pair_Base_TC4_sample_0060_065deg.npz,60,65.0,train,Base_TC4,14006,OK,
/data/run01/scxk573/lsz/ysy/physicsnemo/data/dataset_springback_pair_Base_TC4_150/springback_pair_Base_TC4_sample_0060_070deg.npz,60,70.0,train,Base_TC4,14006,OK,
/data/run01/scxk573/lsz/ysy/physicsnemo/data/dataset_springback_pair_Base_TC4_150/springback_pair_Base_TC4_sample_0060_075deg.npz,60,75.0,train,Base_TC4,14006,OK,
/data/run01/scxk573/lsz/ysy/physicsnemo/data/dataset_springback_pair_Base_TC4_150/springback_pair_Base_TC4_sample_0060_080deg.npz,60,80.0,train,Base_TC4,14006,OK,
/data/run01/scxk573/lsz/ysy/physicsnemo/data/dataset_springback_pair_Base_TC4_150/springback_pair_Base_TC4_sample_0060_085deg.npz,60,85.0,train,Base_TC4,14006,OK,
/data/run01/scxk573/lsz/ysy/physicsnemo/data/dataset_springback_pair_Base_TC4_150/springback_pair_Base_TC4_sample_0060_090deg.npz,60,90.0,train,Base_TC4,14006,OK,
/data/run01/scxk573/lsz/ysy/physicsnemo/data/dataset_springback_pair_Base_TC4_150/springback_pair_Base_TC4_sample_0060_095deg.npz,60,95.0,train,Base_TC4,14006,OK,
/data/run01/scxk573/lsz/ysy/physicsnemo/data/dataset_springback_pair_Base_TC4_150/springback_pair_Base_TC4_sample_0060_100deg.npz,60,100.0,train,Base_TC4,14006,OK,
/data/run01/scxk573/lsz/ysy/physicsnemo/data/dataset_springback_pair_Base_TC4_150/springback_pair_Base_TC4_sample_0060_105deg.npz,60,105.0,train,Base_TC4,14006,OK,
/data/run01/scxk573/lsz/ysy/physicsnemo/data/dataset_springback_pair_Base_TC4_150/springback_pair_Base_TC4_sample_0060_110deg.npz,60,110.0,train,Base_TC4,14006,OK,
/data/run01/scxk573/lsz/ysy/physicsnemo/data/dataset_springback_pair_Base_TC4_150/springback_pair_Base_TC4_sample_0060_115deg.npz,60,115.0,train,Base_TC4,14006,OK,
/data/run01/scxk573/lsz/ysy/physicsnemo/data/dataset_springback_pair_Base_TC4_150/springback_pair_Base_TC4_sample_0060_120deg.npz,60,120.0,train,Base_TC4,14006,OK,
/data/run01/scxk573/lsz/ysy/physicsnemo/data/dataset_springback_pair_Base_TC4_150/springback_pair_Base_TC4_sample_0060_125deg.npz,60,125.0,train,Base_TC4,14006,OK,
/data/run01/scxk573/lsz/ysy/physicsnemo/data/dataset_springback_pair_Base_TC4_150/springback_pair_Base_TC4_sample_0060_130deg.npz,60,130.0,train,Base_TC4,14006,OK,
/data/run01/scxk573/lsz/ysy/physicsnemo/data/dataset_springback_pair_Base_TC4_150/springback_pair_Base_TC4_sample_0060_135deg.npz,60,135.0,train,Base_TC4,14006,OK,
/data/run01/scxk573/lsz/ysy/physicsnemo/data/dataset_springback_pair_Base_TC4_150/springback_pair_Base_TC4_sample_0060_140deg.npz,60,140.0,train,Base_TC4,14006,OK,
/data/run01/scxk573/lsz/ysy/physicsnemo/data/dataset_springback_pair_Base_TC4_150/springback_pair_Base_TC4_sample_0060_145deg.npz,60,145.0,train,Base_TC4,14006,OK,
/data/run01/scxk573/lsz/ysy/physicsnemo/data/dataset_springback_pair_Base_TC4_150/springback_pair_Base_TC4_sample_0060_150deg.npz,60,150.0,train,Base_TC4,14006,OK,
/data/run01/scxk573/lsz/ysy/physicsnemo/data/dataset_springback_pair_Base_TC4_150/springback_pair_Base_TC4_sample_0060_155deg.npz,60,155.0,train,Base_TC4,14006,OK,
/data/run01/scxk573/lsz/ysy/physicsnemo/data/dataset_springback_pair_Base_TC4_150/springback_pair_Base_TC4_sample_0060_160deg.npz,60,160.0,train,Base_TC4,14006,OK,
/data/run01/scxk573/lsz/ysy/physicsnemo/data/dataset_springback_pair_Base_TC4_150/springback_pair_Base_TC4_sample_0060_165deg.npz,60,165.0,train,Base_TC4,14006,OK,
/data/run01/scxk573/lsz/ysy/physicsnemo/data/dataset_springback_pair_Base_TC4_150/springback_pair_Base_TC4_sample_0060_170deg.npz,60,170.0,train,Base_TC4,14006,OK,
/data/run01/scxk573/lsz/ysy/physicsnemo/data/dataset_springback_pair_Base_TC4_150/springback_pair_Base_TC4_sample_0060_175deg.npz,60,175.0,train,Base_TC4,14006,OK,
/data/run01/scxk573/lsz/ysy/physicsnemo/data/dataset_springback_pair_Base_TC4_150/springback_pair_Base_TC4_sample_0060_180deg.npz,60,180.0,train,Base_TC4,14006,OK,
/data/run01/scxk573/lsz/ysy/physicsnemo/data/dataset_springback_pair_Base_TC4_150/springback_pair_Base_TC4_sample_0061_005deg.npz,61,5.0,train,Base_TC4,7144,OK,
/data/run01/scxk573/lsz/ysy/physicsnemo/data/dataset_springback_pair_Base_TC4_150/springback_pair_Base_TC4_sample_0061_010deg.npz,61,10.0,train,Base_TC4,7144,OK,
/data/run01/scxk573/lsz/ysy/physicsnemo/data/dataset_springback_pair_Base_TC4_150/springback_pair_Base_TC4_sample_0061_015deg.npz,61,15.0,train,Base_TC4,7144,OK,
/data/run01/scxk573/lsz/ysy/physicsnemo/data/dataset_springback_pair_Base_TC4_150/springback_pair_Base_TC4_sample_0061_020deg.npz,61,20.0,train,Base_TC4,7144,OK,
/data/run01/scxk573/lsz/ysy/physicsnemo/data/dataset_springback_pair_Base_TC4_150/springback_pair_Base_TC4_sample_0061_025deg.npz,61,25.0,train,Base_TC4,7144,OK,
/data/run01/scxk573/lsz/ysy/physicsnemo/data/dataset_springback_pair_Base_TC4_150/springback_pair_Base_TC4_sample_0061_030deg.npz,61,30.0,train,Base_TC4,7144,OK,
/data/run01/scxk573/lsz/ysy/physicsnemo/data/dataset_springback_pair_Base_TC4_150/springback_pair_Base_TC4_sample_0061_035deg.npz,61,35.0,train,Base_TC4,7144,OK,
/data/run01/scxk573/lsz/ysy/physicsnemo/data/dataset_springback_pair_Base_TC4_150/springback_pair_Base_TC4_sample_0061_040deg.npz,61,40.0,train,Base_TC4,7144,OK,
/data/run01/scxk573/lsz/ysy/physicsnemo/data/dataset_springback_pair_Base_TC4_150/springback_pair_Base_TC4_sample_0061_045deg.npz,61,45.0,train,Base_TC4,7144,OK,
/data/run01/scxk573/lsz/ysy/physicsnemo/data/dataset_springback_pair_Base_TC4_150/springback_pair_Base_TC4_sample_0061_050deg.npz,61,50.0,train,Base_TC4,7144,OK,
/data/run01/scxk573/lsz/ysy/physicsnemo/data/dataset_springback_pair_Base_TC4_150/springback_pair_Base_TC4_sample_0061_055deg.npz,61,55.0,train,Base_TC4,7144,OK,
/data/run01/scxk573/lsz/ysy/physicsnemo/data/dataset_springback_pair_Base_TC4_150/springback_pair_Base_TC4_sample_0061_060deg.npz,61,60.0,train,Base_TC4,7144,OK,
/data/run01/scxk573/lsz/ysy/physicsnemo/data/dataset_springback_pair_Base_TC4_150/springback_pair_Base_TC4_sample_0061_065deg.npz,61,65.0,train,Base_TC4,7144,OK,
/data/run01/scxk573/lsz/ysy/physicsnemo/data/dataset_springback_pair_Base_TC4_150/springback_pair_Base_TC4_sample_0061_070deg.npz,61,70.0,train,Base_TC4,7144,OK,
/data/run01/scxk573/lsz/ysy/physicsnemo/data/dataset_springback_pair_Base_TC4_150/springback_pair_Base_TC4_sample_0061_075deg.npz,61,75.0,train,Base_TC4,7144,OK,
/data/run01/scxk573/lsz/ysy/physicsnemo/data/dataset_springback_pair_Base_TC4_150/springback_pair_Base_TC4_sample_0061_080deg.npz,61,80.0,train,Base_TC4,7144,OK,
/data/run01/scxk573/lsz/ysy/physicsnemo/data/dataset_springback_pair_Base_TC4_150/springback_pair_Base_TC4_sample_0061_085deg.npz,61,85.0,train,Base_TC4,7144,OK,
/data/run01/scxk573/lsz/ysy/physicsnemo/data/dataset_springback_pair_Base_TC4_150/springback_pair_Base_TC4_sample_0061_090deg.npz,61,90.0,train,Base_TC4,7144,OK,
/data/run01/scxk573/lsz/ysy/physicsnemo/data/dataset_springback_pair_Base_TC4_150/springback_pair_Base_TC4_sample_0061_095deg.npz,61,95.0,train,Base_TC4,7144,OK,
/data/run01/scxk573/lsz/ysy/physicsnemo/data/dataset_springback_pair_Base_TC4_150/springback_pair_Base_TC4_sample_0061_100deg.npz,61,100.0,train,Base_TC4,7144,OK,
/data/run01/scxk573/lsz/ysy/physicsnemo/data/dataset_springback_pair_Base_TC4_150/springback_pair_Base_TC4_sample_0061_105deg.npz,61,105.0,train,Base_TC4,7144,OK,
/data/run01/scxk573/lsz/ysy/physicsnemo/data/dataset_springback_pair_Base_TC4_150/springback_pair_Base_TC4_sample_0061_110deg.npz,61,110.0,train,Base_TC4,7144,OK,
/data/run01/scxk573/lsz/ysy/physicsnemo/data/dataset_springback_pair_Base_TC4_150/springback_pair_Base_TC4_sample_0061_115deg.npz,61,115.0,train,Base_TC4,7144,OK,
/data/run01/scxk573/lsz/ysy/physicsnemo/data/dataset_springback_pair_Base_TC4_150/springback_pair_Base_TC4_sample_0061_120deg.npz,61,120.0,train,Base_TC4,7144,OK,
/data/run01/scxk573/lsz/ysy/physicsnemo/data/dataset_springback_pair_Base_TC4_150/springback_pair_Base_TC4_sample_0061_125deg.npz,61,125.0,train,Base_TC4,7144,OK,
/data/run01/scxk573/lsz/ysy/physicsnemo/data/dataset_springback_pair_Base_TC4_150/springback_pair_Base_TC4_sample_0061_130deg.npz,61,130.0,train,Base_TC4,7144,OK,
/data/run01/scxk573/lsz/ysy/physicsnemo/data/dataset_springback_pair_Base_TC4_150/springback_pair_Base_TC4_sample_0061_135deg.npz,61,135.0,train,Base_TC4,7144,OK,
/data/run01/scxk573/lsz/ysy/physicsnemo/data/dataset_springback_pair_Base_TC4_150/springback_pair_Base_TC4_sample_0061_140deg.npz,61,140.0,train,Base_TC4,7144,OK,
/data/run01/scxk573/lsz/ysy/physicsnemo/data/dataset_springback_pair_Base_TC4_150/springback_pair_Base_TC4_sample_0061_145deg.npz,61,145.0,train,Base_TC4,7144,OK,
/data/run01/scxk573/lsz/ysy/physicsnemo/data/dataset_springback_pair_Base_TC4_150/springback_pair_Base_TC4_sample_0061_150deg.npz,61,150.0,train,Base_TC4,7144,OK,
/data/run01/scxk573/lsz/ysy/physicsnemo/data/dataset_springback_pair_Base_TC4_150/springback_pair_Base_TC4_sample_0061_155deg.npz,61,155.0,train,Base_TC4,7144,OK,
/data/run01/scxk573/lsz/ysy/physicsnemo/data/dataset_springback_pair_Base_TC4_150/springback_pair_Base_TC4_sample_0061_160deg.npz,61,160.0,train,Base_TC4,7144,OK,
/data/run01/scxk573/lsz/ysy/physicsnemo/data/dataset_springback_pair_Base_TC4_150/springback_pair_Base_TC4_sample_0061_165deg.npz,61,165.0,train,Base_TC4,7144,OK,
/data/run01/scxk573/lsz/ysy/physicsnemo/data/dataset_springback_pair_Base_TC4_150/springback_pair_Base_TC4_sample_0061_170deg.npz,61,170.0,train,Base_TC4,7144,OK,
/data/run01/scxk573/lsz/ysy/physicsnemo/data/dataset_springback_pair_Base_TC4_150/springback_pair_Base_TC4_sample_0061_175deg.npz,61,175.0,train,Base_TC4,7144,OK,
/data/run01/scxk573/lsz/ysy/physicsnemo/data/dataset_springback_pair_Base_TC4_150/springback_pair_Base_TC4_sample_0061_180deg.npz,61,180.0,train,Base_TC4,7144,OK,
/data/run01/scxk573/lsz/ysy/physicsnemo/data/dataset_springback_pair_Base_TC4_150/springback_pair_Base_TC4_sample_0062_005deg.npz,62,5.0,train,Base_TC4,4611,OK,
/data/run01/scxk573/lsz/ysy/physicsnemo/data/dataset_springback_pair_Base_TC4_150/springback_pair_Base_TC4_sample_0062_010deg.npz,62,10.0,train,Base_TC4,4611,OK,
/data/run01/scxk573/lsz/ysy/physicsnemo/data/dataset_springback_pair_Base_TC4_150/springback_pair_Base_TC4_sample_0062_015deg.npz,62,15.0,train,Base_TC4,4611,OK,
/data/run01/scxk573/lsz/ysy/physicsnemo/data/dataset_springback_pair_Base_TC4_150/springback_pair_Base_TC4_sample_0062_020deg.npz,62,20.0,train,Base_TC4,4611,OK,
/data/run01/scxk573/lsz/ysy/physicsnemo/data/dataset_springback_pair_Base_TC4_150/springback_pair_Base_TC4_sample_0062_025deg.npz,62,25.0,train,Base_TC4,4611,OK,
/data/run01/scxk573/lsz/ysy/physicsnemo/data/dataset_springback_pair_Base_TC4_150/springback_pair_Base_TC4_sample_0062_030deg.npz,62,30.0,train,Base_TC4,4611,OK,
/data/run01/scxk573/lsz/ysy/physicsnemo/data/dataset_springback_pair_Base_TC4_150/springback_pair_Base_TC4_sample_0062_035deg.npz,62,35.0,train,Base_TC4,4611,OK,
/data/run01/scxk573/lsz/ysy/physicsnemo/data/dataset_springback_pair_Base_TC4_150/springback_pair_Base_TC4_sample_0062_040deg.npz,62,40.0,train,Base_TC4,4611,OK,
/data/run01/scxk573/lsz/ysy/physicsnemo/data/dataset_springback_pair_Base_TC4_150/springback_pair_Base_TC4_sample_0062_045deg.npz,62,45.0,train,Base_TC4,4611,OK,
/data/run01/scxk573/lsz/ysy/physicsnemo/data/dataset_springback_pair_Base_TC4_150/springback_pair_Base_TC4_sample_0062_050deg.npz,62,50.0,train,Base_TC4,4611,OK,
/data/run01/scxk573/lsz/ysy/physicsnemo/data/dataset_springback_pair_Base_TC4_150/springback_pair_Base_TC4_sample_0062_055deg.npz,62,55.0,train,Base_TC4,4611,OK,
/data/run01/scxk573/lsz/ysy/physicsnemo/data/dataset_springback_pair_Base_TC4_150/springback_pair_Base_TC4_sample_0062_060deg.npz,62,60.0,train,Base_TC4,4611,OK,
/data/run01/scxk573/lsz/ysy/physicsnemo/data/dataset_springback_pair_Base_TC4_150/springback_pair_Base_TC4_sample_0062_065deg.npz,62,65.0,train,Base_TC4,4611,OK,
/data/run01/scxk573/lsz/ysy/physicsnemo/data/dataset_springback_pair_Base_TC4_150/springback_pair_Base_TC4_sample_0062_070deg.npz,62,70.0,train,Base_TC4,4611,OK,
/data/run01/scxk573/lsz/ysy/physicsnemo/data/dataset_springback_pair_Base_TC4_150/springback_pair_Base_TC4_sample_0062_075deg.npz,62,75.0,train,Base_TC4,4611,OK,
/data/run01/scxk573/lsz/ysy/physicsnemo/data/dataset_springback_pair_Base_TC4_150/springback_pair_Base_TC4_sample_0062_080deg.npz,62,80.0,train,Base_TC4,4611,OK,
/data/run01/scxk573/lsz/ysy/physicsnemo/data/dataset_springback_pair_Base_TC4_150/springback_pair_Base_TC4_sample_0062_085deg.npz,62,85.0,train,Base_TC4,4611,OK,
/data/run01/scxk573/lsz/ysy/physicsnemo/data/dataset_springback_pair_Base_TC4_150/springback_pair_Base_TC4_sample_0062_090deg.npz,62,90.0,train,Base_TC4,4611,OK,
/data/run01/scxk573/lsz/ysy/physicsnemo/data/dataset_springback_pair_Base_TC4_150/springback_pair_Base_TC4_sample_0062_095deg.npz,62,95.0,train,Base_TC4,4611,OK,
/data/run01/scxk573/lsz/ysy/physicsnemo/data/dataset_springback_pair_Base_TC4_150/springback_pair_Base_TC4_sample_0062_100deg.npz,62,100.0,train,Base_TC4,4611,OK,
/data/run01/scxk573/lsz/ysy/physicsnemo/data/dataset_springback_pair_Base_TC4_150/springback_pair_Base_TC4_sample_0062_105deg.npz,62,105.0,train,Base_TC4,4611,OK,
/data/run01/scxk573/lsz/ysy/physicsnemo/data/dataset_springback_pair_Base_TC4_150/springback_pair_Base_TC4_sample_0062_110deg.npz,62,110.0,train,Base_TC4,4611,OK,
/data/run01/scxk573/lsz/ysy/physicsnemo/data/dataset_springback_pair_Base_TC4_150/springback_pair_Base_TC4_sample_0062_115deg.npz,62,115.0,train,Base_TC4,4611,OK,
/data/run01/scxk573/lsz/ysy/physicsnemo/data/dataset_springback_pair_Base_TC4_150/springback_pair_Base_TC4_sample_0062_120deg.npz,62,120.0,train,Base_TC4,4611,OK,
/data/run01/scxk573/lsz/ysy/physicsnemo/data/dataset_springback_pair_Base_TC4_150/springback_pair_Base_TC4_sample_0062_125deg.npz,62,125.0,train,Base_TC4,4611,OK,
/data/run01/scxk573/lsz/ysy/physicsnemo/data/dataset_springback_pair_Base_TC4_150/springback_pair_Base_TC4_sample_0062_130deg.npz,62,130.0,train,Base_TC4,4611,OK,
/data/run01/scxk573/lsz/ysy/physicsnemo/data/dataset_springback_pair_Base_TC4_150/springback_pair_Base_TC4_sample_0062_135deg.npz,62,135.0,train,Base_TC4,4611,OK,
/data/run01/scxk573/lsz/ysy/physicsnemo/data/dataset_springback_pair_Base_TC4_150/springback_pair_Base_TC4_sample_0062_140deg.npz,62,140.0,train,Base_TC4,4611,OK,
/data/run01/scxk573/lsz/ysy/physicsnemo/data/dataset_springback_pair_Base_TC4_150/springback_pair_Base_TC4_sample_0062_145deg.npz,62,145.0,train,Base_TC4,4611,OK,
/data/run01/scxk573/lsz/ysy/physicsnemo/data/dataset_springback_pair_Base_TC4_150/springback_pair_Base_TC4_sample_0062_150deg.npz,62,150.0,train,Base_TC4,4611,OK,
/data/run01/scxk573/lsz/ysy/physicsnemo/data/dataset_springback_pair_Base_TC4_150/springback_pair_Base_TC4_sample_0062_155deg.npz,62,155.0,train,Base_TC4,4611,OK,
/data/run01/scxk573/lsz/ysy/physicsnemo/data/dataset_springback_pair_Base_TC4_150/springback_pair_Base_TC4_sample_0062_160deg.npz,62,160.0,train,Base_TC4,4611,OK,
/data/run01/scxk573/lsz/ysy/physicsnemo/data/dataset_springback_pair_Base_TC4_150/springback_pair_Base_TC4_sample_0062_165deg.npz,62,165.0,train,Base_TC4,4611,OK,
/data/run01/scxk573/lsz/ysy/physicsnemo/data/dataset_springback_pair_Base_TC4_150/springback_pair_Base_TC4_sample_0062_170deg.npz,62,170.0,train,Base_TC4,4611,OK,
/data/run01/scxk573/lsz/ysy/physicsnemo/data/dataset_springback_pair_Base_TC4_150/springback_pair_Base_TC4_sample_0062_175deg.npz,62,175.0,train,Base_TC4,4611,OK,
/data/run01/scxk573/lsz/ysy/physicsnemo/data/dataset_springback_pair_Base_TC4_150/springback_pair_Base_TC4_sample_0062_180deg.npz,62,180.0,train,Base_TC4,4611,OK,
/data/run01/scxk573/lsz/ysy/physicsnemo/data/dataset_springback_pair_Base_TC4_150/springback_pair_Base_TC4_sample_0063_005deg.npz,63,5.0,train,Base_TC4,14553,OK,
/data/run01/scxk573/lsz/ysy/physicsnemo/data/dataset_springback_pair_Base_TC4_150/springback_pair_Base_TC4_sample_0063_010deg.npz,63,10.0,train,Base_TC4,14553,OK,
/data/run01/scxk573/lsz/ysy/physicsnemo/data/dataset_springback_pair_Base_TC4_150/springback_pair_Base_TC4_sample_0063_015deg.npz,63,15.0,train,Base_TC4,14553,OK,
/data/run01/scxk573/lsz/ysy/physicsnemo/data/dataset_springback_pair_Base_TC4_150/springback_pair_Base_TC4_sample_0063_020deg.npz,63,20.0,train,Base_TC4,14553,OK,
/data/run01/scxk573/lsz/ysy/physicsnemo/data/dataset_springback_pair_Base_TC4_150/springback_pair_Base_TC4_sample_0063_025deg.npz,63,25.0,train,Base_TC4,14553,OK,
/data/run01/scxk573/lsz/ysy/physicsnemo/data/dataset_springback_pair_Base_TC4_150/springback_pair_Base_TC4_sample_0063_030deg.npz,63,30.0,train,Base_TC4,14553,OK,
/data/run01/scxk573/lsz/ysy/physicsnemo/data/dataset_springback_pair_Base_TC4_150/springback_pair_Base_TC4_sample_0063_035deg.npz,63,35.0,train,Base_TC4,14553,OK,
/data/run01/scxk573/lsz/ysy/physicsnemo/data/dataset_springback_pair_Base_TC4_150/springback_pair_Base_TC4_sample_0063_040deg.npz,63,40.0,train,Base_TC4,14553,OK,
/data/run01/scxk573/lsz/ysy/physicsnemo/data/dataset_springback_pair_Base_TC4_150/springback_pair_Base_TC4_sample_0063_045deg.npz,63,45.0,train,Base_TC4,14553,OK,
/data/run01/scxk573/lsz/ysy/physicsnemo/data/dataset_springback_pair_Base_TC4_150/springback_pair_Base_TC4_sample_0063_050deg.npz,63,50.0,train,Base_TC4,14553,OK,
/data/run01/scxk573/lsz/ysy/physicsnemo/data/dataset_springback_pair_Base_TC4_150/springback_pair_Base_TC4_sample_0063_055deg.npz,63,55.0,train,Base_TC4,14553,OK,
/data/run01/scxk573/lsz/ysy/physicsnemo/data/dataset_springback_pair_Base_TC4_150/springback_pair_Base_TC4_sample_0063_060deg.npz,63,60.0,train,Base_TC4,14553,OK,
/data/run01/scxk573/lsz/ysy/physicsnemo/data/dataset_springback_pair_Base_TC4_150/springback_pair_Base_TC4_sample_0063_065deg.npz,63,65.0,train,Base_TC4,14553,OK,
/data/run01/scxk573/lsz/ysy/physicsnemo/data/dataset_springback_pair_Base_TC4_150/springback_pair_Base_TC4_sample_0063_070deg.npz,63,70.0,train,Base_TC4,14553,OK,
/data/run01/scxk573/lsz/ysy/physicsnemo/data/dataset_springback_pair_Base_TC4_150/springback_pair_Base_TC4_sample_0063_075deg.npz,63,75.0,train,Base_TC4,14553,OK,
/data/run01/scxk573/lsz/ysy/physicsnemo/data/dataset_springback_pair_Base_TC4_150/springback_pair_Base_TC4_sample_0063_080deg.npz,63,80.0,train,Base_TC4,14553,OK,
/data/run01/scxk573/lsz/ysy/physicsnemo/data/dataset_springback_pair_Base_TC4_150/springback_pair_Base_TC4_sample_0063_085deg.npz,63,85.0,train,Base_TC4,14553,OK,
/data/run01/scxk573/lsz/ysy/physicsnemo/data/dataset_springback_pair_Base_TC4_150/springback_pair_Base_TC4_sample_0063_090deg.npz,63,90.0,train,Base_TC4,14553,OK,
/data/run01/scxk573/lsz/ysy/physicsnemo/data/dataset_springback_pair_Base_TC4_150/springback_pair_Base_TC4_sample_0063_095deg.npz,63,95.0,train,Base_TC4,14553,OK,
/data/run01/scxk573/lsz/ysy/physicsnemo/data/dataset_springback_pair_Base_TC4_150/springback_pair_Base_TC4_sample_0063_100deg.npz,63,100.0,train,Base_TC4,14553,OK,
/data/run01/scxk573/lsz/ysy/physicsnemo/data/dataset_springback_pair_Base_TC4_150/springback_pair_Base_TC4_sample_0063_105deg.npz,63,105.0,train,Base_TC4,14553,OK,
/data/run01/scxk573/lsz/ysy/physicsnemo/data/dataset_springback_pair_Base_TC4_150/springback_pair_Base_TC4_sample_0063_110deg.npz,63,110.0,train,Base_TC4,14553,OK,
/data/run01/scxk573/lsz/ysy/physicsnemo/data/dataset_springback_pair_Base_TC4_150/springback_pair_Base_TC4_sample_0063_115deg.npz,63,115.0,train,Base_TC4,14553,OK,
/data/run01/scxk573/lsz/ysy/physicsnemo/data/dataset_springback_pair_Base_TC4_150/springback_pair_Base_TC4_sample_0063_120deg.npz,63,120.0,train,Base_TC4,14553,OK,
/data/run01/scxk573/lsz/ysy/physicsnemo/data/dataset_springback_pair_Base_TC4_150/springback_pair_Base_TC4_sample_0063_125deg.npz,63,125.0,train,Base_TC4,14553,OK,
/data/run01/scxk573/lsz/ysy/physicsnemo/data/dataset_springback_pair_Base_TC4_150/springback_pair_Base_TC4_sample_0063_130deg.npz,63,130.0,train,Base_TC4,14553,OK,
/data/run01/scxk573/lsz/ysy/physicsnemo/data/dataset_springback_pair_Base_TC4_150/springback_pair_Base_TC4_sample_0063_135deg.npz,63,135.0,train,Base_TC4,14553,OK,
/data/run01/scxk573/lsz/ysy/physicsnemo/data/dataset_springback_pair_Base_TC4_150/springback_pair_Base_TC4_sample_0063_140deg.npz,63,140.0,train,Base_TC4,14553,OK,
/data/run01/scxk573/lsz/ysy/physicsnemo/data/dataset_springback_pair_Base_TC4_150/springback_pair_Base_TC4_sample_0063_145deg.npz,63,145.0,train,Base_TC4,14553,OK,
/data/run01/scxk573/lsz/ysy/physicsnemo/data/dataset_springback_pair_Base_TC4_150/springback_pair_Base_TC4_sample_0063_150deg.npz,63,150.0,train,Base_TC4,14553,OK,
/data/run01/scxk573/lsz/ysy/physicsnemo/data/dataset_springback_pair_Base_TC4_150/springback_pair_Base_TC4_sample_0063_155deg.npz,63,155.0,train,Base_TC4,14553,OK,
/data/run01/scxk573/lsz/ysy/physicsnemo/data/dataset_springback_pair_Base_TC4_150/springback_pair_Base_TC4_sample_0063_160deg.npz,63,160.0,train,Base_TC4,14553,OK,
/data/run01/scxk573/lsz/ysy/physicsnemo/data/dataset_springback_pair_Base_TC4_150/springback_pair_Base_TC4_sample_0063_165deg.npz,63,165.0,train,Base_TC4,14553,OK,
/data/run01/scxk573/lsz/ysy/physicsnemo/data/dataset_springback_pair_Base_TC4_150/springback_pair_Base_TC4_sample_0063_170deg.npz,63,170.0,train,Base_TC4,14553,OK,
/data/run01/scxk573/lsz/ysy/physicsnemo/data/dataset_springback_pair_Base_TC4_150/springback_pair_Base_TC4_sample_0063_175deg.npz,63,175.0,train,Base_TC4,14553,OK,
/data/run01/scxk573/lsz/ysy/physicsnemo/data/dataset_springback_pair_Base_TC4_150/springback_pair_Base_TC4_sample_0063_180deg.npz,63,180.0,train,Base_TC4,14553,OK,
/data/run01/scxk573/lsz/ysy/physicsnemo/data/dataset_springback_pair_Base_TC4_150/springback_pair_Base_TC4_sample_0064_005deg.npz,64,5.0,train,Base_TC4,19525,OK,
/data/run01/scxk573/lsz/ysy/physicsnemo/data/dataset_springback_pair_Base_TC4_150/springback_pair_Base_TC4_sample_0064_010deg.npz,64,10.0,train,Base_TC4,19525,OK,
/data/run01/scxk573/lsz/ysy/physicsnemo/data/dataset_springback_pair_Base_TC4_150/springback_pair_Base_TC4_sample_0064_015deg.npz,64,15.0,train,Base_TC4,19525,OK,
/data/run01/scxk573/lsz/ysy/physicsnemo/data/dataset_springback_pair_Base_TC4_150/springback_pair_Base_TC4_sample_0064_020deg.npz,64,20.0,train,Base_TC4,19525,OK,
/data/run01/scxk573/lsz/ysy/physicsnemo/data/dataset_springback_pair_Base_TC4_150/springback_pair_Base_TC4_sample_0064_025deg.npz,64,25.0,train,Base_TC4,19525,OK,
/data/run01/scxk573/lsz/ysy/physicsnemo/data/dataset_springback_pair_Base_TC4_150/springback_pair_Base_TC4_sample_0064_030deg.npz,64,30.0,train,Base_TC4,19525,OK,
/data/run01/scxk573/lsz/ysy/physicsnemo/data/dataset_springback_pair_Base_TC4_150/springback_pair_Base_TC4_sample_0064_035deg.npz,64,35.0,train,Base_TC4,19525,OK,
/data/run01/scxk573/lsz/ysy/physicsnemo/data/dataset_springback_pair_Base_TC4_150/springback_pair_Base_TC4_sample_0064_040deg.npz,64,40.0,train,Base_TC4,19525,OK,
/data/run01/scxk573/lsz/ysy/physicsnemo/data/dataset_springback_pair_Base_TC4_150/springback_pair_Base_TC4_sample_0064_045deg.npz,64,45.0,train,Base_TC4,19525,OK,
/data/run01/scxk573/lsz/ysy/physicsnemo/data/dataset_springback_pair_Base_TC4_150/springback_pair_Base_TC4_sample_0064_050deg.npz,64,50.0,train,Base_TC4,19525,OK,
/data/run01/scxk573/lsz/ysy/physicsnemo/data/dataset_springback_pair_Base_TC4_150/springback_pair_Base_TC4_sample_0064_055deg.npz,64,55.0,train,Base_TC4,19525,OK,
/data/run01/scxk573/lsz/ysy/physicsnemo/data/dataset_springback_pair_Base_TC4_150/springback_pair_Base_TC4_sample_0064_060deg.npz,64,60.0,train,Base_TC4,19525,OK,
/data/run01/scxk573/lsz/ysy/physicsnemo/data/dataset_springback_pair_Base_TC4_150/springback_pair_Base_TC4_sample_0064_065deg.npz,64,65.0,train,Base_TC4,19525,OK,
/data/run01/scxk573/lsz/ysy/physicsnemo/data/dataset_springback_pair_Base_TC4_150/springback_pair_Base_TC4_sample_0064_070deg.npz,64,70.0,train,Base_TC4,19525,OK,
/data/run01/scxk573/lsz/ysy/physicsnemo/data/dataset_springback_pair_Base_TC4_150/springback_pair_Base_TC4_sample_0064_075deg.npz,64,75.0,train,Base_TC4,19525,OK,
/data/run01/scxk573/lsz/ysy/physicsnemo/data/dataset_springback_pair_Base_TC4_150/springback_pair_Base_TC4_sample_0064_080deg.npz,64,80.0,train,Base_TC4,19525,OK,
/data/run01/scxk573/lsz/ysy/physicsnemo/data/dataset_springback_pair_Base_TC4_150/springback_pair_Base_TC4_sample_0064_085deg.npz,64,85.0,train,Base_TC4,19525,OK,
/data/run01/scxk573/lsz/ysy/physicsnemo/data/dataset_springback_pair_Base_TC4_150/springback_pair_Base_TC4_sample_0064_090deg.npz,64,90.0,train,Base_TC4,19525,OK,
/data/run01/scxk573/lsz/ysy/physicsnemo/data/dataset_springback_pair_Base_TC4_150/springback_pair_Base_TC4_sample_0064_095deg.npz,64,95.0,train,Base_TC4,19525,OK,
/data/run01/scxk573/lsz/ysy/physicsnemo/data/dataset_springback_pair_Base_TC4_150/springback_pair_Base_TC4_sample_0064_100deg.npz,64,100.0,train,Base_TC4,19525,OK,
/data/run01/scxk573/lsz/ysy/physicsnemo/data/dataset_springback_pair_Base_TC4_150/springback_pair_Base_TC4_sample_0064_105deg.npz,64,105.0,train,Base_TC4,19525,OK,
/data/run01/scxk573/lsz/ysy/physicsnemo/data/dataset_springback_pair_Base_TC4_150/springback_pair_Base_TC4_sample_0064_110deg.npz,64,110.0,train,Base_TC4,19525,OK,
/data/run01/scxk573/lsz/ysy/physicsnemo/data/dataset_springback_pair_Base_TC4_150/springback_pair_Base_TC4_sample_0064_115deg.npz,64,115.0,train,Base_TC4,19525,OK,
/data/run01/scxk573/lsz/ysy/physicsnemo/data/dataset_springback_pair_Base_TC4_150/springback_pair_Base_TC4_sample_0064_120deg.npz,64,120.0,train,Base_TC4,19525,OK,
/data/run01/scxk573/lsz/ysy/physicsnemo/data/dataset_springback_pair_Base_TC4_150/springback_pair_Base_TC4_sample_0064_125deg.npz,64,125.0,train,Base_TC4,19525,OK,
/data/run01/scxk573/lsz/ysy/physicsnemo/data/dataset_springback_pair_Base_TC4_150/springback_pair_Base_TC4_sample_0064_130deg.npz,64,130.0,train,Base_TC4,19525,OK,
/data/run01/scxk573/lsz/ysy/physicsnemo/data/dataset_springback_pair_Base_TC4_150/springback_pair_Base_TC4_sample_0064_135deg.npz,64,135.0,train,Base_TC4,19525,OK,
/data/run01/scxk573/lsz/ysy/physicsnemo/data/dataset_springback_pair_Base_TC4_150/springback_pair_Base_TC4_sample_0064_140deg.npz,64,140.0,train,Base_TC4,19525,OK,
/data/run01/scxk573/lsz/ysy/physicsnemo/data/dataset_springback_pair_Base_TC4_150/springback_pair_Base_TC4_sample_0064_145deg.npz,64,145.0,train,Base_TC4,19525,OK,
/data/run01/scxk573/lsz/ysy/physicsnemo/data/dataset_springback_pair_Base_TC4_150/springback_pair_Base_TC4_sample_0064_150deg.npz,64,150.0,train,Base_TC4,19525,OK,
/data/run01/scxk573/lsz/ysy/physicsnemo/data/dataset_springback_pair_Base_TC4_150/springback_pair_Base_TC4_sample_0064_155deg.npz,64,155.0,train,Base_TC4,19525,OK,
/data/run01/scxk573/lsz/ysy/physicsnemo/data/dataset_springback_pair_Base_TC4_150/springback_pair_Base_TC4_sample_0064_160deg.npz,64,160.0,train,Base_TC4,19525,OK,
/data/run01/scxk573/lsz/ysy/physicsnemo/data/dataset_springback_pair_Base_TC4_150/springback_pair_Base_TC4_sample_0064_165deg.npz,64,165.0,train,Base_TC4,19525,OK,
/data/run01/scxk573/lsz/ysy/physicsnemo/data/dataset_springback_pair_Base_TC4_150/springback_pair_Base_TC4_sample_0064_170deg.npz,64,170.0,train,Base_TC4,19525,OK,
/data/run01/scxk573/lsz/ysy/physicsnemo/data/dataset_springback_pair_Base_TC4_150/springback_pair_Base_TC4_sample_0064_175deg.npz,64,175.0,train,Base_TC4,19525,OK,
/data/run01/scxk573/lsz/ysy/physicsnemo/data/dataset_springback_pair_Base_TC4_150/springback_pair_Base_TC4_sample_0064_180deg.npz,64,180.0,train,Base_TC4,19525,OK,
/data/run01/scxk573/lsz/ysy/physicsnemo/data/dataset_springback_pair_Base_TC4_150/springback_pair_Base_TC4_sample_0065_005deg.npz,65,5.0,val,Base_TC4,20888,OK,
/data/run01/scxk573/lsz/ysy/physicsnemo/data/dataset_springback_pair_Base_TC4_150/springback_pair_Base_TC4_sample_0065_010deg.npz,65,10.0,val,Base_TC4,20888,OK,
/data/run01/scxk573/lsz/ysy/physicsnemo/data/dataset_springback_pair_Base_TC4_150/springback_pair_Base_TC4_sample_0065_015deg.npz,65,15.0,val,Base_TC4,20888,OK,
/data/run01/scxk573/lsz/ysy/physicsnemo/data/dataset_springback_pair_Base_TC4_150/springback_pair_Base_TC4_sample_0065_020deg.npz,65,20.0,val,Base_TC4,20888,OK,
/data/run01/scxk573/lsz/ysy/physicsnemo/data/dataset_springback_pair_Base_TC4_150/springback_pair_Base_TC4_sample_0065_025deg.npz,65,25.0,val,Base_TC4,20888,OK,
/data/run01/scxk573/lsz/ysy/physicsnemo/data/dataset_springback_pair_Base_TC4_150/springback_pair_Base_TC4_sample_0065_030deg.npz,65,30.0,val,Base_TC4,20888,OK,
/data/run01/scxk573/lsz/ysy/physicsnemo/data/dataset_springback_pair_Base_TC4_150/springback_pair_Base_TC4_sample_0065_035deg.npz,65,35.0,val,Base_TC4,20888,OK,
/data/run01/scxk573/lsz/ysy/physicsnemo/data/dataset_springback_pair_Base_TC4_150/springback_pair_Base_TC4_sample_0065_040deg.npz,65,40.0,val,Base_TC4,20888,OK,
/data/run01/scxk573/lsz/ysy/physicsnemo/data/dataset_springback_pair_Base_TC4_150/springback_pair_Base_TC4_sample_0065_045deg.npz,65,45.0,val,Base_TC4,20888,OK,
/data/run01/scxk573/lsz/ysy/physicsnemo/data/dataset_springback_pair_Base_TC4_150/springback_pair_Base_TC4_sample_0065_050deg.npz,65,50.0,val,Base_TC4,20888,OK,
/data/run01/scxk573/lsz/ysy/physicsnemo/data/dataset_springback_pair_Base_TC4_150/springback_pair_Base_TC4_sample_0065_055deg.npz,65,55.0,val,Base_TC4,20888,OK,
/data/run01/scxk573/lsz/ysy/physicsnemo/data/dataset_springback_pair_Base_TC4_150/springback_pair_Base_TC4_sample_0065_060deg.npz,65,60.0,val,Base_TC4,20888,OK,
/data/run01/scxk573/lsz/ysy/physicsnemo/data/dataset_springback_pair_Base_TC4_150/springback_pair_Base_TC4_sample_0065_065deg.npz,65,65.0,val,Base_TC4,20888,OK,
/data/run01/scxk573/lsz/ysy/physicsnemo/data/dataset_springback_pair_Base_TC4_150/springback_pair_Base_TC4_sample_0065_070deg.npz,65,70.0,val,Base_TC4,20888,OK,
/data/run01/scxk573/lsz/ysy/physicsnemo/data/dataset_springback_pair_Base_TC4_150/springback_pair_Base_TC4_sample_0065_075deg.npz,65,75.0,val,Base_TC4,20888,OK,
/data/run01/scxk573/lsz/ysy/physicsnemo/data/dataset_springback_pair_Base_TC4_150/springback_pair_Base_TC4_sample_0065_080deg.npz,65,80.0,val,Base_TC4,20888,OK,
/data/run01/scxk573/lsz/ysy/physicsnemo/data/dataset_springback_pair_Base_TC4_150/springback_pair_Base_TC4_sample_0065_085deg.npz,65,85.0,val,Base_TC4,20888,OK,
/data/run01/scxk573/lsz/ysy/physicsnemo/data/dataset_springback_pair_Base_TC4_150/springback_pair_Base_TC4_sample_0065_090deg.npz,65,90.0,val,Base_TC4,20888,OK,
/data/run01/scxk573/lsz/ysy/physicsnemo/data/dataset_springback_pair_Base_TC4_150/springback_pair_Base_TC4_sample_0065_095deg.npz,65,95.0,val,Base_TC4,20888,OK,
/data/run01/scxk573/lsz/ysy/physicsnemo/data/dataset_springback_pair_Base_TC4_150/springback_pair_Base_TC4_sample_0065_100deg.npz,65,100.0,val,Base_TC4,20888,OK,
/data/run01/scxk573/lsz/ysy/physicsnemo/data/dataset_springback_pair_Base_TC4_150/springback_pair_Base_TC4_sample_0065_105deg.npz,65,105.0,val,Base_TC4,20888,OK,
/data/run01/scxk573/lsz/ysy/physicsnemo/data/dataset_springback_pair_Base_TC4_150/springback_pair_Base_TC4_sample_0065_110deg.npz,65,110.0,val,Base_TC4,20888,OK,
/data/run01/scxk573/lsz/ysy/physicsnemo/data/dataset_springback_pair_Base_TC4_150/springback_pair_Base_TC4_sample_0065_115deg.npz,65,115.0,val,Base_TC4,20888,OK,
/data/run01/scxk573/lsz/ysy/physicsnemo/data/dataset_springback_pair_Base_TC4_150/springback_pair_Base_TC4_sample_0065_120deg.npz,65,120.0,val,Base_TC4,20888,OK,
/data/run01/scxk573/lsz/ysy/physicsnemo/data/dataset_springback_pair_Base_TC4_150/springback_pair_Base_TC4_sample_0065_125deg.npz,65,125.0,val,Base_TC4,20888,OK,
/data/run01/scxk573/lsz/ysy/physicsnemo/data/dataset_springback_pair_Base_TC4_150/springback_pair_Base_TC4_sample_0065_130deg.npz,65,130.0,val,Base_TC4,20888,OK,
/data/run01/scxk573/lsz/ysy/physicsnemo/data/dataset_springback_pair_Base_TC4_150/springback_pair_Base_TC4_sample_0065_135deg.npz,65,135.0,val,Base_TC4,20888,OK,
/data/run01/scxk573/lsz/ysy/physicsnemo/data/dataset_springback_pair_Base_TC4_150/springback_pair_Base_TC4_sample_0065_140deg.npz,65,140.0,val,Base_TC4,20888,OK,
/data/run01/scxk573/lsz/ysy/physicsnemo/data/dataset_springback_pair_Base_TC4_150/springback_pair_Base_TC4_sample_0065_145deg.npz,65,145.0,val,Base_TC4,20888,OK,
/data/run01/scxk573/lsz/ysy/physicsnemo/data/dataset_springback_pair_Base_TC4_150/springback_pair_Base_TC4_sample_0065_150deg.npz,65,150.0,val,Base_TC4,20888,OK,
/data/run01/scxk573/lsz/ysy/physicsnemo/data/dataset_springback_pair_Base_TC4_150/springback_pair_Base_TC4_sample_0065_155deg.npz,65,155.0,val,Base_TC4,20888,OK,
/data/run01/scxk573/lsz/ysy/physicsnemo/data/dataset_springback_pair_Base_TC4_150/springback_pair_Base_TC4_sample_0065_160deg.npz,65,160.0,val,Base_TC4,20888,OK,
/data/run01/scxk573/lsz/ysy/physicsnemo/data/dataset_springback_pair_Base_TC4_150/springback_pair_Base_TC4_sample_0065_165deg.npz,65,165.0,val,Base_TC4,20888,OK,
/data/run01/scxk573/lsz/ysy/physicsnemo/data/dataset_springback_pair_Base_TC4_150/springback_pair_Base_TC4_sample_0065_170deg.npz,65,170.0,val,Base_TC4,20888,OK,
/data/run01/scxk573/lsz/ysy/physicsnemo/data/dataset_springback_pair_Base_TC4_150/springback_pair_Base_TC4_sample_0065_175deg.npz,65,175.0,val,Base_TC4,20888,OK,
/data/run01/scxk573/lsz/ysy/physicsnemo/data/dataset_springback_pair_Base_TC4_150/springback_pair_Base_TC4_sample_0065_180deg.npz,65,180.0,val,Base_TC4,20888,OK,
/data/run01/scxk573/lsz/ysy/physicsnemo/data/dataset_springback_pair_Base_TC4_150/springback_pair_Base_TC4_sample_0066_005deg.npz,66,5.0,train,Base_TC4,6615,OK,
/data/run01/scxk573/lsz/ysy/physicsnemo/data/dataset_springback_pair_Base_TC4_150/springback_pair_Base_TC4_sample_0066_010deg.npz,66,10.0,train,Base_TC4,6615,OK,
/data/run01/scxk573/lsz/ysy/physicsnemo/data/dataset_springback_pair_Base_TC4_150/springback_pair_Base_TC4_sample_0066_015deg.npz,66,15.0,train,Base_TC4,6615,OK,
/data/run01/scxk573/lsz/ysy/physicsnemo/data/dataset_springback_pair_Base_TC4_150/springback_pair_Base_TC4_sample_0066_020deg.npz,66,20.0,train,Base_TC4,6615,OK,
/data/run01/scxk573/lsz/ysy/physicsnemo/data/dataset_springback_pair_Base_TC4_150/springback_pair_Base_TC4_sample_0066_025deg.npz,66,25.0,train,Base_TC4,6615,OK,
/data/run01/scxk573/lsz/ysy/physicsnemo/data/dataset_springback_pair_Base_TC4_150/springback_pair_Base_TC4_sample_0066_030deg.npz,66,30.0,train,Base_TC4,6615,OK,
/data/run01/scxk573/lsz/ysy/physicsnemo/data/dataset_springback_pair_Base_TC4_150/springback_pair_Base_TC4_sample_0066_035deg.npz,66,35.0,train,Base_TC4,6615,OK,
/data/run01/scxk573/lsz/ysy/physicsnemo/data/dataset_springback_pair_Base_TC4_150/springback_pair_Base_TC4_sample_0066_040deg.npz,66,40.0,train,Base_TC4,6615,OK,
/data/run01/scxk573/lsz/ysy/physicsnemo/data/dataset_springback_pair_Base_TC4_150/springback_pair_Base_TC4_sample_0066_045deg.npz,66,45.0,train,Base_TC4,6615,OK,
/data/run01/scxk573/lsz/ysy/physicsnemo/data/dataset_springback_pair_Base_TC4_150/springback_pair_Base_TC4_sample_0066_050deg.npz,66,50.0,train,Base_TC4,6615,OK,
/data/run01/scxk573/lsz/ysy/physicsnemo/data/dataset_springback_pair_Base_TC4_150/springback_pair_Base_TC4_sample_0066_055deg.npz,66,55.0,train,Base_TC4,6615,OK,
/data/run01/scxk573/lsz/ysy/physicsnemo/data/dataset_springback_pair_Base_TC4_150/springback_pair_Base_TC4_sample_0066_060deg.npz,66,60.0,train,Base_TC4,6615,OK,
/data/run01/scxk573/lsz/ysy/physicsnemo/data/dataset_springback_pair_Base_TC4_150/springback_pair_Base_TC4_sample_0066_065deg.npz,66,65.0,train,Base_TC4,6615,OK,
/data/run01/scxk573/lsz/ysy/physicsnemo/data/dataset_springback_pair_Base_TC4_150/springback_pair_Base_TC4_sample_0066_070deg.npz,66,70.0,train,Base_TC4,6615,OK,
/data/run01/scxk573/lsz/ysy/physicsnemo/data/dataset_springback_pair_Base_TC4_150/springback_pair_Base_TC4_sample_0066_075deg.npz,66,75.0,train,Base_TC4,6615,OK,
/data/run01/scxk573/lsz/ysy/physicsnemo/data/dataset_springback_pair_Base_TC4_150/springback_pair_Base_TC4_sample_0066_080deg.npz,66,80.0,train,Base_TC4,6615,OK,
/data/run01/scxk573/lsz/ysy/physicsnemo/data/dataset_springback_pair_Base_TC4_150/springback_pair_Base_TC4_sample_0066_085deg.npz,66,85.0,train,Base_TC4,6615,OK,
/data/run01/scxk573/lsz/ysy/physicsnemo/data/dataset_springback_pair_Base_TC4_150/springback_pair_Base_TC4_sample_0066_090deg.npz,66,90.0,train,Base_TC4,6615,OK,
/data/run01/scxk573/lsz/ysy/physicsnemo/data/dataset_springback_pair_Base_TC4_150/springback_pair_Base_TC4_sample_0066_095deg.npz,66,95.0,train,Base_TC4,6615,OK,
/data/run01/scxk573/lsz/ysy/physicsnemo/data/dataset_springback_pair_Base_TC4_150/springback_pair_Base_TC4_sample_0066_100deg.npz,66,100.0,train,Base_TC4,6615,OK,
/data/run01/scxk573/lsz/ysy/physicsnemo/data/dataset_springback_pair_Base_TC4_150/springback_pair_Base_TC4_sample_0066_105deg.npz,66,105.0,train,Base_TC4,6615,OK,
/data/run01/scxk573/lsz/ysy/physicsnemo/data/dataset_springback_pair_Base_TC4_150/springback_pair_Base_TC4_sample_0066_110deg.npz,66,110.0,train,Base_TC4,6615,OK,
/data/run01/scxk573/lsz/ysy/physicsnemo/data/dataset_springback_pair_Base_TC4_150/springback_pair_Base_TC4_sample_0066_115deg.npz,66,115.0,train,Base_TC4,6615,OK,
/data/run01/scxk573/lsz/ysy/physicsnemo/data/dataset_springback_pair_Base_TC4_150/springback_pair_Base_TC4_sample_0066_120deg.npz,66,120.0,train,Base_TC4,6615,OK,
/data/run01/scxk573/lsz/ysy/physicsnemo/data/dataset_springback_pair_Base_TC4_150/springback_pair_Base_TC4_sample_0066_125deg.npz,66,125.0,train,Base_TC4,6615,OK,
/data/run01/scxk573/lsz/ysy/physicsnemo/data/dataset_springback_pair_Base_TC4_150/springback_pair_Base_TC4_sample_0066_130deg.npz,66,130.0,train,Base_TC4,6615,OK,
/data/run01/scxk573/lsz/ysy/physicsnemo/data/dataset_springback_pair_Base_TC4_150/springback_pair_Base_TC4_sample_0066_135deg.npz,66,135.0,train,Base_TC4,6615,OK,
/data/run01/scxk573/lsz/ysy/physicsnemo/data/dataset_springback_pair_Base_TC4_150/springback_pair_Base_TC4_sample_0066_140deg.npz,66,140.0,train,Base_TC4,6615,OK,
/data/run01/scxk573/lsz/ysy/physicsnemo/data/dataset_springback_pair_Base_TC4_150/springback_pair_Base_TC4_sample_0066_145deg.npz,66,145.0,train,Base_TC4,6615,OK,
/data/run01/scxk573/lsz/ysy/physicsnemo/data/dataset_springback_pair_Base_TC4_150/springback_pair_Base_TC4_sample_0066_150deg.npz,66,150.0,train,Base_TC4,6615,OK,
/data/run01/scxk573/lsz/ysy/physicsnemo/data/dataset_springback_pair_Base_TC4_150/springback_pair_Base_TC4_sample_0066_155deg.npz,66,155.0,train,Base_TC4,6615,OK,
/data/run01/scxk573/lsz/ysy/physicsnemo/data/dataset_springback_pair_Base_TC4_150/springback_pair_Base_TC4_sample_0066_160deg.npz,66,160.0,train,Base_TC4,6615,OK,
/data/run01/scxk573/lsz/ysy/physicsnemo/data/dataset_springback_pair_Base_TC4_150/springback_pair_Base_TC4_sample_0066_165deg.npz,66,165.0,train,Base_TC4,6615,OK,
/data/run01/scxk573/lsz/ysy/physicsnemo/data/dataset_springback_pair_Base_TC4_150/springback_pair_Base_TC4_sample_0066_170deg.npz,66,170.0,train,Base_TC4,6615,OK,
/data/run01/scxk573/lsz/ysy/physicsnemo/data/dataset_springback_pair_Base_TC4_150/springback_pair_Base_TC4_sample_0066_175deg.npz,66,175.0,train,Base_TC4,6615,OK,
/data/run01/scxk573/lsz/ysy/physicsnemo/data/dataset_springback_pair_Base_TC4_150/springback_pair_Base_TC4_sample_0066_180deg.npz,66,180.0,train,Base_TC4,6615,OK,
/data/run01/scxk573/lsz/ysy/physicsnemo/data/dataset_springback_pair_Base_TC4_150/springback_pair_Base_TC4_sample_0067_005deg.npz,67,5.0,train,Base_TC4,2461,OK,
/data/run01/scxk573/lsz/ysy/physicsnemo/data/dataset_springback_pair_Base_TC4_150/springback_pair_Base_TC4_sample_0067_010deg.npz,67,10.0,train,Base_TC4,2461,OK,
/data/run01/scxk573/lsz/ysy/physicsnemo/data/dataset_springback_pair_Base_TC4_150/springback_pair_Base_TC4_sample_0067_015deg.npz,67,15.0,train,Base_TC4,2461,OK,
/data/run01/scxk573/lsz/ysy/physicsnemo/data/dataset_springback_pair_Base_TC4_150/springback_pair_Base_TC4_sample_0067_020deg.npz,67,20.0,train,Base_TC4,2461,OK,
/data/run01/scxk573/lsz/ysy/physicsnemo/data/dataset_springback_pair_Base_TC4_150/springback_pair_Base_TC4_sample_0067_025deg.npz,67,25.0,train,Base_TC4,2461,OK,
/data/run01/scxk573/lsz/ysy/physicsnemo/data/dataset_springback_pair_Base_TC4_150/springback_pair_Base_TC4_sample_0067_030deg.npz,67,30.0,train,Base_TC4,2461,OK,
/data/run01/scxk573/lsz/ysy/physicsnemo/data/dataset_springback_pair_Base_TC4_150/springback_pair_Base_TC4_sample_0067_035deg.npz,67,35.0,train,Base_TC4,2461,OK,
/data/run01/scxk573/lsz/ysy/physicsnemo/data/dataset_springback_pair_Base_TC4_150/springback_pair_Base_TC4_sample_0067_040deg.npz,67,40.0,train,Base_TC4,2461,OK,
/data/run01/scxk573/lsz/ysy/physicsnemo/data/dataset_springback_pair_Base_TC4_150/springback_pair_Base_TC4_sample_0067_045deg.npz,67,45.0,train,Base_TC4,2461,OK,
/data/run01/scxk573/lsz/ysy/physicsnemo/data/dataset_springback_pair_Base_TC4_150/springback_pair_Base_TC4_sample_0067_050deg.npz,67,50.0,train,Base_TC4,2461,OK,
/data/run01/scxk573/lsz/ysy/physicsnemo/data/dataset_springback_pair_Base_TC4_150/springback_pair_Base_TC4_sample_0067_055deg.npz,67,55.0,train,Base_TC4,2461,OK,
/data/run01/scxk573/lsz/ysy/physicsnemo/data/dataset_springback_pair_Base_TC4_150/springback_pair_Base_TC4_sample_0067_060deg.npz,67,60.0,train,Base_TC4,2461,OK,
/data/run01/scxk573/lsz/ysy/physicsnemo/data/dataset_springback_pair_Base_TC4_150/springback_pair_Base_TC4_sample_0067_065deg.npz,67,65.0,train,Base_TC4,2461,OK,
/data/run01/scxk573/lsz/ysy/physicsnemo/data/dataset_springback_pair_Base_TC4_150/springback_pair_Base_TC4_sample_0067_070deg.npz,67,70.0,train,Base_TC4,2461,OK,
/data/run01/scxk573/lsz/ysy/physicsnemo/data/dataset_springback_pair_Base_TC4_150/springback_pair_Base_TC4_sample_0067_075deg.npz,67,75.0,train,Base_TC4,2461,OK,
/data/run01/scxk573/lsz/ysy/physicsnemo/data/dataset_springback_pair_Base_TC4_150/springback_pair_Base_TC4_sample_0067_080deg.npz,67,80.0,train,Base_TC4,2461,OK,
/data/run01/scxk573/lsz/ysy/physicsnemo/data/dataset_springback_pair_Base_TC4_150/springback_pair_Base_TC4_sample_0067_085deg.npz,67,85.0,train,Base_TC4,2461,OK,
/data/run01/scxk573/lsz/ysy/physicsnemo/data/dataset_springback_pair_Base_TC4_150/springback_pair_Base_TC4_sample_0067_090deg.npz,67,90.0,train,Base_TC4,2461,OK,
/data/run01/scxk573/lsz/ysy/physicsnemo/data/dataset_springback_pair_Base_TC4_150/springback_pair_Base_TC4_sample_0067_095deg.npz,67,95.0,train,Base_TC4,2461,OK,
/data/run01/scxk573/lsz/ysy/physicsnemo/data/dataset_springback_pair_Base_TC4_150/springback_pair_Base_TC4_sample_0067_100deg.npz,67,100.0,train,Base_TC4,2461,OK,
/data/run01/scxk573/lsz/ysy/physicsnemo/data/dataset_springback_pair_Base_TC4_150/springback_pair_Base_TC4_sample_0067_105deg.npz,67,105.0,train,Base_TC4,2461,OK,
/data/run01/scxk573/lsz/ysy/physicsnemo/data/dataset_springback_pair_Base_TC4_150/springback_pair_Base_TC4_sample_0067_110deg.npz,67,110.0,train,Base_TC4,2461,OK,
/data/run01/scxk573/lsz/ysy/physicsnemo/data/dataset_springback_pair_Base_TC4_150/springback_pair_Base_TC4_sample_0067_115deg.npz,67,115.0,train,Base_TC4,2461,OK,
/data/run01/scxk573/lsz/ysy/physicsnemo/data/dataset_springback_pair_Base_TC4_150/springback_pair_Base_TC4_sample_0067_120deg.npz,67,120.0,train,Base_TC4,2461,OK,
/data/run01/scxk573/lsz/ysy/physicsnemo/data/dataset_springback_pair_Base_TC4_150/springback_pair_Base_TC4_sample_0067_125deg.npz,67,125.0,train,Base_TC4,2461,OK,
/data/run01/scxk573/lsz/ysy/physicsnemo/data/dataset_springback_pair_Base_TC4_150/springback_pair_Base_TC4_sample_0067_130deg.npz,67,130.0,train,Base_TC4,2461,OK,
/data/run01/scxk573/lsz/ysy/physicsnemo/data/dataset_springback_pair_Base_TC4_150/springback_pair_Base_TC4_sample_0067_135deg.npz,67,135.0,train,Base_TC4,2461,OK,
/data/run01/scxk573/lsz/ysy/physicsnemo/data/dataset_springback_pair_Base_TC4_150/springback_pair_Base_TC4_sample_0067_140deg.npz,67,140.0,train,Base_TC4,2461,OK,
/data/run01/scxk573/lsz/ysy/physicsnemo/data/dataset_springback_pair_Base_TC4_150/springback_pair_Base_TC4_sample_0067_145deg.npz,67,145.0,train,Base_TC4,2461,OK,
/data/run01/scxk573/lsz/ysy/physicsnemo/data/dataset_springback_pair_Base_TC4_150/springback_pair_Base_TC4_sample_0067_150deg.npz,67,150.0,train,Base_TC4,2461,OK,
/data/run01/scxk573/lsz/ysy/physicsnemo/data/dataset_springback_pair_Base_TC4_150/springback_pair_Base_TC4_sample_0067_155deg.npz,67,155.0,train,Base_TC4,2461,OK,
/data/run01/scxk573/lsz/ysy/physicsnemo/data/dataset_springback_pair_Base_TC4_150/springback_pair_Base_TC4_sample_0067_160deg.npz,67,160.0,train,Base_TC4,2461,OK,
/data/run01/scxk573/lsz/ysy/physicsnemo/data/dataset_springback_pair_Base_TC4_150/springback_pair_Base_TC4_sample_0067_165deg.npz,67,165.0,train,Base_TC4,2461,OK,
/data/run01/scxk573/lsz/ysy/physicsnemo/data/dataset_springback_pair_Base_TC4_150/springback_pair_Base_TC4_sample_0067_170deg.npz,67,170.0,train,Base_TC4,2461,OK,
/data/run01/scxk573/lsz/ysy/physicsnemo/data/dataset_springback_pair_Base_TC4_150/springback_pair_Base_TC4_sample_0067_175deg.npz,67,175.0,train,Base_TC4,2461,OK,
/data/run01/scxk573/lsz/ysy/physicsnemo/data/dataset_springback_pair_Base_TC4_150/springback_pair_Base_TC4_sample_0067_180deg.npz,67,180.0,train,Base_TC4,2461,OK,
/data/run01/scxk573/lsz/ysy/physicsnemo/data/dataset_springback_pair_Base_TC4_150/springback_pair_Base_TC4_sample_0068_005deg.npz,68,5.0,train,Base_TC4,5120,OK,
/data/run01/scxk573/lsz/ysy/physicsnemo/data/dataset_springback_pair_Base_TC4_150/springback_pair_Base_TC4_sample_0068_010deg.npz,68,10.0,train,Base_TC4,5120,OK,
/data/run01/scxk573/lsz/ysy/physicsnemo/data/dataset_springback_pair_Base_TC4_150/springback_pair_Base_TC4_sample_0068_015deg.npz,68,15.0,train,Base_TC4,5120,OK,
/data/run01/scxk573/lsz/ysy/physicsnemo/data/dataset_springback_pair_Base_TC4_150/springback_pair_Base_TC4_sample_0068_020deg.npz,68,20.0,train,Base_TC4,5120,OK,
/data/run01/scxk573/lsz/ysy/physicsnemo/data/dataset_springback_pair_Base_TC4_150/springback_pair_Base_TC4_sample_0068_025deg.npz,68,25.0,train,Base_TC4,5120,OK,
/data/run01/scxk573/lsz/ysy/physicsnemo/data/dataset_springback_pair_Base_TC4_150/springback_pair_Base_TC4_sample_0068_030deg.npz,68,30.0,train,Base_TC4,5120,OK,
/data/run01/scxk573/lsz/ysy/physicsnemo/data/dataset_springback_pair_Base_TC4_150/springback_pair_Base_TC4_sample_0068_035deg.npz,68,35.0,train,Base_TC4,5120,OK,
/data/run01/scxk573/lsz/ysy/physicsnemo/data/dataset_springback_pair_Base_TC4_150/springback_pair_Base_TC4_sample_0068_040deg.npz,68,40.0,train,Base_TC4,5120,OK,
/data/run01/scxk573/lsz/ysy/physicsnemo/data/dataset_springback_pair_Base_TC4_150/springback_pair_Base_TC4_sample_0068_045deg.npz,68,45.0,train,Base_TC4,5120,OK,
/data/run01/scxk573/lsz/ysy/physicsnemo/data/dataset_springback_pair_Base_TC4_150/springback_pair_Base_TC4_sample_0068_050deg.npz,68,50.0,train,Base_TC4,5120,OK,
/data/run01/scxk573/lsz/ysy/physicsnemo/data/dataset_springback_pair_Base_TC4_150/springback_pair_Base_TC4_sample_0068_055deg.npz,68,55.0,train,Base_TC4,5120,OK,
/data/run01/scxk573/lsz/ysy/physicsnemo/data/dataset_springback_pair_Base_TC4_150/springback_pair_Base_TC4_sample_0068_060deg.npz,68,60.0,train,Base_TC4,5120,OK,
/data/run01/scxk573/lsz/ysy/physicsnemo/data/dataset_springback_pair_Base_TC4_150/springback_pair_Base_TC4_sample_0068_065deg.npz,68,65.0,train,Base_TC4,5120,OK,
/data/run01/scxk573/lsz/ysy/physicsnemo/data/dataset_springback_pair_Base_TC4_150/springback_pair_Base_TC4_sample_0068_070deg.npz,68,70.0,train,Base_TC4,5120,OK,
/data/run01/scxk573/lsz/ysy/physicsnemo/data/dataset_springback_pair_Base_TC4_150/springback_pair_Base_TC4_sample_0068_075deg.npz,68,75.0,train,Base_TC4,5120,OK,
/data/run01/scxk573/lsz/ysy/physicsnemo/data/dataset_springback_pair_Base_TC4_150/springback_pair_Base_TC4_sample_0068_080deg.npz,68,80.0,train,Base_TC4,5120,OK,
/data/run01/scxk573/lsz/ysy/physicsnemo/data/dataset_springback_pair_Base_TC4_150/springback_pair_Base_TC4_sample_0068_085deg.npz,68,85.0,train,Base_TC4,5120,OK,
/data/run01/scxk573/lsz/ysy/physicsnemo/data/dataset_springback_pair_Base_TC4_150/springback_pair_Base_TC4_sample_0068_090deg.npz,68,90.0,train,Base_TC4,5120,OK,
/data/run01/scxk573/lsz/ysy/physicsnemo/data/dataset_springback_pair_Base_TC4_150/springback_pair_Base_TC4_sample_0068_095deg.npz,68,95.0,train,Base_TC4,5120,OK,
/data/run01/scxk573/lsz/ysy/physicsnemo/data/dataset_springback_pair_Base_TC4_150/springback_pair_Base_TC4_sample_0068_100deg.npz,68,100.0,train,Base_TC4,5120,OK,
/data/run01/scxk573/lsz/ysy/physicsnemo/data/dataset_springback_pair_Base_TC4_150/springback_pair_Base_TC4_sample_0068_105deg.npz,68,105.0,train,Base_TC4,5120,OK,
/data/run01/scxk573/lsz/ysy/physicsnemo/data/dataset_springback_pair_Base_TC4_150/springback_pair_Base_TC4_sample_0068_110deg.npz,68,110.0,train,Base_TC4,5120,OK,
/data/run01/scxk573/lsz/ysy/physicsnemo/data/dataset_springback_pair_Base_TC4_150/springback_pair_Base_TC4_sample_0068_115deg.npz,68,115.0,train,Base_TC4,5120,OK,
/data/run01/scxk573/lsz/ysy/physicsnemo/data/dataset_springback_pair_Base_TC4_150/springback_pair_Base_TC4_sample_0068_120deg.npz,68,120.0,train,Base_TC4,5120,OK,
/data/run01/scxk573/lsz/ysy/physicsnemo/data/dataset_springback_pair_Base_TC4_150/springback_pair_Base_TC4_sample_0068_125deg.npz,68,125.0,train,Base_TC4,5120,OK,
/data/run01/scxk573/lsz/ysy/physicsnemo/data/dataset_springback_pair_Base_TC4_150/springback_pair_Base_TC4_sample_0068_130deg.npz,68,130.0,train,Base_TC4,5120,OK,
/data/run01/scxk573/lsz/ysy/physicsnemo/data/dataset_springback_pair_Base_TC4_150/springback_pair_Base_TC4_sample_0068_135deg.npz,68,135.0,train,Base_TC4,5120,OK,
/data/run01/scxk573/lsz/ysy/physicsnemo/data/dataset_springback_pair_Base_TC4_150/springback_pair_Base_TC4_sample_0068_140deg.npz,68,140.0,train,Base_TC4,5120,OK,
/data/run01/scxk573/lsz/ysy/physicsnemo/data/dataset_springback_pair_Base_TC4_150/springback_pair_Base_TC4_sample_0068_145deg.npz,68,145.0,train,Base_TC4,5120,OK,
/data/run01/scxk573/lsz/ysy/physicsnemo/data/dataset_springback_pair_Base_TC4_150/springback_pair_Base_TC4_sample_0068_150deg.npz,68,150.0,train,Base_TC4,5120,OK,
/data/run01/scxk573/lsz/ysy/physicsnemo/data/dataset_springback_pair_Base_TC4_150/springback_pair_Base_TC4_sample_0068_155deg.npz,68,155.0,train,Base_TC4,5120,OK,
/data/run01/scxk573/lsz/ysy/physicsnemo/data/dataset_springback_pair_Base_TC4_150/springback_pair_Base_TC4_sample_0068_160deg.npz,68,160.0,train,Base_TC4,5120,OK,
/data/run01/scxk573/lsz/ysy/physicsnemo/data/dataset_springback_pair_Base_TC4_150/springback_pair_Base_TC4_sample_0068_165deg.npz,68,165.0,train,Base_TC4,5120,OK,
/data/run01/scxk573/lsz/ysy/physicsnemo/data/dataset_springback_pair_Base_TC4_150/springback_pair_Base_TC4_sample_0068_170deg.npz,68,170.0,train,Base_TC4,5120,OK,
/data/run01/scxk573/lsz/ysy/physicsnemo/data/dataset_springback_pair_Base_TC4_150/springback_pair_Base_TC4_sample_0068_175deg.npz,68,175.0,train,Base_TC4,5120,OK,
/data/run01/scxk573/lsz/ysy/physicsnemo/data/dataset_springback_pair_Base_TC4_150/springback_pair_Base_TC4_sample_0068_180deg.npz,68,180.0,train,Base_TC4,5120,OK,
/data/run01/scxk573/lsz/ysy/physicsnemo/data/dataset_springback_pair_Base_TC4_150/springback_pair_Base_TC4_sample_0069_005deg.npz,69,5.0,test,Base_TC4,17888,OK,
/data/run01/scxk573/lsz/ysy/physicsnemo/data/dataset_springback_pair_Base_TC4_150/springback_pair_Base_TC4_sample_0069_010deg.npz,69,10.0,test,Base_TC4,17888,OK,
/data/run01/scxk573/lsz/ysy/physicsnemo/data/dataset_springback_pair_Base_TC4_150/springback_pair_Base_TC4_sample_0069_015deg.npz,69,15.0,test,Base_TC4,17888,OK,
/data/run01/scxk573/lsz/ysy/physicsnemo/data/dataset_springback_pair_Base_TC4_150/springback_pair_Base_TC4_sample_0069_020deg.npz,69,20.0,test,Base_TC4,17888,OK,
/data/run01/scxk573/lsz/ysy/physicsnemo/data/dataset_springback_pair_Base_TC4_150/springback_pair_Base_TC4_sample_0069_025deg.npz,69,25.0,test,Base_TC4,17888,OK,
/data/run01/scxk573/lsz/ysy/physicsnemo/data/dataset_springback_pair_Base_TC4_150/springback_pair_Base_TC4_sample_0069_030deg.npz,69,30.0,test,Base_TC4,17888,OK,
/data/run01/scxk573/lsz/ysy/physicsnemo/data/dataset_springback_pair_Base_TC4_150/springback_pair_Base_TC4_sample_0069_035deg.npz,69,35.0,test,Base_TC4,17888,OK,
/data/run01/scxk573/lsz/ysy/physicsnemo/data/dataset_springback_pair_Base_TC4_150/springback_pair_Base_TC4_sample_0069_040deg.npz,69,40.0,test,Base_TC4,17888,OK,
/data/run01/scxk573/lsz/ysy/physicsnemo/data/dataset_springback_pair_Base_TC4_150/springback_pair_Base_TC4_sample_0069_045deg.npz,69,45.0,test,Base_TC4,17888,OK,
/data/run01/scxk573/lsz/ysy/physicsnemo/data/dataset_springback_pair_Base_TC4_150/springback_pair_Base_TC4_sample_0069_050deg.npz,69,50.0,test,Base_TC4,17888,OK,
/data/run01/scxk573/lsz/ysy/physicsnemo/data/dataset_springback_pair_Base_TC4_150/springback_pair_Base_TC4_sample_0069_055deg.npz,69,55.0,test,Base_TC4,17888,OK,
/data/run01/scxk573/lsz/ysy/physicsnemo/data/dataset_springback_pair_Base_TC4_150/springback_pair_Base_TC4_sample_0069_060deg.npz,69,60.0,test,Base_TC4,17888,OK,
/data/run01/scxk573/lsz/ysy/physicsnemo/data/dataset_springback_pair_Base_TC4_150/springback_pair_Base_TC4_sample_0069_065deg.npz,69,65.0,test,Base_TC4,17888,OK,
/data/run01/scxk573/lsz/ysy/physicsnemo/data/dataset_springback_pair_Base_TC4_150/springback_pair_Base_TC4_sample_0069_070deg.npz,69,70.0,test,Base_TC4,17888,OK,
/data/run01/scxk573/lsz/ysy/physicsnemo/data/dataset_springback_pair_Base_TC4_150/springback_pair_Base_TC4_sample_0069_075deg.npz,69,75.0,test,Base_TC4,17888,OK,
/data/run01/scxk573/lsz/ysy/physicsnemo/data/dataset_springback_pair_Base_TC4_150/springback_pair_Base_TC4_sample_0069_080deg.npz,69,80.0,test,Base_TC4,17888,OK,
/data/run01/scxk573/lsz/ysy/physicsnemo/data/dataset_springback_pair_Base_TC4_150/springback_pair_Base_TC4_sample_0069_085deg.npz,69,85.0,test,Base_TC4,17888,OK,
/data/run01/scxk573/lsz/ysy/physicsnemo/data/dataset_springback_pair_Base_TC4_150/springback_pair_Base_TC4_sample_0069_090deg.npz,69,90.0,test,Base_TC4,17888,OK,
/data/run01/scxk573/lsz/ysy/physicsnemo/data/dataset_springback_pair_Base_TC4_150/springback_pair_Base_TC4_sample_0069_095deg.npz,69,95.0,test,Base_TC4,17888,OK,
/data/run01/scxk573/lsz/ysy/physicsnemo/data/dataset_springback_pair_Base_TC4_150/springback_pair_Base_TC4_sample_0069_100deg.npz,69,100.0,test,Base_TC4,17888,OK,
/data/run01/scxk573/lsz/ysy/physicsnemo/data/dataset_springback_pair_Base_TC4_150/springback_pair_Base_TC4_sample_0069_105deg.npz,69,105.0,test,Base_TC4,17888,OK,
/data/run01/scxk573/lsz/ysy/physicsnemo/data/dataset_springback_pair_Base_TC4_150/springback_pair_Base_TC4_sample_0069_110deg.npz,69,110.0,test,Base_TC4,17888,OK,
/data/run01/scxk573/lsz/ysy/physicsnemo/data/dataset_springback_pair_Base_TC4_150/springback_pair_Base_TC4_sample_0069_115deg.npz,69,115.0,test,Base_TC4,17888,OK,
/data/run01/scxk573/lsz/ysy/physicsnemo/data/dataset_springback_pair_Base_TC4_150/springback_pair_Base_TC4_sample_0069_120deg.npz,69,120.0,test,Base_TC4,17888,OK,
/data/run01/scxk573/lsz/ysy/physicsnemo/data/dataset_springback_pair_Base_TC4_150/springback_pair_Base_TC4_sample_0069_125deg.npz,69,125.0,test,Base_TC4,17888,OK,
/data/run01/scxk573/lsz/ysy/physicsnemo/data/dataset_springback_pair_Base_TC4_150/springback_pair_Base_TC4_sample_0069_130deg.npz,69,130.0,test,Base_TC4,17888,OK,
/data/run01/scxk573/lsz/ysy/physicsnemo/data/dataset_springback_pair_Base_TC4_150/springback_pair_Base_TC4_sample_0069_135deg.npz,69,135.0,test,Base_TC4,17888,OK,
/data/run01/scxk573/lsz/ysy/physicsnemo/data/dataset_springback_pair_Base_TC4_150/springback_pair_Base_TC4_sample_0069_140deg.npz,69,140.0,test,Base_TC4,17888,OK,
/data/run01/scxk573/lsz/ysy/physicsnemo/data/dataset_springback_pair_Base_TC4_150/springback_pair_Base_TC4_sample_0069_145deg.npz,69,145.0,test,Base_TC4,17888,OK,
/data/run01/scxk573/lsz/ysy/physicsnemo/data/dataset_springback_pair_Base_TC4_150/springback_pair_Base_TC4_sample_0069_150deg.npz,69,150.0,test,Base_TC4,17888,OK,
/data/run01/scxk573/lsz/ysy/physicsnemo/data/dataset_springback_pair_Base_TC4_150/springback_pair_Base_TC4_sample_0069_155deg.npz,69,155.0,test,Base_TC4,17888,OK,
/data/run01/scxk573/lsz/ysy/physicsnemo/data/dataset_springback_pair_Base_TC4_150/springback_pair_Base_TC4_sample_0069_160deg.npz,69,160.0,test,Base_TC4,17888,OK,
/data/run01/scxk573/lsz/ysy/physicsnemo/data/dataset_springback_pair_Base_TC4_150/springback_pair_Base_TC4_sample_0069_165deg.npz,69,165.0,test,Base_TC4,17888,OK,
/data/run01/scxk573/lsz/ysy/physicsnemo/data/dataset_springback_pair_Base_TC4_150/springback_pair_Base_TC4_sample_0069_170deg.npz,69,170.0,test,Base_TC4,17888,OK,
/data/run01/scxk573/lsz/ysy/physicsnemo/data/dataset_springback_pair_Base_TC4_150/springback_pair_Base_TC4_sample_0069_175deg.npz,69,175.0,test,Base_TC4,17888,OK,
/data/run01/scxk573/lsz/ysy/physicsnemo/data/dataset_springback_pair_Base_TC4_150/springback_pair_Base_TC4_sample_0069_180deg.npz,69,180.0,test,Base_TC4,17888,OK,
/data/run01/scxk573/lsz/ysy/physicsnemo/data/dataset_springback_pair_Base_TC4_150/springback_pair_Base_TC4_sample_0070_005deg.npz,70,5.0,train,Base_TC4,16224,OK,
/data/run01/scxk573/lsz/ysy/physicsnemo/data/dataset_springback_pair_Base_TC4_150/springback_pair_Base_TC4_sample_0070_010deg.npz,70,10.0,train,Base_TC4,16224,OK,
/data/run01/scxk573/lsz/ysy/physicsnemo/data/dataset_springback_pair_Base_TC4_150/springback_pair_Base_TC4_sample_0070_015deg.npz,70,15.0,train,Base_TC4,16224,OK,
/data/run01/scxk573/lsz/ysy/physicsnemo/data/dataset_springback_pair_Base_TC4_150/springback_pair_Base_TC4_sample_0070_020deg.npz,70,20.0,train,Base_TC4,16224,OK,
/data/run01/scxk573/lsz/ysy/physicsnemo/data/dataset_springback_pair_Base_TC4_150/springback_pair_Base_TC4_sample_0070_025deg.npz,70,25.0,train,Base_TC4,16224,OK,
/data/run01/scxk573/lsz/ysy/physicsnemo/data/dataset_springback_pair_Base_TC4_150/springback_pair_Base_TC4_sample_0070_030deg.npz,70,30.0,train,Base_TC4,16224,OK,
/data/run01/scxk573/lsz/ysy/physicsnemo/data/dataset_springback_pair_Base_TC4_150/springback_pair_Base_TC4_sample_0070_035deg.npz,70,35.0,train,Base_TC4,16224,OK,
/data/run01/scxk573/lsz/ysy/physicsnemo/data/dataset_springback_pair_Base_TC4_150/springback_pair_Base_TC4_sample_0070_040deg.npz,70,40.0,train,Base_TC4,16224,OK,
/data/run01/scxk573/lsz/ysy/physicsnemo/data/dataset_springback_pair_Base_TC4_150/springback_pair_Base_TC4_sample_0070_045deg.npz,70,45.0,train,Base_TC4,16224,OK,
/data/run01/scxk573/lsz/ysy/physicsnemo/data/dataset_springback_pair_Base_TC4_150/springback_pair_Base_TC4_sample_0070_050deg.npz,70,50.0,train,Base_TC4,16224,OK,
/data/run01/scxk573/lsz/ysy/physicsnemo/data/dataset_springback_pair_Base_TC4_150/springback_pair_Base_TC4_sample_0070_055deg.npz,70,55.0,train,Base_TC4,16224,OK,
/data/run01/scxk573/lsz/ysy/physicsnemo/data/dataset_springback_pair_Base_TC4_150/springback_pair_Base_TC4_sample_0070_060deg.npz,70,60.0,train,Base_TC4,16224,OK,
/data/run01/scxk573/lsz/ysy/physicsnemo/data/dataset_springback_pair_Base_TC4_150/springback_pair_Base_TC4_sample_0070_065deg.npz,70,65.0,train,Base_TC4,16224,OK,
/data/run01/scxk573/lsz/ysy/physicsnemo/data/dataset_springback_pair_Base_TC4_150/springback_pair_Base_TC4_sample_0070_070deg.npz,70,70.0,train,Base_TC4,16224,OK,
/data/run01/scxk573/lsz/ysy/physicsnemo/data/dataset_springback_pair_Base_TC4_150/springback_pair_Base_TC4_sample_0070_075deg.npz,70,75.0,train,Base_TC4,16224,OK,
/data/run01/scxk573/lsz/ysy/physicsnemo/data/dataset_springback_pair_Base_TC4_150/springback_pair_Base_TC4_sample_0070_080deg.npz,70,80.0,train,Base_TC4,16224,OK,
/data/run01/scxk573/lsz/ysy/physicsnemo/data/dataset_springback_pair_Base_TC4_150/springback_pair_Base_TC4_sample_0070_085deg.npz,70,85.0,train,Base_TC4,16224,OK,
/data/run01/scxk573/lsz/ysy/physicsnemo/data/dataset_springback_pair_Base_TC4_150/springback_pair_Base_TC4_sample_0070_090deg.npz,70,90.0,train,Base_TC4,16224,OK,
/data/run01/scxk573/lsz/ysy/physicsnemo/data/dataset_springback_pair_Base_TC4_150/springback_pair_Base_TC4_sample_0070_095deg.npz,70,95.0,train,Base_TC4,16224,OK,
/data/run01/scxk573/lsz/ysy/physicsnemo/data/dataset_springback_pair_Base_TC4_150/springback_pair_Base_TC4_sample_0070_100deg.npz,70,100.0,train,Base_TC4,16224,OK,
/data/run01/scxk573/lsz/ysy/physicsnemo/data/dataset_springback_pair_Base_TC4_150/springback_pair_Base_TC4_sample_0070_105deg.npz,70,105.0,train,Base_TC4,16224,OK,
/data/run01/scxk573/lsz/ysy/physicsnemo/data/dataset_springback_pair_Base_TC4_150/springback_pair_Base_TC4_sample_0070_110deg.npz,70,110.0,train,Base_TC4,16224,OK,
/data/run01/scxk573/lsz/ysy/physicsnemo/data/dataset_springback_pair_Base_TC4_150/springback_pair_Base_TC4_sample_0070_115deg.npz,70,115.0,train,Base_TC4,16224,OK,
/data/run01/scxk573/lsz/ysy/physicsnemo/data/dataset_springback_pair_Base_TC4_150/springback_pair_Base_TC4_sample_0070_120deg.npz,70,120.0,train,Base_TC4,16224,OK,
/data/run01/scxk573/lsz/ysy/physicsnemo/data/dataset_springback_pair_Base_TC4_150/springback_pair_Base_TC4_sample_0070_125deg.npz,70,125.0,train,Base_TC4,16224,OK,
/data/run01/scxk573/lsz/ysy/physicsnemo/data/dataset_springback_pair_Base_TC4_150/springback_pair_Base_TC4_sample_0070_130deg.npz,70,130.0,train,Base_TC4,16224,OK,
/data/run01/scxk573/lsz/ysy/physicsnemo/data/dataset_springback_pair_Base_TC4_150/springback_pair_Base_TC4_sample_0070_135deg.npz,70,135.0,train,Base_TC4,16224,OK,
/data/run01/scxk573/lsz/ysy/physicsnemo/data/dataset_springback_pair_Base_TC4_150/springback_pair_Base_TC4_sample_0070_140deg.npz,70,140.0,train,Base_TC4,16224,OK,
/data/run01/scxk573/lsz/ysy/physicsnemo/data/dataset_springback_pair_Base_TC4_150/springback_pair_Base_TC4_sample_0070_145deg.npz,70,145.0,train,Base_TC4,16224,OK,
/data/run01/scxk573/lsz/ysy/physicsnemo/data/dataset_springback_pair_Base_TC4_150/springback_pair_Base_TC4_sample_0070_150deg.npz,70,150.0,train,Base_TC4,16224,OK,
/data/run01/scxk573/lsz/ysy/physicsnemo/data/dataset_springback_pair_Base_TC4_150/springback_pair_Base_TC4_sample_0070_155deg.npz,70,155.0,train,Base_TC4,16224,OK,
/data/run01/scxk573/lsz/ysy/physicsnemo/data/dataset_springback_pair_Base_TC4_150/springback_pair_Base_TC4_sample_0070_160deg.npz,70,160.0,train,Base_TC4,16224,OK,
/data/run01/scxk573/lsz/ysy/physicsnemo/data/dataset_springback_pair_Base_TC4_150/springback_pair_Base_TC4_sample_0070_165deg.npz,70,165.0,train,Base_TC4,16224,OK,
/data/run01/scxk573/lsz/ysy/physicsnemo/data/dataset_springback_pair_Base_TC4_150/springback_pair_Base_TC4_sample_0070_170deg.npz,70,170.0,train,Base_TC4,16224,OK,
/data/run01/scxk573/lsz/ysy/physicsnemo/data/dataset_springback_pair_Base_TC4_150/springback_pair_Base_TC4_sample_0070_175deg.npz,70,175.0,train,Base_TC4,16224,OK,
/data/run01/scxk573/lsz/ysy/physicsnemo/data/dataset_springback_pair_Base_TC4_150/springback_pair_Base_TC4_sample_0070_180deg.npz,70,180.0,train,Base_TC4,16224,OK,
/data/run01/scxk573/lsz/ysy/physicsnemo/data/dataset_springback_pair_Base_TC4_150/springback_pair_Base_TC4_sample_0071_005deg.npz,71,5.0,test,Base_TC4,4116,OK,
/data/run01/scxk573/lsz/ysy/physicsnemo/data/dataset_springback_pair_Base_TC4_150/springback_pair_Base_TC4_sample_0071_010deg.npz,71,10.0,test,Base_TC4,4116,OK,
/data/run01/scxk573/lsz/ysy/physicsnemo/data/dataset_springback_pair_Base_TC4_150/springback_pair_Base_TC4_sample_0071_015deg.npz,71,15.0,test,Base_TC4,4116,OK,
/data/run01/scxk573/lsz/ysy/physicsnemo/data/dataset_springback_pair_Base_TC4_150/springback_pair_Base_TC4_sample_0071_020deg.npz,71,20.0,test,Base_TC4,4116,OK,
/data/run01/scxk573/lsz/ysy/physicsnemo/data/dataset_springback_pair_Base_TC4_150/springback_pair_Base_TC4_sample_0071_025deg.npz,71,25.0,test,Base_TC4,4116,OK,
/data/run01/scxk573/lsz/ysy/physicsnemo/data/dataset_springback_pair_Base_TC4_150/springback_pair_Base_TC4_sample_0071_030deg.npz,71,30.0,test,Base_TC4,4116,OK,
/data/run01/scxk573/lsz/ysy/physicsnemo/data/dataset_springback_pair_Base_TC4_150/springback_pair_Base_TC4_sample_0071_035deg.npz,71,35.0,test,Base_TC4,4116,OK,
/data/run01/scxk573/lsz/ysy/physicsnemo/data/dataset_springback_pair_Base_TC4_150/springback_pair_Base_TC4_sample_0071_040deg.npz,71,40.0,test,Base_TC4,4116,OK,
/data/run01/scxk573/lsz/ysy/physicsnemo/data/dataset_springback_pair_Base_TC4_150/springback_pair_Base_TC4_sample_0071_045deg.npz,71,45.0,test,Base_TC4,4116,OK,
/data/run01/scxk573/lsz/ysy/physicsnemo/data/dataset_springback_pair_Base_TC4_150/springback_pair_Base_TC4_sample_0071_050deg.npz,71,50.0,test,Base_TC4,4116,OK,
/data/run01/scxk573/lsz/ysy/physicsnemo/data/dataset_springback_pair_Base_TC4_150/springback_pair_Base_TC4_sample_0071_055deg.npz,71,55.0,test,Base_TC4,4116,OK,
/data/run01/scxk573/lsz/ysy/physicsnemo/data/dataset_springback_pair_Base_TC4_150/springback_pair_Base_TC4_sample_0071_060deg.npz,71,60.0,test,Base_TC4,4116,OK,
/data/run01/scxk573/lsz/ysy/physicsnemo/data/dataset_springback_pair_Base_TC4_150/springback_pair_Base_TC4_sample_0071_065deg.npz,71,65.0,test,Base_TC4,4116,OK,
/data/run01/scxk573/lsz/ysy/physicsnemo/data/dataset_springback_pair_Base_TC4_150/springback_pair_Base_TC4_sample_0071_070deg.npz,71,70.0,test,Base_TC4,4116,OK,
/data/run01/scxk573/lsz/ysy/physicsnemo/data/dataset_springback_pair_Base_TC4_150/springback_pair_Base_TC4_sample_0071_075deg.npz,71,75.0,test,Base_TC4,4116,OK,
/data/run01/scxk573/lsz/ysy/physicsnemo/data/dataset_springback_pair_Base_TC4_150/springback_pair_Base_TC4_sample_0071_080deg.npz,71,80.0,test,Base_TC4,4116,OK,
/data/run01/scxk573/lsz/ysy/physicsnemo/data/dataset_springback_pair_Base_TC4_150/springback_pair_Base_TC4_sample_0071_085deg.npz,71,85.0,test,Base_TC4,4116,OK,
/data/run01/scxk573/lsz/ysy/physicsnemo/data/dataset_springback_pair_Base_TC4_150/springback_pair_Base_TC4_sample_0071_090deg.npz,71,90.0,test,Base_TC4,4116,OK,
/data/run01/scxk573/lsz/ysy/physicsnemo/data/dataset_springback_pair_Base_TC4_150/springback_pair_Base_TC4_sample_0071_095deg.npz,71,95.0,test,Base_TC4,4116,OK,
/data/run01/scxk573/lsz/ysy/physicsnemo/data/dataset_springback_pair_Base_TC4_150/springback_pair_Base_TC4_sample_0071_100deg.npz,71,100.0,test,Base_TC4,4116,OK,
/data/run01/scxk573/lsz/ysy/physicsnemo/data/dataset_springback_pair_Base_TC4_150/springback_pair_Base_TC4_sample_0071_105deg.npz,71,105.0,test,Base_TC4,4116,OK,
/data/run01/scxk573/lsz/ysy/physicsnemo/data/dataset_springback_pair_Base_TC4_150/springback_pair_Base_TC4_sample_0071_110deg.npz,71,110.0,test,Base_TC4,4116,OK,
/data/run01/scxk573/lsz/ysy/physicsnemo/data/dataset_springback_pair_Base_TC4_150/springback_pair_Base_TC4_sample_0071_115deg.npz,71,115.0,test,Base_TC4,4116,OK,
/data/run01/scxk573/lsz/ysy/physicsnemo/data/dataset_springback_pair_Base_TC4_150/springback_pair_Base_TC4_sample_0071_120deg.npz,71,120.0,test,Base_TC4,4116,OK,
/data/run01/scxk573/lsz/ysy/physicsnemo/data/dataset_springback_pair_Base_TC4_150/springback_pair_Base_TC4_sample_0071_125deg.npz,71,125.0,test,Base_TC4,4116,OK,
/data/run01/scxk573/lsz/ysy/physicsnemo/data/dataset_springback_pair_Base_TC4_150/springback_pair_Base_TC4_sample_0071_130deg.npz,71,130.0,test,Base_TC4,4116,OK,
/data/run01/scxk573/lsz/ysy/physicsnemo/data/dataset_springback_pair_Base_TC4_150/springback_pair_Base_TC4_sample_0071_135deg.npz,71,135.0,test,Base_TC4,4116,OK,
/data/run01/scxk573/lsz/ysy/physicsnemo/data/dataset_springback_pair_Base_TC4_150/springback_pair_Base_TC4_sample_0071_140deg.npz,71,140.0,test,Base_TC4,4116,OK,
/data/run01/scxk573/lsz/ysy/physicsnemo/data/dataset_springback_pair_Base_TC4_150/springback_pair_Base_TC4_sample_0071_145deg.npz,71,145.0,test,Base_TC4,4116,OK,
/data/run01/scxk573/lsz/ysy/physicsnemo/data/dataset_springback_pair_Base_TC4_150/springback_pair_Base_TC4_sample_0071_150deg.npz,71,150.0,test,Base_TC4,4116,OK,
/data/run01/scxk573/lsz/ysy/physicsnemo/data/dataset_springback_pair_Base_TC4_150/springback_pair_Base_TC4_sample_0071_155deg.npz,71,155.0,test,Base_TC4,4116,OK,
/data/run01/scxk573/lsz/ysy/physicsnemo/data/dataset_springback_pair_Base_TC4_150/springback_pair_Base_TC4_sample_0071_160deg.npz,71,160.0,test,Base_TC4,4116,OK,
/data/run01/scxk573/lsz/ysy/physicsnemo/data/dataset_springback_pair_Base_TC4_150/springback_pair_Base_TC4_sample_0071_165deg.npz,71,165.0,test,Base_TC4,4116,OK,
/data/run01/scxk573/lsz/ysy/physicsnemo/data/dataset_springback_pair_Base_TC4_150/springback_pair_Base_TC4_sample_0071_170deg.npz,71,170.0,test,Base_TC4,4116,OK,
/data/run01/scxk573/lsz/ysy/physicsnemo/data/dataset_springback_pair_Base_TC4_150/springback_pair_Base_TC4_sample_0071_175deg.npz,71,175.0,test,Base_TC4,4116,OK,
/data/run01/scxk573/lsz/ysy/physicsnemo/data/dataset_springback_pair_Base_TC4_150/springback_pair_Base_TC4_sample_0071_180deg.npz,71,180.0,test,Base_TC4,4116,OK,
/data/run01/scxk573/lsz/ysy/physicsnemo/data/dataset_springback_pair_Base_TC4_150/springback_pair_Base_TC4_sample_0072_005deg.npz,72,5.0,train,Base_TC4,21924,OK,
/data/run01/scxk573/lsz/ysy/physicsnemo/data/dataset_springback_pair_Base_TC4_150/springback_pair_Base_TC4_sample_0072_010deg.npz,72,10.0,train,Base_TC4,21924,OK,
/data/run01/scxk573/lsz/ysy/physicsnemo/data/dataset_springback_pair_Base_TC4_150/springback_pair_Base_TC4_sample_0072_015deg.npz,72,15.0,train,Base_TC4,21924,OK,
/data/run01/scxk573/lsz/ysy/physicsnemo/data/dataset_springback_pair_Base_TC4_150/springback_pair_Base_TC4_sample_0072_020deg.npz,72,20.0,train,Base_TC4,21924,OK,
/data/run01/scxk573/lsz/ysy/physicsnemo/data/dataset_springback_pair_Base_TC4_150/springback_pair_Base_TC4_sample_0072_025deg.npz,72,25.0,train,Base_TC4,21924,OK,
/data/run01/scxk573/lsz/ysy/physicsnemo/data/dataset_springback_pair_Base_TC4_150/springback_pair_Base_TC4_sample_0072_030deg.npz,72,30.0,train,Base_TC4,21924,OK,
/data/run01/scxk573/lsz/ysy/physicsnemo/data/dataset_springback_pair_Base_TC4_150/springback_pair_Base_TC4_sample_0072_035deg.npz,72,35.0,train,Base_TC4,21924,OK,
/data/run01/scxk573/lsz/ysy/physicsnemo/data/dataset_springback_pair_Base_TC4_150/springback_pair_Base_TC4_sample_0072_040deg.npz,72,40.0,train,Base_TC4,21924,OK,
/data/run01/scxk573/lsz/ysy/physicsnemo/data/dataset_springback_pair_Base_TC4_150/springback_pair_Base_TC4_sample_0072_045deg.npz,72,45.0,train,Base_TC4,21924,OK,
/data/run01/scxk573/lsz/ysy/physicsnemo/data/dataset_springback_pair_Base_TC4_150/springback_pair_Base_TC4_sample_0072_050deg.npz,72,50.0,train,Base_TC4,21924,OK,
/data/run01/scxk573/lsz/ysy/physicsnemo/data/dataset_springback_pair_Base_TC4_150/springback_pair_Base_TC4_sample_0072_055deg.npz,72,55.0,train,Base_TC4,21924,OK,
/data/run01/scxk573/lsz/ysy/physicsnemo/data/dataset_springback_pair_Base_TC4_150/springback_pair_Base_TC4_sample_0072_060deg.npz,72,60.0,train,Base_TC4,21924,OK,
/data/run01/scxk573/lsz/ysy/physicsnemo/data/dataset_springback_pair_Base_TC4_150/springback_pair_Base_TC4_sample_0072_065deg.npz,72,65.0,train,Base_TC4,21924,OK,
/data/run01/scxk573/lsz/ysy/physicsnemo/data/dataset_springback_pair_Base_TC4_150/springback_pair_Base_TC4_sample_0072_070deg.npz,72,70.0,train,Base_TC4,21924,OK,
/data/run01/scxk573/lsz/ysy/physicsnemo/data/dataset_springback_pair_Base_TC4_150/springback_pair_Base_TC4_sample_0072_075deg.npz,72,75.0,train,Base_TC4,21924,OK,
/data/run01/scxk573/lsz/ysy/physicsnemo/data/dataset_springback_pair_Base_TC4_150/springback_pair_Base_TC4_sample_0072_080deg.npz,72,80.0,train,Base_TC4,21924,OK,
/data/run01/scxk573/lsz/ysy/physicsnemo/data/dataset_springback_pair_Base_TC4_150/springback_pair_Base_TC4_sample_0072_085deg.npz,72,85.0,train,Base_TC4,21924,OK,
/data/run01/scxk573/lsz/ysy/physicsnemo/data/dataset_springback_pair_Base_TC4_150/springback_pair_Base_TC4_sample_0072_090deg.npz,72,90.0,train,Base_TC4,21924,OK,
/data/run01/scxk573/lsz/ysy/physicsnemo/data/dataset_springback_pair_Base_TC4_150/springback_pair_Base_TC4_sample_0072_095deg.npz,72,95.0,train,Base_TC4,21924,OK,
/data/run01/scxk573/lsz/ysy/physicsnemo/data/dataset_springback_pair_Base_TC4_150/springback_pair_Base_TC4_sample_0072_100deg.npz,72,100.0,train,Base_TC4,21924,OK,
/data/run01/scxk573/lsz/ysy/physicsnemo/data/dataset_springback_pair_Base_TC4_150/springback_pair_Base_TC4_sample_0072_105deg.npz,72,105.0,train,Base_TC4,21924,OK,
/data/run01/scxk573/lsz/ysy/physicsnemo/data/dataset_springback_pair_Base_TC4_150/springback_pair_Base_TC4_sample_0072_110deg.npz,72,110.0,train,Base_TC4,21924,OK,
/data/run01/scxk573/lsz/ysy/physicsnemo/data/dataset_springback_pair_Base_TC4_150/springback_pair_Base_TC4_sample_0072_115deg.npz,72,115.0,train,Base_TC4,21924,OK,
/data/run01/scxk573/lsz/ysy/physicsnemo/data/dataset_springback_pair_Base_TC4_150/springback_pair_Base_TC4_sample_0072_120deg.npz,72,120.0,train,Base_TC4,21924,OK,
/data/run01/scxk573/lsz/ysy/physicsnemo/data/dataset_springback_pair_Base_TC4_150/springback_pair_Base_TC4_sample_0072_125deg.npz,72,125.0,train,Base_TC4,21924,OK,
/data/run01/scxk573/lsz/ysy/physicsnemo/data/dataset_springback_pair_Base_TC4_150/springback_pair_Base_TC4_sample_0072_130deg.npz,72,130.0,train,Base_TC4,21924,OK,
/data/run01/scxk573/lsz/ysy/physicsnemo/data/dataset_springback_pair_Base_TC4_150/springback_pair_Base_TC4_sample_0072_135deg.npz,72,135.0,train,Base_TC4,21924,OK,
/data/run01/scxk573/lsz/ysy/physicsnemo/data/dataset_springback_pair_Base_TC4_150/springback_pair_Base_TC4_sample_0072_140deg.npz,72,140.0,train,Base_TC4,21924,OK,
/data/run01/scxk573/lsz/ysy/physicsnemo/data/dataset_springback_pair_Base_TC4_150/springback_pair_Base_TC4_sample_0072_145deg.npz,72,145.0,train,Base_TC4,21924,OK,
/data/run01/scxk573/lsz/ysy/physicsnemo/data/dataset_springback_pair_Base_TC4_150/springback_pair_Base_TC4_sample_0072_150deg.npz,72,150.0,train,Base_TC4,21924,OK,
/data/run01/scxk573/lsz/ysy/physicsnemo/data/dataset_springback_pair_Base_TC4_150/springback_pair_Base_TC4_sample_0072_155deg.npz,72,155.0,train,Base_TC4,21924,OK,
/data/run01/scxk573/lsz/ysy/physicsnemo/data/dataset_springback_pair_Base_TC4_150/springback_pair_Base_TC4_sample_0072_160deg.npz,72,160.0,train,Base_TC4,21924,OK,
/data/run01/scxk573/lsz/ysy/physicsnemo/data/dataset_springback_pair_Base_TC4_150/springback_pair_Base_TC4_sample_0072_165deg.npz,72,165.0,train,Base_TC4,21924,OK,
/data/run01/scxk573/lsz/ysy/physicsnemo/data/dataset_springback_pair_Base_TC4_150/springback_pair_Base_TC4_sample_0072_170deg.npz,72,170.0,train,Base_TC4,21924,OK,
/data/run01/scxk573/lsz/ysy/physicsnemo/data/dataset_springback_pair_Base_TC4_150/springback_pair_Base_TC4_sample_0072_175deg.npz,72,175.0,train,Base_TC4,21924,OK,
/data/run01/scxk573/lsz/ysy/physicsnemo/data/dataset_springback_pair_Base_TC4_150/springback_pair_Base_TC4_sample_0072_180deg.npz,72,180.0,train,Base_TC4,21924,OK,
/data/run01/scxk573/lsz/ysy/physicsnemo/data/dataset_springback_pair_Base_TC4_150/springback_pair_Base_TC4_sample_0073_005deg.npz,73,5.0,train,Base_TC4,22184,OK,
/data/run01/scxk573/lsz/ysy/physicsnemo/data/dataset_springback_pair_Base_TC4_150/springback_pair_Base_TC4_sample_0073_010deg.npz,73,10.0,train,Base_TC4,22184,OK,
/data/run01/scxk573/lsz/ysy/physicsnemo/data/dataset_springback_pair_Base_TC4_150/springback_pair_Base_TC4_sample_0073_015deg.npz,73,15.0,train,Base_TC4,22184,OK,
/data/run01/scxk573/lsz/ysy/physicsnemo/data/dataset_springback_pair_Base_TC4_150/springback_pair_Base_TC4_sample_0073_020deg.npz,73,20.0,train,Base_TC4,22184,OK,
/data/run01/scxk573/lsz/ysy/physicsnemo/data/dataset_springback_pair_Base_TC4_150/springback_pair_Base_TC4_sample_0073_025deg.npz,73,25.0,train,Base_TC4,22184,OK,
/data/run01/scxk573/lsz/ysy/physicsnemo/data/dataset_springback_pair_Base_TC4_150/springback_pair_Base_TC4_sample_0073_030deg.npz,73,30.0,train,Base_TC4,22184,OK,
/data/run01/scxk573/lsz/ysy/physicsnemo/data/dataset_springback_pair_Base_TC4_150/springback_pair_Base_TC4_sample_0073_035deg.npz,73,35.0,train,Base_TC4,22184,OK,
/data/run01/scxk573/lsz/ysy/physicsnemo/data/dataset_springback_pair_Base_TC4_150/springback_pair_Base_TC4_sample_0073_040deg.npz,73,40.0,train,Base_TC4,22184,OK,
/data/run01/scxk573/lsz/ysy/physicsnemo/data/dataset_springback_pair_Base_TC4_150/springback_pair_Base_TC4_sample_0073_045deg.npz,73,45.0,train,Base_TC4,22184,OK,
/data/run01/scxk573/lsz/ysy/physicsnemo/data/dataset_springback_pair_Base_TC4_150/springback_pair_Base_TC4_sample_0073_050deg.npz,73,50.0,train,Base_TC4,22184,OK,
/data/run01/scxk573/lsz/ysy/physicsnemo/data/dataset_springback_pair_Base_TC4_150/springback_pair_Base_TC4_sample_0073_055deg.npz,73,55.0,train,Base_TC4,22184,OK,
/data/run01/scxk573/lsz/ysy/physicsnemo/data/dataset_springback_pair_Base_TC4_150/springback_pair_Base_TC4_sample_0073_060deg.npz,73,60.0,train,Base_TC4,22184,OK,
/data/run01/scxk573/lsz/ysy/physicsnemo/data/dataset_springback_pair_Base_TC4_150/springback_pair_Base_TC4_sample_0073_065deg.npz,73,65.0,train,Base_TC4,22184,OK,
/data/run01/scxk573/lsz/ysy/physicsnemo/data/dataset_springback_pair_Base_TC4_150/springback_pair_Base_TC4_sample_0073_070deg.npz,73,70.0,train,Base_TC4,22184,OK,
/data/run01/scxk573/lsz/ysy/physicsnemo/data/dataset_springback_pair_Base_TC4_150/springback_pair_Base_TC4_sample_0073_075deg.npz,73,75.0,train,Base_TC4,22184,OK,
/data/run01/scxk573/lsz/ysy/physicsnemo/data/dataset_springback_pair_Base_TC4_150/springback_pair_Base_TC4_sample_0073_080deg.npz,73,80.0,train,Base_TC4,22184,OK,
/data/run01/scxk573/lsz/ysy/physicsnemo/data/dataset_springback_pair_Base_TC4_150/springback_pair_Base_TC4_sample_0073_085deg.npz,73,85.0,train,Base_TC4,22184,OK,
/data/run01/scxk573/lsz/ysy/physicsnemo/data/dataset_springback_pair_Base_TC4_150/springback_pair_Base_TC4_sample_0073_090deg.npz,73,90.0,train,Base_TC4,22184,OK,
/data/run01/scxk573/lsz/ysy/physicsnemo/data/dataset_springback_pair_Base_TC4_150/springback_pair_Base_TC4_sample_0073_095deg.npz,73,95.0,train,Base_TC4,22184,OK,
/data/run01/scxk573/lsz/ysy/physicsnemo/data/dataset_springback_pair_Base_TC4_150/springback_pair_Base_TC4_sample_0073_100deg.npz,73,100.0,train,Base_TC4,22184,OK,
/data/run01/scxk573/lsz/ysy/physicsnemo/data/dataset_springback_pair_Base_TC4_150/springback_pair_Base_TC4_sample_0073_105deg.npz,73,105.0,train,Base_TC4,22184,OK,
/data/run01/scxk573/lsz/ysy/physicsnemo/data/dataset_springback_pair_Base_TC4_150/springback_pair_Base_TC4_sample_0073_110deg.npz,73,110.0,train,Base_TC4,22184,OK,
/data/run01/scxk573/lsz/ysy/physicsnemo/data/dataset_springback_pair_Base_TC4_150/springback_pair_Base_TC4_sample_0073_115deg.npz,73,115.0,train,Base_TC4,22184,OK,
/data/run01/scxk573/lsz/ysy/physicsnemo/data/dataset_springback_pair_Base_TC4_150/springback_pair_Base_TC4_sample_0073_120deg.npz,73,120.0,train,Base_TC4,22184,OK,
/data/run01/scxk573/lsz/ysy/physicsnemo/data/dataset_springback_pair_Base_TC4_150/springback_pair_Base_TC4_sample_0073_125deg.npz,73,125.0,train,Base_TC4,22184,OK,
/data/run01/scxk573/lsz/ysy/physicsnemo/data/dataset_springback_pair_Base_TC4_150/springback_pair_Base_TC4_sample_0073_130deg.npz,73,130.0,train,Base_TC4,22184,OK,
/data/run01/scxk573/lsz/ysy/physicsnemo/data/dataset_springback_pair_Base_TC4_150/springback_pair_Base_TC4_sample_0073_135deg.npz,73,135.0,train,Base_TC4,22184,OK,
/data/run01/scxk573/lsz/ysy/physicsnemo/data/dataset_springback_pair_Base_TC4_150/springback_pair_Base_TC4_sample_0073_140deg.npz,73,140.0,train,Base_TC4,22184,OK,
/data/run01/scxk573/lsz/ysy/physicsnemo/data/dataset_springback_pair_Base_TC4_150/springback_pair_Base_TC4_sample_0073_145deg.npz,73,145.0,train,Base_TC4,22184,OK,
/data/run01/scxk573/lsz/ysy/physicsnemo/data/dataset_springback_pair_Base_TC4_150/springback_pair_Base_TC4_sample_0073_150deg.npz,73,150.0,train,Base_TC4,22184,OK,
/data/run01/scxk573/lsz/ysy/physicsnemo/data/dataset_springback_pair_Base_TC4_150/springback_pair_Base_TC4_sample_0073_155deg.npz,73,155.0,train,Base_TC4,22184,OK,
/data/run01/scxk573/lsz/ysy/physicsnemo/data/dataset_springback_pair_Base_TC4_150/springback_pair_Base_TC4_sample_0073_160deg.npz,73,160.0,train,Base_TC4,22184,OK,
/data/run01/scxk573/lsz/ysy/physicsnemo/data/dataset_springback_pair_Base_TC4_150/springback_pair_Base_TC4_sample_0073_165deg.npz,73,165.0,train,Base_TC4,22184,OK,
/data/run01/scxk573/lsz/ysy/physicsnemo/data/dataset_springback_pair_Base_TC4_150/springback_pair_Base_TC4_sample_0073_170deg.npz,73,170.0,train,Base_TC4,22184,OK,
/data/run01/scxk573/lsz/ysy/physicsnemo/data/dataset_springback_pair_Base_TC4_150/springback_pair_Base_TC4_sample_0073_175deg.npz,73,175.0,train,Base_TC4,22184,OK,
/data/run01/scxk573/lsz/ysy/physicsnemo/data/dataset_springback_pair_Base_TC4_150/springback_pair_Base_TC4_sample_0073_180deg.npz,73,180.0,train,Base_TC4,22184,OK,
/data/run01/scxk573/lsz/ysy/physicsnemo/data/dataset_springback_pair_Base_TC4_150/springback_pair_Base_TC4_sample_0074_005deg.npz,74,5.0,train,Base_TC4,17160,OK,
/data/run01/scxk573/lsz/ysy/physicsnemo/data/dataset_springback_pair_Base_TC4_150/springback_pair_Base_TC4_sample_0074_010deg.npz,74,10.0,train,Base_TC4,17160,OK,
/data/run01/scxk573/lsz/ysy/physicsnemo/data/dataset_springback_pair_Base_TC4_150/springback_pair_Base_TC4_sample_0074_015deg.npz,74,15.0,train,Base_TC4,17160,OK,
/data/run01/scxk573/lsz/ysy/physicsnemo/data/dataset_springback_pair_Base_TC4_150/springback_pair_Base_TC4_sample_0074_020deg.npz,74,20.0,train,Base_TC4,17160,OK,
/data/run01/scxk573/lsz/ysy/physicsnemo/data/dataset_springback_pair_Base_TC4_150/springback_pair_Base_TC4_sample_0074_025deg.npz,74,25.0,train,Base_TC4,17160,OK,
/data/run01/scxk573/lsz/ysy/physicsnemo/data/dataset_springback_pair_Base_TC4_150/springback_pair_Base_TC4_sample_0074_030deg.npz,74,30.0,train,Base_TC4,17160,OK,
/data/run01/scxk573/lsz/ysy/physicsnemo/data/dataset_springback_pair_Base_TC4_150/springback_pair_Base_TC4_sample_0074_035deg.npz,74,35.0,train,Base_TC4,17160,OK,
/data/run01/scxk573/lsz/ysy/physicsnemo/data/dataset_springback_pair_Base_TC4_150/springback_pair_Base_TC4_sample_0074_040deg.npz,74,40.0,train,Base_TC4,17160,OK,
/data/run01/scxk573/lsz/ysy/physicsnemo/data/dataset_springback_pair_Base_TC4_150/springback_pair_Base_TC4_sample_0074_045deg.npz,74,45.0,train,Base_TC4,17160,OK,
/data/run01/scxk573/lsz/ysy/physicsnemo/data/dataset_springback_pair_Base_TC4_150/springback_pair_Base_TC4_sample_0074_050deg.npz,74,50.0,train,Base_TC4,17160,OK,
/data/run01/scxk573/lsz/ysy/physicsnemo/data/dataset_springback_pair_Base_TC4_150/springback_pair_Base_TC4_sample_0074_055deg.npz,74,55.0,train,Base_TC4,17160,OK,
/data/run01/scxk573/lsz/ysy/physicsnemo/data/dataset_springback_pair_Base_TC4_150/springback_pair_Base_TC4_sample_0074_060deg.npz,74,60.0,train,Base_TC4,17160,OK,
/data/run01/scxk573/lsz/ysy/physicsnemo/data/dataset_springback_pair_Base_TC4_150/springback_pair_Base_TC4_sample_0074_065deg.npz,74,65.0,train,Base_TC4,17160,OK,
/data/run01/scxk573/lsz/ysy/physicsnemo/data/dataset_springback_pair_Base_TC4_150/springback_pair_Base_TC4_sample_0074_070deg.npz,74,70.0,train,Base_TC4,17160,OK,
/data/run01/scxk573/lsz/ysy/physicsnemo/data/dataset_springback_pair_Base_TC4_150/springback_pair_Base_TC4_sample_0074_075deg.npz,74,75.0,train,Base_TC4,17160,OK,
/data/run01/scxk573/lsz/ysy/physicsnemo/data/dataset_springback_pair_Base_TC4_150/springback_pair_Base_TC4_sample_0074_080deg.npz,74,80.0,train,Base_TC4,17160,OK,
/data/run01/scxk573/lsz/ysy/physicsnemo/data/dataset_springback_pair_Base_TC4_150/springback_pair_Base_TC4_sample_0074_085deg.npz,74,85.0,train,Base_TC4,17160,OK,
/data/run01/scxk573/lsz/ysy/physicsnemo/data/dataset_springback_pair_Base_TC4_150/springback_pair_Base_TC4_sample_0074_090deg.npz,74,90.0,train,Base_TC4,17160,OK,
/data/run01/scxk573/lsz/ysy/physicsnemo/data/dataset_springback_pair_Base_TC4_150/springback_pair_Base_TC4_sample_0074_095deg.npz,74,95.0,train,Base_TC4,17160,OK,
/data/run01/scxk573/lsz/ysy/physicsnemo/data/dataset_springback_pair_Base_TC4_150/springback_pair_Base_TC4_sample_0074_100deg.npz,74,100.0,train,Base_TC4,17160,OK,
/data/run01/scxk573/lsz/ysy/physicsnemo/data/dataset_springback_pair_Base_TC4_150/springback_pair_Base_TC4_sample_0074_105deg.npz,74,105.0,train,Base_TC4,17160,OK,
/data/run01/scxk573/lsz/ysy/physicsnemo/data/dataset_springback_pair_Base_TC4_150/springback_pair_Base_TC4_sample_0074_110deg.npz,74,110.0,train,Base_TC4,17160,OK,
/data/run01/scxk573/lsz/ysy/physicsnemo/data/dataset_springback_pair_Base_TC4_150/springback_pair_Base_TC4_sample_0074_115deg.npz,74,115.0,train,Base_TC4,17160,OK,
/data/run01/scxk573/lsz/ysy/physicsnemo/data/dataset_springback_pair_Base_TC4_150/springback_pair_Base_TC4_sample_0074_120deg.npz,74,120.0,train,Base_TC4,17160,OK,
/data/run01/scxk573/lsz/ysy/physicsnemo/data/dataset_springback_pair_Base_TC4_150/springback_pair_Base_TC4_sample_0074_125deg.npz,74,125.0,train,Base_TC4,17160,OK,
/data/run01/scxk573/lsz/ysy/physicsnemo/data/dataset_springback_pair_Base_TC4_150/springback_pair_Base_TC4_sample_0074_130deg.npz,74,130.0,train,Base_TC4,17160,OK,
/data/run01/scxk573/lsz/ysy/physicsnemo/data/dataset_springback_pair_Base_TC4_150/springback_pair_Base_TC4_sample_0074_135deg.npz,74,135.0,train,Base_TC4,17160,OK,
/data/run01/scxk573/lsz/ysy/physicsnemo/data/dataset_springback_pair_Base_TC4_150/springback_pair_Base_TC4_sample_0074_140deg.npz,74,140.0,train,Base_TC4,17160,OK,
/data/run01/scxk573/lsz/ysy/physicsnemo/data/dataset_springback_pair_Base_TC4_150/springback_pair_Base_TC4_sample_0074_145deg.npz,74,145.0,train,Base_TC4,17160,OK,
/data/run01/scxk573/lsz/ysy/physicsnemo/data/dataset_springback_pair_Base_TC4_150/springback_pair_Base_TC4_sample_0074_150deg.npz,74,150.0,train,Base_TC4,17160,OK,
/data/run01/scxk573/lsz/ysy/physicsnemo/data/dataset_springback_pair_Base_TC4_150/springback_pair_Base_TC4_sample_0074_155deg.npz,74,155.0,train,Base_TC4,17160,OK,
/data/run01/scxk573/lsz/ysy/physicsnemo/data/dataset_springback_pair_Base_TC4_150/springback_pair_Base_TC4_sample_0074_160deg.npz,74,160.0,train,Base_TC4,17160,OK,
/data/run01/scxk573/lsz/ysy/physicsnemo/data/dataset_springback_pair_Base_TC4_150/springback_pair_Base_TC4_sample_0074_165deg.npz,74,165.0,train,Base_TC4,17160,OK,
/data/run01/scxk573/lsz/ysy/physicsnemo/data/dataset_springback_pair_Base_TC4_150/springback_pair_Base_TC4_sample_0074_170deg.npz,74,170.0,train,Base_TC4,17160,OK,
/data/run01/scxk573/lsz/ysy/physicsnemo/data/dataset_springback_pair_Base_TC4_150/springback_pair_Base_TC4_sample_0074_175deg.npz,74,175.0,train,Base_TC4,17160,OK,
/data/run01/scxk573/lsz/ysy/physicsnemo/data/dataset_springback_pair_Base_TC4_150/springback_pair_Base_TC4_sample_0074_180deg.npz,74,180.0,train,Base_TC4,17160,OK,
/data/run01/scxk573/lsz/ysy/physicsnemo/data/dataset_springback_pair_Base_TC4_150/springback_pair_Base_TC4_sample_0075_005deg.npz,75,5.0,train,Base_TC4,3425,OK,
/data/run01/scxk573/lsz/ysy/physicsnemo/data/dataset_springback_pair_Base_TC4_150/springback_pair_Base_TC4_sample_0075_010deg.npz,75,10.0,train,Base_TC4,3425,OK,
/data/run01/scxk573/lsz/ysy/physicsnemo/data/dataset_springback_pair_Base_TC4_150/springback_pair_Base_TC4_sample_0075_015deg.npz,75,15.0,train,Base_TC4,3425,OK,
/data/run01/scxk573/lsz/ysy/physicsnemo/data/dataset_springback_pair_Base_TC4_150/springback_pair_Base_TC4_sample_0075_020deg.npz,75,20.0,train,Base_TC4,3425,OK,
/data/run01/scxk573/lsz/ysy/physicsnemo/data/dataset_springback_pair_Base_TC4_150/springback_pair_Base_TC4_sample_0075_025deg.npz,75,25.0,train,Base_TC4,3425,OK,
/data/run01/scxk573/lsz/ysy/physicsnemo/data/dataset_springback_pair_Base_TC4_150/springback_pair_Base_TC4_sample_0075_030deg.npz,75,30.0,train,Base_TC4,3425,OK,
/data/run01/scxk573/lsz/ysy/physicsnemo/data/dataset_springback_pair_Base_TC4_150/springback_pair_Base_TC4_sample_0075_035deg.npz,75,35.0,train,Base_TC4,3425,OK,
/data/run01/scxk573/lsz/ysy/physicsnemo/data/dataset_springback_pair_Base_TC4_150/springback_pair_Base_TC4_sample_0075_040deg.npz,75,40.0,train,Base_TC4,3425,OK,
/data/run01/scxk573/lsz/ysy/physicsnemo/data/dataset_springback_pair_Base_TC4_150/springback_pair_Base_TC4_sample_0075_045deg.npz,75,45.0,train,Base_TC4,3425,OK,
/data/run01/scxk573/lsz/ysy/physicsnemo/data/dataset_springback_pair_Base_TC4_150/springback_pair_Base_TC4_sample_0075_050deg.npz,75,50.0,train,Base_TC4,3425,OK,
/data/run01/scxk573/lsz/ysy/physicsnemo/data/dataset_springback_pair_Base_TC4_150/springback_pair_Base_TC4_sample_0075_055deg.npz,75,55.0,train,Base_TC4,3425,OK,
/data/run01/scxk573/lsz/ysy/physicsnemo/data/dataset_springback_pair_Base_TC4_150/springback_pair_Base_TC4_sample_0075_060deg.npz,75,60.0,train,Base_TC4,3425,OK,
/data/run01/scxk573/lsz/ysy/physicsnemo/data/dataset_springback_pair_Base_TC4_150/springback_pair_Base_TC4_sample_0075_065deg.npz,75,65.0,train,Base_TC4,3425,OK,
/data/run01/scxk573/lsz/ysy/physicsnemo/data/dataset_springback_pair_Base_TC4_150/springback_pair_Base_TC4_sample_0075_070deg.npz,75,70.0,train,Base_TC4,3425,OK,
/data/run01/scxk573/lsz/ysy/physicsnemo/data/dataset_springback_pair_Base_TC4_150/springback_pair_Base_TC4_sample_0075_075deg.npz,75,75.0,train,Base_TC4,3425,OK,
/data/run01/scxk573/lsz/ysy/physicsnemo/data/dataset_springback_pair_Base_TC4_150/springback_pair_Base_TC4_sample_0075_080deg.npz,75,80.0,train,Base_TC4,3425,OK,
/data/run01/scxk573/lsz/ysy/physicsnemo/data/dataset_springback_pair_Base_TC4_150/springback_pair_Base_TC4_sample_0075_085deg.npz,75,85.0,train,Base_TC4,3425,OK,
/data/run01/scxk573/lsz/ysy/physicsnemo/data/dataset_springback_pair_Base_TC4_150/springback_pair_Base_TC4_sample_0075_090deg.npz,75,90.0,train,Base_TC4,3425,OK,
/data/run01/scxk573/lsz/ysy/physicsnemo/data/dataset_springback_pair_Base_TC4_150/springback_pair_Base_TC4_sample_0075_095deg.npz,75,95.0,train,Base_TC4,3425,OK,
/data/run01/scxk573/lsz/ysy/physicsnemo/data/dataset_springback_pair_Base_TC4_150/springback_pair_Base_TC4_sample_0075_100deg.npz,75,100.0,train,Base_TC4,3425,OK,
/data/run01/scxk573/lsz/ysy/physicsnemo/data/dataset_springback_pair_Base_TC4_150/springback_pair_Base_TC4_sample_0075_105deg.npz,75,105.0,train,Base_TC4,3425,OK,
/data/run01/scxk573/lsz/ysy/physicsnemo/data/dataset_springback_pair_Base_TC4_150/springback_pair_Base_TC4_sample_0075_110deg.npz,75,110.0,train,Base_TC4,3425,OK,
/data/run01/scxk573/lsz/ysy/physicsnemo/data/dataset_springback_pair_Base_TC4_150/springback_pair_Base_TC4_sample_0075_115deg.npz,75,115.0,train,Base_TC4,3425,OK,
/data/run01/scxk573/lsz/ysy/physicsnemo/data/dataset_springback_pair_Base_TC4_150/springback_pair_Base_TC4_sample_0075_120deg.npz,75,120.0,train,Base_TC4,3425,OK,
/data/run01/scxk573/lsz/ysy/physicsnemo/data/dataset_springback_pair_Base_TC4_150/springback_pair_Base_TC4_sample_0075_125deg.npz,75,125.0,train,Base_TC4,3425,OK,
/data/run01/scxk573/lsz/ysy/physicsnemo/data/dataset_springback_pair_Base_TC4_150/springback_pair_Base_TC4_sample_0075_130deg.npz,75,130.0,train,Base_TC4,3425,OK,
/data/run01/scxk573/lsz/ysy/physicsnemo/data/dataset_springback_pair_Base_TC4_150/springback_pair_Base_TC4_sample_0075_135deg.npz,75,135.0,train,Base_TC4,3425,OK,
/data/run01/scxk573/lsz/ysy/physicsnemo/data/dataset_springback_pair_Base_TC4_150/springback_pair_Base_TC4_sample_0075_140deg.npz,75,140.0,train,Base_TC4,3425,OK,
/data/run01/scxk573/lsz/ysy/physicsnemo/data/dataset_springback_pair_Base_TC4_150/springback_pair_Base_TC4_sample_0075_145deg.npz,75,145.0,train,Base_TC4,3425,OK,
/data/run01/scxk573/lsz/ysy/physicsnemo/data/dataset_springback_pair_Base_TC4_150/springback_pair_Base_TC4_sample_0075_150deg.npz,75,150.0,train,Base_TC4,3425,OK,
/data/run01/scxk573/lsz/ysy/physicsnemo/data/dataset_springback_pair_Base_TC4_150/springback_pair_Base_TC4_sample_0075_155deg.npz,75,155.0,train,Base_TC4,3425,OK,
/data/run01/scxk573/lsz/ysy/physicsnemo/data/dataset_springback_pair_Base_TC4_150/springback_pair_Base_TC4_sample_0075_160deg.npz,75,160.0,train,Base_TC4,3425,OK,
/data/run01/scxk573/lsz/ysy/physicsnemo/data/dataset_springback_pair_Base_TC4_150/springback_pair_Base_TC4_sample_0075_165deg.npz,75,165.0,train,Base_TC4,3425,OK,
/data/run01/scxk573/lsz/ysy/physicsnemo/data/dataset_springback_pair_Base_TC4_150/springback_pair_Base_TC4_sample_0075_170deg.npz,75,170.0,train,Base_TC4,3425,OK,
/data/run01/scxk573/lsz/ysy/physicsnemo/data/dataset_springback_pair_Base_TC4_150/springback_pair_Base_TC4_sample_0075_175deg.npz,75,175.0,train,Base_TC4,3425,OK,
/data/run01/scxk573/lsz/ysy/physicsnemo/data/dataset_springback_pair_Base_TC4_150/springback_pair_Base_TC4_sample_0075_180deg.npz,75,180.0,train,Base_TC4,3425,OK,
/data/run01/scxk573/lsz/ysy/physicsnemo/data/dataset_springback_pair_Base_TC4_150/springback_pair_Base_TC4_sample_0076_005deg.npz,76,5.0,train,Base_TC4,5348,OK,
/data/run01/scxk573/lsz/ysy/physicsnemo/data/dataset_springback_pair_Base_TC4_150/springback_pair_Base_TC4_sample_0076_010deg.npz,76,10.0,train,Base_TC4,5348,OK,
/data/run01/scxk573/lsz/ysy/physicsnemo/data/dataset_springback_pair_Base_TC4_150/springback_pair_Base_TC4_sample_0076_015deg.npz,76,15.0,train,Base_TC4,5348,OK,
/data/run01/scxk573/lsz/ysy/physicsnemo/data/dataset_springback_pair_Base_TC4_150/springback_pair_Base_TC4_sample_0076_020deg.npz,76,20.0,train,Base_TC4,5348,OK,
/data/run01/scxk573/lsz/ysy/physicsnemo/data/dataset_springback_pair_Base_TC4_150/springback_pair_Base_TC4_sample_0076_025deg.npz,76,25.0,train,Base_TC4,5348,OK,
/data/run01/scxk573/lsz/ysy/physicsnemo/data/dataset_springback_pair_Base_TC4_150/springback_pair_Base_TC4_sample_0076_030deg.npz,76,30.0,train,Base_TC4,5348,OK,
/data/run01/scxk573/lsz/ysy/physicsnemo/data/dataset_springback_pair_Base_TC4_150/springback_pair_Base_TC4_sample_0076_035deg.npz,76,35.0,train,Base_TC4,5348,OK,
/data/run01/scxk573/lsz/ysy/physicsnemo/data/dataset_springback_pair_Base_TC4_150/springback_pair_Base_TC4_sample_0076_040deg.npz,76,40.0,train,Base_TC4,5348,OK,
/data/run01/scxk573/lsz/ysy/physicsnemo/data/dataset_springback_pair_Base_TC4_150/springback_pair_Base_TC4_sample_0076_045deg.npz,76,45.0,train,Base_TC4,5348,OK,
/data/run01/scxk573/lsz/ysy/physicsnemo/data/dataset_springback_pair_Base_TC4_150/springback_pair_Base_TC4_sample_0076_050deg.npz,76,50.0,train,Base_TC4,5348,OK,
/data/run01/scxk573/lsz/ysy/physicsnemo/data/dataset_springback_pair_Base_TC4_150/springback_pair_Base_TC4_sample_0076_055deg.npz,76,55.0,train,Base_TC4,5348,OK,
/data/run01/scxk573/lsz/ysy/physicsnemo/data/dataset_springback_pair_Base_TC4_150/springback_pair_Base_TC4_sample_0076_060deg.npz,76,60.0,train,Base_TC4,5348,OK,
/data/run01/scxk573/lsz/ysy/physicsnemo/data/dataset_springback_pair_Base_TC4_150/springback_pair_Base_TC4_sample_0076_065deg.npz,76,65.0,train,Base_TC4,5348,OK,
/data/run01/scxk573/lsz/ysy/physicsnemo/data/dataset_springback_pair_Base_TC4_150/springback_pair_Base_TC4_sample_0076_070deg.npz,76,70.0,train,Base_TC4,5348,OK,
/data/run01/scxk573/lsz/ysy/physicsnemo/data/dataset_springback_pair_Base_TC4_150/springback_pair_Base_TC4_sample_0076_075deg.npz,76,75.0,train,Base_TC4,5348,OK,
/data/run01/scxk573/lsz/ysy/physicsnemo/data/dataset_springback_pair_Base_TC4_150/springback_pair_Base_TC4_sample_0076_080deg.npz,76,80.0,train,Base_TC4,5348,OK,
/data/run01/scxk573/lsz/ysy/physicsnemo/data/dataset_springback_pair_Base_TC4_150/springback_pair_Base_TC4_sample_0076_085deg.npz,76,85.0,train,Base_TC4,5348,OK,
/data/run01/scxk573/lsz/ysy/physicsnemo/data/dataset_springback_pair_Base_TC4_150/springback_pair_Base_TC4_sample_0076_090deg.npz,76,90.0,train,Base_TC4,5348,OK,
/data/run01/scxk573/lsz/ysy/physicsnemo/data/dataset_springback_pair_Base_TC4_150/springback_pair_Base_TC4_sample_0076_095deg.npz,76,95.0,train,Base_TC4,5348,OK,
/data/run01/scxk573/lsz/ysy/physicsnemo/data/dataset_springback_pair_Base_TC4_150/springback_pair_Base_TC4_sample_0076_100deg.npz,76,100.0,train,Base_TC4,5348,OK,
/data/run01/scxk573/lsz/ysy/physicsnemo/data/dataset_springback_pair_Base_TC4_150/springback_pair_Base_TC4_sample_0076_105deg.npz,76,105.0,train,Base_TC4,5348,OK,
/data/run01/scxk573/lsz/ysy/physicsnemo/data/dataset_springback_pair_Base_TC4_150/springback_pair_Base_TC4_sample_0076_110deg.npz,76,110.0,train,Base_TC4,5348,OK,
/data/run01/scxk573/lsz/ysy/physicsnemo/data/dataset_springback_pair_Base_TC4_150/springback_pair_Base_TC4_sample_0076_115deg.npz,76,115.0,train,Base_TC4,5348,OK,
/data/run01/scxk573/lsz/ysy/physicsnemo/data/dataset_springback_pair_Base_TC4_150/springback_pair_Base_TC4_sample_0076_120deg.npz,76,120.0,train,Base_TC4,5348,OK,
/data/run01/scxk573/lsz/ysy/physicsnemo/data/dataset_springback_pair_Base_TC4_150/springback_pair_Base_TC4_sample_0076_125deg.npz,76,125.0,train,Base_TC4,5348,OK,
/data/run01/scxk573/lsz/ysy/physicsnemo/data/dataset_springback_pair_Base_TC4_150/springback_pair_Base_TC4_sample_0076_130deg.npz,76,130.0,train,Base_TC4,5348,OK,
/data/run01/scxk573/lsz/ysy/physicsnemo/data/dataset_springback_pair_Base_TC4_150/springback_pair_Base_TC4_sample_0076_135deg.npz,76,135.0,train,Base_TC4,5348,OK,
/data/run01/scxk573/lsz/ysy/physicsnemo/data/dataset_springback_pair_Base_TC4_150/springback_pair_Base_TC4_sample_0076_140deg.npz,76,140.0,train,Base_TC4,5348,OK,
/data/run01/scxk573/lsz/ysy/physicsnemo/data/dataset_springback_pair_Base_TC4_150/springback_pair_Base_TC4_sample_0076_145deg.npz,76,145.0,train,Base_TC4,5348,OK,
/data/run01/scxk573/lsz/ysy/physicsnemo/data/dataset_springback_pair_Base_TC4_150/springback_pair_Base_TC4_sample_0076_150deg.npz,76,150.0,train,Base_TC4,5348,OK,
/data/run01/scxk573/lsz/ysy/physicsnemo/data/dataset_springback_pair_Base_TC4_150/springback_pair_Base_TC4_sample_0076_155deg.npz,76,155.0,train,Base_TC4,5348,OK,
/data/run01/scxk573/lsz/ysy/physicsnemo/data/dataset_springback_pair_Base_TC4_150/springback_pair_Base_TC4_sample_0076_160deg.npz,76,160.0,train,Base_TC4,5348,OK,
/data/run01/scxk573/lsz/ysy/physicsnemo/data/dataset_springback_pair_Base_TC4_150/springback_pair_Base_TC4_sample_0076_165deg.npz,76,165.0,train,Base_TC4,5348,OK,
/data/run01/scxk573/lsz/ysy/physicsnemo/data/dataset_springback_pair_Base_TC4_150/springback_pair_Base_TC4_sample_0076_170deg.npz,76,170.0,train,Base_TC4,5348,OK,
/data/run01/scxk573/lsz/ysy/physicsnemo/data/dataset_springback_pair_Base_TC4_150/springback_pair_Base_TC4_sample_0076_175deg.npz,76,175.0,train,Base_TC4,5348,OK,
/data/run01/scxk573/lsz/ysy/physicsnemo/data/dataset_springback_pair_Base_TC4_150/springback_pair_Base_TC4_sample_0076_180deg.npz,76,180.0,train,Base_TC4,5348,OK,
/data/run01/scxk573/lsz/ysy/physicsnemo/data/dataset_springback_pair_Base_TC4_150/springback_pair_Base_TC4_sample_0077_005deg.npz,77,5.0,train,Base_TC4,5430,OK,
/data/run01/scxk573/lsz/ysy/physicsnemo/data/dataset_springback_pair_Base_TC4_150/springback_pair_Base_TC4_sample_0077_010deg.npz,77,10.0,train,Base_TC4,5430,OK,
/data/run01/scxk573/lsz/ysy/physicsnemo/data/dataset_springback_pair_Base_TC4_150/springback_pair_Base_TC4_sample_0077_015deg.npz,77,15.0,train,Base_TC4,5430,OK,
/data/run01/scxk573/lsz/ysy/physicsnemo/data/dataset_springback_pair_Base_TC4_150/springback_pair_Base_TC4_sample_0077_020deg.npz,77,20.0,train,Base_TC4,5430,OK,
/data/run01/scxk573/lsz/ysy/physicsnemo/data/dataset_springback_pair_Base_TC4_150/springback_pair_Base_TC4_sample_0077_025deg.npz,77,25.0,train,Base_TC4,5430,OK,
/data/run01/scxk573/lsz/ysy/physicsnemo/data/dataset_springback_pair_Base_TC4_150/springback_pair_Base_TC4_sample_0077_030deg.npz,77,30.0,train,Base_TC4,5430,OK,
/data/run01/scxk573/lsz/ysy/physicsnemo/data/dataset_springback_pair_Base_TC4_150/springback_pair_Base_TC4_sample_0077_035deg.npz,77,35.0,train,Base_TC4,5430,OK,
/data/run01/scxk573/lsz/ysy/physicsnemo/data/dataset_springback_pair_Base_TC4_150/springback_pair_Base_TC4_sample_0077_040deg.npz,77,40.0,train,Base_TC4,5430,OK,
/data/run01/scxk573/lsz/ysy/physicsnemo/data/dataset_springback_pair_Base_TC4_150/springback_pair_Base_TC4_sample_0077_045deg.npz,77,45.0,train,Base_TC4,5430,OK,
/data/run01/scxk573/lsz/ysy/physicsnemo/data/dataset_springback_pair_Base_TC4_150/springback_pair_Base_TC4_sample_0077_050deg.npz,77,50.0,train,Base_TC4,5430,OK,
/data/run01/scxk573/lsz/ysy/physicsnemo/data/dataset_springback_pair_Base_TC4_150/springback_pair_Base_TC4_sample_0077_055deg.npz,77,55.0,train,Base_TC4,5430,OK,
/data/run01/scxk573/lsz/ysy/physicsnemo/data/dataset_springback_pair_Base_TC4_150/springback_pair_Base_TC4_sample_0077_060deg.npz,77,60.0,train,Base_TC4,5430,OK,
/data/run01/scxk573/lsz/ysy/physicsnemo/data/dataset_springback_pair_Base_TC4_150/springback_pair_Base_TC4_sample_0077_065deg.npz,77,65.0,train,Base_TC4,5430,OK,
/data/run01/scxk573/lsz/ysy/physicsnemo/data/dataset_springback_pair_Base_TC4_150/springback_pair_Base_TC4_sample_0077_070deg.npz,77,70.0,train,Base_TC4,5430,OK,
/data/run01/scxk573/lsz/ysy/physicsnemo/data/dataset_springback_pair_Base_TC4_150/springback_pair_Base_TC4_sample_0077_075deg.npz,77,75.0,train,Base_TC4,5430,OK,
/data/run01/scxk573/lsz/ysy/physicsnemo/data/dataset_springback_pair_Base_TC4_150/springback_pair_Base_TC4_sample_0077_080deg.npz,77,80.0,train,Base_TC4,5430,OK,
/data/run01/scxk573/lsz/ysy/physicsnemo/data/dataset_springback_pair_Base_TC4_150/springback_pair_Base_TC4_sample_0077_085deg.npz,77,85.0,train,Base_TC4,5430,OK,
/data/run01/scxk573/lsz/ysy/physicsnemo/data/dataset_springback_pair_Base_TC4_150/springback_pair_Base_TC4_sample_0077_090deg.npz,77,90.0,train,Base_TC4,5430,OK,
/data/run01/scxk573/lsz/ysy/physicsnemo/data/dataset_springback_pair_Base_TC4_150/springback_pair_Base_TC4_sample_0077_095deg.npz,77,95.0,train,Base_TC4,5430,OK,
/data/run01/scxk573/lsz/ysy/physicsnemo/data/dataset_springback_pair_Base_TC4_150/springback_pair_Base_TC4_sample_0077_100deg.npz,77,100.0,train,Base_TC4,5430,OK,
/data/run01/scxk573/lsz/ysy/physicsnemo/data/dataset_springback_pair_Base_TC4_150/springback_pair_Base_TC4_sample_0077_105deg.npz,77,105.0,train,Base_TC4,5430,OK,
/data/run01/scxk573/lsz/ysy/physicsnemo/data/dataset_springback_pair_Base_TC4_150/springback_pair_Base_TC4_sample_0077_110deg.npz,77,110.0,train,Base_TC4,5430,OK,
/data/run01/scxk573/lsz/ysy/physicsnemo/data/dataset_springback_pair_Base_TC4_150/springback_pair_Base_TC4_sample_0077_115deg.npz,77,115.0,train,Base_TC4,5430,OK,
/data/run01/scxk573/lsz/ysy/physicsnemo/data/dataset_springback_pair_Base_TC4_150/springback_pair_Base_TC4_sample_0077_120deg.npz,77,120.0,train,Base_TC4,5430,OK,
/data/run01/scxk573/lsz/ysy/physicsnemo/data/dataset_springback_pair_Base_TC4_150/springback_pair_Base_TC4_sample_0077_125deg.npz,77,125.0,train,Base_TC4,5430,OK,
/data/run01/scxk573/lsz/ysy/physicsnemo/data/dataset_springback_pair_Base_TC4_150/springback_pair_Base_TC4_sample_0077_130deg.npz,77,130.0,train,Base_TC4,5430,OK,
/data/run01/scxk573/lsz/ysy/physicsnemo/data/dataset_springback_pair_Base_TC4_150/springback_pair_Base_TC4_sample_0077_135deg.npz,77,135.0,train,Base_TC4,5430,OK,
/data/run01/scxk573/lsz/ysy/physicsnemo/data/dataset_springback_pair_Base_TC4_150/springback_pair_Base_TC4_sample_0077_140deg.npz,77,140.0,train,Base_TC4,5430,OK,
/data/run01/scxk573/lsz/ysy/physicsnemo/data/dataset_springback_pair_Base_TC4_150/springback_pair_Base_TC4_sample_0077_145deg.npz,77,145.0,train,Base_TC4,5430,OK,
/data/run01/scxk573/lsz/ysy/physicsnemo/data/dataset_springback_pair_Base_TC4_150/springback_pair_Base_TC4_sample_0077_150deg.npz,77,150.0,train,Base_TC4,5430,OK,
/data/run01/scxk573/lsz/ysy/physicsnemo/data/dataset_springback_pair_Base_TC4_150/springback_pair_Base_TC4_sample_0077_155deg.npz,77,155.0,train,Base_TC4,5430,OK,
/data/run01/scxk573/lsz/ysy/physicsnemo/data/dataset_springback_pair_Base_TC4_150/springback_pair_Base_TC4_sample_0077_160deg.npz,77,160.0,train,Base_TC4,5430,OK,
/data/run01/scxk573/lsz/ysy/physicsnemo/data/dataset_springback_pair_Base_TC4_150/springback_pair_Base_TC4_sample_0077_165deg.npz,77,165.0,train,Base_TC4,5430,OK,
/data/run01/scxk573/lsz/ysy/physicsnemo/data/dataset_springback_pair_Base_TC4_150/springback_pair_Base_TC4_sample_0077_170deg.npz,77,170.0,train,Base_TC4,5430,OK,
/data/run01/scxk573/lsz/ysy/physicsnemo/data/dataset_springback_pair_Base_TC4_150/springback_pair_Base_TC4_sample_0077_175deg.npz,77,175.0,train,Base_TC4,5430,OK,
/data/run01/scxk573/lsz/ysy/physicsnemo/data/dataset_springback_pair_Base_TC4_150/springback_pair_Base_TC4_sample_0077_180deg.npz,77,180.0,train,Base_TC4,5430,OK,
/data/run01/scxk573/lsz/ysy/physicsnemo/data/dataset_springback_pair_Base_TC4_150/springback_pair_Base_TC4_sample_0078_005deg.npz,78,5.0,train,Base_TC4,9920,OK,
/data/run01/scxk573/lsz/ysy/physicsnemo/data/dataset_springback_pair_Base_TC4_150/springback_pair_Base_TC4_sample_0078_010deg.npz,78,10.0,train,Base_TC4,9920,OK,
/data/run01/scxk573/lsz/ysy/physicsnemo/data/dataset_springback_pair_Base_TC4_150/springback_pair_Base_TC4_sample_0078_015deg.npz,78,15.0,train,Base_TC4,9920,OK,
/data/run01/scxk573/lsz/ysy/physicsnemo/data/dataset_springback_pair_Base_TC4_150/springback_pair_Base_TC4_sample_0078_020deg.npz,78,20.0,train,Base_TC4,9920,OK,
/data/run01/scxk573/lsz/ysy/physicsnemo/data/dataset_springback_pair_Base_TC4_150/springback_pair_Base_TC4_sample_0078_025deg.npz,78,25.0,train,Base_TC4,9920,OK,
/data/run01/scxk573/lsz/ysy/physicsnemo/data/dataset_springback_pair_Base_TC4_150/springback_pair_Base_TC4_sample_0078_030deg.npz,78,30.0,train,Base_TC4,9920,OK,
/data/run01/scxk573/lsz/ysy/physicsnemo/data/dataset_springback_pair_Base_TC4_150/springback_pair_Base_TC4_sample_0078_035deg.npz,78,35.0,train,Base_TC4,9920,OK,
/data/run01/scxk573/lsz/ysy/physicsnemo/data/dataset_springback_pair_Base_TC4_150/springback_pair_Base_TC4_sample_0078_040deg.npz,78,40.0,train,Base_TC4,9920,OK,
/data/run01/scxk573/lsz/ysy/physicsnemo/data/dataset_springback_pair_Base_TC4_150/springback_pair_Base_TC4_sample_0078_045deg.npz,78,45.0,train,Base_TC4,9920,OK,
/data/run01/scxk573/lsz/ysy/physicsnemo/data/dataset_springback_pair_Base_TC4_150/springback_pair_Base_TC4_sample_0078_050deg.npz,78,50.0,train,Base_TC4,9920,OK,
/data/run01/scxk573/lsz/ysy/physicsnemo/data/dataset_springback_pair_Base_TC4_150/springback_pair_Base_TC4_sample_0078_055deg.npz,78,55.0,train,Base_TC4,9920,OK,
/data/run01/scxk573/lsz/ysy/physicsnemo/data/dataset_springback_pair_Base_TC4_150/springback_pair_Base_TC4_sample_0078_060deg.npz,78,60.0,train,Base_TC4,9920,OK,
/data/run01/scxk573/lsz/ysy/physicsnemo/data/dataset_springback_pair_Base_TC4_150/springback_pair_Base_TC4_sample_0078_065deg.npz,78,65.0,train,Base_TC4,9920,OK,
/data/run01/scxk573/lsz/ysy/physicsnemo/data/dataset_springback_pair_Base_TC4_150/springback_pair_Base_TC4_sample_0078_070deg.npz,78,70.0,train,Base_TC4,9920,OK,
/data/run01/scxk573/lsz/ysy/physicsnemo/data/dataset_springback_pair_Base_TC4_150/springback_pair_Base_TC4_sample_0078_075deg.npz,78,75.0,train,Base_TC4,9920,OK,
/data/run01/scxk573/lsz/ysy/physicsnemo/data/dataset_springback_pair_Base_TC4_150/springback_pair_Base_TC4_sample_0078_080deg.npz,78,80.0,train,Base_TC4,9920,OK,
/data/run01/scxk573/lsz/ysy/physicsnemo/data/dataset_springback_pair_Base_TC4_150/springback_pair_Base_TC4_sample_0078_085deg.npz,78,85.0,train,Base_TC4,9920,OK,
/data/run01/scxk573/lsz/ysy/physicsnemo/data/dataset_springback_pair_Base_TC4_150/springback_pair_Base_TC4_sample_0078_090deg.npz,78,90.0,train,Base_TC4,9920,OK,
/data/run01/scxk573/lsz/ysy/physicsnemo/data/dataset_springback_pair_Base_TC4_150/springback_pair_Base_TC4_sample_0078_095deg.npz,78,95.0,train,Base_TC4,9920,OK,
/data/run01/scxk573/lsz/ysy/physicsnemo/data/dataset_springback_pair_Base_TC4_150/springback_pair_Base_TC4_sample_0078_100deg.npz,78,100.0,train,Base_TC4,9920,OK,
/data/run01/scxk573/lsz/ysy/physicsnemo/data/dataset_springback_pair_Base_TC4_150/springback_pair_Base_TC4_sample_0078_105deg.npz,78,105.0,train,Base_TC4,9920,OK,
/data/run01/scxk573/lsz/ysy/physicsnemo/data/dataset_springback_pair_Base_TC4_150/springback_pair_Base_TC4_sample_0078_110deg.npz,78,110.0,train,Base_TC4,9920,OK,
/data/run01/scxk573/lsz/ysy/physicsnemo/data/dataset_springback_pair_Base_TC4_150/springback_pair_Base_TC4_sample_0078_115deg.npz,78,115.0,train,Base_TC4,9920,OK,
/data/run01/scxk573/lsz/ysy/physicsnemo/data/dataset_springback_pair_Base_TC4_150/springback_pair_Base_TC4_sample_0078_120deg.npz,78,120.0,train,Base_TC4,9920,OK,
/data/run01/scxk573/lsz/ysy/physicsnemo/data/dataset_springback_pair_Base_TC4_150/springback_pair_Base_TC4_sample_0078_125deg.npz,78,125.0,train,Base_TC4,9920,OK,
/data/run01/scxk573/lsz/ysy/physicsnemo/data/dataset_springback_pair_Base_TC4_150/springback_pair_Base_TC4_sample_0078_130deg.npz,78,130.0,train,Base_TC4,9920,OK,
/data/run01/scxk573/lsz/ysy/physicsnemo/data/dataset_springback_pair_Base_TC4_150/springback_pair_Base_TC4_sample_0078_135deg.npz,78,135.0,train,Base_TC4,9920,OK,
/data/run01/scxk573/lsz/ysy/physicsnemo/data/dataset_springback_pair_Base_TC4_150/springback_pair_Base_TC4_sample_0078_140deg.npz,78,140.0,train,Base_TC4,9920,OK,
/data/run01/scxk573/lsz/ysy/physicsnemo/data/dataset_springback_pair_Base_TC4_150/springback_pair_Base_TC4_sample_0078_145deg.npz,78,145.0,train,Base_TC4,9920,OK,
/data/run01/scxk573/lsz/ysy/physicsnemo/data/dataset_springback_pair_Base_TC4_150/springback_pair_Base_TC4_sample_0078_150deg.npz,78,150.0,train,Base_TC4,9920,OK,
/data/run01/scxk573/lsz/ysy/physicsnemo/data/dataset_springback_pair_Base_TC4_150/springback_pair_Base_TC4_sample_0078_155deg.npz,78,155.0,train,Base_TC4,9920,OK,
/data/run01/scxk573/lsz/ysy/physicsnemo/data/dataset_springback_pair_Base_TC4_150/springback_pair_Base_TC4_sample_0078_160deg.npz,78,160.0,train,Base_TC4,9920,OK,
/data/run01/scxk573/lsz/ysy/physicsnemo/data/dataset_springback_pair_Base_TC4_150/springback_pair_Base_TC4_sample_0078_165deg.npz,78,165.0,train,Base_TC4,9920,OK,
/data/run01/scxk573/lsz/ysy/physicsnemo/data/dataset_springback_pair_Base_TC4_150/springback_pair_Base_TC4_sample_0078_170deg.npz,78,170.0,train,Base_TC4,9920,OK,
/data/run01/scxk573/lsz/ysy/physicsnemo/data/dataset_springback_pair_Base_TC4_150/springback_pair_Base_TC4_sample_0078_175deg.npz,78,175.0,train,Base_TC4,9920,OK,
/data/run01/scxk573/lsz/ysy/physicsnemo/data/dataset_springback_pair_Base_TC4_150/springback_pair_Base_TC4_sample_0078_180deg.npz,78,180.0,train,Base_TC4,9920,OK,
/data/run01/scxk573/lsz/ysy/physicsnemo/data/dataset_springback_pair_Base_TC4_150/springback_pair_Base_TC4_sample_0079_005deg.npz,79,5.0,test,Base_TC4,20976,OK,
/data/run01/scxk573/lsz/ysy/physicsnemo/data/dataset_springback_pair_Base_TC4_150/springback_pair_Base_TC4_sample_0079_010deg.npz,79,10.0,test,Base_TC4,20976,OK,
/data/run01/scxk573/lsz/ysy/physicsnemo/data/dataset_springback_pair_Base_TC4_150/springback_pair_Base_TC4_sample_0079_015deg.npz,79,15.0,test,Base_TC4,20976,OK,
/data/run01/scxk573/lsz/ysy/physicsnemo/data/dataset_springback_pair_Base_TC4_150/springback_pair_Base_TC4_sample_0079_020deg.npz,79,20.0,test,Base_TC4,20976,OK,
/data/run01/scxk573/lsz/ysy/physicsnemo/data/dataset_springback_pair_Base_TC4_150/springback_pair_Base_TC4_sample_0079_025deg.npz,79,25.0,test,Base_TC4,20976,OK,
/data/run01/scxk573/lsz/ysy/physicsnemo/data/dataset_springback_pair_Base_TC4_150/springback_pair_Base_TC4_sample_0079_030deg.npz,79,30.0,test,Base_TC4,20976,OK,
/data/run01/scxk573/lsz/ysy/physicsnemo/data/dataset_springback_pair_Base_TC4_150/springback_pair_Base_TC4_sample_0079_035deg.npz,79,35.0,test,Base_TC4,20976,OK,
/data/run01/scxk573/lsz/ysy/physicsnemo/data/dataset_springback_pair_Base_TC4_150/springback_pair_Base_TC4_sample_0079_040deg.npz,79,40.0,test,Base_TC4,20976,OK,
/data/run01/scxk573/lsz/ysy/physicsnemo/data/dataset_springback_pair_Base_TC4_150/springback_pair_Base_TC4_sample_0079_045deg.npz,79,45.0,test,Base_TC4,20976,OK,
/data/run01/scxk573/lsz/ysy/physicsnemo/data/dataset_springback_pair_Base_TC4_150/springback_pair_Base_TC4_sample_0079_050deg.npz,79,50.0,test,Base_TC4,20976,OK,
/data/run01/scxk573/lsz/ysy/physicsnemo/data/dataset_springback_pair_Base_TC4_150/springback_pair_Base_TC4_sample_0079_055deg.npz,79,55.0,test,Base_TC4,20976,OK,
/data/run01/scxk573/lsz/ysy/physicsnemo/data/dataset_springback_pair_Base_TC4_150/springback_pair_Base_TC4_sample_0079_060deg.npz,79,60.0,test,Base_TC4,20976,OK,
/data/run01/scxk573/lsz/ysy/physicsnemo/data/dataset_springback_pair_Base_TC4_150/springback_pair_Base_TC4_sample_0079_065deg.npz,79,65.0,test,Base_TC4,20976,OK,
/data/run01/scxk573/lsz/ysy/physicsnemo/data/dataset_springback_pair_Base_TC4_150/springback_pair_Base_TC4_sample_0079_070deg.npz,79,70.0,test,Base_TC4,20976,OK,
/data/run01/scxk573/lsz/ysy/physicsnemo/data/dataset_springback_pair_Base_TC4_150/springback_pair_Base_TC4_sample_0079_075deg.npz,79,75.0,test,Base_TC4,20976,OK,
/data/run01/scxk573/lsz/ysy/physicsnemo/data/dataset_springback_pair_Base_TC4_150/springback_pair_Base_TC4_sample_0079_080deg.npz,79,80.0,test,Base_TC4,20976,OK,
/data/run01/scxk573/lsz/ysy/physicsnemo/data/dataset_springback_pair_Base_TC4_150/springback_pair_Base_TC4_sample_0079_085deg.npz,79,85.0,test,Base_TC4,20976,OK,
/data/run01/scxk573/lsz/ysy/physicsnemo/data/dataset_springback_pair_Base_TC4_150/springback_pair_Base_TC4_sample_0079_090deg.npz,79,90.0,test,Base_TC4,20976,OK,
/data/run01/scxk573/lsz/ysy/physicsnemo/data/dataset_springback_pair_Base_TC4_150/springback_pair_Base_TC4_sample_0079_095deg.npz,79,95.0,test,Base_TC4,20976,OK,
/data/run01/scxk573/lsz/ysy/physicsnemo/data/dataset_springback_pair_Base_TC4_150/springback_pair_Base_TC4_sample_0079_100deg.npz,79,100.0,test,Base_TC4,20976,OK,
/data/run01/scxk573/lsz/ysy/physicsnemo/data/dataset_springback_pair_Base_TC4_150/springback_pair_Base_TC4_sample_0079_105deg.npz,79,105.0,test,Base_TC4,20976,OK,
/data/run01/scxk573/lsz/ysy/physicsnemo/data/dataset_springback_pair_Base_TC4_150/springback_pair_Base_TC4_sample_0079_110deg.npz,79,110.0,test,Base_TC4,20976,OK,
/data/run01/scxk573/lsz/ysy/physicsnemo/data/dataset_springback_pair_Base_TC4_150/springback_pair_Base_TC4_sample_0079_115deg.npz,79,115.0,test,Base_TC4,20976,OK,
/data/run01/scxk573/lsz/ysy/physicsnemo/data/dataset_springback_pair_Base_TC4_150/springback_pair_Base_TC4_sample_0079_120deg.npz,79,120.0,test,Base_TC4,20976,OK,
/data/run01/scxk573/lsz/ysy/physicsnemo/data/dataset_springback_pair_Base_TC4_150/springback_pair_Base_TC4_sample_0079_125deg.npz,79,125.0,test,Base_TC4,20976,OK,
/data/run01/scxk573/lsz/ysy/physicsnemo/data/dataset_springback_pair_Base_TC4_150/springback_pair_Base_TC4_sample_0079_130deg.npz,79,130.0,test,Base_TC4,20976,OK,
/data/run01/scxk573/lsz/ysy/physicsnemo/data/dataset_springback_pair_Base_TC4_150/springback_pair_Base_TC4_sample_0079_135deg.npz,79,135.0,test,Base_TC4,20976,OK,
/data/run01/scxk573/lsz/ysy/physicsnemo/data/dataset_springback_pair_Base_TC4_150/springback_pair_Base_TC4_sample_0079_140deg.npz,79,140.0,test,Base_TC4,20976,OK,
/data/run01/scxk573/lsz/ysy/physicsnemo/data/dataset_springback_pair_Base_TC4_150/springback_pair_Base_TC4_sample_0079_145deg.npz,79,145.0,test,Base_TC4,20976,OK,
/data/run01/scxk573/lsz/ysy/physicsnemo/data/dataset_springback_pair_Base_TC4_150/springback_pair_Base_TC4_sample_0079_150deg.npz,79,150.0,test,Base_TC4,20976,OK,
/data/run01/scxk573/lsz/ysy/physicsnemo/data/dataset_springback_pair_Base_TC4_150/springback_pair_Base_TC4_sample_0079_155deg.npz,79,155.0,test,Base_TC4,20976,OK,
/data/run01/scxk573/lsz/ysy/physicsnemo/data/dataset_springback_pair_Base_TC4_150/springback_pair_Base_TC4_sample_0079_160deg.npz,79,160.0,test,Base_TC4,20976,OK,
/data/run01/scxk573/lsz/ysy/physicsnemo/data/dataset_springback_pair_Base_TC4_150/springback_pair_Base_TC4_sample_0079_165deg.npz,79,165.0,test,Base_TC4,20976,OK,
/data/run01/scxk573/lsz/ysy/physicsnemo/data/dataset_springback_pair_Base_TC4_150/springback_pair_Base_TC4_sample_0079_170deg.npz,79,170.0,test,Base_TC4,20976,OK,
/data/run01/scxk573/lsz/ysy/physicsnemo/data/dataset_springback_pair_Base_TC4_150/springback_pair_Base_TC4_sample_0079_175deg.npz,79,175.0,test,Base_TC4,20976,OK,
/data/run01/scxk573/lsz/ysy/physicsnemo/data/dataset_springback_pair_Base_TC4_150/springback_pair_Base_TC4_sample_0079_180deg.npz,79,180.0,test,Base_TC4,20976,OK,
/data/run01/scxk573/lsz/ysy/physicsnemo/data/dataset_springback_pair_Base_TC4_150/springback_pair_Base_TC4_sample_0080_005deg.npz,80,5.0,train,Base_TC4,11790,OK,
/data/run01/scxk573/lsz/ysy/physicsnemo/data/dataset_springback_pair_Base_TC4_150/springback_pair_Base_TC4_sample_0080_010deg.npz,80,10.0,train,Base_TC4,11790,OK,
/data/run01/scxk573/lsz/ysy/physicsnemo/data/dataset_springback_pair_Base_TC4_150/springback_pair_Base_TC4_sample_0080_015deg.npz,80,15.0,train,Base_TC4,11790,OK,
/data/run01/scxk573/lsz/ysy/physicsnemo/data/dataset_springback_pair_Base_TC4_150/springback_pair_Base_TC4_sample_0080_020deg.npz,80,20.0,train,Base_TC4,11790,OK,
/data/run01/scxk573/lsz/ysy/physicsnemo/data/dataset_springback_pair_Base_TC4_150/springback_pair_Base_TC4_sample_0080_025deg.npz,80,25.0,train,Base_TC4,11790,OK,
/data/run01/scxk573/lsz/ysy/physicsnemo/data/dataset_springback_pair_Base_TC4_150/springback_pair_Base_TC4_sample_0080_030deg.npz,80,30.0,train,Base_TC4,11790,OK,
/data/run01/scxk573/lsz/ysy/physicsnemo/data/dataset_springback_pair_Base_TC4_150/springback_pair_Base_TC4_sample_0080_035deg.npz,80,35.0,train,Base_TC4,11790,OK,
/data/run01/scxk573/lsz/ysy/physicsnemo/data/dataset_springback_pair_Base_TC4_150/springback_pair_Base_TC4_sample_0080_040deg.npz,80,40.0,train,Base_TC4,11790,OK,
/data/run01/scxk573/lsz/ysy/physicsnemo/data/dataset_springback_pair_Base_TC4_150/springback_pair_Base_TC4_sample_0080_045deg.npz,80,45.0,train,Base_TC4,11790,OK,
/data/run01/scxk573/lsz/ysy/physicsnemo/data/dataset_springback_pair_Base_TC4_150/springback_pair_Base_TC4_sample_0080_050deg.npz,80,50.0,train,Base_TC4,11790,OK,
/data/run01/scxk573/lsz/ysy/physicsnemo/data/dataset_springback_pair_Base_TC4_150/springback_pair_Base_TC4_sample_0080_055deg.npz,80,55.0,train,Base_TC4,11790,OK,
/data/run01/scxk573/lsz/ysy/physicsnemo/data/dataset_springback_pair_Base_TC4_150/springback_pair_Base_TC4_sample_0080_060deg.npz,80,60.0,train,Base_TC4,11790,OK,
/data/run01/scxk573/lsz/ysy/physicsnemo/data/dataset_springback_pair_Base_TC4_150/springback_pair_Base_TC4_sample_0080_065deg.npz,80,65.0,train,Base_TC4,11790,OK,
/data/run01/scxk573/lsz/ysy/physicsnemo/data/dataset_springback_pair_Base_TC4_150/springback_pair_Base_TC4_sample_0080_070deg.npz,80,70.0,train,Base_TC4,11790,OK,
/data/run01/scxk573/lsz/ysy/physicsnemo/data/dataset_springback_pair_Base_TC4_150/springback_pair_Base_TC4_sample_0080_075deg.npz,80,75.0,train,Base_TC4,11790,OK,
/data/run01/scxk573/lsz/ysy/physicsnemo/data/dataset_springback_pair_Base_TC4_150/springback_pair_Base_TC4_sample_0080_080deg.npz,80,80.0,train,Base_TC4,11790,OK,
/data/run01/scxk573/lsz/ysy/physicsnemo/data/dataset_springback_pair_Base_TC4_150/springback_pair_Base_TC4_sample_0080_085deg.npz,80,85.0,train,Base_TC4,11790,OK,
/data/run01/scxk573/lsz/ysy/physicsnemo/data/dataset_springback_pair_Base_TC4_150/springback_pair_Base_TC4_sample_0080_090deg.npz,80,90.0,train,Base_TC4,11790,OK,
/data/run01/scxk573/lsz/ysy/physicsnemo/data/dataset_springback_pair_Base_TC4_150/springback_pair_Base_TC4_sample_0080_095deg.npz,80,95.0,train,Base_TC4,11790,OK,
/data/run01/scxk573/lsz/ysy/physicsnemo/data/dataset_springback_pair_Base_TC4_150/springback_pair_Base_TC4_sample_0080_100deg.npz,80,100.0,train,Base_TC4,11790,OK,
/data/run01/scxk573/lsz/ysy/physicsnemo/data/dataset_springback_pair_Base_TC4_150/springback_pair_Base_TC4_sample_0080_105deg.npz,80,105.0,train,Base_TC4,11790,OK,
/data/run01/scxk573/lsz/ysy/physicsnemo/data/dataset_springback_pair_Base_TC4_150/springback_pair_Base_TC4_sample_0080_110deg.npz,80,110.0,train,Base_TC4,11790,OK,
/data/run01/scxk573/lsz/ysy/physicsnemo/data/dataset_springback_pair_Base_TC4_150/springback_pair_Base_TC4_sample_0080_115deg.npz,80,115.0,train,Base_TC4,11790,OK,
/data/run01/scxk573/lsz/ysy/physicsnemo/data/dataset_springback_pair_Base_TC4_150/springback_pair_Base_TC4_sample_0080_120deg.npz,80,120.0,train,Base_TC4,11790,OK,
/data/run01/scxk573/lsz/ysy/physicsnemo/data/dataset_springback_pair_Base_TC4_150/springback_pair_Base_TC4_sample_0080_125deg.npz,80,125.0,train,Base_TC4,11790,OK,
/data/run01/scxk573/lsz/ysy/physicsnemo/data/dataset_springback_pair_Base_TC4_150/springback_pair_Base_TC4_sample_0080_130deg.npz,80,130.0,train,Base_TC4,11790,OK,
/data/run01/scxk573/lsz/ysy/physicsnemo/data/dataset_springback_pair_Base_TC4_150/springback_pair_Base_TC4_sample_0080_135deg.npz,80,135.0,train,Base_TC4,11790,OK,
/data/run01/scxk573/lsz/ysy/physicsnemo/data/dataset_springback_pair_Base_TC4_150/springback_pair_Base_TC4_sample_0080_140deg.npz,80,140.0,train,Base_TC4,11790,OK,
/data/run01/scxk573/lsz/ysy/physicsnemo/data/dataset_springback_pair_Base_TC4_150/springback_pair_Base_TC4_sample_0080_145deg.npz,80,145.0,train,Base_TC4,11790,OK,
/data/run01/scxk573/lsz/ysy/physicsnemo/data/dataset_springback_pair_Base_TC4_150/springback_pair_Base_TC4_sample_0080_150deg.npz,80,150.0,train,Base_TC4,11790,OK,
/data/run01/scxk573/lsz/ysy/physicsnemo/data/dataset_springback_pair_Base_TC4_150/springback_pair_Base_TC4_sample_0080_155deg.npz,80,155.0,train,Base_TC4,11790,OK,
/data/run01/scxk573/lsz/ysy/physicsnemo/data/dataset_springback_pair_Base_TC4_150/springback_pair_Base_TC4_sample_0080_160deg.npz,80,160.0,train,Base_TC4,11790,OK,
/data/run01/scxk573/lsz/ysy/physicsnemo/data/dataset_springback_pair_Base_TC4_150/springback_pair_Base_TC4_sample_0080_165deg.npz,80,165.0,train,Base_TC4,11790,OK,
/data/run01/scxk573/lsz/ysy/physicsnemo/data/dataset_springback_pair_Base_TC4_150/springback_pair_Base_TC4_sample_0080_170deg.npz,80,170.0,train,Base_TC4,11790,OK,
/data/run01/scxk573/lsz/ysy/physicsnemo/data/dataset_springback_pair_Base_TC4_150/springback_pair_Base_TC4_sample_0080_175deg.npz,80,175.0,train,Base_TC4,11790,OK,
/data/run01/scxk573/lsz/ysy/physicsnemo/data/dataset_springback_pair_Base_TC4_150/springback_pair_Base_TC4_sample_0080_180deg.npz,80,180.0,train,Base_TC4,11790,OK,
/data/run01/scxk573/lsz/ysy/physicsnemo/data/dataset_springback_pair_Base_TC4_150/springback_pair_Base_TC4_sample_0081_005deg.npz,81,5.0,test,Base_TC4,11660,OK,
/data/run01/scxk573/lsz/ysy/physicsnemo/data/dataset_springback_pair_Base_TC4_150/springback_pair_Base_TC4_sample_0081_010deg.npz,81,10.0,test,Base_TC4,11660,OK,
/data/run01/scxk573/lsz/ysy/physicsnemo/data/dataset_springback_pair_Base_TC4_150/springback_pair_Base_TC4_sample_0081_015deg.npz,81,15.0,test,Base_TC4,11660,OK,
/data/run01/scxk573/lsz/ysy/physicsnemo/data/dataset_springback_pair_Base_TC4_150/springback_pair_Base_TC4_sample_0081_020deg.npz,81,20.0,test,Base_TC4,11660,OK,
/data/run01/scxk573/lsz/ysy/physicsnemo/data/dataset_springback_pair_Base_TC4_150/springback_pair_Base_TC4_sample_0081_025deg.npz,81,25.0,test,Base_TC4,11660,OK,
/data/run01/scxk573/lsz/ysy/physicsnemo/data/dataset_springback_pair_Base_TC4_150/springback_pair_Base_TC4_sample_0081_030deg.npz,81,30.0,test,Base_TC4,11660,OK,
/data/run01/scxk573/lsz/ysy/physicsnemo/data/dataset_springback_pair_Base_TC4_150/springback_pair_Base_TC4_sample_0081_035deg.npz,81,35.0,test,Base_TC4,11660,OK,
/data/run01/scxk573/lsz/ysy/physicsnemo/data/dataset_springback_pair_Base_TC4_150/springback_pair_Base_TC4_sample_0081_040deg.npz,81,40.0,test,Base_TC4,11660,OK,
/data/run01/scxk573/lsz/ysy/physicsnemo/data/dataset_springback_pair_Base_TC4_150/springback_pair_Base_TC4_sample_0081_045deg.npz,81,45.0,test,Base_TC4,11660,OK,
/data/run01/scxk573/lsz/ysy/physicsnemo/data/dataset_springback_pair_Base_TC4_150/springback_pair_Base_TC4_sample_0081_050deg.npz,81,50.0,test,Base_TC4,11660,OK,
/data/run01/scxk573/lsz/ysy/physicsnemo/data/dataset_springback_pair_Base_TC4_150/springback_pair_Base_TC4_sample_0081_055deg.npz,81,55.0,test,Base_TC4,11660,OK,
/data/run01/scxk573/lsz/ysy/physicsnemo/data/dataset_springback_pair_Base_TC4_150/springback_pair_Base_TC4_sample_0081_060deg.npz,81,60.0,test,Base_TC4,11660,OK,
/data/run01/scxk573/lsz/ysy/physicsnemo/data/dataset_springback_pair_Base_TC4_150/springback_pair_Base_TC4_sample_0081_065deg.npz,81,65.0,test,Base_TC4,11660,OK,
/data/run01/scxk573/lsz/ysy/physicsnemo/data/dataset_springback_pair_Base_TC4_150/springback_pair_Base_TC4_sample_0081_070deg.npz,81,70.0,test,Base_TC4,11660,OK,
/data/run01/scxk573/lsz/ysy/physicsnemo/data/dataset_springback_pair_Base_TC4_150/springback_pair_Base_TC4_sample_0081_075deg.npz,81,75.0,test,Base_TC4,11660,OK,
/data/run01/scxk573/lsz/ysy/physicsnemo/data/dataset_springback_pair_Base_TC4_150/springback_pair_Base_TC4_sample_0081_080deg.npz,81,80.0,test,Base_TC4,11660,OK,
/data/run01/scxk573/lsz/ysy/physicsnemo/data/dataset_springback_pair_Base_TC4_150/springback_pair_Base_TC4_sample_0081_085deg.npz,81,85.0,test,Base_TC4,11660,OK,
/data/run01/scxk573/lsz/ysy/physicsnemo/data/dataset_springback_pair_Base_TC4_150/springback_pair_Base_TC4_sample_0081_090deg.npz,81,90.0,test,Base_TC4,11660,OK,
/data/run01/scxk573/lsz/ysy/physicsnemo/data/dataset_springback_pair_Base_TC4_150/springback_pair_Base_TC4_sample_0081_095deg.npz,81,95.0,test,Base_TC4,11660,OK,
/data/run01/scxk573/lsz/ysy/physicsnemo/data/dataset_springback_pair_Base_TC4_150/springback_pair_Base_TC4_sample_0081_100deg.npz,81,100.0,test,Base_TC4,11660,OK,
/data/run01/scxk573/lsz/ysy/physicsnemo/data/dataset_springback_pair_Base_TC4_150/springback_pair_Base_TC4_sample_0081_105deg.npz,81,105.0,test,Base_TC4,11660,OK,
/data/run01/scxk573/lsz/ysy/physicsnemo/data/dataset_springback_pair_Base_TC4_150/springback_pair_Base_TC4_sample_0081_110deg.npz,81,110.0,test,Base_TC4,11660,OK,
/data/run01/scxk573/lsz/ysy/physicsnemo/data/dataset_springback_pair_Base_TC4_150/springback_pair_Base_TC4_sample_0081_115deg.npz,81,115.0,test,Base_TC4,11660,OK,
/data/run01/scxk573/lsz/ysy/physicsnemo/data/dataset_springback_pair_Base_TC4_150/springback_pair_Base_TC4_sample_0081_120deg.npz,81,120.0,test,Base_TC4,11660,OK,
/data/run01/scxk573/lsz/ysy/physicsnemo/data/dataset_springback_pair_Base_TC4_150/springback_pair_Base_TC4_sample_0081_125deg.npz,81,125.0,test,Base_TC4,11660,OK,
/data/run01/scxk573/lsz/ysy/physicsnemo/data/dataset_springback_pair_Base_TC4_150/springback_pair_Base_TC4_sample_0081_130deg.npz,81,130.0,test,Base_TC4,11660,OK,
/data/run01/scxk573/lsz/ysy/physicsnemo/data/dataset_springback_pair_Base_TC4_150/springback_pair_Base_TC4_sample_0081_135deg.npz,81,135.0,test,Base_TC4,11660,OK,
/data/run01/scxk573/lsz/ysy/physicsnemo/data/dataset_springback_pair_Base_TC4_150/springback_pair_Base_TC4_sample_0081_140deg.npz,81,140.0,test,Base_TC4,11660,OK,
/data/run01/scxk573/lsz/ysy/physicsnemo/data/dataset_springback_pair_Base_TC4_150/springback_pair_Base_TC4_sample_0081_145deg.npz,81,145.0,test,Base_TC4,11660,OK,
/data/run01/scxk573/lsz/ysy/physicsnemo/data/dataset_springback_pair_Base_TC4_150/springback_pair_Base_TC4_sample_0081_150deg.npz,81,150.0,test,Base_TC4,11660,OK,
/data/run01/scxk573/lsz/ysy/physicsnemo/data/dataset_springback_pair_Base_TC4_150/springback_pair_Base_TC4_sample_0081_155deg.npz,81,155.0,test,Base_TC4,11660,OK,
/data/run01/scxk573/lsz/ysy/physicsnemo/data/dataset_springback_pair_Base_TC4_150/springback_pair_Base_TC4_sample_0081_160deg.npz,81,160.0,test,Base_TC4,11660,OK,
/data/run01/scxk573/lsz/ysy/physicsnemo/data/dataset_springback_pair_Base_TC4_150/springback_pair_Base_TC4_sample_0081_165deg.npz,81,165.0,test,Base_TC4,11660,OK,
/data/run01/scxk573/lsz/ysy/physicsnemo/data/dataset_springback_pair_Base_TC4_150/springback_pair_Base_TC4_sample_0081_170deg.npz,81,170.0,test,Base_TC4,11660,OK,
/data/run01/scxk573/lsz/ysy/physicsnemo/data/dataset_springback_pair_Base_TC4_150/springback_pair_Base_TC4_sample_0081_175deg.npz,81,175.0,test,Base_TC4,11660,OK,
/data/run01/scxk573/lsz/ysy/physicsnemo/data/dataset_springback_pair_Base_TC4_150/springback_pair_Base_TC4_sample_0081_180deg.npz,81,180.0,test,Base_TC4,11660,OK,
/data/run01/scxk573/lsz/ysy/physicsnemo/data/dataset_springback_pair_Base_TC4_150/springback_pair_Base_TC4_sample_0082_005deg.npz,82,5.0,val,Base_TC4,14122,OK,
/data/run01/scxk573/lsz/ysy/physicsnemo/data/dataset_springback_pair_Base_TC4_150/springback_pair_Base_TC4_sample_0082_010deg.npz,82,10.0,val,Base_TC4,14122,OK,
/data/run01/scxk573/lsz/ysy/physicsnemo/data/dataset_springback_pair_Base_TC4_150/springback_pair_Base_TC4_sample_0082_015deg.npz,82,15.0,val,Base_TC4,14122,OK,
/data/run01/scxk573/lsz/ysy/physicsnemo/data/dataset_springback_pair_Base_TC4_150/springback_pair_Base_TC4_sample_0082_020deg.npz,82,20.0,val,Base_TC4,14122,OK,
/data/run01/scxk573/lsz/ysy/physicsnemo/data/dataset_springback_pair_Base_TC4_150/springback_pair_Base_TC4_sample_0082_025deg.npz,82,25.0,val,Base_TC4,14122,OK,
/data/run01/scxk573/lsz/ysy/physicsnemo/data/dataset_springback_pair_Base_TC4_150/springback_pair_Base_TC4_sample_0082_030deg.npz,82,30.0,val,Base_TC4,14122,OK,
/data/run01/scxk573/lsz/ysy/physicsnemo/data/dataset_springback_pair_Base_TC4_150/springback_pair_Base_TC4_sample_0082_035deg.npz,82,35.0,val,Base_TC4,14122,OK,
/data/run01/scxk573/lsz/ysy/physicsnemo/data/dataset_springback_pair_Base_TC4_150/springback_pair_Base_TC4_sample_0082_040deg.npz,82,40.0,val,Base_TC4,14122,OK,
/data/run01/scxk573/lsz/ysy/physicsnemo/data/dataset_springback_pair_Base_TC4_150/springback_pair_Base_TC4_sample_0082_045deg.npz,82,45.0,val,Base_TC4,14122,OK,
/data/run01/scxk573/lsz/ysy/physicsnemo/data/dataset_springback_pair_Base_TC4_150/springback_pair_Base_TC4_sample_0082_050deg.npz,82,50.0,val,Base_TC4,14122,OK,
/data/run01/scxk573/lsz/ysy/physicsnemo/data/dataset_springback_pair_Base_TC4_150/springback_pair_Base_TC4_sample_0082_055deg.npz,82,55.0,val,Base_TC4,14122,OK,
/data/run01/scxk573/lsz/ysy/physicsnemo/data/dataset_springback_pair_Base_TC4_150/springback_pair_Base_TC4_sample_0082_060deg.npz,82,60.0,val,Base_TC4,14122,OK,
/data/run01/scxk573/lsz/ysy/physicsnemo/data/dataset_springback_pair_Base_TC4_150/springback_pair_Base_TC4_sample_0082_065deg.npz,82,65.0,val,Base_TC4,14122,OK,
/data/run01/scxk573/lsz/ysy/physicsnemo/data/dataset_springback_pair_Base_TC4_150/springback_pair_Base_TC4_sample_0082_070deg.npz,82,70.0,val,Base_TC4,14122,OK,
/data/run01/scxk573/lsz/ysy/physicsnemo/data/dataset_springback_pair_Base_TC4_150/springback_pair_Base_TC4_sample_0082_075deg.npz,82,75.0,val,Base_TC4,14122,OK,
/data/run01/scxk573/lsz/ysy/physicsnemo/data/dataset_springback_pair_Base_TC4_150/springback_pair_Base_TC4_sample_0082_080deg.npz,82,80.0,val,Base_TC4,14122,OK,
/data/run01/scxk573/lsz/ysy/physicsnemo/data/dataset_springback_pair_Base_TC4_150/springback_pair_Base_TC4_sample_0082_085deg.npz,82,85.0,val,Base_TC4,14122,OK,
/data/run01/scxk573/lsz/ysy/physicsnemo/data/dataset_springback_pair_Base_TC4_150/springback_pair_Base_TC4_sample_0082_090deg.npz,82,90.0,val,Base_TC4,14122,OK,
/data/run01/scxk573/lsz/ysy/physicsnemo/data/dataset_springback_pair_Base_TC4_150/springback_pair_Base_TC4_sample_0082_095deg.npz,82,95.0,val,Base_TC4,14122,OK,
/data/run01/scxk573/lsz/ysy/physicsnemo/data/dataset_springback_pair_Base_TC4_150/springback_pair_Base_TC4_sample_0082_100deg.npz,82,100.0,val,Base_TC4,14122,OK,
/data/run01/scxk573/lsz/ysy/physicsnemo/data/dataset_springback_pair_Base_TC4_150/springback_pair_Base_TC4_sample_0082_105deg.npz,82,105.0,val,Base_TC4,14122,OK,
/data/run01/scxk573/lsz/ysy/physicsnemo/data/dataset_springback_pair_Base_TC4_150/springback_pair_Base_TC4_sample_0082_110deg.npz,82,110.0,val,Base_TC4,14122,OK,
/data/run01/scxk573/lsz/ysy/physicsnemo/data/dataset_springback_pair_Base_TC4_150/springback_pair_Base_TC4_sample_0082_115deg.npz,82,115.0,val,Base_TC4,14122,OK,
/data/run01/scxk573/lsz/ysy/physicsnemo/data/dataset_springback_pair_Base_TC4_150/springback_pair_Base_TC4_sample_0082_120deg.npz,82,120.0,val,Base_TC4,14122,OK,
/data/run01/scxk573/lsz/ysy/physicsnemo/data/dataset_springback_pair_Base_TC4_150/springback_pair_Base_TC4_sample_0082_125deg.npz,82,125.0,val,Base_TC4,14122,OK,
/data/run01/scxk573/lsz/ysy/physicsnemo/data/dataset_springback_pair_Base_TC4_150/springback_pair_Base_TC4_sample_0082_130deg.npz,82,130.0,val,Base_TC4,14122,OK,
/data/run01/scxk573/lsz/ysy/physicsnemo/data/dataset_springback_pair_Base_TC4_150/springback_pair_Base_TC4_sample_0082_135deg.npz,82,135.0,val,Base_TC4,14122,OK,
/data/run01/scxk573/lsz/ysy/physicsnemo/data/dataset_springback_pair_Base_TC4_150/springback_pair_Base_TC4_sample_0082_140deg.npz,82,140.0,val,Base_TC4,14122,OK,
/data/run01/scxk573/lsz/ysy/physicsnemo/data/dataset_springback_pair_Base_TC4_150/springback_pair_Base_TC4_sample_0082_145deg.npz,82,145.0,val,Base_TC4,14122,OK,
/data/run01/scxk573/lsz/ysy/physicsnemo/data/dataset_springback_pair_Base_TC4_150/springback_pair_Base_TC4_sample_0082_150deg.npz,82,150.0,val,Base_TC4,14122,OK,
/data/run01/scxk573/lsz/ysy/physicsnemo/data/dataset_springback_pair_Base_TC4_150/springback_pair_Base_TC4_sample_0082_155deg.npz,82,155.0,val,Base_TC4,14122,OK,
/data/run01/scxk573/lsz/ysy/physicsnemo/data/dataset_springback_pair_Base_TC4_150/springback_pair_Base_TC4_sample_0082_160deg.npz,82,160.0,val,Base_TC4,14122,OK,
/data/run01/scxk573/lsz/ysy/physicsnemo/data/dataset_springback_pair_Base_TC4_150/springback_pair_Base_TC4_sample_0082_165deg.npz,82,165.0,val,Base_TC4,14122,OK,
/data/run01/scxk573/lsz/ysy/physicsnemo/data/dataset_springback_pair_Base_TC4_150/springback_pair_Base_TC4_sample_0082_170deg.npz,82,170.0,val,Base_TC4,14122,OK,
/data/run01/scxk573/lsz/ysy/physicsnemo/data/dataset_springback_pair_Base_TC4_150/springback_pair_Base_TC4_sample_0082_175deg.npz,82,175.0,val,Base_TC4,14122,OK,
/data/run01/scxk573/lsz/ysy/physicsnemo/data/dataset_springback_pair_Base_TC4_150/springback_pair_Base_TC4_sample_0082_180deg.npz,82,180.0,val,Base_TC4,14122,OK,
/data/run01/scxk573/lsz/ysy/physicsnemo/data/dataset_springback_pair_Base_TC4_150/springback_pair_Base_TC4_sample_0083_005deg.npz,83,5.0,train,Base_TC4,2736,OK,
/data/run01/scxk573/lsz/ysy/physicsnemo/data/dataset_springback_pair_Base_TC4_150/springback_pair_Base_TC4_sample_0083_010deg.npz,83,10.0,train,Base_TC4,2736,OK,
/data/run01/scxk573/lsz/ysy/physicsnemo/data/dataset_springback_pair_Base_TC4_150/springback_pair_Base_TC4_sample_0083_015deg.npz,83,15.0,train,Base_TC4,2736,OK,
/data/run01/scxk573/lsz/ysy/physicsnemo/data/dataset_springback_pair_Base_TC4_150/springback_pair_Base_TC4_sample_0083_020deg.npz,83,20.0,train,Base_TC4,2736,OK,
/data/run01/scxk573/lsz/ysy/physicsnemo/data/dataset_springback_pair_Base_TC4_150/springback_pair_Base_TC4_sample_0083_025deg.npz,83,25.0,train,Base_TC4,2736,OK,
/data/run01/scxk573/lsz/ysy/physicsnemo/data/dataset_springback_pair_Base_TC4_150/springback_pair_Base_TC4_sample_0083_030deg.npz,83,30.0,train,Base_TC4,2736,OK,
/data/run01/scxk573/lsz/ysy/physicsnemo/data/dataset_springback_pair_Base_TC4_150/springback_pair_Base_TC4_sample_0083_035deg.npz,83,35.0,train,Base_TC4,2736,OK,
/data/run01/scxk573/lsz/ysy/physicsnemo/data/dataset_springback_pair_Base_TC4_150/springback_pair_Base_TC4_sample_0083_040deg.npz,83,40.0,train,Base_TC4,2736,OK,
/data/run01/scxk573/lsz/ysy/physicsnemo/data/dataset_springback_pair_Base_TC4_150/springback_pair_Base_TC4_sample_0083_045deg.npz,83,45.0,train,Base_TC4,2736,OK,
/data/run01/scxk573/lsz/ysy/physicsnemo/data/dataset_springback_pair_Base_TC4_150/springback_pair_Base_TC4_sample_0083_050deg.npz,83,50.0,train,Base_TC4,2736,OK,
/data/run01/scxk573/lsz/ysy/physicsnemo/data/dataset_springback_pair_Base_TC4_150/springback_pair_Base_TC4_sample_0083_055deg.npz,83,55.0,train,Base_TC4,2736,OK,
/data/run01/scxk573/lsz/ysy/physicsnemo/data/dataset_springback_pair_Base_TC4_150/springback_pair_Base_TC4_sample_0083_060deg.npz,83,60.0,train,Base_TC4,2736,OK,
/data/run01/scxk573/lsz/ysy/physicsnemo/data/dataset_springback_pair_Base_TC4_150/springback_pair_Base_TC4_sample_0083_065deg.npz,83,65.0,train,Base_TC4,2736,OK,
/data/run01/scxk573/lsz/ysy/physicsnemo/data/dataset_springback_pair_Base_TC4_150/springback_pair_Base_TC4_sample_0083_070deg.npz,83,70.0,train,Base_TC4,2736,OK,
/data/run01/scxk573/lsz/ysy/physicsnemo/data/dataset_springback_pair_Base_TC4_150/springback_pair_Base_TC4_sample_0083_075deg.npz,83,75.0,train,Base_TC4,2736,OK,
/data/run01/scxk573/lsz/ysy/physicsnemo/data/dataset_springback_pair_Base_TC4_150/springback_pair_Base_TC4_sample_0083_080deg.npz,83,80.0,train,Base_TC4,2736,OK,
/data/run01/scxk573/lsz/ysy/physicsnemo/data/dataset_springback_pair_Base_TC4_150/springback_pair_Base_TC4_sample_0083_085deg.npz,83,85.0,train,Base_TC4,2736,OK,
/data/run01/scxk573/lsz/ysy/physicsnemo/data/dataset_springback_pair_Base_TC4_150/springback_pair_Base_TC4_sample_0083_090deg.npz,83,90.0,train,Base_TC4,2736,OK,
/data/run01/scxk573/lsz/ysy/physicsnemo/data/dataset_springback_pair_Base_TC4_150/springback_pair_Base_TC4_sample_0083_095deg.npz,83,95.0,train,Base_TC4,2736,OK,
/data/run01/scxk573/lsz/ysy/physicsnemo/data/dataset_springback_pair_Base_TC4_150/springback_pair_Base_TC4_sample_0083_100deg.npz,83,100.0,train,Base_TC4,2736,OK,
/data/run01/scxk573/lsz/ysy/physicsnemo/data/dataset_springback_pair_Base_TC4_150/springback_pair_Base_TC4_sample_0083_105deg.npz,83,105.0,train,Base_TC4,2736,OK,
/data/run01/scxk573/lsz/ysy/physicsnemo/data/dataset_springback_pair_Base_TC4_150/springback_pair_Base_TC4_sample_0083_110deg.npz,83,110.0,train,Base_TC4,2736,OK,
/data/run01/scxk573/lsz/ysy/physicsnemo/data/dataset_springback_pair_Base_TC4_150/springback_pair_Base_TC4_sample_0083_115deg.npz,83,115.0,train,Base_TC4,2736,OK,
/data/run01/scxk573/lsz/ysy/physicsnemo/data/dataset_springback_pair_Base_TC4_150/springback_pair_Base_TC4_sample_0083_120deg.npz,83,120.0,train,Base_TC4,2736,OK,
/data/run01/scxk573/lsz/ysy/physicsnemo/data/dataset_springback_pair_Base_TC4_150/springback_pair_Base_TC4_sample_0083_125deg.npz,83,125.0,train,Base_TC4,2736,OK,
/data/run01/scxk573/lsz/ysy/physicsnemo/data/dataset_springback_pair_Base_TC4_150/springback_pair_Base_TC4_sample_0083_130deg.npz,83,130.0,train,Base_TC4,2736,OK,
/data/run01/scxk573/lsz/ysy/physicsnemo/data/dataset_springback_pair_Base_TC4_150/springback_pair_Base_TC4_sample_0083_135deg.npz,83,135.0,train,Base_TC4,2736,OK,
/data/run01/scxk573/lsz/ysy/physicsnemo/data/dataset_springback_pair_Base_TC4_150/springback_pair_Base_TC4_sample_0083_140deg.npz,83,140.0,train,Base_TC4,2736,OK,
/data/run01/scxk573/lsz/ysy/physicsnemo/data/dataset_springback_pair_Base_TC4_150/springback_pair_Base_TC4_sample_0083_145deg.npz,83,145.0,train,Base_TC4,2736,OK,
/data/run01/scxk573/lsz/ysy/physicsnemo/data/dataset_springback_pair_Base_TC4_150/springback_pair_Base_TC4_sample_0083_150deg.npz,83,150.0,train,Base_TC4,2736,OK,
/data/run01/scxk573/lsz/ysy/physicsnemo/data/dataset_springback_pair_Base_TC4_150/springback_pair_Base_TC4_sample_0083_155deg.npz,83,155.0,train,Base_TC4,2736,OK,
/data/run01/scxk573/lsz/ysy/physicsnemo/data/dataset_springback_pair_Base_TC4_150/springback_pair_Base_TC4_sample_0083_160deg.npz,83,160.0,train,Base_TC4,2736,OK,
/data/run01/scxk573/lsz/ysy/physicsnemo/data/dataset_springback_pair_Base_TC4_150/springback_pair_Base_TC4_sample_0083_165deg.npz,83,165.0,train,Base_TC4,2736,OK,
/data/run01/scxk573/lsz/ysy/physicsnemo/data/dataset_springback_pair_Base_TC4_150/springback_pair_Base_TC4_sample_0083_170deg.npz,83,170.0,train,Base_TC4,2736,OK,
/data/run01/scxk573/lsz/ysy/physicsnemo/data/dataset_springback_pair_Base_TC4_150/springback_pair_Base_TC4_sample_0083_175deg.npz,83,175.0,train,Base_TC4,2736,OK,
/data/run01/scxk573/lsz/ysy/physicsnemo/data/dataset_springback_pair_Base_TC4_150/springback_pair_Base_TC4_sample_0083_180deg.npz,83,180.0,train,Base_TC4,2736,OK,
/data/run01/scxk573/lsz/ysy/physicsnemo/data/dataset_springback_pair_Base_TC4_150/springback_pair_Base_TC4_sample_0084_005deg.npz,84,5.0,test,Base_TC4,4134,OK,
/data/run01/scxk573/lsz/ysy/physicsnemo/data/dataset_springback_pair_Base_TC4_150/springback_pair_Base_TC4_sample_0084_010deg.npz,84,10.0,test,Base_TC4,4134,OK,
/data/run01/scxk573/lsz/ysy/physicsnemo/data/dataset_springback_pair_Base_TC4_150/springback_pair_Base_TC4_sample_0084_015deg.npz,84,15.0,test,Base_TC4,4134,OK,
/data/run01/scxk573/lsz/ysy/physicsnemo/data/dataset_springback_pair_Base_TC4_150/springback_pair_Base_TC4_sample_0084_020deg.npz,84,20.0,test,Base_TC4,4134,OK,
/data/run01/scxk573/lsz/ysy/physicsnemo/data/dataset_springback_pair_Base_TC4_150/springback_pair_Base_TC4_sample_0084_025deg.npz,84,25.0,test,Base_TC4,4134,OK,
/data/run01/scxk573/lsz/ysy/physicsnemo/data/dataset_springback_pair_Base_TC4_150/springback_pair_Base_TC4_sample_0084_030deg.npz,84,30.0,test,Base_TC4,4134,OK,
/data/run01/scxk573/lsz/ysy/physicsnemo/data/dataset_springback_pair_Base_TC4_150/springback_pair_Base_TC4_sample_0084_035deg.npz,84,35.0,test,Base_TC4,4134,OK,
/data/run01/scxk573/lsz/ysy/physicsnemo/data/dataset_springback_pair_Base_TC4_150/springback_pair_Base_TC4_sample_0084_040deg.npz,84,40.0,test,Base_TC4,4134,OK,
/data/run01/scxk573/lsz/ysy/physicsnemo/data/dataset_springback_pair_Base_TC4_150/springback_pair_Base_TC4_sample_0084_045deg.npz,84,45.0,test,Base_TC4,4134,OK,
/data/run01/scxk573/lsz/ysy/physicsnemo/data/dataset_springback_pair_Base_TC4_150/springback_pair_Base_TC4_sample_0084_050deg.npz,84,50.0,test,Base_TC4,4134,OK,
/data/run01/scxk573/lsz/ysy/physicsnemo/data/dataset_springback_pair_Base_TC4_150/springback_pair_Base_TC4_sample_0084_055deg.npz,84,55.0,test,Base_TC4,4134,OK,
/data/run01/scxk573/lsz/ysy/physicsnemo/data/dataset_springback_pair_Base_TC4_150/springback_pair_Base_TC4_sample_0084_060deg.npz,84,60.0,test,Base_TC4,4134,OK,
/data/run01/scxk573/lsz/ysy/physicsnemo/data/dataset_springback_pair_Base_TC4_150/springback_pair_Base_TC4_sample_0084_065deg.npz,84,65.0,test,Base_TC4,4134,OK,
/data/run01/scxk573/lsz/ysy/physicsnemo/data/dataset_springback_pair_Base_TC4_150/springback_pair_Base_TC4_sample_0084_070deg.npz,84,70.0,test,Base_TC4,4134,OK,
/data/run01/scxk573/lsz/ysy/physicsnemo/data/dataset_springback_pair_Base_TC4_150/springback_pair_Base_TC4_sample_0084_075deg.npz,84,75.0,test,Base_TC4,4134,OK,
/data/run01/scxk573/lsz/ysy/physicsnemo/data/dataset_springback_pair_Base_TC4_150/springback_pair_Base_TC4_sample_0084_080deg.npz,84,80.0,test,Base_TC4,4134,OK,
/data/run01/scxk573/lsz/ysy/physicsnemo/data/dataset_springback_pair_Base_TC4_150/springback_pair_Base_TC4_sample_0084_085deg.npz,84,85.0,test,Base_TC4,4134,OK,
/data/run01/scxk573/lsz/ysy/physicsnemo/data/dataset_springback_pair_Base_TC4_150/springback_pair_Base_TC4_sample_0084_090deg.npz,84,90.0,test,Base_TC4,4134,OK,
/data/run01/scxk573/lsz/ysy/physicsnemo/data/dataset_springback_pair_Base_TC4_150/springback_pair_Base_TC4_sample_0084_095deg.npz,84,95.0,test,Base_TC4,4134,OK,
/data/run01/scxk573/lsz/ysy/physicsnemo/data/dataset_springback_pair_Base_TC4_150/springback_pair_Base_TC4_sample_0084_100deg.npz,84,100.0,test,Base_TC4,4134,OK,
/data/run01/scxk573/lsz/ysy/physicsnemo/data/dataset_springback_pair_Base_TC4_150/springback_pair_Base_TC4_sample_0084_105deg.npz,84,105.0,test,Base_TC4,4134,OK,
/data/run01/scxk573/lsz/ysy/physicsnemo/data/dataset_springback_pair_Base_TC4_150/springback_pair_Base_TC4_sample_0084_110deg.npz,84,110.0,test,Base_TC4,4134,OK,
/data/run01/scxk573/lsz/ysy/physicsnemo/data/dataset_springback_pair_Base_TC4_150/springback_pair_Base_TC4_sample_0084_115deg.npz,84,115.0,test,Base_TC4,4134,OK,
/data/run01/scxk573/lsz/ysy/physicsnemo/data/dataset_springback_pair_Base_TC4_150/springback_pair_Base_TC4_sample_0084_120deg.npz,84,120.0,test,Base_TC4,4134,OK,
/data/run01/scxk573/lsz/ysy/physicsnemo/data/dataset_springback_pair_Base_TC4_150/springback_pair_Base_TC4_sample_0084_125deg.npz,84,125.0,test,Base_TC4,4134,OK,
/data/run01/scxk573/lsz/ysy/physicsnemo/data/dataset_springback_pair_Base_TC4_150/springback_pair_Base_TC4_sample_0084_130deg.npz,84,130.0,test,Base_TC4,4134,OK,
/data/run01/scxk573/lsz/ysy/physicsnemo/data/dataset_springback_pair_Base_TC4_150/springback_pair_Base_TC4_sample_0084_135deg.npz,84,135.0,test,Base_TC4,4134,OK,
/data/run01/scxk573/lsz/ysy/physicsnemo/data/dataset_springback_pair_Base_TC4_150/springback_pair_Base_TC4_sample_0084_140deg.npz,84,140.0,test,Base_TC4,4134,OK,
/data/run01/scxk573/lsz/ysy/physicsnemo/data/dataset_springback_pair_Base_TC4_150/springback_pair_Base_TC4_sample_0084_145deg.npz,84,145.0,test,Base_TC4,4134,OK,
/data/run01/scxk573/lsz/ysy/physicsnemo/data/dataset_springback_pair_Base_TC4_150/springback_pair_Base_TC4_sample_0084_150deg.npz,84,150.0,test,Base_TC4,4134,OK,
/data/run01/scxk573/lsz/ysy/physicsnemo/data/dataset_springback_pair_Base_TC4_150/springback_pair_Base_TC4_sample_0084_155deg.npz,84,155.0,test,Base_TC4,4134,OK,
/data/run01/scxk573/lsz/ysy/physicsnemo/data/dataset_springback_pair_Base_TC4_150/springback_pair_Base_TC4_sample_0084_160deg.npz,84,160.0,test,Base_TC4,4134,OK,
/data/run01/scxk573/lsz/ysy/physicsnemo/data/dataset_springback_pair_Base_TC4_150/springback_pair_Base_TC4_sample_0084_165deg.npz,84,165.0,test,Base_TC4,4134,OK,
/data/run01/scxk573/lsz/ysy/physicsnemo/data/dataset_springback_pair_Base_TC4_150/springback_pair_Base_TC4_sample_0084_170deg.npz,84,170.0,test,Base_TC4,4134,OK,
/data/run01/scxk573/lsz/ysy/physicsnemo/data/dataset_springback_pair_Base_TC4_150/springback_pair_Base_TC4_sample_0084_175deg.npz,84,175.0,test,Base_TC4,4134,OK,
/data/run01/scxk573/lsz/ysy/physicsnemo/data/dataset_springback_pair_Base_TC4_150/springback_pair_Base_TC4_sample_0084_180deg.npz,84,180.0,test,Base_TC4,4134,OK,
/data/run01/scxk573/lsz/ysy/physicsnemo/data/dataset_springback_pair_Base_TC4_150/springback_pair_Base_TC4_sample_0085_005deg.npz,85,5.0,train,Base_TC4,24738,OK,
/data/run01/scxk573/lsz/ysy/physicsnemo/data/dataset_springback_pair_Base_TC4_150/springback_pair_Base_TC4_sample_0085_010deg.npz,85,10.0,train,Base_TC4,24738,OK,
/data/run01/scxk573/lsz/ysy/physicsnemo/data/dataset_springback_pair_Base_TC4_150/springback_pair_Base_TC4_sample_0085_015deg.npz,85,15.0,train,Base_TC4,24738,OK,
/data/run01/scxk573/lsz/ysy/physicsnemo/data/dataset_springback_pair_Base_TC4_150/springback_pair_Base_TC4_sample_0085_020deg.npz,85,20.0,train,Base_TC4,24738,OK,
/data/run01/scxk573/lsz/ysy/physicsnemo/data/dataset_springback_pair_Base_TC4_150/springback_pair_Base_TC4_sample_0085_025deg.npz,85,25.0,train,Base_TC4,24738,OK,
/data/run01/scxk573/lsz/ysy/physicsnemo/data/dataset_springback_pair_Base_TC4_150/springback_pair_Base_TC4_sample_0085_030deg.npz,85,30.0,train,Base_TC4,24738,OK,
/data/run01/scxk573/lsz/ysy/physicsnemo/data/dataset_springback_pair_Base_TC4_150/springback_pair_Base_TC4_sample_0085_035deg.npz,85,35.0,train,Base_TC4,24738,OK,
/data/run01/scxk573/lsz/ysy/physicsnemo/data/dataset_springback_pair_Base_TC4_150/springback_pair_Base_TC4_sample_0085_040deg.npz,85,40.0,train,Base_TC4,24738,OK,
/data/run01/scxk573/lsz/ysy/physicsnemo/data/dataset_springback_pair_Base_TC4_150/springback_pair_Base_TC4_sample_0085_045deg.npz,85,45.0,train,Base_TC4,24738,OK,
/data/run01/scxk573/lsz/ysy/physicsnemo/data/dataset_springback_pair_Base_TC4_150/springback_pair_Base_TC4_sample_0085_050deg.npz,85,50.0,train,Base_TC4,24738,OK,
/data/run01/scxk573/lsz/ysy/physicsnemo/data/dataset_springback_pair_Base_TC4_150/springback_pair_Base_TC4_sample_0085_055deg.npz,85,55.0,train,Base_TC4,24738,OK,
/data/run01/scxk573/lsz/ysy/physicsnemo/data/dataset_springback_pair_Base_TC4_150/springback_pair_Base_TC4_sample_0085_060deg.npz,85,60.0,train,Base_TC4,24738,OK,
/data/run01/scxk573/lsz/ysy/physicsnemo/data/dataset_springback_pair_Base_TC4_150/springback_pair_Base_TC4_sample_0085_065deg.npz,85,65.0,train,Base_TC4,24738,OK,
/data/run01/scxk573/lsz/ysy/physicsnemo/data/dataset_springback_pair_Base_TC4_150/springback_pair_Base_TC4_sample_0085_070deg.npz,85,70.0,train,Base_TC4,24738,OK,
/data/run01/scxk573/lsz/ysy/physicsnemo/data/dataset_springback_pair_Base_TC4_150/springback_pair_Base_TC4_sample_0085_075deg.npz,85,75.0,train,Base_TC4,24738,OK,
/data/run01/scxk573/lsz/ysy/physicsnemo/data/dataset_springback_pair_Base_TC4_150/springback_pair_Base_TC4_sample_0085_080deg.npz,85,80.0,train,Base_TC4,24738,OK,
/data/run01/scxk573/lsz/ysy/physicsnemo/data/dataset_springback_pair_Base_TC4_150/springback_pair_Base_TC4_sample_0085_085deg.npz,85,85.0,train,Base_TC4,24738,OK,
/data/run01/scxk573/lsz/ysy/physicsnemo/data/dataset_springback_pair_Base_TC4_150/springback_pair_Base_TC4_sample_0085_090deg.npz,85,90.0,train,Base_TC4,24738,OK,
/data/run01/scxk573/lsz/ysy/physicsnemo/data/dataset_springback_pair_Base_TC4_150/springback_pair_Base_TC4_sample_0085_095deg.npz,85,95.0,train,Base_TC4,24738,OK,
/data/run01/scxk573/lsz/ysy/physicsnemo/data/dataset_springback_pair_Base_TC4_150/springback_pair_Base_TC4_sample_0085_100deg.npz,85,100.0,train,Base_TC4,24738,OK,
/data/run01/scxk573/lsz/ysy/physicsnemo/data/dataset_springback_pair_Base_TC4_150/springback_pair_Base_TC4_sample_0085_105deg.npz,85,105.0,train,Base_TC4,24738,OK,
/data/run01/scxk573/lsz/ysy/physicsnemo/data/dataset_springback_pair_Base_TC4_150/springback_pair_Base_TC4_sample_0085_110deg.npz,85,110.0,train,Base_TC4,24738,OK,
/data/run01/scxk573/lsz/ysy/physicsnemo/data/dataset_springback_pair_Base_TC4_150/springback_pair_Base_TC4_sample_0085_115deg.npz,85,115.0,train,Base_TC4,24738,OK,
/data/run01/scxk573/lsz/ysy/physicsnemo/data/dataset_springback_pair_Base_TC4_150/springback_pair_Base_TC4_sample_0085_120deg.npz,85,120.0,train,Base_TC4,24738,OK,
/data/run01/scxk573/lsz/ysy/physicsnemo/data/dataset_springback_pair_Base_TC4_150/springback_pair_Base_TC4_sample_0085_125deg.npz,85,125.0,train,Base_TC4,24738,OK,
/data/run01/scxk573/lsz/ysy/physicsnemo/data/dataset_springback_pair_Base_TC4_150/springback_pair_Base_TC4_sample_0085_130deg.npz,85,130.0,train,Base_TC4,24738,OK,
/data/run01/scxk573/lsz/ysy/physicsnemo/data/dataset_springback_pair_Base_TC4_150/springback_pair_Base_TC4_sample_0085_135deg.npz,85,135.0,train,Base_TC4,24738,OK,
/data/run01/scxk573/lsz/ysy/physicsnemo/data/dataset_springback_pair_Base_TC4_150/springback_pair_Base_TC4_sample_0085_140deg.npz,85,140.0,train,Base_TC4,24738,OK,
/data/run01/scxk573/lsz/ysy/physicsnemo/data/dataset_springback_pair_Base_TC4_150/springback_pair_Base_TC4_sample_0085_145deg.npz,85,145.0,train,Base_TC4,24738,OK,
/data/run01/scxk573/lsz/ysy/physicsnemo/data/dataset_springback_pair_Base_TC4_150/springback_pair_Base_TC4_sample_0085_150deg.npz,85,150.0,train,Base_TC4,24738,OK,
/data/run01/scxk573/lsz/ysy/physicsnemo/data/dataset_springback_pair_Base_TC4_150/springback_pair_Base_TC4_sample_0085_155deg.npz,85,155.0,train,Base_TC4,24738,OK,
/data/run01/scxk573/lsz/ysy/physicsnemo/data/dataset_springback_pair_Base_TC4_150/springback_pair_Base_TC4_sample_0085_160deg.npz,85,160.0,train,Base_TC4,24738,OK,
/data/run01/scxk573/lsz/ysy/physicsnemo/data/dataset_springback_pair_Base_TC4_150/springback_pair_Base_TC4_sample_0085_165deg.npz,85,165.0,train,Base_TC4,24738,OK,
/data/run01/scxk573/lsz/ysy/physicsnemo/data/dataset_springback_pair_Base_TC4_150/springback_pair_Base_TC4_sample_0085_170deg.npz,85,170.0,train,Base_TC4,24738,OK,
/data/run01/scxk573/lsz/ysy/physicsnemo/data/dataset_springback_pair_Base_TC4_150/springback_pair_Base_TC4_sample_0085_175deg.npz,85,175.0,train,Base_TC4,24738,OK,
/data/run01/scxk573/lsz/ysy/physicsnemo/data/dataset_springback_pair_Base_TC4_150/springback_pair_Base_TC4_sample_0085_180deg.npz,85,180.0,train,Base_TC4,24738,OK,
/data/run01/scxk573/lsz/ysy/physicsnemo/data/dataset_springback_pair_Base_TC4_150/springback_pair_Base_TC4_sample_0086_005deg.npz,86,5.0,train,Base_TC4,13279,OK,
/data/run01/scxk573/lsz/ysy/physicsnemo/data/dataset_springback_pair_Base_TC4_150/springback_pair_Base_TC4_sample_0086_010deg.npz,86,10.0,train,Base_TC4,13279,OK,
/data/run01/scxk573/lsz/ysy/physicsnemo/data/dataset_springback_pair_Base_TC4_150/springback_pair_Base_TC4_sample_0086_015deg.npz,86,15.0,train,Base_TC4,13279,OK,
/data/run01/scxk573/lsz/ysy/physicsnemo/data/dataset_springback_pair_Base_TC4_150/springback_pair_Base_TC4_sample_0086_020deg.npz,86,20.0,train,Base_TC4,13279,OK,
/data/run01/scxk573/lsz/ysy/physicsnemo/data/dataset_springback_pair_Base_TC4_150/springback_pair_Base_TC4_sample_0086_025deg.npz,86,25.0,train,Base_TC4,13279,OK,
/data/run01/scxk573/lsz/ysy/physicsnemo/data/dataset_springback_pair_Base_TC4_150/springback_pair_Base_TC4_sample_0086_030deg.npz,86,30.0,train,Base_TC4,13279,OK,
/data/run01/scxk573/lsz/ysy/physicsnemo/data/dataset_springback_pair_Base_TC4_150/springback_pair_Base_TC4_sample_0086_035deg.npz,86,35.0,train,Base_TC4,13279,OK,
/data/run01/scxk573/lsz/ysy/physicsnemo/data/dataset_springback_pair_Base_TC4_150/springback_pair_Base_TC4_sample_0086_040deg.npz,86,40.0,train,Base_TC4,13279,OK,
/data/run01/scxk573/lsz/ysy/physicsnemo/data/dataset_springback_pair_Base_TC4_150/springback_pair_Base_TC4_sample_0086_045deg.npz,86,45.0,train,Base_TC4,13279,OK,
/data/run01/scxk573/lsz/ysy/physicsnemo/data/dataset_springback_pair_Base_TC4_150/springback_pair_Base_TC4_sample_0086_050deg.npz,86,50.0,train,Base_TC4,13279,OK,
/data/run01/scxk573/lsz/ysy/physicsnemo/data/dataset_springback_pair_Base_TC4_150/springback_pair_Base_TC4_sample_0086_055deg.npz,86,55.0,train,Base_TC4,13279,OK,
/data/run01/scxk573/lsz/ysy/physicsnemo/data/dataset_springback_pair_Base_TC4_150/springback_pair_Base_TC4_sample_0086_060deg.npz,86,60.0,train,Base_TC4,13279,OK,
/data/run01/scxk573/lsz/ysy/physicsnemo/data/dataset_springback_pair_Base_TC4_150/springback_pair_Base_TC4_sample_0086_065deg.npz,86,65.0,train,Base_TC4,13279,OK,
/data/run01/scxk573/lsz/ysy/physicsnemo/data/dataset_springback_pair_Base_TC4_150/springback_pair_Base_TC4_sample_0086_070deg.npz,86,70.0,train,Base_TC4,13279,OK,
/data/run01/scxk573/lsz/ysy/physicsnemo/data/dataset_springback_pair_Base_TC4_150/springback_pair_Base_TC4_sample_0086_075deg.npz,86,75.0,train,Base_TC4,13279,OK,
/data/run01/scxk573/lsz/ysy/physicsnemo/data/dataset_springback_pair_Base_TC4_150/springback_pair_Base_TC4_sample_0086_080deg.npz,86,80.0,train,Base_TC4,13279,OK,
/data/run01/scxk573/lsz/ysy/physicsnemo/data/dataset_springback_pair_Base_TC4_150/springback_pair_Base_TC4_sample_0086_085deg.npz,86,85.0,train,Base_TC4,13279,OK,
/data/run01/scxk573/lsz/ysy/physicsnemo/data/dataset_springback_pair_Base_TC4_150/springback_pair_Base_TC4_sample_0086_090deg.npz,86,90.0,train,Base_TC4,13279,OK,
/data/run01/scxk573/lsz/ysy/physicsnemo/data/dataset_springback_pair_Base_TC4_150/springback_pair_Base_TC4_sample_0086_095deg.npz,86,95.0,train,Base_TC4,13279,OK,
/data/run01/scxk573/lsz/ysy/physicsnemo/data/dataset_springback_pair_Base_TC4_150/springback_pair_Base_TC4_sample_0086_100deg.npz,86,100.0,train,Base_TC4,13279,OK,
/data/run01/scxk573/lsz/ysy/physicsnemo/data/dataset_springback_pair_Base_TC4_150/springback_pair_Base_TC4_sample_0086_105deg.npz,86,105.0,train,Base_TC4,13279,OK,
/data/run01/scxk573/lsz/ysy/physicsnemo/data/dataset_springback_pair_Base_TC4_150/springback_pair_Base_TC4_sample_0086_110deg.npz,86,110.0,train,Base_TC4,13279,OK,
/data/run01/scxk573/lsz/ysy/physicsnemo/data/dataset_springback_pair_Base_TC4_150/springback_pair_Base_TC4_sample_0086_115deg.npz,86,115.0,train,Base_TC4,13279,OK,
/data/run01/scxk573/lsz/ysy/physicsnemo/data/dataset_springback_pair_Base_TC4_150/springback_pair_Base_TC4_sample_0086_120deg.npz,86,120.0,train,Base_TC4,13279,OK,
/data/run01/scxk573/lsz/ysy/physicsnemo/data/dataset_springback_pair_Base_TC4_150/springback_pair_Base_TC4_sample_0086_125deg.npz,86,125.0,train,Base_TC4,13279,OK,
/data/run01/scxk573/lsz/ysy/physicsnemo/data/dataset_springback_pair_Base_TC4_150/springback_pair_Base_TC4_sample_0086_130deg.npz,86,130.0,train,Base_TC4,13279,OK,
/data/run01/scxk573/lsz/ysy/physicsnemo/data/dataset_springback_pair_Base_TC4_150/springback_pair_Base_TC4_sample_0086_135deg.npz,86,135.0,train,Base_TC4,13279,OK,
/data/run01/scxk573/lsz/ysy/physicsnemo/data/dataset_springback_pair_Base_TC4_150/springback_pair_Base_TC4_sample_0086_140deg.npz,86,140.0,train,Base_TC4,13279,OK,
/data/run01/scxk573/lsz/ysy/physicsnemo/data/dataset_springback_pair_Base_TC4_150/springback_pair_Base_TC4_sample_0086_145deg.npz,86,145.0,train,Base_TC4,13279,OK,
/data/run01/scxk573/lsz/ysy/physicsnemo/data/dataset_springback_pair_Base_TC4_150/springback_pair_Base_TC4_sample_0086_150deg.npz,86,150.0,train,Base_TC4,13279,OK,
/data/run01/scxk573/lsz/ysy/physicsnemo/data/dataset_springback_pair_Base_TC4_150/springback_pair_Base_TC4_sample_0086_155deg.npz,86,155.0,train,Base_TC4,13279,OK,
/data/run01/scxk573/lsz/ysy/physicsnemo/data/dataset_springback_pair_Base_TC4_150/springback_pair_Base_TC4_sample_0086_160deg.npz,86,160.0,train,Base_TC4,13279,OK,
/data/run01/scxk573/lsz/ysy/physicsnemo/data/dataset_springback_pair_Base_TC4_150/springback_pair_Base_TC4_sample_0086_165deg.npz,86,165.0,train,Base_TC4,13279,OK,
/data/run01/scxk573/lsz/ysy/physicsnemo/data/dataset_springback_pair_Base_TC4_150/springback_pair_Base_TC4_sample_0086_170deg.npz,86,170.0,train,Base_TC4,13279,OK,
/data/run01/scxk573/lsz/ysy/physicsnemo/data/dataset_springback_pair_Base_TC4_150/springback_pair_Base_TC4_sample_0086_175deg.npz,86,175.0,train,Base_TC4,13279,OK,
/data/run01/scxk573/lsz/ysy/physicsnemo/data/dataset_springback_pair_Base_TC4_150/springback_pair_Base_TC4_sample_0086_180deg.npz,86,180.0,train,Base_TC4,13279,OK,
/data/run01/scxk573/lsz/ysy/physicsnemo/data/dataset_springback_pair_Base_TC4_150/springback_pair_Base_TC4_sample_0087_005deg.npz,87,5.0,train,Base_TC4,3912,OK,
/data/run01/scxk573/lsz/ysy/physicsnemo/data/dataset_springback_pair_Base_TC4_150/springback_pair_Base_TC4_sample_0087_010deg.npz,87,10.0,train,Base_TC4,3912,OK,
/data/run01/scxk573/lsz/ysy/physicsnemo/data/dataset_springback_pair_Base_TC4_150/springback_pair_Base_TC4_sample_0087_015deg.npz,87,15.0,train,Base_TC4,3912,OK,
/data/run01/scxk573/lsz/ysy/physicsnemo/data/dataset_springback_pair_Base_TC4_150/springback_pair_Base_TC4_sample_0087_020deg.npz,87,20.0,train,Base_TC4,3912,OK,
/data/run01/scxk573/lsz/ysy/physicsnemo/data/dataset_springback_pair_Base_TC4_150/springback_pair_Base_TC4_sample_0087_025deg.npz,87,25.0,train,Base_TC4,3912,OK,
/data/run01/scxk573/lsz/ysy/physicsnemo/data/dataset_springback_pair_Base_TC4_150/springback_pair_Base_TC4_sample_0087_030deg.npz,87,30.0,train,Base_TC4,3912,OK,
/data/run01/scxk573/lsz/ysy/physicsnemo/data/dataset_springback_pair_Base_TC4_150/springback_pair_Base_TC4_sample_0087_035deg.npz,87,35.0,train,Base_TC4,3912,OK,
/data/run01/scxk573/lsz/ysy/physicsnemo/data/dataset_springback_pair_Base_TC4_150/springback_pair_Base_TC4_sample_0087_040deg.npz,87,40.0,train,Base_TC4,3912,OK,
/data/run01/scxk573/lsz/ysy/physicsnemo/data/dataset_springback_pair_Base_TC4_150/springback_pair_Base_TC4_sample_0087_045deg.npz,87,45.0,train,Base_TC4,3912,OK,
/data/run01/scxk573/lsz/ysy/physicsnemo/data/dataset_springback_pair_Base_TC4_150/springback_pair_Base_TC4_sample_0087_050deg.npz,87,50.0,train,Base_TC4,3912,OK,
/data/run01/scxk573/lsz/ysy/physicsnemo/data/dataset_springback_pair_Base_TC4_150/springback_pair_Base_TC4_sample_0087_055deg.npz,87,55.0,train,Base_TC4,3912,OK,
/data/run01/scxk573/lsz/ysy/physicsnemo/data/dataset_springback_pair_Base_TC4_150/springback_pair_Base_TC4_sample_0087_060deg.npz,87,60.0,train,Base_TC4,3912,OK,
/data/run01/scxk573/lsz/ysy/physicsnemo/data/dataset_springback_pair_Base_TC4_150/springback_pair_Base_TC4_sample_0087_065deg.npz,87,65.0,train,Base_TC4,3912,OK,
/data/run01/scxk573/lsz/ysy/physicsnemo/data/dataset_springback_pair_Base_TC4_150/springback_pair_Base_TC4_sample_0087_070deg.npz,87,70.0,train,Base_TC4,3912,OK,
/data/run01/scxk573/lsz/ysy/physicsnemo/data/dataset_springback_pair_Base_TC4_150/springback_pair_Base_TC4_sample_0087_075deg.npz,87,75.0,train,Base_TC4,3912,OK,
/data/run01/scxk573/lsz/ysy/physicsnemo/data/dataset_springback_pair_Base_TC4_150/springback_pair_Base_TC4_sample_0087_080deg.npz,87,80.0,train,Base_TC4,3912,OK,
/data/run01/scxk573/lsz/ysy/physicsnemo/data/dataset_springback_pair_Base_TC4_150/springback_pair_Base_TC4_sample_0087_085deg.npz,87,85.0,train,Base_TC4,3912,OK,
/data/run01/scxk573/lsz/ysy/physicsnemo/data/dataset_springback_pair_Base_TC4_150/springback_pair_Base_TC4_sample_0087_090deg.npz,87,90.0,train,Base_TC4,3912,OK,
/data/run01/scxk573/lsz/ysy/physicsnemo/data/dataset_springback_pair_Base_TC4_150/springback_pair_Base_TC4_sample_0087_095deg.npz,87,95.0,train,Base_TC4,3912,OK,
/data/run01/scxk573/lsz/ysy/physicsnemo/data/dataset_springback_pair_Base_TC4_150/springback_pair_Base_TC4_sample_0087_100deg.npz,87,100.0,train,Base_TC4,3912,OK,
/data/run01/scxk573/lsz/ysy/physicsnemo/data/dataset_springback_pair_Base_TC4_150/springback_pair_Base_TC4_sample_0087_105deg.npz,87,105.0,train,Base_TC4,3912,OK,
/data/run01/scxk573/lsz/ysy/physicsnemo/data/dataset_springback_pair_Base_TC4_150/springback_pair_Base_TC4_sample_0087_110deg.npz,87,110.0,train,Base_TC4,3912,OK,
/data/run01/scxk573/lsz/ysy/physicsnemo/data/dataset_springback_pair_Base_TC4_150/springback_pair_Base_TC4_sample_0087_115deg.npz,87,115.0,train,Base_TC4,3912,OK,
/data/run01/scxk573/lsz/ysy/physicsnemo/data/dataset_springback_pair_Base_TC4_150/springback_pair_Base_TC4_sample_0087_120deg.npz,87,120.0,train,Base_TC4,3912,OK,
/data/run01/scxk573/lsz/ysy/physicsnemo/data/dataset_springback_pair_Base_TC4_150/springback_pair_Base_TC4_sample_0087_125deg.npz,87,125.0,train,Base_TC4,3912,OK,
/data/run01/scxk573/lsz/ysy/physicsnemo/data/dataset_springback_pair_Base_TC4_150/springback_pair_Base_TC4_sample_0087_130deg.npz,87,130.0,train,Base_TC4,3912,OK,
/data/run01/scxk573/lsz/ysy/physicsnemo/data/dataset_springback_pair_Base_TC4_150/springback_pair_Base_TC4_sample_0087_135deg.npz,87,135.0,train,Base_TC4,3912,OK,
/data/run01/scxk573/lsz/ysy/physicsnemo/data/dataset_springback_pair_Base_TC4_150/springback_pair_Base_TC4_sample_0087_140deg.npz,87,140.0,train,Base_TC4,3912,OK,
/data/run01/scxk573/lsz/ysy/physicsnemo/data/dataset_springback_pair_Base_TC4_150/springback_pair_Base_TC4_sample_0087_145deg.npz,87,145.0,train,Base_TC4,3912,OK,
/data/run01/scxk573/lsz/ysy/physicsnemo/data/dataset_springback_pair_Base_TC4_150/springback_pair_Base_TC4_sample_0087_150deg.npz,87,150.0,train,Base_TC4,3912,OK,
/data/run01/scxk573/lsz/ysy/physicsnemo/data/dataset_springback_pair_Base_TC4_150/springback_pair_Base_TC4_sample_0087_155deg.npz,87,155.0,train,Base_TC4,3912,OK,
/data/run01/scxk573/lsz/ysy/physicsnemo/data/dataset_springback_pair_Base_TC4_150/springback_pair_Base_TC4_sample_0087_160deg.npz,87,160.0,train,Base_TC4,3912,OK,
/data/run01/scxk573/lsz/ysy/physicsnemo/data/dataset_springback_pair_Base_TC4_150/springback_pair_Base_TC4_sample_0087_165deg.npz,87,165.0,train,Base_TC4,3912,OK,
/data/run01/scxk573/lsz/ysy/physicsnemo/data/dataset_springback_pair_Base_TC4_150/springback_pair_Base_TC4_sample_0087_170deg.npz,87,170.0,train,Base_TC4,3912,OK,
/data/run01/scxk573/lsz/ysy/physicsnemo/data/dataset_springback_pair_Base_TC4_150/springback_pair_Base_TC4_sample_0087_175deg.npz,87,175.0,train,Base_TC4,3912,OK,
/data/run01/scxk573/lsz/ysy/physicsnemo/data/dataset_springback_pair_Base_TC4_150/springback_pair_Base_TC4_sample_0087_180deg.npz,87,180.0,train,Base_TC4,3912,OK,
/data/run01/scxk573/lsz/ysy/physicsnemo/data/dataset_springback_pair_Base_TC4_150/springback_pair_Base_TC4_sample_0088_005deg.npz,88,5.0,train,Base_TC4,3225,OK,
/data/run01/scxk573/lsz/ysy/physicsnemo/data/dataset_springback_pair_Base_TC4_150/springback_pair_Base_TC4_sample_0088_010deg.npz,88,10.0,train,Base_TC4,3225,OK,
/data/run01/scxk573/lsz/ysy/physicsnemo/data/dataset_springback_pair_Base_TC4_150/springback_pair_Base_TC4_sample_0088_015deg.npz,88,15.0,train,Base_TC4,3225,OK,
/data/run01/scxk573/lsz/ysy/physicsnemo/data/dataset_springback_pair_Base_TC4_150/springback_pair_Base_TC4_sample_0088_020deg.npz,88,20.0,train,Base_TC4,3225,OK,
/data/run01/scxk573/lsz/ysy/physicsnemo/data/dataset_springback_pair_Base_TC4_150/springback_pair_Base_TC4_sample_0088_025deg.npz,88,25.0,train,Base_TC4,3225,OK,
/data/run01/scxk573/lsz/ysy/physicsnemo/data/dataset_springback_pair_Base_TC4_150/springback_pair_Base_TC4_sample_0088_030deg.npz,88,30.0,train,Base_TC4,3225,OK,
/data/run01/scxk573/lsz/ysy/physicsnemo/data/dataset_springback_pair_Base_TC4_150/springback_pair_Base_TC4_sample_0088_035deg.npz,88,35.0,train,Base_TC4,3225,OK,
/data/run01/scxk573/lsz/ysy/physicsnemo/data/dataset_springback_pair_Base_TC4_150/springback_pair_Base_TC4_sample_0088_040deg.npz,88,40.0,train,Base_TC4,3225,OK,
/data/run01/scxk573/lsz/ysy/physicsnemo/data/dataset_springback_pair_Base_TC4_150/springback_pair_Base_TC4_sample_0088_045deg.npz,88,45.0,train,Base_TC4,3225,OK,
/data/run01/scxk573/lsz/ysy/physicsnemo/data/dataset_springback_pair_Base_TC4_150/springback_pair_Base_TC4_sample_0088_050deg.npz,88,50.0,train,Base_TC4,3225,OK,
/data/run01/scxk573/lsz/ysy/physicsnemo/data/dataset_springback_pair_Base_TC4_150/springback_pair_Base_TC4_sample_0088_055deg.npz,88,55.0,train,Base_TC4,3225,OK,
/data/run01/scxk573/lsz/ysy/physicsnemo/data/dataset_springback_pair_Base_TC4_150/springback_pair_Base_TC4_sample_0088_060deg.npz,88,60.0,train,Base_TC4,3225,OK,
/data/run01/scxk573/lsz/ysy/physicsnemo/data/dataset_springback_pair_Base_TC4_150/springback_pair_Base_TC4_sample_0088_065deg.npz,88,65.0,train,Base_TC4,3225,OK,
/data/run01/scxk573/lsz/ysy/physicsnemo/data/dataset_springback_pair_Base_TC4_150/springback_pair_Base_TC4_sample_0088_070deg.npz,88,70.0,train,Base_TC4,3225,OK,
/data/run01/scxk573/lsz/ysy/physicsnemo/data/dataset_springback_pair_Base_TC4_150/springback_pair_Base_TC4_sample_0088_075deg.npz,88,75.0,train,Base_TC4,3225,OK,
/data/run01/scxk573/lsz/ysy/physicsnemo/data/dataset_springback_pair_Base_TC4_150/springback_pair_Base_TC4_sample_0088_080deg.npz,88,80.0,train,Base_TC4,3225,OK,
/data/run01/scxk573/lsz/ysy/physicsnemo/data/dataset_springback_pair_Base_TC4_150/springback_pair_Base_TC4_sample_0088_085deg.npz,88,85.0,train,Base_TC4,3225,OK,
/data/run01/scxk573/lsz/ysy/physicsnemo/data/dataset_springback_pair_Base_TC4_150/springback_pair_Base_TC4_sample_0088_090deg.npz,88,90.0,train,Base_TC4,3225,OK,
/data/run01/scxk573/lsz/ysy/physicsnemo/data/dataset_springback_pair_Base_TC4_150/springback_pair_Base_TC4_sample_0088_095deg.npz,88,95.0,train,Base_TC4,3225,OK,
/data/run01/scxk573/lsz/ysy/physicsnemo/data/dataset_springback_pair_Base_TC4_150/springback_pair_Base_TC4_sample_0088_100deg.npz,88,100.0,train,Base_TC4,3225,OK,
/data/run01/scxk573/lsz/ysy/physicsnemo/data/dataset_springback_pair_Base_TC4_150/springback_pair_Base_TC4_sample_0088_105deg.npz,88,105.0,train,Base_TC4,3225,OK,
/data/run01/scxk573/lsz/ysy/physicsnemo/data/dataset_springback_pair_Base_TC4_150/springback_pair_Base_TC4_sample_0088_110deg.npz,88,110.0,train,Base_TC4,3225,OK,
/data/run01/scxk573/lsz/ysy/physicsnemo/data/dataset_springback_pair_Base_TC4_150/springback_pair_Base_TC4_sample_0088_115deg.npz,88,115.0,train,Base_TC4,3225,OK,
/data/run01/scxk573/lsz/ysy/physicsnemo/data/dataset_springback_pair_Base_TC4_150/springback_pair_Base_TC4_sample_0088_120deg.npz,88,120.0,train,Base_TC4,3225,OK,
/data/run01/scxk573/lsz/ysy/physicsnemo/data/dataset_springback_pair_Base_TC4_150/springback_pair_Base_TC4_sample_0088_125deg.npz,88,125.0,train,Base_TC4,3225,OK,
/data/run01/scxk573/lsz/ysy/physicsnemo/data/dataset_springback_pair_Base_TC4_150/springback_pair_Base_TC4_sample_0088_130deg.npz,88,130.0,train,Base_TC4,3225,OK,
/data/run01/scxk573/lsz/ysy/physicsnemo/data/dataset_springback_pair_Base_TC4_150/springback_pair_Base_TC4_sample_0088_135deg.npz,88,135.0,train,Base_TC4,3225,OK,
/data/run01/scxk573/lsz/ysy/physicsnemo/data/dataset_springback_pair_Base_TC4_150/springback_pair_Base_TC4_sample_0088_140deg.npz,88,140.0,train,Base_TC4,3225,OK,
/data/run01/scxk573/lsz/ysy/physicsnemo/data/dataset_springback_pair_Base_TC4_150/springback_pair_Base_TC4_sample_0088_145deg.npz,88,145.0,train,Base_TC4,3225,OK,
/data/run01/scxk573/lsz/ysy/physicsnemo/data/dataset_springback_pair_Base_TC4_150/springback_pair_Base_TC4_sample_0088_150deg.npz,88,150.0,train,Base_TC4,3225,OK,
/data/run01/scxk573/lsz/ysy/physicsnemo/data/dataset_springback_pair_Base_TC4_150/springback_pair_Base_TC4_sample_0088_155deg.npz,88,155.0,train,Base_TC4,3225,OK,
/data/run01/scxk573/lsz/ysy/physicsnemo/data/dataset_springback_pair_Base_TC4_150/springback_pair_Base_TC4_sample_0088_160deg.npz,88,160.0,train,Base_TC4,3225,OK,
/data/run01/scxk573/lsz/ysy/physicsnemo/data/dataset_springback_pair_Base_TC4_150/springback_pair_Base_TC4_sample_0088_165deg.npz,88,165.0,train,Base_TC4,3225,OK,
/data/run01/scxk573/lsz/ysy/physicsnemo/data/dataset_springback_pair_Base_TC4_150/springback_pair_Base_TC4_sample_0088_170deg.npz,88,170.0,train,Base_TC4,3225,OK,
/data/run01/scxk573/lsz/ysy/physicsnemo/data/dataset_springback_pair_Base_TC4_150/springback_pair_Base_TC4_sample_0088_175deg.npz,88,175.0,train,Base_TC4,3225,OK,
/data/run01/scxk573/lsz/ysy/physicsnemo/data/dataset_springback_pair_Base_TC4_150/springback_pair_Base_TC4_sample_0088_180deg.npz,88,180.0,train,Base_TC4,3225,OK,
/data/run01/scxk573/lsz/ysy/physicsnemo/data/dataset_springback_pair_Base_TC4_150/springback_pair_Base_TC4_sample_0089_005deg.npz,89,5.0,train,Base_TC4,19264,OK,
/data/run01/scxk573/lsz/ysy/physicsnemo/data/dataset_springback_pair_Base_TC4_150/springback_pair_Base_TC4_sample_0089_010deg.npz,89,10.0,train,Base_TC4,19264,OK,
/data/run01/scxk573/lsz/ysy/physicsnemo/data/dataset_springback_pair_Base_TC4_150/springback_pair_Base_TC4_sample_0089_015deg.npz,89,15.0,train,Base_TC4,19264,OK,
/data/run01/scxk573/lsz/ysy/physicsnemo/data/dataset_springback_pair_Base_TC4_150/springback_pair_Base_TC4_sample_0089_020deg.npz,89,20.0,train,Base_TC4,19264,OK,
/data/run01/scxk573/lsz/ysy/physicsnemo/data/dataset_springback_pair_Base_TC4_150/springback_pair_Base_TC4_sample_0089_025deg.npz,89,25.0,train,Base_TC4,19264,OK,
/data/run01/scxk573/lsz/ysy/physicsnemo/data/dataset_springback_pair_Base_TC4_150/springback_pair_Base_TC4_sample_0089_030deg.npz,89,30.0,train,Base_TC4,19264,OK,
/data/run01/scxk573/lsz/ysy/physicsnemo/data/dataset_springback_pair_Base_TC4_150/springback_pair_Base_TC4_sample_0089_035deg.npz,89,35.0,train,Base_TC4,19264,OK,
/data/run01/scxk573/lsz/ysy/physicsnemo/data/dataset_springback_pair_Base_TC4_150/springback_pair_Base_TC4_sample_0089_040deg.npz,89,40.0,train,Base_TC4,19264,OK,
/data/run01/scxk573/lsz/ysy/physicsnemo/data/dataset_springback_pair_Base_TC4_150/springback_pair_Base_TC4_sample_0089_045deg.npz,89,45.0,train,Base_TC4,19264,OK,
/data/run01/scxk573/lsz/ysy/physicsnemo/data/dataset_springback_pair_Base_TC4_150/springback_pair_Base_TC4_sample_0089_050deg.npz,89,50.0,train,Base_TC4,19264,OK,
/data/run01/scxk573/lsz/ysy/physicsnemo/data/dataset_springback_pair_Base_TC4_150/springback_pair_Base_TC4_sample_0089_055deg.npz,89,55.0,train,Base_TC4,19264,OK,
/data/run01/scxk573/lsz/ysy/physicsnemo/data/dataset_springback_pair_Base_TC4_150/springback_pair_Base_TC4_sample_0089_060deg.npz,89,60.0,train,Base_TC4,19264,OK,
/data/run01/scxk573/lsz/ysy/physicsnemo/data/dataset_springback_pair_Base_TC4_150/springback_pair_Base_TC4_sample_0089_065deg.npz,89,65.0,train,Base_TC4,19264,OK,
/data/run01/scxk573/lsz/ysy/physicsnemo/data/dataset_springback_pair_Base_TC4_150/springback_pair_Base_TC4_sample_0089_070deg.npz,89,70.0,train,Base_TC4,19264,OK,
/data/run01/scxk573/lsz/ysy/physicsnemo/data/dataset_springback_pair_Base_TC4_150/springback_pair_Base_TC4_sample_0089_075deg.npz,89,75.0,train,Base_TC4,19264,OK,
/data/run01/scxk573/lsz/ysy/physicsnemo/data/dataset_springback_pair_Base_TC4_150/springback_pair_Base_TC4_sample_0089_080deg.npz,89,80.0,train,Base_TC4,19264,OK,
/data/run01/scxk573/lsz/ysy/physicsnemo/data/dataset_springback_pair_Base_TC4_150/springback_pair_Base_TC4_sample_0089_085deg.npz,89,85.0,train,Base_TC4,19264,OK,
/data/run01/scxk573/lsz/ysy/physicsnemo/data/dataset_springback_pair_Base_TC4_150/springback_pair_Base_TC4_sample_0089_090deg.npz,89,90.0,train,Base_TC4,19264,OK,
/data/run01/scxk573/lsz/ysy/physicsnemo/data/dataset_springback_pair_Base_TC4_150/springback_pair_Base_TC4_sample_0089_095deg.npz,89,95.0,train,Base_TC4,19264,OK,
/data/run01/scxk573/lsz/ysy/physicsnemo/data/dataset_springback_pair_Base_TC4_150/springback_pair_Base_TC4_sample_0089_100deg.npz,89,100.0,train,Base_TC4,19264,OK,
/data/run01/scxk573/lsz/ysy/physicsnemo/data/dataset_springback_pair_Base_TC4_150/springback_pair_Base_TC4_sample_0089_105deg.npz,89,105.0,train,Base_TC4,19264,OK,
/data/run01/scxk573/lsz/ysy/physicsnemo/data/dataset_springback_pair_Base_TC4_150/springback_pair_Base_TC4_sample_0089_110deg.npz,89,110.0,train,Base_TC4,19264,OK,
/data/run01/scxk573/lsz/ysy/physicsnemo/data/dataset_springback_pair_Base_TC4_150/springback_pair_Base_TC4_sample_0089_115deg.npz,89,115.0,train,Base_TC4,19264,OK,
/data/run01/scxk573/lsz/ysy/physicsnemo/data/dataset_springback_pair_Base_TC4_150/springback_pair_Base_TC4_sample_0089_120deg.npz,89,120.0,train,Base_TC4,19264,OK,
/data/run01/scxk573/lsz/ysy/physicsnemo/data/dataset_springback_pair_Base_TC4_150/springback_pair_Base_TC4_sample_0089_125deg.npz,89,125.0,train,Base_TC4,19264,OK,
/data/run01/scxk573/lsz/ysy/physicsnemo/data/dataset_springback_pair_Base_TC4_150/springback_pair_Base_TC4_sample_0089_130deg.npz,89,130.0,train,Base_TC4,19264,OK,
/data/run01/scxk573/lsz/ysy/physicsnemo/data/dataset_springback_pair_Base_TC4_150/springback_pair_Base_TC4_sample_0089_135deg.npz,89,135.0,train,Base_TC4,19264,OK,
/data/run01/scxk573/lsz/ysy/physicsnemo/data/dataset_springback_pair_Base_TC4_150/springback_pair_Base_TC4_sample_0089_140deg.npz,89,140.0,train,Base_TC4,19264,OK,
/data/run01/scxk573/lsz/ysy/physicsnemo/data/dataset_springback_pair_Base_TC4_150/springback_pair_Base_TC4_sample_0089_145deg.npz,89,145.0,train,Base_TC4,19264,OK,
/data/run01/scxk573/lsz/ysy/physicsnemo/data/dataset_springback_pair_Base_TC4_150/springback_pair_Base_TC4_sample_0089_150deg.npz,89,150.0,train,Base_TC4,19264,OK,
/data/run01/scxk573/lsz/ysy/physicsnemo/data/dataset_springback_pair_Base_TC4_150/springback_pair_Base_TC4_sample_0089_155deg.npz,89,155.0,train,Base_TC4,19264,OK,
/data/run01/scxk573/lsz/ysy/physicsnemo/data/dataset_springback_pair_Base_TC4_150/springback_pair_Base_TC4_sample_0089_160deg.npz,89,160.0,train,Base_TC4,19264,OK,
/data/run01/scxk573/lsz/ysy/physicsnemo/data/dataset_springback_pair_Base_TC4_150/springback_pair_Base_TC4_sample_0089_165deg.npz,89,165.0,train,Base_TC4,19264,OK,
/data/run01/scxk573/lsz/ysy/physicsnemo/data/dataset_springback_pair_Base_TC4_150/springback_pair_Base_TC4_sample_0089_170deg.npz,89,170.0,train,Base_TC4,19264,OK,
/data/run01/scxk573/lsz/ysy/physicsnemo/data/dataset_springback_pair_Base_TC4_150/springback_pair_Base_TC4_sample_0089_175deg.npz,89,175.0,train,Base_TC4,19264,OK,
/data/run01/scxk573/lsz/ysy/physicsnemo/data/dataset_springback_pair_Base_TC4_150/springback_pair_Base_TC4_sample_0089_180deg.npz,89,180.0,train,Base_TC4,19264,OK,
/data/run01/scxk573/lsz/ysy/physicsnemo/data/dataset_springback_pair_Base_TC4_150/springback_pair_Base_TC4_sample_0090_005deg.npz,90,5.0,train,Base_TC4,13630,OK,
/data/run01/scxk573/lsz/ysy/physicsnemo/data/dataset_springback_pair_Base_TC4_150/springback_pair_Base_TC4_sample_0090_010deg.npz,90,10.0,train,Base_TC4,13630,OK,
/data/run01/scxk573/lsz/ysy/physicsnemo/data/dataset_springback_pair_Base_TC4_150/springback_pair_Base_TC4_sample_0090_015deg.npz,90,15.0,train,Base_TC4,13630,OK,
/data/run01/scxk573/lsz/ysy/physicsnemo/data/dataset_springback_pair_Base_TC4_150/springback_pair_Base_TC4_sample_0090_020deg.npz,90,20.0,train,Base_TC4,13630,OK,
/data/run01/scxk573/lsz/ysy/physicsnemo/data/dataset_springback_pair_Base_TC4_150/springback_pair_Base_TC4_sample_0090_025deg.npz,90,25.0,train,Base_TC4,13630,OK,
/data/run01/scxk573/lsz/ysy/physicsnemo/data/dataset_springback_pair_Base_TC4_150/springback_pair_Base_TC4_sample_0090_030deg.npz,90,30.0,train,Base_TC4,13630,OK,
/data/run01/scxk573/lsz/ysy/physicsnemo/data/dataset_springback_pair_Base_TC4_150/springback_pair_Base_TC4_sample_0090_035deg.npz,90,35.0,train,Base_TC4,13630,OK,
/data/run01/scxk573/lsz/ysy/physicsnemo/data/dataset_springback_pair_Base_TC4_150/springback_pair_Base_TC4_sample_0090_040deg.npz,90,40.0,train,Base_TC4,13630,OK,
/data/run01/scxk573/lsz/ysy/physicsnemo/data/dataset_springback_pair_Base_TC4_150/springback_pair_Base_TC4_sample_0090_045deg.npz,90,45.0,train,Base_TC4,13630,OK,
/data/run01/scxk573/lsz/ysy/physicsnemo/data/dataset_springback_pair_Base_TC4_150/springback_pair_Base_TC4_sample_0090_050deg.npz,90,50.0,train,Base_TC4,13630,OK,
/data/run01/scxk573/lsz/ysy/physicsnemo/data/dataset_springback_pair_Base_TC4_150/springback_pair_Base_TC4_sample_0090_055deg.npz,90,55.0,train,Base_TC4,13630,OK,
/data/run01/scxk573/lsz/ysy/physicsnemo/data/dataset_springback_pair_Base_TC4_150/springback_pair_Base_TC4_sample_0090_060deg.npz,90,60.0,train,Base_TC4,13630,OK,
/data/run01/scxk573/lsz/ysy/physicsnemo/data/dataset_springback_pair_Base_TC4_150/springback_pair_Base_TC4_sample_0090_065deg.npz,90,65.0,train,Base_TC4,13630,OK,
/data/run01/scxk573/lsz/ysy/physicsnemo/data/dataset_springback_pair_Base_TC4_150/springback_pair_Base_TC4_sample_0090_070deg.npz,90,70.0,train,Base_TC4,13630,OK,
/data/run01/scxk573/lsz/ysy/physicsnemo/data/dataset_springback_pair_Base_TC4_150/springback_pair_Base_TC4_sample_0090_075deg.npz,90,75.0,train,Base_TC4,13630,OK,
/data/run01/scxk573/lsz/ysy/physicsnemo/data/dataset_springback_pair_Base_TC4_150/springback_pair_Base_TC4_sample_0090_080deg.npz,90,80.0,train,Base_TC4,13630,OK,
/data/run01/scxk573/lsz/ysy/physicsnemo/data/dataset_springback_pair_Base_TC4_150/springback_pair_Base_TC4_sample_0090_085deg.npz,90,85.0,train,Base_TC4,13630,OK,
/data/run01/scxk573/lsz/ysy/physicsnemo/data/dataset_springback_pair_Base_TC4_150/springback_pair_Base_TC4_sample_0090_090deg.npz,90,90.0,train,Base_TC4,13630,OK,
/data/run01/scxk573/lsz/ysy/physicsnemo/data/dataset_springback_pair_Base_TC4_150/springback_pair_Base_TC4_sample_0090_095deg.npz,90,95.0,train,Base_TC4,13630,OK,
/data/run01/scxk573/lsz/ysy/physicsnemo/data/dataset_springback_pair_Base_TC4_150/springback_pair_Base_TC4_sample_0090_100deg.npz,90,100.0,train,Base_TC4,13630,OK,
/data/run01/scxk573/lsz/ysy/physicsnemo/data/dataset_springback_pair_Base_TC4_150/springback_pair_Base_TC4_sample_0090_105deg.npz,90,105.0,train,Base_TC4,13630,OK,
/data/run01/scxk573/lsz/ysy/physicsnemo/data/dataset_springback_pair_Base_TC4_150/springback_pair_Base_TC4_sample_0090_110deg.npz,90,110.0,train,Base_TC4,13630,OK,
/data/run01/scxk573/lsz/ysy/physicsnemo/data/dataset_springback_pair_Base_TC4_150/springback_pair_Base_TC4_sample_0090_115deg.npz,90,115.0,train,Base_TC4,13630,OK,
/data/run01/scxk573/lsz/ysy/physicsnemo/data/dataset_springback_pair_Base_TC4_150/springback_pair_Base_TC4_sample_0090_120deg.npz,90,120.0,train,Base_TC4,13630,OK,
/data/run01/scxk573/lsz/ysy/physicsnemo/data/dataset_springback_pair_Base_TC4_150/springback_pair_Base_TC4_sample_0090_125deg.npz,90,125.0,train,Base_TC4,13630,OK,
/data/run01/scxk573/lsz/ysy/physicsnemo/data/dataset_springback_pair_Base_TC4_150/springback_pair_Base_TC4_sample_0090_130deg.npz,90,130.0,train,Base_TC4,13630,OK,
/data/run01/scxk573/lsz/ysy/physicsnemo/data/dataset_springback_pair_Base_TC4_150/springback_pair_Base_TC4_sample_0090_135deg.npz,90,135.0,train,Base_TC4,13630,OK,
/data/run01/scxk573/lsz/ysy/physicsnemo/data/dataset_springback_pair_Base_TC4_150/springback_pair_Base_TC4_sample_0090_140deg.npz,90,140.0,train,Base_TC4,13630,OK,
/data/run01/scxk573/lsz/ysy/physicsnemo/data/dataset_springback_pair_Base_TC4_150/springback_pair_Base_TC4_sample_0090_145deg.npz,90,145.0,train,Base_TC4,13630,OK,
/data/run01/scxk573/lsz/ysy/physicsnemo/data/dataset_springback_pair_Base_TC4_150/springback_pair_Base_TC4_sample_0090_150deg.npz,90,150.0,train,Base_TC4,13630,OK,
/data/run01/scxk573/lsz/ysy/physicsnemo/data/dataset_springback_pair_Base_TC4_150/springback_pair_Base_TC4_sample_0090_155deg.npz,90,155.0,train,Base_TC4,13630,OK,
/data/run01/scxk573/lsz/ysy/physicsnemo/data/dataset_springback_pair_Base_TC4_150/springback_pair_Base_TC4_sample_0090_160deg.npz,90,160.0,train,Base_TC4,13630,OK,
/data/run01/scxk573/lsz/ysy/physicsnemo/data/dataset_springback_pair_Base_TC4_150/springback_pair_Base_TC4_sample_0090_165deg.npz,90,165.0,train,Base_TC4,13630,OK,
/data/run01/scxk573/lsz/ysy/physicsnemo/data/dataset_springback_pair_Base_TC4_150/springback_pair_Base_TC4_sample_0090_170deg.npz,90,170.0,train,Base_TC4,13630,OK,
/data/run01/scxk573/lsz/ysy/physicsnemo/data/dataset_springback_pair_Base_TC4_150/springback_pair_Base_TC4_sample_0090_175deg.npz,90,175.0,train,Base_TC4,13630,OK,
/data/run01/scxk573/lsz/ysy/physicsnemo/data/dataset_springback_pair_Base_TC4_150/springback_pair_Base_TC4_sample_0090_180deg.npz,90,180.0,train,Base_TC4,13630,OK,
/data/run01/scxk573/lsz/ysy/physicsnemo/data/dataset_springback_pair_Base_TC4_150/springback_pair_Base_TC4_sample_0091_005deg.npz,91,5.0,val,Base_TC4,8960,OK,
/data/run01/scxk573/lsz/ysy/physicsnemo/data/dataset_springback_pair_Base_TC4_150/springback_pair_Base_TC4_sample_0091_010deg.npz,91,10.0,val,Base_TC4,8960,OK,
/data/run01/scxk573/lsz/ysy/physicsnemo/data/dataset_springback_pair_Base_TC4_150/springback_pair_Base_TC4_sample_0091_015deg.npz,91,15.0,val,Base_TC4,8960,OK,
/data/run01/scxk573/lsz/ysy/physicsnemo/data/dataset_springback_pair_Base_TC4_150/springback_pair_Base_TC4_sample_0091_020deg.npz,91,20.0,val,Base_TC4,8960,OK,
/data/run01/scxk573/lsz/ysy/physicsnemo/data/dataset_springback_pair_Base_TC4_150/springback_pair_Base_TC4_sample_0091_025deg.npz,91,25.0,val,Base_TC4,8960,OK,
/data/run01/scxk573/lsz/ysy/physicsnemo/data/dataset_springback_pair_Base_TC4_150/springback_pair_Base_TC4_sample_0091_030deg.npz,91,30.0,val,Base_TC4,8960,OK,
/data/run01/scxk573/lsz/ysy/physicsnemo/data/dataset_springback_pair_Base_TC4_150/springback_pair_Base_TC4_sample_0091_035deg.npz,91,35.0,val,Base_TC4,8960,OK,
/data/run01/scxk573/lsz/ysy/physicsnemo/data/dataset_springback_pair_Base_TC4_150/springback_pair_Base_TC4_sample_0091_040deg.npz,91,40.0,val,Base_TC4,8960,OK,
/data/run01/scxk573/lsz/ysy/physicsnemo/data/dataset_springback_pair_Base_TC4_150/springback_pair_Base_TC4_sample_0091_045deg.npz,91,45.0,val,Base_TC4,8960,OK,
/data/run01/scxk573/lsz/ysy/physicsnemo/data/dataset_springback_pair_Base_TC4_150/springback_pair_Base_TC4_sample_0091_050deg.npz,91,50.0,val,Base_TC4,8960,OK,
/data/run01/scxk573/lsz/ysy/physicsnemo/data/dataset_springback_pair_Base_TC4_150/springback_pair_Base_TC4_sample_0091_055deg.npz,91,55.0,val,Base_TC4,8960,OK,
/data/run01/scxk573/lsz/ysy/physicsnemo/data/dataset_springback_pair_Base_TC4_150/springback_pair_Base_TC4_sample_0091_060deg.npz,91,60.0,val,Base_TC4,8960,OK,
/data/run01/scxk573/lsz/ysy/physicsnemo/data/dataset_springback_pair_Base_TC4_150/springback_pair_Base_TC4_sample_0091_065deg.npz,91,65.0,val,Base_TC4,8960,OK,
/data/run01/scxk573/lsz/ysy/physicsnemo/data/dataset_springback_pair_Base_TC4_150/springback_pair_Base_TC4_sample_0091_070deg.npz,91,70.0,val,Base_TC4,8960,OK,
/data/run01/scxk573/lsz/ysy/physicsnemo/data/dataset_springback_pair_Base_TC4_150/springback_pair_Base_TC4_sample_0091_075deg.npz,91,75.0,val,Base_TC4,8960,OK,
/data/run01/scxk573/lsz/ysy/physicsnemo/data/dataset_springback_pair_Base_TC4_150/springback_pair_Base_TC4_sample_0091_080deg.npz,91,80.0,val,Base_TC4,8960,OK,
/data/run01/scxk573/lsz/ysy/physicsnemo/data/dataset_springback_pair_Base_TC4_150/springback_pair_Base_TC4_sample_0091_085deg.npz,91,85.0,val,Base_TC4,8960,OK,
/data/run01/scxk573/lsz/ysy/physicsnemo/data/dataset_springback_pair_Base_TC4_150/springback_pair_Base_TC4_sample_0091_090deg.npz,91,90.0,val,Base_TC4,8960,OK,
/data/run01/scxk573/lsz/ysy/physicsnemo/data/dataset_springback_pair_Base_TC4_150/springback_pair_Base_TC4_sample_0091_095deg.npz,91,95.0,val,Base_TC4,8960,OK,
/data/run01/scxk573/lsz/ysy/physicsnemo/data/dataset_springback_pair_Base_TC4_150/springback_pair_Base_TC4_sample_0091_100deg.npz,91,100.0,val,Base_TC4,8960,OK,
/data/run01/scxk573/lsz/ysy/physicsnemo/data/dataset_springback_pair_Base_TC4_150/springback_pair_Base_TC4_sample_0091_105deg.npz,91,105.0,val,Base_TC4,8960,OK,
/data/run01/scxk573/lsz/ysy/physicsnemo/data/dataset_springback_pair_Base_TC4_150/springback_pair_Base_TC4_sample_0091_110deg.npz,91,110.0,val,Base_TC4,8960,OK,
/data/run01/scxk573/lsz/ysy/physicsnemo/data/dataset_springback_pair_Base_TC4_150/springback_pair_Base_TC4_sample_0091_115deg.npz,91,115.0,val,Base_TC4,8960,OK,
/data/run01/scxk573/lsz/ysy/physicsnemo/data/dataset_springback_pair_Base_TC4_150/springback_pair_Base_TC4_sample_0091_120deg.npz,91,120.0,val,Base_TC4,8960,OK,
/data/run01/scxk573/lsz/ysy/physicsnemo/data/dataset_springback_pair_Base_TC4_150/springback_pair_Base_TC4_sample_0091_125deg.npz,91,125.0,val,Base_TC4,8960,OK,
/data/run01/scxk573/lsz/ysy/physicsnemo/data/dataset_springback_pair_Base_TC4_150/springback_pair_Base_TC4_sample_0091_130deg.npz,91,130.0,val,Base_TC4,8960,OK,
/data/run01/scxk573/lsz/ysy/physicsnemo/data/dataset_springback_pair_Base_TC4_150/springback_pair_Base_TC4_sample_0091_135deg.npz,91,135.0,val,Base_TC4,8960,OK,
/data/run01/scxk573/lsz/ysy/physicsnemo/data/dataset_springback_pair_Base_TC4_150/springback_pair_Base_TC4_sample_0091_140deg.npz,91,140.0,val,Base_TC4,8960,OK,
/data/run01/scxk573/lsz/ysy/physicsnemo/data/dataset_springback_pair_Base_TC4_150/springback_pair_Base_TC4_sample_0091_145deg.npz,91,145.0,val,Base_TC4,8960,OK,
/data/run01/scxk573/lsz/ysy/physicsnemo/data/dataset_springback_pair_Base_TC4_150/springback_pair_Base_TC4_sample_0091_150deg.npz,91,150.0,val,Base_TC4,8960,OK,
/data/run01/scxk573/lsz/ysy/physicsnemo/data/dataset_springback_pair_Base_TC4_150/springback_pair_Base_TC4_sample_0091_155deg.npz,91,155.0,val,Base_TC4,8960,OK,
/data/run01/scxk573/lsz/ysy/physicsnemo/data/dataset_springback_pair_Base_TC4_150/springback_pair_Base_TC4_sample_0091_160deg.npz,91,160.0,val,Base_TC4,8960,OK,
/data/run01/scxk573/lsz/ysy/physicsnemo/data/dataset_springback_pair_Base_TC4_150/springback_pair_Base_TC4_sample_0091_165deg.npz,91,165.0,val,Base_TC4,8960,OK,
/data/run01/scxk573/lsz/ysy/physicsnemo/data/dataset_springback_pair_Base_TC4_150/springback_pair_Base_TC4_sample_0091_170deg.npz,91,170.0,val,Base_TC4,8960,OK,
/data/run01/scxk573/lsz/ysy/physicsnemo/data/dataset_springback_pair_Base_TC4_150/springback_pair_Base_TC4_sample_0091_175deg.npz,91,175.0,val,Base_TC4,8960,OK,
/data/run01/scxk573/lsz/ysy/physicsnemo/data/dataset_springback_pair_Base_TC4_150/springback_pair_Base_TC4_sample_0091_180deg.npz,91,180.0,val,Base_TC4,8960,OK,
/data/run01/scxk573/lsz/ysy/physicsnemo/data/dataset_springback_pair_Base_TC4_150/springback_pair_Base_TC4_sample_0092_005deg.npz,92,5.0,val,Base_TC4,19635,OK,
/data/run01/scxk573/lsz/ysy/physicsnemo/data/dataset_springback_pair_Base_TC4_150/springback_pair_Base_TC4_sample_0092_010deg.npz,92,10.0,val,Base_TC4,19635,OK,
/data/run01/scxk573/lsz/ysy/physicsnemo/data/dataset_springback_pair_Base_TC4_150/springback_pair_Base_TC4_sample_0092_015deg.npz,92,15.0,val,Base_TC4,19635,OK,
/data/run01/scxk573/lsz/ysy/physicsnemo/data/dataset_springback_pair_Base_TC4_150/springback_pair_Base_TC4_sample_0092_020deg.npz,92,20.0,val,Base_TC4,19635,OK,
/data/run01/scxk573/lsz/ysy/physicsnemo/data/dataset_springback_pair_Base_TC4_150/springback_pair_Base_TC4_sample_0092_025deg.npz,92,25.0,val,Base_TC4,19635,OK,
/data/run01/scxk573/lsz/ysy/physicsnemo/data/dataset_springback_pair_Base_TC4_150/springback_pair_Base_TC4_sample_0092_030deg.npz,92,30.0,val,Base_TC4,19635,OK,
/data/run01/scxk573/lsz/ysy/physicsnemo/data/dataset_springback_pair_Base_TC4_150/springback_pair_Base_TC4_sample_0092_035deg.npz,92,35.0,val,Base_TC4,19635,OK,
/data/run01/scxk573/lsz/ysy/physicsnemo/data/dataset_springback_pair_Base_TC4_150/springback_pair_Base_TC4_sample_0092_040deg.npz,92,40.0,val,Base_TC4,19635,OK,
/data/run01/scxk573/lsz/ysy/physicsnemo/data/dataset_springback_pair_Base_TC4_150/springback_pair_Base_TC4_sample_0092_045deg.npz,92,45.0,val,Base_TC4,19635,OK,
/data/run01/scxk573/lsz/ysy/physicsnemo/data/dataset_springback_pair_Base_TC4_150/springback_pair_Base_TC4_sample_0092_050deg.npz,92,50.0,val,Base_TC4,19635,OK,
/data/run01/scxk573/lsz/ysy/physicsnemo/data/dataset_springback_pair_Base_TC4_150/springback_pair_Base_TC4_sample_0092_055deg.npz,92,55.0,val,Base_TC4,19635,OK,
/data/run01/scxk573/lsz/ysy/physicsnemo/data/dataset_springback_pair_Base_TC4_150/springback_pair_Base_TC4_sample_0092_060deg.npz,92,60.0,val,Base_TC4,19635,OK,
/data/run01/scxk573/lsz/ysy/physicsnemo/data/dataset_springback_pair_Base_TC4_150/springback_pair_Base_TC4_sample_0092_065deg.npz,92,65.0,val,Base_TC4,19635,OK,
/data/run01/scxk573/lsz/ysy/physicsnemo/data/dataset_springback_pair_Base_TC4_150/springback_pair_Base_TC4_sample_0092_070deg.npz,92,70.0,val,Base_TC4,19635,OK,
/data/run01/scxk573/lsz/ysy/physicsnemo/data/dataset_springback_pair_Base_TC4_150/springback_pair_Base_TC4_sample_0092_075deg.npz,92,75.0,val,Base_TC4,19635,OK,
/data/run01/scxk573/lsz/ysy/physicsnemo/data/dataset_springback_pair_Base_TC4_150/springback_pair_Base_TC4_sample_0092_080deg.npz,92,80.0,val,Base_TC4,19635,OK,
/data/run01/scxk573/lsz/ysy/physicsnemo/data/dataset_springback_pair_Base_TC4_150/springback_pair_Base_TC4_sample_0092_085deg.npz,92,85.0,val,Base_TC4,19635,OK,
/data/run01/scxk573/lsz/ysy/physicsnemo/data/dataset_springback_pair_Base_TC4_150/springback_pair_Base_TC4_sample_0092_090deg.npz,92,90.0,val,Base_TC4,19635,OK,
/data/run01/scxk573/lsz/ysy/physicsnemo/data/dataset_springback_pair_Base_TC4_150/springback_pair_Base_TC4_sample_0092_095deg.npz,92,95.0,val,Base_TC4,19635,OK,
/data/run01/scxk573/lsz/ysy/physicsnemo/data/dataset_springback_pair_Base_TC4_150/springback_pair_Base_TC4_sample_0092_100deg.npz,92,100.0,val,Base_TC4,19635,OK,
/data/run01/scxk573/lsz/ysy/physicsnemo/data/dataset_springback_pair_Base_TC4_150/springback_pair_Base_TC4_sample_0092_105deg.npz,92,105.0,val,Base_TC4,19635,OK,
/data/run01/scxk573/lsz/ysy/physicsnemo/data/dataset_springback_pair_Base_TC4_150/springback_pair_Base_TC4_sample_0092_110deg.npz,92,110.0,val,Base_TC4,19635,OK,
/data/run01/scxk573/lsz/ysy/physicsnemo/data/dataset_springback_pair_Base_TC4_150/springback_pair_Base_TC4_sample_0092_115deg.npz,92,115.0,val,Base_TC4,19635,OK,
/data/run01/scxk573/lsz/ysy/physicsnemo/data/dataset_springback_pair_Base_TC4_150/springback_pair_Base_TC4_sample_0092_120deg.npz,92,120.0,val,Base_TC4,19635,OK,
/data/run01/scxk573/lsz/ysy/physicsnemo/data/dataset_springback_pair_Base_TC4_150/springback_pair_Base_TC4_sample_0092_125deg.npz,92,125.0,val,Base_TC4,19635,OK,
/data/run01/scxk573/lsz/ysy/physicsnemo/data/dataset_springback_pair_Base_TC4_150/springback_pair_Base_TC4_sample_0092_130deg.npz,92,130.0,val,Base_TC4,19635,OK,
/data/run01/scxk573/lsz/ysy/physicsnemo/data/dataset_springback_pair_Base_TC4_150/springback_pair_Base_TC4_sample_0092_135deg.npz,92,135.0,val,Base_TC4,19635,OK,
/data/run01/scxk573/lsz/ysy/physicsnemo/data/dataset_springback_pair_Base_TC4_150/springback_pair_Base_TC4_sample_0092_140deg.npz,92,140.0,val,Base_TC4,19635,OK,
/data/run01/scxk573/lsz/ysy/physicsnemo/data/dataset_springback_pair_Base_TC4_150/springback_pair_Base_TC4_sample_0092_145deg.npz,92,145.0,val,Base_TC4,19635,OK,
/data/run01/scxk573/lsz/ysy/physicsnemo/data/dataset_springback_pair_Base_TC4_150/springback_pair_Base_TC4_sample_0092_150deg.npz,92,150.0,val,Base_TC4,19635,OK,
/data/run01/scxk573/lsz/ysy/physicsnemo/data/dataset_springback_pair_Base_TC4_150/springback_pair_Base_TC4_sample_0092_155deg.npz,92,155.0,val,Base_TC4,19635,OK,
/data/run01/scxk573/lsz/ysy/physicsnemo/data/dataset_springback_pair_Base_TC4_150/springback_pair_Base_TC4_sample_0092_160deg.npz,92,160.0,val,Base_TC4,19635,OK,
/data/run01/scxk573/lsz/ysy/physicsnemo/data/dataset_springback_pair_Base_TC4_150/springback_pair_Base_TC4_sample_0092_165deg.npz,92,165.0,val,Base_TC4,19635,OK,
/data/run01/scxk573/lsz/ysy/physicsnemo/data/dataset_springback_pair_Base_TC4_150/springback_pair_Base_TC4_sample_0092_170deg.npz,92,170.0,val,Base_TC4,19635,OK,
/data/run01/scxk573/lsz/ysy/physicsnemo/data/dataset_springback_pair_Base_TC4_150/springback_pair_Base_TC4_sample_0092_175deg.npz,92,175.0,val,Base_TC4,19635,OK,
/data/run01/scxk573/lsz/ysy/physicsnemo/data/dataset_springback_pair_Base_TC4_150/springback_pair_Base_TC4_sample_0092_180deg.npz,92,180.0,val,Base_TC4,19635,OK,
/data/run01/scxk573/lsz/ysy/physicsnemo/data/dataset_springback_pair_Base_TC4_150/springback_pair_Base_TC4_sample_0093_005deg.npz,93,5.0,train,Base_TC4,5100,OK,
/data/run01/scxk573/lsz/ysy/physicsnemo/data/dataset_springback_pair_Base_TC4_150/springback_pair_Base_TC4_sample_0093_010deg.npz,93,10.0,train,Base_TC4,5100,OK,
/data/run01/scxk573/lsz/ysy/physicsnemo/data/dataset_springback_pair_Base_TC4_150/springback_pair_Base_TC4_sample_0093_015deg.npz,93,15.0,train,Base_TC4,5100,OK,
/data/run01/scxk573/lsz/ysy/physicsnemo/data/dataset_springback_pair_Base_TC4_150/springback_pair_Base_TC4_sample_0093_020deg.npz,93,20.0,train,Base_TC4,5100,OK,
/data/run01/scxk573/lsz/ysy/physicsnemo/data/dataset_springback_pair_Base_TC4_150/springback_pair_Base_TC4_sample_0093_025deg.npz,93,25.0,train,Base_TC4,5100,OK,
/data/run01/scxk573/lsz/ysy/physicsnemo/data/dataset_springback_pair_Base_TC4_150/springback_pair_Base_TC4_sample_0093_030deg.npz,93,30.0,train,Base_TC4,5100,OK,
/data/run01/scxk573/lsz/ysy/physicsnemo/data/dataset_springback_pair_Base_TC4_150/springback_pair_Base_TC4_sample_0093_035deg.npz,93,35.0,train,Base_TC4,5100,OK,
/data/run01/scxk573/lsz/ysy/physicsnemo/data/dataset_springback_pair_Base_TC4_150/springback_pair_Base_TC4_sample_0093_040deg.npz,93,40.0,train,Base_TC4,5100,OK,
/data/run01/scxk573/lsz/ysy/physicsnemo/data/dataset_springback_pair_Base_TC4_150/springback_pair_Base_TC4_sample_0093_045deg.npz,93,45.0,train,Base_TC4,5100,OK,
/data/run01/scxk573/lsz/ysy/physicsnemo/data/dataset_springback_pair_Base_TC4_150/springback_pair_Base_TC4_sample_0093_050deg.npz,93,50.0,train,Base_TC4,5100,OK,
/data/run01/scxk573/lsz/ysy/physicsnemo/data/dataset_springback_pair_Base_TC4_150/springback_pair_Base_TC4_sample_0093_055deg.npz,93,55.0,train,Base_TC4,5100,OK,
/data/run01/scxk573/lsz/ysy/physicsnemo/data/dataset_springback_pair_Base_TC4_150/springback_pair_Base_TC4_sample_0093_060deg.npz,93,60.0,train,Base_TC4,5100,OK,
/data/run01/scxk573/lsz/ysy/physicsnemo/data/dataset_springback_pair_Base_TC4_150/springback_pair_Base_TC4_sample_0093_065deg.npz,93,65.0,train,Base_TC4,5100,OK,
/data/run01/scxk573/lsz/ysy/physicsnemo/data/dataset_springback_pair_Base_TC4_150/springback_pair_Base_TC4_sample_0093_070deg.npz,93,70.0,train,Base_TC4,5100,OK,
/data/run01/scxk573/lsz/ysy/physicsnemo/data/dataset_springback_pair_Base_TC4_150/springback_pair_Base_TC4_sample_0093_075deg.npz,93,75.0,train,Base_TC4,5100,OK,
/data/run01/scxk573/lsz/ysy/physicsnemo/data/dataset_springback_pair_Base_TC4_150/springback_pair_Base_TC4_sample_0093_080deg.npz,93,80.0,train,Base_TC4,5100,OK,
/data/run01/scxk573/lsz/ysy/physicsnemo/data/dataset_springback_pair_Base_TC4_150/springback_pair_Base_TC4_sample_0093_085deg.npz,93,85.0,train,Base_TC4,5100,OK,
/data/run01/scxk573/lsz/ysy/physicsnemo/data/dataset_springback_pair_Base_TC4_150/springback_pair_Base_TC4_sample_0093_090deg.npz,93,90.0,train,Base_TC4,5100,OK,
/data/run01/scxk573/lsz/ysy/physicsnemo/data/dataset_springback_pair_Base_TC4_150/springback_pair_Base_TC4_sample_0093_095deg.npz,93,95.0,train,Base_TC4,5100,OK,
/data/run01/scxk573/lsz/ysy/physicsnemo/data/dataset_springback_pair_Base_TC4_150/springback_pair_Base_TC4_sample_0093_100deg.npz,93,100.0,train,Base_TC4,5100,OK,
/data/run01/scxk573/lsz/ysy/physicsnemo/data/dataset_springback_pair_Base_TC4_150/springback_pair_Base_TC4_sample_0093_105deg.npz,93,105.0,train,Base_TC4,5100,OK,
/data/run01/scxk573/lsz/ysy/physicsnemo/data/dataset_springback_pair_Base_TC4_150/springback_pair_Base_TC4_sample_0093_110deg.npz,93,110.0,train,Base_TC4,5100,OK,
/data/run01/scxk573/lsz/ysy/physicsnemo/data/dataset_springback_pair_Base_TC4_150/springback_pair_Base_TC4_sample_0093_115deg.npz,93,115.0,train,Base_TC4,5100,OK,
/data/run01/scxk573/lsz/ysy/physicsnemo/data/dataset_springback_pair_Base_TC4_150/springback_pair_Base_TC4_sample_0093_120deg.npz,93,120.0,train,Base_TC4,5100,OK,
/data/run01/scxk573/lsz/ysy/physicsnemo/data/dataset_springback_pair_Base_TC4_150/springback_pair_Base_TC4_sample_0093_125deg.npz,93,125.0,train,Base_TC4,5100,OK,
/data/run01/scxk573/lsz/ysy/physicsnemo/data/dataset_springback_pair_Base_TC4_150/springback_pair_Base_TC4_sample_0093_130deg.npz,93,130.0,train,Base_TC4,5100,OK,
/data/run01/scxk573/lsz/ysy/physicsnemo/data/dataset_springback_pair_Base_TC4_150/springback_pair_Base_TC4_sample_0093_135deg.npz,93,135.0,train,Base_TC4,5100,OK,
/data/run01/scxk573/lsz/ysy/physicsnemo/data/dataset_springback_pair_Base_TC4_150/springback_pair_Base_TC4_sample_0093_140deg.npz,93,140.0,train,Base_TC4,5100,OK,
/data/run01/scxk573/lsz/ysy/physicsnemo/data/dataset_springback_pair_Base_TC4_150/springback_pair_Base_TC4_sample_0093_145deg.npz,93,145.0,train,Base_TC4,5100,OK,
/data/run01/scxk573/lsz/ysy/physicsnemo/data/dataset_springback_pair_Base_TC4_150/springback_pair_Base_TC4_sample_0093_150deg.npz,93,150.0,train,Base_TC4,5100,OK,
/data/run01/scxk573/lsz/ysy/physicsnemo/data/dataset_springback_pair_Base_TC4_150/springback_pair_Base_TC4_sample_0093_155deg.npz,93,155.0,train,Base_TC4,5100,OK,
/data/run01/scxk573/lsz/ysy/physicsnemo/data/dataset_springback_pair_Base_TC4_150/springback_pair_Base_TC4_sample_0093_160deg.npz,93,160.0,train,Base_TC4,5100,OK,
/data/run01/scxk573/lsz/ysy/physicsnemo/data/dataset_springback_pair_Base_TC4_150/springback_pair_Base_TC4_sample_0093_165deg.npz,93,165.0,train,Base_TC4,5100,OK,
/data/run01/scxk573/lsz/ysy/physicsnemo/data/dataset_springback_pair_Base_TC4_150/springback_pair_Base_TC4_sample_0093_170deg.npz,93,170.0,train,Base_TC4,5100,OK,
/data/run01/scxk573/lsz/ysy/physicsnemo/data/dataset_springback_pair_Base_TC4_150/springback_pair_Base_TC4_sample_0093_175deg.npz,93,175.0,train,Base_TC4,5100,OK,
/data/run01/scxk573/lsz/ysy/physicsnemo/data/dataset_springback_pair_Base_TC4_150/springback_pair_Base_TC4_sample_0093_180deg.npz,93,180.0,train,Base_TC4,5100,OK,
/data/run01/scxk573/lsz/ysy/physicsnemo/data/dataset_springback_pair_Base_TC4_150/springback_pair_Base_TC4_sample_0094_005deg.npz,94,5.0,train,Base_TC4,6936,OK,
/data/run01/scxk573/lsz/ysy/physicsnemo/data/dataset_springback_pair_Base_TC4_150/springback_pair_Base_TC4_sample_0094_010deg.npz,94,10.0,train,Base_TC4,6936,OK,
/data/run01/scxk573/lsz/ysy/physicsnemo/data/dataset_springback_pair_Base_TC4_150/springback_pair_Base_TC4_sample_0094_015deg.npz,94,15.0,train,Base_TC4,6936,OK,
/data/run01/scxk573/lsz/ysy/physicsnemo/data/dataset_springback_pair_Base_TC4_150/springback_pair_Base_TC4_sample_0094_020deg.npz,94,20.0,train,Base_TC4,6936,OK,
/data/run01/scxk573/lsz/ysy/physicsnemo/data/dataset_springback_pair_Base_TC4_150/springback_pair_Base_TC4_sample_0094_025deg.npz,94,25.0,train,Base_TC4,6936,OK,
/data/run01/scxk573/lsz/ysy/physicsnemo/data/dataset_springback_pair_Base_TC4_150/springback_pair_Base_TC4_sample_0094_030deg.npz,94,30.0,train,Base_TC4,6936,OK,
/data/run01/scxk573/lsz/ysy/physicsnemo/data/dataset_springback_pair_Base_TC4_150/springback_pair_Base_TC4_sample_0094_035deg.npz,94,35.0,train,Base_TC4,6936,OK,
/data/run01/scxk573/lsz/ysy/physicsnemo/data/dataset_springback_pair_Base_TC4_150/springback_pair_Base_TC4_sample_0094_040deg.npz,94,40.0,train,Base_TC4,6936,OK,
/data/run01/scxk573/lsz/ysy/physicsnemo/data/dataset_springback_pair_Base_TC4_150/springback_pair_Base_TC4_sample_0094_045deg.npz,94,45.0,train,Base_TC4,6936,OK,
/data/run01/scxk573/lsz/ysy/physicsnemo/data/dataset_springback_pair_Base_TC4_150/springback_pair_Base_TC4_sample_0094_050deg.npz,94,50.0,train,Base_TC4,6936,OK,
/data/run01/scxk573/lsz/ysy/physicsnemo/data/dataset_springback_pair_Base_TC4_150/springback_pair_Base_TC4_sample_0094_055deg.npz,94,55.0,train,Base_TC4,6936,OK,
/data/run01/scxk573/lsz/ysy/physicsnemo/data/dataset_springback_pair_Base_TC4_150/springback_pair_Base_TC4_sample_0094_060deg.npz,94,60.0,train,Base_TC4,6936,OK,
/data/run01/scxk573/lsz/ysy/physicsnemo/data/dataset_springback_pair_Base_TC4_150/springback_pair_Base_TC4_sample_0094_065deg.npz,94,65.0,train,Base_TC4,6936,OK,
/data/run01/scxk573/lsz/ysy/physicsnemo/data/dataset_springback_pair_Base_TC4_150/springback_pair_Base_TC4_sample_0094_070deg.npz,94,70.0,train,Base_TC4,6936,OK,
/data/run01/scxk573/lsz/ysy/physicsnemo/data/dataset_springback_pair_Base_TC4_150/springback_pair_Base_TC4_sample_0094_075deg.npz,94,75.0,train,Base_TC4,6936,OK,
/data/run01/scxk573/lsz/ysy/physicsnemo/data/dataset_springback_pair_Base_TC4_150/springback_pair_Base_TC4_sample_0094_080deg.npz,94,80.0,train,Base_TC4,6936,OK,
/data/run01/scxk573/lsz/ysy/physicsnemo/data/dataset_springback_pair_Base_TC4_150/springback_pair_Base_TC4_sample_0094_085deg.npz,94,85.0,train,Base_TC4,6936,OK,
/data/run01/scxk573/lsz/ysy/physicsnemo/data/dataset_springback_pair_Base_TC4_150/springback_pair_Base_TC4_sample_0094_090deg.npz,94,90.0,train,Base_TC4,6936,OK,
/data/run01/scxk573/lsz/ysy/physicsnemo/data/dataset_springback_pair_Base_TC4_150/springback_pair_Base_TC4_sample_0094_095deg.npz,94,95.0,train,Base_TC4,6936,OK,
/data/run01/scxk573/lsz/ysy/physicsnemo/data/dataset_springback_pair_Base_TC4_150/springback_pair_Base_TC4_sample_0094_100deg.npz,94,100.0,train,Base_TC4,6936,OK,
/data/run01/scxk573/lsz/ysy/physicsnemo/data/dataset_springback_pair_Base_TC4_150/springback_pair_Base_TC4_sample_0094_105deg.npz,94,105.0,train,Base_TC4,6936,OK,
/data/run01/scxk573/lsz/ysy/physicsnemo/data/dataset_springback_pair_Base_TC4_150/springback_pair_Base_TC4_sample_0094_110deg.npz,94,110.0,train,Base_TC4,6936,OK,
/data/run01/scxk573/lsz/ysy/physicsnemo/data/dataset_springback_pair_Base_TC4_150/springback_pair_Base_TC4_sample_0094_115deg.npz,94,115.0,train,Base_TC4,6936,OK,
/data/run01/scxk573/lsz/ysy/physicsnemo/data/dataset_springback_pair_Base_TC4_150/springback_pair_Base_TC4_sample_0094_120deg.npz,94,120.0,train,Base_TC4,6936,OK,
/data/run01/scxk573/lsz/ysy/physicsnemo/data/dataset_springback_pair_Base_TC4_150/springback_pair_Base_TC4_sample_0094_125deg.npz,94,125.0,train,Base_TC4,6936,OK,
/data/run01/scxk573/lsz/ysy/physicsnemo/data/dataset_springback_pair_Base_TC4_150/springback_pair_Base_TC4_sample_0094_130deg.npz,94,130.0,train,Base_TC4,6936,OK,
/data/run01/scxk573/lsz/ysy/physicsnemo/data/dataset_springback_pair_Base_TC4_150/springback_pair_Base_TC4_sample_0094_135deg.npz,94,135.0,train,Base_TC4,6936,OK,
/data/run01/scxk573/lsz/ysy/physicsnemo/data/dataset_springback_pair_Base_TC4_150/springback_pair_Base_TC4_sample_0094_140deg.npz,94,140.0,train,Base_TC4,6936,OK,
/data/run01/scxk573/lsz/ysy/physicsnemo/data/dataset_springback_pair_Base_TC4_150/springback_pair_Base_TC4_sample_0094_145deg.npz,94,145.0,train,Base_TC4,6936,OK,
/data/run01/scxk573/lsz/ysy/physicsnemo/data/dataset_springback_pair_Base_TC4_150/springback_pair_Base_TC4_sample_0094_150deg.npz,94,150.0,train,Base_TC4,6936,OK,
/data/run01/scxk573/lsz/ysy/physicsnemo/data/dataset_springback_pair_Base_TC4_150/springback_pair_Base_TC4_sample_0094_155deg.npz,94,155.0,train,Base_TC4,6936,OK,
/data/run01/scxk573/lsz/ysy/physicsnemo/data/dataset_springback_pair_Base_TC4_150/springback_pair_Base_TC4_sample_0094_160deg.npz,94,160.0,train,Base_TC4,6936,OK,
/data/run01/scxk573/lsz/ysy/physicsnemo/data/dataset_springback_pair_Base_TC4_150/springback_pair_Base_TC4_sample_0094_165deg.npz,94,165.0,train,Base_TC4,6936,OK,
/data/run01/scxk573/lsz/ysy/physicsnemo/data/dataset_springback_pair_Base_TC4_150/springback_pair_Base_TC4_sample_0094_170deg.npz,94,170.0,train,Base_TC4,6936,OK,
/data/run01/scxk573/lsz/ysy/physicsnemo/data/dataset_springback_pair_Base_TC4_150/springback_pair_Base_TC4_sample_0094_175deg.npz,94,175.0,train,Base_TC4,6936,OK,
/data/run01/scxk573/lsz/ysy/physicsnemo/data/dataset_springback_pair_Base_TC4_150/springback_pair_Base_TC4_sample_0094_180deg.npz,94,180.0,train,Base_TC4,6936,OK,
/data/run01/scxk573/lsz/ysy/physicsnemo/data/dataset_springback_pair_Base_TC4_150/springback_pair_Base_TC4_sample_0095_005deg.npz,95,5.0,train,Base_TC4,7920,OK,
/data/run01/scxk573/lsz/ysy/physicsnemo/data/dataset_springback_pair_Base_TC4_150/springback_pair_Base_TC4_sample_0095_010deg.npz,95,10.0,train,Base_TC4,7920,OK,
/data/run01/scxk573/lsz/ysy/physicsnemo/data/dataset_springback_pair_Base_TC4_150/springback_pair_Base_TC4_sample_0095_015deg.npz,95,15.0,train,Base_TC4,7920,OK,
/data/run01/scxk573/lsz/ysy/physicsnemo/data/dataset_springback_pair_Base_TC4_150/springback_pair_Base_TC4_sample_0095_020deg.npz,95,20.0,train,Base_TC4,7920,OK,
/data/run01/scxk573/lsz/ysy/physicsnemo/data/dataset_springback_pair_Base_TC4_150/springback_pair_Base_TC4_sample_0095_025deg.npz,95,25.0,train,Base_TC4,7920,OK,
/data/run01/scxk573/lsz/ysy/physicsnemo/data/dataset_springback_pair_Base_TC4_150/springback_pair_Base_TC4_sample_0095_030deg.npz,95,30.0,train,Base_TC4,7920,OK,
/data/run01/scxk573/lsz/ysy/physicsnemo/data/dataset_springback_pair_Base_TC4_150/springback_pair_Base_TC4_sample_0095_035deg.npz,95,35.0,train,Base_TC4,7920,OK,
/data/run01/scxk573/lsz/ysy/physicsnemo/data/dataset_springback_pair_Base_TC4_150/springback_pair_Base_TC4_sample_0095_040deg.npz,95,40.0,train,Base_TC4,7920,OK,
/data/run01/scxk573/lsz/ysy/physicsnemo/data/dataset_springback_pair_Base_TC4_150/springback_pair_Base_TC4_sample_0095_045deg.npz,95,45.0,train,Base_TC4,7920,OK,
/data/run01/scxk573/lsz/ysy/physicsnemo/data/dataset_springback_pair_Base_TC4_150/springback_pair_Base_TC4_sample_0095_050deg.npz,95,50.0,train,Base_TC4,7920,OK,
/data/run01/scxk573/lsz/ysy/physicsnemo/data/dataset_springback_pair_Base_TC4_150/springback_pair_Base_TC4_sample_0095_055deg.npz,95,55.0,train,Base_TC4,7920,OK,
/data/run01/scxk573/lsz/ysy/physicsnemo/data/dataset_springback_pair_Base_TC4_150/springback_pair_Base_TC4_sample_0095_060deg.npz,95,60.0,train,Base_TC4,7920,OK,
/data/run01/scxk573/lsz/ysy/physicsnemo/data/dataset_springback_pair_Base_TC4_150/springback_pair_Base_TC4_sample_0095_065deg.npz,95,65.0,train,Base_TC4,7920,OK,
/data/run01/scxk573/lsz/ysy/physicsnemo/data/dataset_springback_pair_Base_TC4_150/springback_pair_Base_TC4_sample_0095_070deg.npz,95,70.0,train,Base_TC4,7920,OK,
/data/run01/scxk573/lsz/ysy/physicsnemo/data/dataset_springback_pair_Base_TC4_150/springback_pair_Base_TC4_sample_0095_075deg.npz,95,75.0,train,Base_TC4,7920,OK,
/data/run01/scxk573/lsz/ysy/physicsnemo/data/dataset_springback_pair_Base_TC4_150/springback_pair_Base_TC4_sample_0095_080deg.npz,95,80.0,train,Base_TC4,7920,OK,
/data/run01/scxk573/lsz/ysy/physicsnemo/data/dataset_springback_pair_Base_TC4_150/springback_pair_Base_TC4_sample_0095_085deg.npz,95,85.0,train,Base_TC4,7920,OK,
/data/run01/scxk573/lsz/ysy/physicsnemo/data/dataset_springback_pair_Base_TC4_150/springback_pair_Base_TC4_sample_0095_090deg.npz,95,90.0,train,Base_TC4,7920,OK,
/data/run01/scxk573/lsz/ysy/physicsnemo/data/dataset_springback_pair_Base_TC4_150/springback_pair_Base_TC4_sample_0095_095deg.npz,95,95.0,train,Base_TC4,7920,OK,
/data/run01/scxk573/lsz/ysy/physicsnemo/data/dataset_springback_pair_Base_TC4_150/springback_pair_Base_TC4_sample_0095_100deg.npz,95,100.0,train,Base_TC4,7920,OK,
/data/run01/scxk573/lsz/ysy/physicsnemo/data/dataset_springback_pair_Base_TC4_150/springback_pair_Base_TC4_sample_0095_105deg.npz,95,105.0,train,Base_TC4,7920,OK,
/data/run01/scxk573/lsz/ysy/physicsnemo/data/dataset_springback_pair_Base_TC4_150/springback_pair_Base_TC4_sample_0095_110deg.npz,95,110.0,train,Base_TC4,7920,OK,
/data/run01/scxk573/lsz/ysy/physicsnemo/data/dataset_springback_pair_Base_TC4_150/springback_pair_Base_TC4_sample_0095_115deg.npz,95,115.0,train,Base_TC4,7920,OK,
/data/run01/scxk573/lsz/ysy/physicsnemo/data/dataset_springback_pair_Base_TC4_150/springback_pair_Base_TC4_sample_0095_120deg.npz,95,120.0,train,Base_TC4,7920,OK,
/data/run01/scxk573/lsz/ysy/physicsnemo/data/dataset_springback_pair_Base_TC4_150/springback_pair_Base_TC4_sample_0095_125deg.npz,95,125.0,train,Base_TC4,7920,OK,
/data/run01/scxk573/lsz/ysy/physicsnemo/data/dataset_springback_pair_Base_TC4_150/springback_pair_Base_TC4_sample_0095_130deg.npz,95,130.0,train,Base_TC4,7920,OK,
/data/run01/scxk573/lsz/ysy/physicsnemo/data/dataset_springback_pair_Base_TC4_150/springback_pair_Base_TC4_sample_0095_135deg.npz,95,135.0,train,Base_TC4,7920,OK,
/data/run01/scxk573/lsz/ysy/physicsnemo/data/dataset_springback_pair_Base_TC4_150/springback_pair_Base_TC4_sample_0095_140deg.npz,95,140.0,train,Base_TC4,7920,OK,
/data/run01/scxk573/lsz/ysy/physicsnemo/data/dataset_springback_pair_Base_TC4_150/springback_pair_Base_TC4_sample_0095_145deg.npz,95,145.0,train,Base_TC4,7920,OK,
/data/run01/scxk573/lsz/ysy/physicsnemo/data/dataset_springback_pair_Base_TC4_150/springback_pair_Base_TC4_sample_0095_150deg.npz,95,150.0,train,Base_TC4,7920,OK,
/data/run01/scxk573/lsz/ysy/physicsnemo/data/dataset_springback_pair_Base_TC4_150/springback_pair_Base_TC4_sample_0095_155deg.npz,95,155.0,train,Base_TC4,7920,OK,
/data/run01/scxk573/lsz/ysy/physicsnemo/data/dataset_springback_pair_Base_TC4_150/springback_pair_Base_TC4_sample_0095_160deg.npz,95,160.0,train,Base_TC4,7920,OK,
/data/run01/scxk573/lsz/ysy/physicsnemo/data/dataset_springback_pair_Base_TC4_150/springback_pair_Base_TC4_sample_0095_165deg.npz,95,165.0,train,Base_TC4,7920,OK,
/data/run01/scxk573/lsz/ysy/physicsnemo/data/dataset_springback_pair_Base_TC4_150/springback_pair_Base_TC4_sample_0095_170deg.npz,95,170.0,train,Base_TC4,7920,OK,
/data/run01/scxk573/lsz/ysy/physicsnemo/data/dataset_springback_pair_Base_TC4_150/springback_pair_Base_TC4_sample_0095_175deg.npz,95,175.0,train,Base_TC4,7920,OK,
/data/run01/scxk573/lsz/ysy/physicsnemo/data/dataset_springback_pair_Base_TC4_150/springback_pair_Base_TC4_sample_0095_180deg.npz,95,180.0,train,Base_TC4,7920,OK,
/data/run01/scxk573/lsz/ysy/physicsnemo/data/dataset_springback_pair_Base_TC4_150/springback_pair_Base_TC4_sample_0096_005deg.npz,96,5.0,train,Base_TC4,20608,OK,
/data/run01/scxk573/lsz/ysy/physicsnemo/data/dataset_springback_pair_Base_TC4_150/springback_pair_Base_TC4_sample_0096_010deg.npz,96,10.0,train,Base_TC4,20608,OK,
/data/run01/scxk573/lsz/ysy/physicsnemo/data/dataset_springback_pair_Base_TC4_150/springback_pair_Base_TC4_sample_0096_015deg.npz,96,15.0,train,Base_TC4,20608,OK,
/data/run01/scxk573/lsz/ysy/physicsnemo/data/dataset_springback_pair_Base_TC4_150/springback_pair_Base_TC4_sample_0096_020deg.npz,96,20.0,train,Base_TC4,20608,OK,
/data/run01/scxk573/lsz/ysy/physicsnemo/data/dataset_springback_pair_Base_TC4_150/springback_pair_Base_TC4_sample_0096_025deg.npz,96,25.0,train,Base_TC4,20608,OK,
/data/run01/scxk573/lsz/ysy/physicsnemo/data/dataset_springback_pair_Base_TC4_150/springback_pair_Base_TC4_sample_0096_030deg.npz,96,30.0,train,Base_TC4,20608,OK,
/data/run01/scxk573/lsz/ysy/physicsnemo/data/dataset_springback_pair_Base_TC4_150/springback_pair_Base_TC4_sample_0096_035deg.npz,96,35.0,train,Base_TC4,20608,OK,
/data/run01/scxk573/lsz/ysy/physicsnemo/data/dataset_springback_pair_Base_TC4_150/springback_pair_Base_TC4_sample_0096_040deg.npz,96,40.0,train,Base_TC4,20608,OK,
/data/run01/scxk573/lsz/ysy/physicsnemo/data/dataset_springback_pair_Base_TC4_150/springback_pair_Base_TC4_sample_0096_045deg.npz,96,45.0,train,Base_TC4,20608,OK,
/data/run01/scxk573/lsz/ysy/physicsnemo/data/dataset_springback_pair_Base_TC4_150/springback_pair_Base_TC4_sample_0096_050deg.npz,96,50.0,train,Base_TC4,20608,OK,
/data/run01/scxk573/lsz/ysy/physicsnemo/data/dataset_springback_pair_Base_TC4_150/springback_pair_Base_TC4_sample_0096_055deg.npz,96,55.0,train,Base_TC4,20608,OK,
/data/run01/scxk573/lsz/ysy/physicsnemo/data/dataset_springback_pair_Base_TC4_150/springback_pair_Base_TC4_sample_0096_060deg.npz,96,60.0,train,Base_TC4,20608,OK,
/data/run01/scxk573/lsz/ysy/physicsnemo/data/dataset_springback_pair_Base_TC4_150/springback_pair_Base_TC4_sample_0096_065deg.npz,96,65.0,train,Base_TC4,20608,OK,
/data/run01/scxk573/lsz/ysy/physicsnemo/data/dataset_springback_pair_Base_TC4_150/springback_pair_Base_TC4_sample_0096_070deg.npz,96,70.0,train,Base_TC4,20608,OK,
/data/run01/scxk573/lsz/ysy/physicsnemo/data/dataset_springback_pair_Base_TC4_150/springback_pair_Base_TC4_sample_0096_075deg.npz,96,75.0,train,Base_TC4,20608,OK,
/data/run01/scxk573/lsz/ysy/physicsnemo/data/dataset_springback_pair_Base_TC4_150/springback_pair_Base_TC4_sample_0096_080deg.npz,96,80.0,train,Base_TC4,20608,OK,
/data/run01/scxk573/lsz/ysy/physicsnemo/data/dataset_springback_pair_Base_TC4_150/springback_pair_Base_TC4_sample_0096_085deg.npz,96,85.0,train,Base_TC4,20608,OK,
/data/run01/scxk573/lsz/ysy/physicsnemo/data/dataset_springback_pair_Base_TC4_150/springback_pair_Base_TC4_sample_0096_090deg.npz,96,90.0,train,Base_TC4,20608,OK,
/data/run01/scxk573/lsz/ysy/physicsnemo/data/dataset_springback_pair_Base_TC4_150/springback_pair_Base_TC4_sample_0096_095deg.npz,96,95.0,train,Base_TC4,20608,OK,
/data/run01/scxk573/lsz/ysy/physicsnemo/data/dataset_springback_pair_Base_TC4_150/springback_pair_Base_TC4_sample_0096_100deg.npz,96,100.0,train,Base_TC4,20608,OK,
/data/run01/scxk573/lsz/ysy/physicsnemo/data/dataset_springback_pair_Base_TC4_150/springback_pair_Base_TC4_sample_0096_105deg.npz,96,105.0,train,Base_TC4,20608,OK,
/data/run01/scxk573/lsz/ysy/physicsnemo/data/dataset_springback_pair_Base_TC4_150/springback_pair_Base_TC4_sample_0096_110deg.npz,96,110.0,train,Base_TC4,20608,OK,
/data/run01/scxk573/lsz/ysy/physicsnemo/data/dataset_springback_pair_Base_TC4_150/springback_pair_Base_TC4_sample_0096_115deg.npz,96,115.0,train,Base_TC4,20608,OK,
/data/run01/scxk573/lsz/ysy/physicsnemo/data/dataset_springback_pair_Base_TC4_150/springback_pair_Base_TC4_sample_0096_120deg.npz,96,120.0,train,Base_TC4,20608,OK,
/data/run01/scxk573/lsz/ysy/physicsnemo/data/dataset_springback_pair_Base_TC4_150/springback_pair_Base_TC4_sample_0096_125deg.npz,96,125.0,train,Base_TC4,20608,OK,
/data/run01/scxk573/lsz/ysy/physicsnemo/data/dataset_springback_pair_Base_TC4_150/springback_pair_Base_TC4_sample_0096_130deg.npz,96,130.0,train,Base_TC4,20608,OK,
/data/run01/scxk573/lsz/ysy/physicsnemo/data/dataset_springback_pair_Base_TC4_150/springback_pair_Base_TC4_sample_0096_135deg.npz,96,135.0,train,Base_TC4,20608,OK,
/data/run01/scxk573/lsz/ysy/physicsnemo/data/dataset_springback_pair_Base_TC4_150/springback_pair_Base_TC4_sample_0096_140deg.npz,96,140.0,train,Base_TC4,20608,OK,
/data/run01/scxk573/lsz/ysy/physicsnemo/data/dataset_springback_pair_Base_TC4_150/springback_pair_Base_TC4_sample_0096_145deg.npz,96,145.0,train,Base_TC4,20608,OK,
/data/run01/scxk573/lsz/ysy/physicsnemo/data/dataset_springback_pair_Base_TC4_150/springback_pair_Base_TC4_sample_0096_150deg.npz,96,150.0,train,Base_TC4,20608,OK,
/data/run01/scxk573/lsz/ysy/physicsnemo/data/dataset_springback_pair_Base_TC4_150/springback_pair_Base_TC4_sample_0096_155deg.npz,96,155.0,train,Base_TC4,20608,OK,
/data/run01/scxk573/lsz/ysy/physicsnemo/data/dataset_springback_pair_Base_TC4_150/springback_pair_Base_TC4_sample_0096_160deg.npz,96,160.0,train,Base_TC4,20608,OK,
/data/run01/scxk573/lsz/ysy/physicsnemo/data/dataset_springback_pair_Base_TC4_150/springback_pair_Base_TC4_sample_0096_165deg.npz,96,165.0,train,Base_TC4,20608,OK,
/data/run01/scxk573/lsz/ysy/physicsnemo/data/dataset_springback_pair_Base_TC4_150/springback_pair_Base_TC4_sample_0096_170deg.npz,96,170.0,train,Base_TC4,20608,OK,
/data/run01/scxk573/lsz/ysy/physicsnemo/data/dataset_springback_pair_Base_TC4_150/springback_pair_Base_TC4_sample_0096_175deg.npz,96,175.0,train,Base_TC4,20608,OK,
/data/run01/scxk573/lsz/ysy/physicsnemo/data/dataset_springback_pair_Base_TC4_150/springback_pair_Base_TC4_sample_0096_180deg.npz,96,180.0,train,Base_TC4,20608,OK,
/data/run01/scxk573/lsz/ysy/physicsnemo/data/dataset_springback_pair_Base_TC4_150/springback_pair_Base_TC4_sample_0097_005deg.npz,97,5.0,train,Base_TC4,21546,OK,
/data/run01/scxk573/lsz/ysy/physicsnemo/data/dataset_springback_pair_Base_TC4_150/springback_pair_Base_TC4_sample_0097_010deg.npz,97,10.0,train,Base_TC4,21546,OK,
/data/run01/scxk573/lsz/ysy/physicsnemo/data/dataset_springback_pair_Base_TC4_150/springback_pair_Base_TC4_sample_0097_015deg.npz,97,15.0,train,Base_TC4,21546,OK,
/data/run01/scxk573/lsz/ysy/physicsnemo/data/dataset_springback_pair_Base_TC4_150/springback_pair_Base_TC4_sample_0097_020deg.npz,97,20.0,train,Base_TC4,21546,OK,
/data/run01/scxk573/lsz/ysy/physicsnemo/data/dataset_springback_pair_Base_TC4_150/springback_pair_Base_TC4_sample_0097_025deg.npz,97,25.0,train,Base_TC4,21546,OK,
/data/run01/scxk573/lsz/ysy/physicsnemo/data/dataset_springback_pair_Base_TC4_150/springback_pair_Base_TC4_sample_0097_030deg.npz,97,30.0,train,Base_TC4,21546,OK,
/data/run01/scxk573/lsz/ysy/physicsnemo/data/dataset_springback_pair_Base_TC4_150/springback_pair_Base_TC4_sample_0097_035deg.npz,97,35.0,train,Base_TC4,21546,OK,
/data/run01/scxk573/lsz/ysy/physicsnemo/data/dataset_springback_pair_Base_TC4_150/springback_pair_Base_TC4_sample_0097_040deg.npz,97,40.0,train,Base_TC4,21546,OK,
/data/run01/scxk573/lsz/ysy/physicsnemo/data/dataset_springback_pair_Base_TC4_150/springback_pair_Base_TC4_sample_0097_045deg.npz,97,45.0,train,Base_TC4,21546,OK,
/data/run01/scxk573/lsz/ysy/physicsnemo/data/dataset_springback_pair_Base_TC4_150/springback_pair_Base_TC4_sample_0097_050deg.npz,97,50.0,train,Base_TC4,21546,OK,
/data/run01/scxk573/lsz/ysy/physicsnemo/data/dataset_springback_pair_Base_TC4_150/springback_pair_Base_TC4_sample_0097_055deg.npz,97,55.0,train,Base_TC4,21546,OK,
/data/run01/scxk573/lsz/ysy/physicsnemo/data/dataset_springback_pair_Base_TC4_150/springback_pair_Base_TC4_sample_0097_060deg.npz,97,60.0,train,Base_TC4,21546,OK,
/data/run01/scxk573/lsz/ysy/physicsnemo/data/dataset_springback_pair_Base_TC4_150/springback_pair_Base_TC4_sample_0097_065deg.npz,97,65.0,train,Base_TC4,21546,OK,
/data/run01/scxk573/lsz/ysy/physicsnemo/data/dataset_springback_pair_Base_TC4_150/springback_pair_Base_TC4_sample_0097_070deg.npz,97,70.0,train,Base_TC4,21546,OK,
/data/run01/scxk573/lsz/ysy/physicsnemo/data/dataset_springback_pair_Base_TC4_150/springback_pair_Base_TC4_sample_0097_075deg.npz,97,75.0,train,Base_TC4,21546,OK,
/data/run01/scxk573/lsz/ysy/physicsnemo/data/dataset_springback_pair_Base_TC4_150/springback_pair_Base_TC4_sample_0097_080deg.npz,97,80.0,train,Base_TC4,21546,OK,
/data/run01/scxk573/lsz/ysy/physicsnemo/data/dataset_springback_pair_Base_TC4_150/springback_pair_Base_TC4_sample_0097_085deg.npz,97,85.0,train,Base_TC4,21546,OK,
/data/run01/scxk573/lsz/ysy/physicsnemo/data/dataset_springback_pair_Base_TC4_150/springback_pair_Base_TC4_sample_0097_090deg.npz,97,90.0,train,Base_TC4,21546,OK,
/data/run01/scxk573/lsz/ysy/physicsnemo/data/dataset_springback_pair_Base_TC4_150/springback_pair_Base_TC4_sample_0097_095deg.npz,97,95.0,train,Base_TC4,21546,OK,
/data/run01/scxk573/lsz/ysy/physicsnemo/data/dataset_springback_pair_Base_TC4_150/springback_pair_Base_TC4_sample_0097_100deg.npz,97,100.0,train,Base_TC4,21546,OK,
/data/run01/scxk573/lsz/ysy/physicsnemo/data/dataset_springback_pair_Base_TC4_150/springback_pair_Base_TC4_sample_0097_105deg.npz,97,105.0,train,Base_TC4,21546,OK,
/data/run01/scxk573/lsz/ysy/physicsnemo/data/dataset_springback_pair_Base_TC4_150/springback_pair_Base_TC4_sample_0097_110deg.npz,97,110.0,train,Base_TC4,21546,OK,
/data/run01/scxk573/lsz/ysy/physicsnemo/data/dataset_springback_pair_Base_TC4_150/springback_pair_Base_TC4_sample_0097_115deg.npz,97,115.0,train,Base_TC4,21546,OK,
/data/run01/scxk573/lsz/ysy/physicsnemo/data/dataset_springback_pair_Base_TC4_150/springback_pair_Base_TC4_sample_0097_120deg.npz,97,120.0,train,Base_TC4,21546,OK,
/data/run01/scxk573/lsz/ysy/physicsnemo/data/dataset_springback_pair_Base_TC4_150/springback_pair_Base_TC4_sample_0097_125deg.npz,97,125.0,train,Base_TC4,21546,OK,
/data/run01/scxk573/lsz/ysy/physicsnemo/data/dataset_springback_pair_Base_TC4_150/springback_pair_Base_TC4_sample_0097_130deg.npz,97,130.0,train,Base_TC4,21546,OK,
/data/run01/scxk573/lsz/ysy/physicsnemo/data/dataset_springback_pair_Base_TC4_150/springback_pair_Base_TC4_sample_0097_135deg.npz,97,135.0,train,Base_TC4,21546,OK,
/data/run01/scxk573/lsz/ysy/physicsnemo/data/dataset_springback_pair_Base_TC4_150/springback_pair_Base_TC4_sample_0097_140deg.npz,97,140.0,train,Base_TC4,21546,OK,
/data/run01/scxk573/lsz/ysy/physicsnemo/data/dataset_springback_pair_Base_TC4_150/springback_pair_Base_TC4_sample_0097_145deg.npz,97,145.0,train,Base_TC4,21546,OK,
/data/run01/scxk573/lsz/ysy/physicsnemo/data/dataset_springback_pair_Base_TC4_150/springback_pair_Base_TC4_sample_0097_150deg.npz,97,150.0,train,Base_TC4,21546,OK,
/data/run01/scxk573/lsz/ysy/physicsnemo/data/dataset_springback_pair_Base_TC4_150/springback_pair_Base_TC4_sample_0097_155deg.npz,97,155.0,train,Base_TC4,21546,OK,
/data/run01/scxk573/lsz/ysy/physicsnemo/data/dataset_springback_pair_Base_TC4_150/springback_pair_Base_TC4_sample_0097_160deg.npz,97,160.0,train,Base_TC4,21546,OK,
/data/run01/scxk573/lsz/ysy/physicsnemo/data/dataset_springback_pair_Base_TC4_150/springback_pair_Base_TC4_sample_0097_165deg.npz,97,165.0,train,Base_TC4,21546,OK,
/data/run01/scxk573/lsz/ysy/physicsnemo/data/dataset_springback_pair_Base_TC4_150/springback_pair_Base_TC4_sample_0097_170deg.npz,97,170.0,train,Base_TC4,21546,OK,
/data/run01/scxk573/lsz/ysy/physicsnemo/data/dataset_springback_pair_Base_TC4_150/springback_pair_Base_TC4_sample_0097_175deg.npz,97,175.0,train,Base_TC4,21546,OK,
/data/run01/scxk573/lsz/ysy/physicsnemo/data/dataset_springback_pair_Base_TC4_150/springback_pair_Base_TC4_sample_0097_180deg.npz,97,180.0,train,Base_TC4,21546,OK,
/data/run01/scxk573/lsz/ysy/physicsnemo/data/dataset_springback_pair_Base_TC4_150/springback_pair_Base_TC4_sample_0098_005deg.npz,98,5.0,train,Base_TC4,7714,OK,
/data/run01/scxk573/lsz/ysy/physicsnemo/data/dataset_springback_pair_Base_TC4_150/springback_pair_Base_TC4_sample_0098_010deg.npz,98,10.0,train,Base_TC4,7714,OK,
/data/run01/scxk573/lsz/ysy/physicsnemo/data/dataset_springback_pair_Base_TC4_150/springback_pair_Base_TC4_sample_0098_015deg.npz,98,15.0,train,Base_TC4,7714,OK,
/data/run01/scxk573/lsz/ysy/physicsnemo/data/dataset_springback_pair_Base_TC4_150/springback_pair_Base_TC4_sample_0098_020deg.npz,98,20.0,train,Base_TC4,7714,OK,
/data/run01/scxk573/lsz/ysy/physicsnemo/data/dataset_springback_pair_Base_TC4_150/springback_pair_Base_TC4_sample_0098_025deg.npz,98,25.0,train,Base_TC4,7714,OK,
/data/run01/scxk573/lsz/ysy/physicsnemo/data/dataset_springback_pair_Base_TC4_150/springback_pair_Base_TC4_sample_0098_030deg.npz,98,30.0,train,Base_TC4,7714,OK,
/data/run01/scxk573/lsz/ysy/physicsnemo/data/dataset_springback_pair_Base_TC4_150/springback_pair_Base_TC4_sample_0098_035deg.npz,98,35.0,train,Base_TC4,7714,OK,
/data/run01/scxk573/lsz/ysy/physicsnemo/data/dataset_springback_pair_Base_TC4_150/springback_pair_Base_TC4_sample_0098_040deg.npz,98,40.0,train,Base_TC4,7714,OK,
/data/run01/scxk573/lsz/ysy/physicsnemo/data/dataset_springback_pair_Base_TC4_150/springback_pair_Base_TC4_sample_0098_045deg.npz,98,45.0,train,Base_TC4,7714,OK,
/data/run01/scxk573/lsz/ysy/physicsnemo/data/dataset_springback_pair_Base_TC4_150/springback_pair_Base_TC4_sample_0098_050deg.npz,98,50.0,train,Base_TC4,7714,OK,
/data/run01/scxk573/lsz/ysy/physicsnemo/data/dataset_springback_pair_Base_TC4_150/springback_pair_Base_TC4_sample_0098_055deg.npz,98,55.0,train,Base_TC4,7714,OK,
/data/run01/scxk573/lsz/ysy/physicsnemo/data/dataset_springback_pair_Base_TC4_150/springback_pair_Base_TC4_sample_0098_060deg.npz,98,60.0,train,Base_TC4,7714,OK,
/data/run01/scxk573/lsz/ysy/physicsnemo/data/dataset_springback_pair_Base_TC4_150/springback_pair_Base_TC4_sample_0098_065deg.npz,98,65.0,train,Base_TC4,7714,OK,
/data/run01/scxk573/lsz/ysy/physicsnemo/data/dataset_springback_pair_Base_TC4_150/springback_pair_Base_TC4_sample_0098_070deg.npz,98,70.0,train,Base_TC4,7714,OK,
/data/run01/scxk573/lsz/ysy/physicsnemo/data/dataset_springback_pair_Base_TC4_150/springback_pair_Base_TC4_sample_0098_075deg.npz,98,75.0,train,Base_TC4,7714,OK,
/data/run01/scxk573/lsz/ysy/physicsnemo/data/dataset_springback_pair_Base_TC4_150/springback_pair_Base_TC4_sample_0098_080deg.npz,98,80.0,train,Base_TC4,7714,OK,
/data/run01/scxk573/lsz/ysy/physicsnemo/data/dataset_springback_pair_Base_TC4_150/springback_pair_Base_TC4_sample_0098_085deg.npz,98,85.0,train,Base_TC4,7714,OK,
/data/run01/scxk573/lsz/ysy/physicsnemo/data/dataset_springback_pair_Base_TC4_150/springback_pair_Base_TC4_sample_0098_090deg.npz,98,90.0,train,Base_TC4,7714,OK,
/data/run01/scxk573/lsz/ysy/physicsnemo/data/dataset_springback_pair_Base_TC4_150/springback_pair_Base_TC4_sample_0098_095deg.npz,98,95.0,train,Base_TC4,7714,OK,
/data/run01/scxk573/lsz/ysy/physicsnemo/data/dataset_springback_pair_Base_TC4_150/springback_pair_Base_TC4_sample_0098_100deg.npz,98,100.0,train,Base_TC4,7714,OK,
/data/run01/scxk573/lsz/ysy/physicsnemo/data/dataset_springback_pair_Base_TC4_150/springback_pair_Base_TC4_sample_0098_105deg.npz,98,105.0,train,Base_TC4,7714,OK,
/data/run01/scxk573/lsz/ysy/physicsnemo/data/dataset_springback_pair_Base_TC4_150/springback_pair_Base_TC4_sample_0098_110deg.npz,98,110.0,train,Base_TC4,7714,OK,
/data/run01/scxk573/lsz/ysy/physicsnemo/data/dataset_springback_pair_Base_TC4_150/springback_pair_Base_TC4_sample_0098_115deg.npz,98,115.0,train,Base_TC4,7714,OK,
/data/run01/scxk573/lsz/ysy/physicsnemo/data/dataset_springback_pair_Base_TC4_150/springback_pair_Base_TC4_sample_0098_120deg.npz,98,120.0,train,Base_TC4,7714,OK,
/data/run01/scxk573/lsz/ysy/physicsnemo/data/dataset_springback_pair_Base_TC4_150/springback_pair_Base_TC4_sample_0098_125deg.npz,98,125.0,train,Base_TC4,7714,OK,
/data/run01/scxk573/lsz/ysy/physicsnemo/data/dataset_springback_pair_Base_TC4_150/springback_pair_Base_TC4_sample_0098_130deg.npz,98,130.0,train,Base_TC4,7714,OK,
/data/run01/scxk573/lsz/ysy/physicsnemo/data/dataset_springback_pair_Base_TC4_150/springback_pair_Base_TC4_sample_0098_135deg.npz,98,135.0,train,Base_TC4,7714,OK,
/data/run01/scxk573/lsz/ysy/physicsnemo/data/dataset_springback_pair_Base_TC4_150/springback_pair_Base_TC4_sample_0098_140deg.npz,98,140.0,train,Base_TC4,7714,OK,
/data/run01/scxk573/lsz/ysy/physicsnemo/data/dataset_springback_pair_Base_TC4_150/springback_pair_Base_TC4_sample_0098_145deg.npz,98,145.0,train,Base_TC4,7714,OK,
/data/run01/scxk573/lsz/ysy/physicsnemo/data/dataset_springback_pair_Base_TC4_150/springback_pair_Base_TC4_sample_0098_150deg.npz,98,150.0,train,Base_TC4,7714,OK,
/data/run01/scxk573/lsz/ysy/physicsnemo/data/dataset_springback_pair_Base_TC4_150/springback_pair_Base_TC4_sample_0098_155deg.npz,98,155.0,train,Base_TC4,7714,OK,
/data/run01/scxk573/lsz/ysy/physicsnemo/data/dataset_springback_pair_Base_TC4_150/springback_pair_Base_TC4_sample_0098_160deg.npz,98,160.0,train,Base_TC4,7714,OK,
/data/run01/scxk573/lsz/ysy/physicsnemo/data/dataset_springback_pair_Base_TC4_150/springback_pair_Base_TC4_sample_0098_165deg.npz,98,165.0,train,Base_TC4,7714,OK,
/data/run01/scxk573/lsz/ysy/physicsnemo/data/dataset_springback_pair_Base_TC4_150/springback_pair_Base_TC4_sample_0098_170deg.npz,98,170.0,train,Base_TC4,7714,OK,
/data/run01/scxk573/lsz/ysy/physicsnemo/data/dataset_springback_pair_Base_TC4_150/springback_pair_Base_TC4_sample_0098_175deg.npz,98,175.0,train,Base_TC4,7714,OK,
/data/run01/scxk573/lsz/ysy/physicsnemo/data/dataset_springback_pair_Base_TC4_150/springback_pair_Base_TC4_sample_0098_180deg.npz,98,180.0,train,Base_TC4,7714,OK,
/data/run01/scxk573/lsz/ysy/physicsnemo/data/dataset_springback_pair_Base_TC4_150/springback_pair_Base_TC4_sample_0099_005deg.npz,99,5.0,train,Base_TC4,14208,OK,
/data/run01/scxk573/lsz/ysy/physicsnemo/data/dataset_springback_pair_Base_TC4_150/springback_pair_Base_TC4_sample_0099_010deg.npz,99,10.0,train,Base_TC4,14208,OK,
/data/run01/scxk573/lsz/ysy/physicsnemo/data/dataset_springback_pair_Base_TC4_150/springback_pair_Base_TC4_sample_0099_015deg.npz,99,15.0,train,Base_TC4,14208,OK,
/data/run01/scxk573/lsz/ysy/physicsnemo/data/dataset_springback_pair_Base_TC4_150/springback_pair_Base_TC4_sample_0099_020deg.npz,99,20.0,train,Base_TC4,14208,OK,
/data/run01/scxk573/lsz/ysy/physicsnemo/data/dataset_springback_pair_Base_TC4_150/springback_pair_Base_TC4_sample_0099_025deg.npz,99,25.0,train,Base_TC4,14208,OK,
/data/run01/scxk573/lsz/ysy/physicsnemo/data/dataset_springback_pair_Base_TC4_150/springback_pair_Base_TC4_sample_0099_030deg.npz,99,30.0,train,Base_TC4,14208,OK,
/data/run01/scxk573/lsz/ysy/physicsnemo/data/dataset_springback_pair_Base_TC4_150/springback_pair_Base_TC4_sample_0099_035deg.npz,99,35.0,train,Base_TC4,14208,OK,
/data/run01/scxk573/lsz/ysy/physicsnemo/data/dataset_springback_pair_Base_TC4_150/springback_pair_Base_TC4_sample_0099_040deg.npz,99,40.0,train,Base_TC4,14208,OK,
/data/run01/scxk573/lsz/ysy/physicsnemo/data/dataset_springback_pair_Base_TC4_150/springback_pair_Base_TC4_sample_0099_045deg.npz,99,45.0,train,Base_TC4,14208,OK,
/data/run01/scxk573/lsz/ysy/physicsnemo/data/dataset_springback_pair_Base_TC4_150/springback_pair_Base_TC4_sample_0099_050deg.npz,99,50.0,train,Base_TC4,14208,OK,
/data/run01/scxk573/lsz/ysy/physicsnemo/data/dataset_springback_pair_Base_TC4_150/springback_pair_Base_TC4_sample_0099_055deg.npz,99,55.0,train,Base_TC4,14208,OK,
/data/run01/scxk573/lsz/ysy/physicsnemo/data/dataset_springback_pair_Base_TC4_150/springback_pair_Base_TC4_sample_0099_060deg.npz,99,60.0,train,Base_TC4,14208,OK,
/data/run01/scxk573/lsz/ysy/physicsnemo/data/dataset_springback_pair_Base_TC4_150/springback_pair_Base_TC4_sample_0099_065deg.npz,99,65.0,train,Base_TC4,14208,OK,
/data/run01/scxk573/lsz/ysy/physicsnemo/data/dataset_springback_pair_Base_TC4_150/springback_pair_Base_TC4_sample_0099_070deg.npz,99,70.0,train,Base_TC4,14208,OK,
/data/run01/scxk573/lsz/ysy/physicsnemo/data/dataset_springback_pair_Base_TC4_150/springback_pair_Base_TC4_sample_0099_075deg.npz,99,75.0,train,Base_TC4,14208,OK,
/data/run01/scxk573/lsz/ysy/physicsnemo/data/dataset_springback_pair_Base_TC4_150/springback_pair_Base_TC4_sample_0099_080deg.npz,99,80.0,train,Base_TC4,14208,OK,
/data/run01/scxk573/lsz/ysy/physicsnemo/data/dataset_springback_pair_Base_TC4_150/springback_pair_Base_TC4_sample_0099_085deg.npz,99,85.0,train,Base_TC4,14208,OK,
/data/run01/scxk573/lsz/ysy/physicsnemo/data/dataset_springback_pair_Base_TC4_150/springback_pair_Base_TC4_sample_0099_090deg.npz,99,90.0,train,Base_TC4,14208,OK,
/data/run01/scxk573/lsz/ysy/physicsnemo/data/dataset_springback_pair_Base_TC4_150/springback_pair_Base_TC4_sample_0099_095deg.npz,99,95.0,train,Base_TC4,14208,OK,
/data/run01/scxk573/lsz/ysy/physicsnemo/data/dataset_springback_pair_Base_TC4_150/springback_pair_Base_TC4_sample_0099_100deg.npz,99,100.0,train,Base_TC4,14208,OK,
/data/run01/scxk573/lsz/ysy/physicsnemo/data/dataset_springback_pair_Base_TC4_150/springback_pair_Base_TC4_sample_0099_105deg.npz,99,105.0,train,Base_TC4,14208,OK,
/data/run01/scxk573/lsz/ysy/physicsnemo/data/dataset_springback_pair_Base_TC4_150/springback_pair_Base_TC4_sample_0099_110deg.npz,99,110.0,train,Base_TC4,14208,OK,
/data/run01/scxk573/lsz/ysy/physicsnemo/data/dataset_springback_pair_Base_TC4_150/springback_pair_Base_TC4_sample_0099_115deg.npz,99,115.0,train,Base_TC4,14208,OK,
/data/run01/scxk573/lsz/ysy/physicsnemo/data/dataset_springback_pair_Base_TC4_150/springback_pair_Base_TC4_sample_0099_120deg.npz,99,120.0,train,Base_TC4,14208,OK,
/data/run01/scxk573/lsz/ysy/physicsnemo/data/dataset_springback_pair_Base_TC4_150/springback_pair_Base_TC4_sample_0099_125deg.npz,99,125.0,train,Base_TC4,14208,OK,
/data/run01/scxk573/lsz/ysy/physicsnemo/data/dataset_springback_pair_Base_TC4_150/springback_pair_Base_TC4_sample_0099_130deg.npz,99,130.0,train,Base_TC4,14208,OK,
/data/run01/scxk573/lsz/ysy/physicsnemo/data/dataset_springback_pair_Base_TC4_150/springback_pair_Base_TC4_sample_0099_135deg.npz,99,135.0,train,Base_TC4,14208,OK,
/data/run01/scxk573/lsz/ysy/physicsnemo/data/dataset_springback_pair_Base_TC4_150/springback_pair_Base_TC4_sample_0099_140deg.npz,99,140.0,train,Base_TC4,14208,OK,
/data/run01/scxk573/lsz/ysy/physicsnemo/data/dataset_springback_pair_Base_TC4_150/springback_pair_Base_TC4_sample_0099_145deg.npz,99,145.0,train,Base_TC4,14208,OK,
/data/run01/scxk573/lsz/ysy/physicsnemo/data/dataset_springback_pair_Base_TC4_150/springback_pair_Base_TC4_sample_0099_150deg.npz,99,150.0,train,Base_TC4,14208,OK,
/data/run01/scxk573/lsz/ysy/physicsnemo/data/dataset_springback_pair_Base_TC4_150/springback_pair_Base_TC4_sample_0099_155deg.npz,99,155.0,train,Base_TC4,14208,OK,
/data/run01/scxk573/lsz/ysy/physicsnemo/data/dataset_springback_pair_Base_TC4_150/springback_pair_Base_TC4_sample_0099_160deg.npz,99,160.0,train,Base_TC4,14208,OK,
/data/run01/scxk573/lsz/ysy/physicsnemo/data/dataset_springback_pair_Base_TC4_150/springback_pair_Base_TC4_sample_0099_165deg.npz,99,165.0,train,Base_TC4,14208,OK,
/data/run01/scxk573/lsz/ysy/physicsnemo/data/dataset_springback_pair_Base_TC4_150/springback_pair_Base_TC4_sample_0099_170deg.npz,99,170.0,train,Base_TC4,14208,OK,
/data/run01/scxk573/lsz/ysy/physicsnemo/data/dataset_springback_pair_Base_TC4_150/springback_pair_Base_TC4_sample_0099_175deg.npz,99,175.0,train,Base_TC4,14208,OK,
/data/run01/scxk573/lsz/ysy/physicsnemo/data/dataset_springback_pair_Base_TC4_150/springback_pair_Base_TC4_sample_0099_180deg.npz,99,180.0,train,Base_TC4,14208,OK,
/data/run01/scxk573/lsz/ysy/physicsnemo/data/dataset_springback_pair_Base_TC4_150/springback_pair_Base_TC4_sample_0100_005deg.npz,100,5.0,train,Base_TC4,5610,OK,
/data/run01/scxk573/lsz/ysy/physicsnemo/data/dataset_springback_pair_Base_TC4_150/springback_pair_Base_TC4_sample_0100_010deg.npz,100,10.0,train,Base_TC4,5610,OK,
/data/run01/scxk573/lsz/ysy/physicsnemo/data/dataset_springback_pair_Base_TC4_150/springback_pair_Base_TC4_sample_0100_015deg.npz,100,15.0,train,Base_TC4,5610,OK,
/data/run01/scxk573/lsz/ysy/physicsnemo/data/dataset_springback_pair_Base_TC4_150/springback_pair_Base_TC4_sample_0100_020deg.npz,100,20.0,train,Base_TC4,5610,OK,
/data/run01/scxk573/lsz/ysy/physicsnemo/data/dataset_springback_pair_Base_TC4_150/springback_pair_Base_TC4_sample_0100_025deg.npz,100,25.0,train,Base_TC4,5610,OK,
/data/run01/scxk573/lsz/ysy/physicsnemo/data/dataset_springback_pair_Base_TC4_150/springback_pair_Base_TC4_sample_0100_030deg.npz,100,30.0,train,Base_TC4,5610,OK,
/data/run01/scxk573/lsz/ysy/physicsnemo/data/dataset_springback_pair_Base_TC4_150/springback_pair_Base_TC4_sample_0100_035deg.npz,100,35.0,train,Base_TC4,5610,OK,
/data/run01/scxk573/lsz/ysy/physicsnemo/data/dataset_springback_pair_Base_TC4_150/springback_pair_Base_TC4_sample_0100_040deg.npz,100,40.0,train,Base_TC4,5610,OK,
/data/run01/scxk573/lsz/ysy/physicsnemo/data/dataset_springback_pair_Base_TC4_150/springback_pair_Base_TC4_sample_0100_045deg.npz,100,45.0,train,Base_TC4,5610,OK,
/data/run01/scxk573/lsz/ysy/physicsnemo/data/dataset_springback_pair_Base_TC4_150/springback_pair_Base_TC4_sample_0100_050deg.npz,100,50.0,train,Base_TC4,5610,OK,
/data/run01/scxk573/lsz/ysy/physicsnemo/data/dataset_springback_pair_Base_TC4_150/springback_pair_Base_TC4_sample_0100_055deg.npz,100,55.0,train,Base_TC4,5610,OK,
/data/run01/scxk573/lsz/ysy/physicsnemo/data/dataset_springback_pair_Base_TC4_150/springback_pair_Base_TC4_sample_0100_060deg.npz,100,60.0,train,Base_TC4,5610,OK,
/data/run01/scxk573/lsz/ysy/physicsnemo/data/dataset_springback_pair_Base_TC4_150/springback_pair_Base_TC4_sample_0100_065deg.npz,100,65.0,train,Base_TC4,5610,OK,
/data/run01/scxk573/lsz/ysy/physicsnemo/data/dataset_springback_pair_Base_TC4_150/springback_pair_Base_TC4_sample_0100_070deg.npz,100,70.0,train,Base_TC4,5610,OK,
/data/run01/scxk573/lsz/ysy/physicsnemo/data/dataset_springback_pair_Base_TC4_150/springback_pair_Base_TC4_sample_0100_075deg.npz,100,75.0,train,Base_TC4,5610,OK,
/data/run01/scxk573/lsz/ysy/physicsnemo/data/dataset_springback_pair_Base_TC4_150/springback_pair_Base_TC4_sample_0100_080deg.npz,100,80.0,train,Base_TC4,5610,OK,
/data/run01/scxk573/lsz/ysy/physicsnemo/data/dataset_springback_pair_Base_TC4_150/springback_pair_Base_TC4_sample_0100_085deg.npz,100,85.0,train,Base_TC4,5610,OK,
/data/run01/scxk573/lsz/ysy/physicsnemo/data/dataset_springback_pair_Base_TC4_150/springback_pair_Base_TC4_sample_0100_090deg.npz,100,90.0,train,Base_TC4,5610,OK,
/data/run01/scxk573/lsz/ysy/physicsnemo/data/dataset_springback_pair_Base_TC4_150/springback_pair_Base_TC4_sample_0100_095deg.npz,100,95.0,train,Base_TC4,5610,OK,
/data/run01/scxk573/lsz/ysy/physicsnemo/data/dataset_springback_pair_Base_TC4_150/springback_pair_Base_TC4_sample_0100_100deg.npz,100,100.0,train,Base_TC4,5610,OK,
/data/run01/scxk573/lsz/ysy/physicsnemo/data/dataset_springback_pair_Base_TC4_150/springback_pair_Base_TC4_sample_0100_105deg.npz,100,105.0,train,Base_TC4,5610,OK,
/data/run01/scxk573/lsz/ysy/physicsnemo/data/dataset_springback_pair_Base_TC4_150/springback_pair_Base_TC4_sample_0100_110deg.npz,100,110.0,train,Base_TC4,5610,OK,
/data/run01/scxk573/lsz/ysy/physicsnemo/data/dataset_springback_pair_Base_TC4_150/springback_pair_Base_TC4_sample_0100_115deg.npz,100,115.0,train,Base_TC4,5610,OK,
/data/run01/scxk573/lsz/ysy/physicsnemo/data/dataset_springback_pair_Base_TC4_150/springback_pair_Base_TC4_sample_0100_120deg.npz,100,120.0,train,Base_TC4,5610,OK,
/data/run01/scxk573/lsz/ysy/physicsnemo/data/dataset_springback_pair_Base_TC4_150/springback_pair_Base_TC4_sample_0100_125deg.npz,100,125.0,train,Base_TC4,5610,OK,
/data/run01/scxk573/lsz/ysy/physicsnemo/data/dataset_springback_pair_Base_TC4_150/springback_pair_Base_TC4_sample_0100_130deg.npz,100,130.0,train,Base_TC4,5610,OK,
/data/run01/scxk573/lsz/ysy/physicsnemo/data/dataset_springback_pair_Base_TC4_150/springback_pair_Base_TC4_sample_0100_135deg.npz,100,135.0,train,Base_TC4,5610,OK,
/data/run01/scxk573/lsz/ysy/physicsnemo/data/dataset_springback_pair_Base_TC4_150/springback_pair_Base_TC4_sample_0100_140deg.npz,100,140.0,train,Base_TC4,5610,OK,
/data/run01/scxk573/lsz/ysy/physicsnemo/data/dataset_springback_pair_Base_TC4_150/springback_pair_Base_TC4_sample_0100_145deg.npz,100,145.0,train,Base_TC4,5610,OK,
/data/run01/scxk573/lsz/ysy/physicsnemo/data/dataset_springback_pair_Base_TC4_150/springback_pair_Base_TC4_sample_0100_150deg.npz,100,150.0,train,Base_TC4,5610,OK,
/data/run01/scxk573/lsz/ysy/physicsnemo/data/dataset_springback_pair_Base_TC4_150/springback_pair_Base_TC4_sample_0100_155deg.npz,100,155.0,train,Base_TC4,5610,OK,
/data/run01/scxk573/lsz/ysy/physicsnemo/data/dataset_springback_pair_Base_TC4_150/springback_pair_Base_TC4_sample_0100_160deg.npz,100,160.0,train,Base_TC4,5610,OK,
/data/run01/scxk573/lsz/ysy/physicsnemo/data/dataset_springback_pair_Base_TC4_150/springback_pair_Base_TC4_sample_0100_165deg.npz,100,165.0,train,Base_TC4,5610,OK,
/data/run01/scxk573/lsz/ysy/physicsnemo/data/dataset_springback_pair_Base_TC4_150/springback_pair_Base_TC4_sample_0100_170deg.npz,100,170.0,train,Base_TC4,5610,OK,
/data/run01/scxk573/lsz/ysy/physicsnemo/data/dataset_springback_pair_Base_TC4_150/springback_pair_Base_TC4_sample_0100_175deg.npz,100,175.0,train,Base_TC4,5610,OK,
/data/run01/scxk573/lsz/ysy/physicsnemo/data/dataset_springback_pair_Base_TC4_150/springback_pair_Base_TC4_sample_0100_180deg.npz,100,180.0,train,Base_TC4,5610,OK,
/data/run01/scxk573/lsz/ysy/physicsnemo/data/dataset_springback_pair_Base_TC4_150/springback_pair_Base_TC4_sample_0101_005deg.npz,101,5.0,train,Base_TC4,6876,OK,
/data/run01/scxk573/lsz/ysy/physicsnemo/data/dataset_springback_pair_Base_TC4_150/springback_pair_Base_TC4_sample_0101_010deg.npz,101,10.0,train,Base_TC4,6876,OK,
/data/run01/scxk573/lsz/ysy/physicsnemo/data/dataset_springback_pair_Base_TC4_150/springback_pair_Base_TC4_sample_0101_015deg.npz,101,15.0,train,Base_TC4,6876,OK,
/data/run01/scxk573/lsz/ysy/physicsnemo/data/dataset_springback_pair_Base_TC4_150/springback_pair_Base_TC4_sample_0101_020deg.npz,101,20.0,train,Base_TC4,6876,OK,
/data/run01/scxk573/lsz/ysy/physicsnemo/data/dataset_springback_pair_Base_TC4_150/springback_pair_Base_TC4_sample_0101_025deg.npz,101,25.0,train,Base_TC4,6876,OK,
/data/run01/scxk573/lsz/ysy/physicsnemo/data/dataset_springback_pair_Base_TC4_150/springback_pair_Base_TC4_sample_0101_030deg.npz,101,30.0,train,Base_TC4,6876,OK,
/data/run01/scxk573/lsz/ysy/physicsnemo/data/dataset_springback_pair_Base_TC4_150/springback_pair_Base_TC4_sample_0101_035deg.npz,101,35.0,train,Base_TC4,6876,OK,
/data/run01/scxk573/lsz/ysy/physicsnemo/data/dataset_springback_pair_Base_TC4_150/springback_pair_Base_TC4_sample_0101_040deg.npz,101,40.0,train,Base_TC4,6876,OK,
/data/run01/scxk573/lsz/ysy/physicsnemo/data/dataset_springback_pair_Base_TC4_150/springback_pair_Base_TC4_sample_0101_045deg.npz,101,45.0,train,Base_TC4,6876,OK,
/data/run01/scxk573/lsz/ysy/physicsnemo/data/dataset_springback_pair_Base_TC4_150/springback_pair_Base_TC4_sample_0101_050deg.npz,101,50.0,train,Base_TC4,6876,OK,
/data/run01/scxk573/lsz/ysy/physicsnemo/data/dataset_springback_pair_Base_TC4_150/springback_pair_Base_TC4_sample_0101_055deg.npz,101,55.0,train,Base_TC4,6876,OK,
/data/run01/scxk573/lsz/ysy/physicsnemo/data/dataset_springback_pair_Base_TC4_150/springback_pair_Base_TC4_sample_0101_060deg.npz,101,60.0,train,Base_TC4,6876,OK,
/data/run01/scxk573/lsz/ysy/physicsnemo/data/dataset_springback_pair_Base_TC4_150/springback_pair_Base_TC4_sample_0101_065deg.npz,101,65.0,train,Base_TC4,6876,OK,
/data/run01/scxk573/lsz/ysy/physicsnemo/data/dataset_springback_pair_Base_TC4_150/springback_pair_Base_TC4_sample_0101_070deg.npz,101,70.0,train,Base_TC4,6876,OK,
/data/run01/scxk573/lsz/ysy/physicsnemo/data/dataset_springback_pair_Base_TC4_150/springback_pair_Base_TC4_sample_0101_075deg.npz,101,75.0,train,Base_TC4,6876,OK,
/data/run01/scxk573/lsz/ysy/physicsnemo/data/dataset_springback_pair_Base_TC4_150/springback_pair_Base_TC4_sample_0101_080deg.npz,101,80.0,train,Base_TC4,6876,OK,
/data/run01/scxk573/lsz/ysy/physicsnemo/data/dataset_springback_pair_Base_TC4_150/springback_pair_Base_TC4_sample_0101_085deg.npz,101,85.0,train,Base_TC4,6876,OK,
/data/run01/scxk573/lsz/ysy/physicsnemo/data/dataset_springback_pair_Base_TC4_150/springback_pair_Base_TC4_sample_0101_090deg.npz,101,90.0,train,Base_TC4,6876,OK,
/data/run01/scxk573/lsz/ysy/physicsnemo/data/dataset_springback_pair_Base_TC4_150/springback_pair_Base_TC4_sample_0101_095deg.npz,101,95.0,train,Base_TC4,6876,OK,
/data/run01/scxk573/lsz/ysy/physicsnemo/data/dataset_springback_pair_Base_TC4_150/springback_pair_Base_TC4_sample_0101_100deg.npz,101,100.0,train,Base_TC4,6876,OK,
/data/run01/scxk573/lsz/ysy/physicsnemo/data/dataset_springback_pair_Base_TC4_150/springback_pair_Base_TC4_sample_0101_105deg.npz,101,105.0,train,Base_TC4,6876,OK,
/data/run01/scxk573/lsz/ysy/physicsnemo/data/dataset_springback_pair_Base_TC4_150/springback_pair_Base_TC4_sample_0101_110deg.npz,101,110.0,train,Base_TC4,6876,OK,
/data/run01/scxk573/lsz/ysy/physicsnemo/data/dataset_springback_pair_Base_TC4_150/springback_pair_Base_TC4_sample_0101_115deg.npz,101,115.0,train,Base_TC4,6876,OK,
/data/run01/scxk573/lsz/ysy/physicsnemo/data/dataset_springback_pair_Base_TC4_150/springback_pair_Base_TC4_sample_0101_120deg.npz,101,120.0,train,Base_TC4,6876,OK,
/data/run01/scxk573/lsz/ysy/physicsnemo/data/dataset_springback_pair_Base_TC4_150/springback_pair_Base_TC4_sample_0101_125deg.npz,101,125.0,train,Base_TC4,6876,OK,
/data/run01/scxk573/lsz/ysy/physicsnemo/data/dataset_springback_pair_Base_TC4_150/springback_pair_Base_TC4_sample_0101_130deg.npz,101,130.0,train,Base_TC4,6876,OK,
/data/run01/scxk573/lsz/ysy/physicsnemo/data/dataset_springback_pair_Base_TC4_150/springback_pair_Base_TC4_sample_0101_135deg.npz,101,135.0,train,Base_TC4,6876,OK,
/data/run01/scxk573/lsz/ysy/physicsnemo/data/dataset_springback_pair_Base_TC4_150/springback_pair_Base_TC4_sample_0101_140deg.npz,101,140.0,train,Base_TC4,6876,OK,
/data/run01/scxk573/lsz/ysy/physicsnemo/data/dataset_springback_pair_Base_TC4_150/springback_pair_Base_TC4_sample_0101_145deg.npz,101,145.0,train,Base_TC4,6876,OK,
/data/run01/scxk573/lsz/ysy/physicsnemo/data/dataset_springback_pair_Base_TC4_150/springback_pair_Base_TC4_sample_0101_150deg.npz,101,150.0,train,Base_TC4,6876,OK,
/data/run01/scxk573/lsz/ysy/physicsnemo/data/dataset_springback_pair_Base_TC4_150/springback_pair_Base_TC4_sample_0101_155deg.npz,101,155.0,train,Base_TC4,6876,OK,
/data/run01/scxk573/lsz/ysy/physicsnemo/data/dataset_springback_pair_Base_TC4_150/springback_pair_Base_TC4_sample_0101_160deg.npz,101,160.0,train,Base_TC4,6876,OK,
/data/run01/scxk573/lsz/ysy/physicsnemo/data/dataset_springback_pair_Base_TC4_150/springback_pair_Base_TC4_sample_0101_165deg.npz,101,165.0,train,Base_TC4,6876,OK,
/data/run01/scxk573/lsz/ysy/physicsnemo/data/dataset_springback_pair_Base_TC4_150/springback_pair_Base_TC4_sample_0101_170deg.npz,101,170.0,train,Base_TC4,6876,OK,
/data/run01/scxk573/lsz/ysy/physicsnemo/data/dataset_springback_pair_Base_TC4_150/springback_pair_Base_TC4_sample_0101_175deg.npz,101,175.0,train,Base_TC4,6876,OK,
/data/run01/scxk573/lsz/ysy/physicsnemo/data/dataset_springback_pair_Base_TC4_150/springback_pair_Base_TC4_sample_0101_180deg.npz,101,180.0,train,Base_TC4,6876,OK,
/data/run01/scxk573/lsz/ysy/physicsnemo/data/dataset_springback_pair_Base_TC4_150/springback_pair_Base_TC4_sample_0102_005deg.npz,102,5.0,train,Base_TC4,6696,OK,
/data/run01/scxk573/lsz/ysy/physicsnemo/data/dataset_springback_pair_Base_TC4_150/springback_pair_Base_TC4_sample_0102_010deg.npz,102,10.0,train,Base_TC4,6696,OK,
/data/run01/scxk573/lsz/ysy/physicsnemo/data/dataset_springback_pair_Base_TC4_150/springback_pair_Base_TC4_sample_0102_015deg.npz,102,15.0,train,Base_TC4,6696,OK,
/data/run01/scxk573/lsz/ysy/physicsnemo/data/dataset_springback_pair_Base_TC4_150/springback_pair_Base_TC4_sample_0102_020deg.npz,102,20.0,train,Base_TC4,6696,OK,
/data/run01/scxk573/lsz/ysy/physicsnemo/data/dataset_springback_pair_Base_TC4_150/springback_pair_Base_TC4_sample_0102_025deg.npz,102,25.0,train,Base_TC4,6696,OK,
/data/run01/scxk573/lsz/ysy/physicsnemo/data/dataset_springback_pair_Base_TC4_150/springback_pair_Base_TC4_sample_0102_030deg.npz,102,30.0,train,Base_TC4,6696,OK,
/data/run01/scxk573/lsz/ysy/physicsnemo/data/dataset_springback_pair_Base_TC4_150/springback_pair_Base_TC4_sample_0102_035deg.npz,102,35.0,train,Base_TC4,6696,OK,
/data/run01/scxk573/lsz/ysy/physicsnemo/data/dataset_springback_pair_Base_TC4_150/springback_pair_Base_TC4_sample_0102_040deg.npz,102,40.0,train,Base_TC4,6696,OK,
/data/run01/scxk573/lsz/ysy/physicsnemo/data/dataset_springback_pair_Base_TC4_150/springback_pair_Base_TC4_sample_0102_045deg.npz,102,45.0,train,Base_TC4,6696,OK,
/data/run01/scxk573/lsz/ysy/physicsnemo/data/dataset_springback_pair_Base_TC4_150/springback_pair_Base_TC4_sample_0102_050deg.npz,102,50.0,train,Base_TC4,6696,OK,
/data/run01/scxk573/lsz/ysy/physicsnemo/data/dataset_springback_pair_Base_TC4_150/springback_pair_Base_TC4_sample_0102_055deg.npz,102,55.0,train,Base_TC4,6696,OK,
/data/run01/scxk573/lsz/ysy/physicsnemo/data/dataset_springback_pair_Base_TC4_150/springback_pair_Base_TC4_sample_0102_060deg.npz,102,60.0,train,Base_TC4,6696,OK,
/data/run01/scxk573/lsz/ysy/physicsnemo/data/dataset_springback_pair_Base_TC4_150/springback_pair_Base_TC4_sample_0102_065deg.npz,102,65.0,train,Base_TC4,6696,OK,
/data/run01/scxk573/lsz/ysy/physicsnemo/data/dataset_springback_pair_Base_TC4_150/springback_pair_Base_TC4_sample_0102_070deg.npz,102,70.0,train,Base_TC4,6696,OK,
/data/run01/scxk573/lsz/ysy/physicsnemo/data/dataset_springback_pair_Base_TC4_150/springback_pair_Base_TC4_sample_0102_075deg.npz,102,75.0,train,Base_TC4,6696,OK,
/data/run01/scxk573/lsz/ysy/physicsnemo/data/dataset_springback_pair_Base_TC4_150/springback_pair_Base_TC4_sample_0102_080deg.npz,102,80.0,train,Base_TC4,6696,OK,
/data/run01/scxk573/lsz/ysy/physicsnemo/data/dataset_springback_pair_Base_TC4_150/springback_pair_Base_TC4_sample_0102_085deg.npz,102,85.0,train,Base_TC4,6696,OK,
/data/run01/scxk573/lsz/ysy/physicsnemo/data/dataset_springback_pair_Base_TC4_150/springback_pair_Base_TC4_sample_0102_090deg.npz,102,90.0,train,Base_TC4,6696,OK,
/data/run01/scxk573/lsz/ysy/physicsnemo/data/dataset_springback_pair_Base_TC4_150/springback_pair_Base_TC4_sample_0102_095deg.npz,102,95.0,train,Base_TC4,6696,OK,
/data/run01/scxk573/lsz/ysy/physicsnemo/data/dataset_springback_pair_Base_TC4_150/springback_pair_Base_TC4_sample_0102_100deg.npz,102,100.0,train,Base_TC4,6696,OK,
/data/run01/scxk573/lsz/ysy/physicsnemo/data/dataset_springback_pair_Base_TC4_150/springback_pair_Base_TC4_sample_0102_105deg.npz,102,105.0,train,Base_TC4,6696,OK,
/data/run01/scxk573/lsz/ysy/physicsnemo/data/dataset_springback_pair_Base_TC4_150/springback_pair_Base_TC4_sample_0102_110deg.npz,102,110.0,train,Base_TC4,6696,OK,
/data/run01/scxk573/lsz/ysy/physicsnemo/data/dataset_springback_pair_Base_TC4_150/springback_pair_Base_TC4_sample_0102_115deg.npz,102,115.0,train,Base_TC4,6696,OK,
/data/run01/scxk573/lsz/ysy/physicsnemo/data/dataset_springback_pair_Base_TC4_150/springback_pair_Base_TC4_sample_0102_120deg.npz,102,120.0,train,Base_TC4,6696,OK,
/data/run01/scxk573/lsz/ysy/physicsnemo/data/dataset_springback_pair_Base_TC4_150/springback_pair_Base_TC4_sample_0102_125deg.npz,102,125.0,train,Base_TC4,6696,OK,
/data/run01/scxk573/lsz/ysy/physicsnemo/data/dataset_springback_pair_Base_TC4_150/springback_pair_Base_TC4_sample_0102_130deg.npz,102,130.0,train,Base_TC4,6696,OK,
/data/run01/scxk573/lsz/ysy/physicsnemo/data/dataset_springback_pair_Base_TC4_150/springback_pair_Base_TC4_sample_0102_135deg.npz,102,135.0,train,Base_TC4,6696,OK,
/data/run01/scxk573/lsz/ysy/physicsnemo/data/dataset_springback_pair_Base_TC4_150/springback_pair_Base_TC4_sample_0102_140deg.npz,102,140.0,train,Base_TC4,6696,OK,
/data/run01/scxk573/lsz/ysy/physicsnemo/data/dataset_springback_pair_Base_TC4_150/springback_pair_Base_TC4_sample_0102_145deg.npz,102,145.0,train,Base_TC4,6696,OK,
/data/run01/scxk573/lsz/ysy/physicsnemo/data/dataset_springback_pair_Base_TC4_150/springback_pair_Base_TC4_sample_0102_150deg.npz,102,150.0,train,Base_TC4,6696,OK,
/data/run01/scxk573/lsz/ysy/physicsnemo/data/dataset_springback_pair_Base_TC4_150/springback_pair_Base_TC4_sample_0102_155deg.npz,102,155.0,train,Base_TC4,6696,OK,
/data/run01/scxk573/lsz/ysy/physicsnemo/data/dataset_springback_pair_Base_TC4_150/springback_pair_Base_TC4_sample_0102_160deg.npz,102,160.0,train,Base_TC4,6696,OK,
/data/run01/scxk573/lsz/ysy/physicsnemo/data/dataset_springback_pair_Base_TC4_150/springback_pair_Base_TC4_sample_0102_165deg.npz,102,165.0,train,Base_TC4,6696,OK,
/data/run01/scxk573/lsz/ysy/physicsnemo/data/dataset_springback_pair_Base_TC4_150/springback_pair_Base_TC4_sample_0102_170deg.npz,102,170.0,train,Base_TC4,6696,OK,
/data/run01/scxk573/lsz/ysy/physicsnemo/data/dataset_springback_pair_Base_TC4_150/springback_pair_Base_TC4_sample_0102_175deg.npz,102,175.0,train,Base_TC4,6696,OK,
/data/run01/scxk573/lsz/ysy/physicsnemo/data/dataset_springback_pair_Base_TC4_150/springback_pair_Base_TC4_sample_0102_180deg.npz,102,180.0,train,Base_TC4,6696,OK,
/data/run01/scxk573/lsz/ysy/physicsnemo/data/dataset_springback_pair_Base_TC4_150/springback_pair_Base_TC4_sample_0103_005deg.npz,103,5.0,train,Base_TC4,2793,OK,
/data/run01/scxk573/lsz/ysy/physicsnemo/data/dataset_springback_pair_Base_TC4_150/springback_pair_Base_TC4_sample_0103_010deg.npz,103,10.0,train,Base_TC4,2793,OK,
/data/run01/scxk573/lsz/ysy/physicsnemo/data/dataset_springback_pair_Base_TC4_150/springback_pair_Base_TC4_sample_0103_015deg.npz,103,15.0,train,Base_TC4,2793,OK,
/data/run01/scxk573/lsz/ysy/physicsnemo/data/dataset_springback_pair_Base_TC4_150/springback_pair_Base_TC4_sample_0103_020deg.npz,103,20.0,train,Base_TC4,2793,OK,
/data/run01/scxk573/lsz/ysy/physicsnemo/data/dataset_springback_pair_Base_TC4_150/springback_pair_Base_TC4_sample_0103_025deg.npz,103,25.0,train,Base_TC4,2793,OK,
/data/run01/scxk573/lsz/ysy/physicsnemo/data/dataset_springback_pair_Base_TC4_150/springback_pair_Base_TC4_sample_0103_030deg.npz,103,30.0,train,Base_TC4,2793,OK,
/data/run01/scxk573/lsz/ysy/physicsnemo/data/dataset_springback_pair_Base_TC4_150/springback_pair_Base_TC4_sample_0103_035deg.npz,103,35.0,train,Base_TC4,2793,OK,
/data/run01/scxk573/lsz/ysy/physicsnemo/data/dataset_springback_pair_Base_TC4_150/springback_pair_Base_TC4_sample_0103_040deg.npz,103,40.0,train,Base_TC4,2793,OK,
/data/run01/scxk573/lsz/ysy/physicsnemo/data/dataset_springback_pair_Base_TC4_150/springback_pair_Base_TC4_sample_0103_045deg.npz,103,45.0,train,Base_TC4,2793,OK,
/data/run01/scxk573/lsz/ysy/physicsnemo/data/dataset_springback_pair_Base_TC4_150/springback_pair_Base_TC4_sample_0103_050deg.npz,103,50.0,train,Base_TC4,2793,OK,
/data/run01/scxk573/lsz/ysy/physicsnemo/data/dataset_springback_pair_Base_TC4_150/springback_pair_Base_TC4_sample_0103_055deg.npz,103,55.0,train,Base_TC4,2793,OK,
/data/run01/scxk573/lsz/ysy/physicsnemo/data/dataset_springback_pair_Base_TC4_150/springback_pair_Base_TC4_sample_0103_060deg.npz,103,60.0,train,Base_TC4,2793,OK,
/data/run01/scxk573/lsz/ysy/physicsnemo/data/dataset_springback_pair_Base_TC4_150/springback_pair_Base_TC4_sample_0103_065deg.npz,103,65.0,train,Base_TC4,2793,OK,
/data/run01/scxk573/lsz/ysy/physicsnemo/data/dataset_springback_pair_Base_TC4_150/springback_pair_Base_TC4_sample_0103_070deg.npz,103,70.0,train,Base_TC4,2793,OK,
/data/run01/scxk573/lsz/ysy/physicsnemo/data/dataset_springback_pair_Base_TC4_150/springback_pair_Base_TC4_sample_0103_075deg.npz,103,75.0,train,Base_TC4,2793,OK,
/data/run01/scxk573/lsz/ysy/physicsnemo/data/dataset_springback_pair_Base_TC4_150/springback_pair_Base_TC4_sample_0103_080deg.npz,103,80.0,train,Base_TC4,2793,OK,
/data/run01/scxk573/lsz/ysy/physicsnemo/data/dataset_springback_pair_Base_TC4_150/springback_pair_Base_TC4_sample_0103_085deg.npz,103,85.0,train,Base_TC4,2793,OK,
/data/run01/scxk573/lsz/ysy/physicsnemo/data/dataset_springback_pair_Base_TC4_150/springback_pair_Base_TC4_sample_0103_090deg.npz,103,90.0,train,Base_TC4,2793,OK,
/data/run01/scxk573/lsz/ysy/physicsnemo/data/dataset_springback_pair_Base_TC4_150/springback_pair_Base_TC4_sample_0103_095deg.npz,103,95.0,train,Base_TC4,2793,OK,
/data/run01/scxk573/lsz/ysy/physicsnemo/data/dataset_springback_pair_Base_TC4_150/springback_pair_Base_TC4_sample_0103_100deg.npz,103,100.0,train,Base_TC4,2793,OK,
/data/run01/scxk573/lsz/ysy/physicsnemo/data/dataset_springback_pair_Base_TC4_150/springback_pair_Base_TC4_sample_0103_105deg.npz,103,105.0,train,Base_TC4,2793,OK,
/data/run01/scxk573/lsz/ysy/physicsnemo/data/dataset_springback_pair_Base_TC4_150/springback_pair_Base_TC4_sample_0103_110deg.npz,103,110.0,train,Base_TC4,2793,OK,
/data/run01/scxk573/lsz/ysy/physicsnemo/data/dataset_springback_pair_Base_TC4_150/springback_pair_Base_TC4_sample_0103_115deg.npz,103,115.0,train,Base_TC4,2793,OK,
/data/run01/scxk573/lsz/ysy/physicsnemo/data/dataset_springback_pair_Base_TC4_150/springback_pair_Base_TC4_sample_0103_120deg.npz,103,120.0,train,Base_TC4,2793,OK,
/data/run01/scxk573/lsz/ysy/physicsnemo/data/dataset_springback_pair_Base_TC4_150/springback_pair_Base_TC4_sample_0103_125deg.npz,103,125.0,train,Base_TC4,2793,OK,
/data/run01/scxk573/lsz/ysy/physicsnemo/data/dataset_springback_pair_Base_TC4_150/springback_pair_Base_TC4_sample_0103_130deg.npz,103,130.0,train,Base_TC4,2793,OK,
/data/run01/scxk573/lsz/ysy/physicsnemo/data/dataset_springback_pair_Base_TC4_150/springback_pair_Base_TC4_sample_0103_135deg.npz,103,135.0,train,Base_TC4,2793,OK,
/data/run01/scxk573/lsz/ysy/physicsnemo/data/dataset_springback_pair_Base_TC4_150/springback_pair_Base_TC4_sample_0103_140deg.npz,103,140.0,train,Base_TC4,2793,OK,
/data/run01/scxk573/lsz/ysy/physicsnemo/data/dataset_springback_pair_Base_TC4_150/springback_pair_Base_TC4_sample_0103_145deg.npz,103,145.0,train,Base_TC4,2793,OK,
/data/run01/scxk573/lsz/ysy/physicsnemo/data/dataset_springback_pair_Base_TC4_150/springback_pair_Base_TC4_sample_0103_150deg.npz,103,150.0,train,Base_TC4,2793,OK,
/data/run01/scxk573/lsz/ysy/physicsnemo/data/dataset_springback_pair_Base_TC4_150/springback_pair_Base_TC4_sample_0103_155deg.npz,103,155.0,train,Base_TC4,2793,OK,
/data/run01/scxk573/lsz/ysy/physicsnemo/data/dataset_springback_pair_Base_TC4_150/springback_pair_Base_TC4_sample_0103_160deg.npz,103,160.0,train,Base_TC4,2793,OK,
/data/run01/scxk573/lsz/ysy/physicsnemo/data/dataset_springback_pair_Base_TC4_150/springback_pair_Base_TC4_sample_0103_165deg.npz,103,165.0,train,Base_TC4,2793,OK,
/data/run01/scxk573/lsz/ysy/physicsnemo/data/dataset_springback_pair_Base_TC4_150/springback_pair_Base_TC4_sample_0103_170deg.npz,103,170.0,train,Base_TC4,2793,OK,
/data/run01/scxk573/lsz/ysy/physicsnemo/data/dataset_springback_pair_Base_TC4_150/springback_pair_Base_TC4_sample_0103_175deg.npz,103,175.0,train,Base_TC4,2793,OK,
/data/run01/scxk573/lsz/ysy/physicsnemo/data/dataset_springback_pair_Base_TC4_150/springback_pair_Base_TC4_sample_0103_180deg.npz,103,180.0,train,Base_TC4,2793,OK,
/data/run01/scxk573/lsz/ysy/physicsnemo/data/dataset_springback_pair_Base_TC4_150/springback_pair_Base_TC4_sample_0104_005deg.npz,104,5.0,val,Base_TC4,20121,OK,
/data/run01/scxk573/lsz/ysy/physicsnemo/data/dataset_springback_pair_Base_TC4_150/springback_pair_Base_TC4_sample_0104_010deg.npz,104,10.0,val,Base_TC4,20121,OK,
/data/run01/scxk573/lsz/ysy/physicsnemo/data/dataset_springback_pair_Base_TC4_150/springback_pair_Base_TC4_sample_0104_015deg.npz,104,15.0,val,Base_TC4,20121,OK,
/data/run01/scxk573/lsz/ysy/physicsnemo/data/dataset_springback_pair_Base_TC4_150/springback_pair_Base_TC4_sample_0104_020deg.npz,104,20.0,val,Base_TC4,20121,OK,
/data/run01/scxk573/lsz/ysy/physicsnemo/data/dataset_springback_pair_Base_TC4_150/springback_pair_Base_TC4_sample_0104_025deg.npz,104,25.0,val,Base_TC4,20121,OK,
/data/run01/scxk573/lsz/ysy/physicsnemo/data/dataset_springback_pair_Base_TC4_150/springback_pair_Base_TC4_sample_0104_030deg.npz,104,30.0,val,Base_TC4,20121,OK,
/data/run01/scxk573/lsz/ysy/physicsnemo/data/dataset_springback_pair_Base_TC4_150/springback_pair_Base_TC4_sample_0104_035deg.npz,104,35.0,val,Base_TC4,20121,OK,
/data/run01/scxk573/lsz/ysy/physicsnemo/data/dataset_springback_pair_Base_TC4_150/springback_pair_Base_TC4_sample_0104_040deg.npz,104,40.0,val,Base_TC4,20121,OK,
/data/run01/scxk573/lsz/ysy/physicsnemo/data/dataset_springback_pair_Base_TC4_150/springback_pair_Base_TC4_sample_0104_045deg.npz,104,45.0,val,Base_TC4,20121,OK,
/data/run01/scxk573/lsz/ysy/physicsnemo/data/dataset_springback_pair_Base_TC4_150/springback_pair_Base_TC4_sample_0104_050deg.npz,104,50.0,val,Base_TC4,20121,OK,
/data/run01/scxk573/lsz/ysy/physicsnemo/data/dataset_springback_pair_Base_TC4_150/springback_pair_Base_TC4_sample_0104_055deg.npz,104,55.0,val,Base_TC4,20121,OK,
/data/run01/scxk573/lsz/ysy/physicsnemo/data/dataset_springback_pair_Base_TC4_150/springback_pair_Base_TC4_sample_0104_060deg.npz,104,60.0,val,Base_TC4,20121,OK,
/data/run01/scxk573/lsz/ysy/physicsnemo/data/dataset_springback_pair_Base_TC4_150/springback_pair_Base_TC4_sample_0104_065deg.npz,104,65.0,val,Base_TC4,20121,OK,
/data/run01/scxk573/lsz/ysy/physicsnemo/data/dataset_springback_pair_Base_TC4_150/springback_pair_Base_TC4_sample_0104_070deg.npz,104,70.0,val,Base_TC4,20121,OK,
/data/run01/scxk573/lsz/ysy/physicsnemo/data/dataset_springback_pair_Base_TC4_150/springback_pair_Base_TC4_sample_0104_075deg.npz,104,75.0,val,Base_TC4,20121,OK,
/data/run01/scxk573/lsz/ysy/physicsnemo/data/dataset_springback_pair_Base_TC4_150/springback_pair_Base_TC4_sample_0104_080deg.npz,104,80.0,val,Base_TC4,20121,OK,
/data/run01/scxk573/lsz/ysy/physicsnemo/data/dataset_springback_pair_Base_TC4_150/springback_pair_Base_TC4_sample_0104_085deg.npz,104,85.0,val,Base_TC4,20121,OK,
/data/run01/scxk573/lsz/ysy/physicsnemo/data/dataset_springback_pair_Base_TC4_150/springback_pair_Base_TC4_sample_0104_090deg.npz,104,90.0,val,Base_TC4,20121,OK,
/data/run01/scxk573/lsz/ysy/physicsnemo/data/dataset_springback_pair_Base_TC4_150/springback_pair_Base_TC4_sample_0104_095deg.npz,104,95.0,val,Base_TC4,20121,OK,
/data/run01/scxk573/lsz/ysy/physicsnemo/data/dataset_springback_pair_Base_TC4_150/springback_pair_Base_TC4_sample_0104_100deg.npz,104,100.0,val,Base_TC4,20121,OK,
/data/run01/scxk573/lsz/ysy/physicsnemo/data/dataset_springback_pair_Base_TC4_150/springback_pair_Base_TC4_sample_0104_105deg.npz,104,105.0,val,Base_TC4,20121,OK,
/data/run01/scxk573/lsz/ysy/physicsnemo/data/dataset_springback_pair_Base_TC4_150/springback_pair_Base_TC4_sample_0104_110deg.npz,104,110.0,val,Base_TC4,20121,OK,
/data/run01/scxk573/lsz/ysy/physicsnemo/data/dataset_springback_pair_Base_TC4_150/springback_pair_Base_TC4_sample_0104_115deg.npz,104,115.0,val,Base_TC4,20121,OK,
/data/run01/scxk573/lsz/ysy/physicsnemo/data/dataset_springback_pair_Base_TC4_150/springback_pair_Base_TC4_sample_0104_120deg.npz,104,120.0,val,Base_TC4,20121,OK,
/data/run01/scxk573/lsz/ysy/physicsnemo/data/dataset_springback_pair_Base_TC4_150/springback_pair_Base_TC4_sample_0104_125deg.npz,104,125.0,val,Base_TC4,20121,OK,
/data/run01/scxk573/lsz/ysy/physicsnemo/data/dataset_springback_pair_Base_TC4_150/springback_pair_Base_TC4_sample_0104_130deg.npz,104,130.0,val,Base_TC4,20121,OK,
/data/run01/scxk573/lsz/ysy/physicsnemo/data/dataset_springback_pair_Base_TC4_150/springback_pair_Base_TC4_sample_0104_135deg.npz,104,135.0,val,Base_TC4,20121,OK,
/data/run01/scxk573/lsz/ysy/physicsnemo/data/dataset_springback_pair_Base_TC4_150/springback_pair_Base_TC4_sample_0104_140deg.npz,104,140.0,val,Base_TC4,20121,OK,
/data/run01/scxk573/lsz/ysy/physicsnemo/data/dataset_springback_pair_Base_TC4_150/springback_pair_Base_TC4_sample_0104_145deg.npz,104,145.0,val,Base_TC4,20121,OK,
/data/run01/scxk573/lsz/ysy/physicsnemo/data/dataset_springback_pair_Base_TC4_150/springback_pair_Base_TC4_sample_0104_150deg.npz,104,150.0,val,Base_TC4,20121,OK,
/data/run01/scxk573/lsz/ysy/physicsnemo/data/dataset_springback_pair_Base_TC4_150/springback_pair_Base_TC4_sample_0104_155deg.npz,104,155.0,val,Base_TC4,20121,OK,
/data/run01/scxk573/lsz/ysy/physicsnemo/data/dataset_springback_pair_Base_TC4_150/springback_pair_Base_TC4_sample_0104_160deg.npz,104,160.0,val,Base_TC4,20121,OK,
/data/run01/scxk573/lsz/ysy/physicsnemo/data/dataset_springback_pair_Base_TC4_150/springback_pair_Base_TC4_sample_0104_165deg.npz,104,165.0,val,Base_TC4,20121,OK,
/data/run01/scxk573/lsz/ysy/physicsnemo/data/dataset_springback_pair_Base_TC4_150/springback_pair_Base_TC4_sample_0104_170deg.npz,104,170.0,val,Base_TC4,20121,OK,
/data/run01/scxk573/lsz/ysy/physicsnemo/data/dataset_springback_pair_Base_TC4_150/springback_pair_Base_TC4_sample_0104_175deg.npz,104,175.0,val,Base_TC4,20121,OK,
/data/run01/scxk573/lsz/ysy/physicsnemo/data/dataset_springback_pair_Base_TC4_150/springback_pair_Base_TC4_sample_0104_180deg.npz,104,180.0,val,Base_TC4,20121,OK,
/data/run01/scxk573/lsz/ysy/physicsnemo/data/dataset_springback_pair_Base_TC4_150/springback_pair_Base_TC4_sample_0105_005deg.npz,105,5.0,train,Base_TC4,3322,OK,
/data/run01/scxk573/lsz/ysy/physicsnemo/data/dataset_springback_pair_Base_TC4_150/springback_pair_Base_TC4_sample_0105_010deg.npz,105,10.0,train,Base_TC4,3322,OK,
/data/run01/scxk573/lsz/ysy/physicsnemo/data/dataset_springback_pair_Base_TC4_150/springback_pair_Base_TC4_sample_0105_015deg.npz,105,15.0,train,Base_TC4,3322,OK,
/data/run01/scxk573/lsz/ysy/physicsnemo/data/dataset_springback_pair_Base_TC4_150/springback_pair_Base_TC4_sample_0105_020deg.npz,105,20.0,train,Base_TC4,3322,OK,
/data/run01/scxk573/lsz/ysy/physicsnemo/data/dataset_springback_pair_Base_TC4_150/springback_pair_Base_TC4_sample_0105_025deg.npz,105,25.0,train,Base_TC4,3322,OK,
/data/run01/scxk573/lsz/ysy/physicsnemo/data/dataset_springback_pair_Base_TC4_150/springback_pair_Base_TC4_sample_0105_030deg.npz,105,30.0,train,Base_TC4,3322,OK,
/data/run01/scxk573/lsz/ysy/physicsnemo/data/dataset_springback_pair_Base_TC4_150/springback_pair_Base_TC4_sample_0105_035deg.npz,105,35.0,train,Base_TC4,3322,OK,
/data/run01/scxk573/lsz/ysy/physicsnemo/data/dataset_springback_pair_Base_TC4_150/springback_pair_Base_TC4_sample_0105_040deg.npz,105,40.0,train,Base_TC4,3322,OK,
/data/run01/scxk573/lsz/ysy/physicsnemo/data/dataset_springback_pair_Base_TC4_150/springback_pair_Base_TC4_sample_0105_045deg.npz,105,45.0,train,Base_TC4,3322,OK,
/data/run01/scxk573/lsz/ysy/physicsnemo/data/dataset_springback_pair_Base_TC4_150/springback_pair_Base_TC4_sample_0105_050deg.npz,105,50.0,train,Base_TC4,3322,OK,
/data/run01/scxk573/lsz/ysy/physicsnemo/data/dataset_springback_pair_Base_TC4_150/springback_pair_Base_TC4_sample_0105_055deg.npz,105,55.0,train,Base_TC4,3322,OK,
/data/run01/scxk573/lsz/ysy/physicsnemo/data/dataset_springback_pair_Base_TC4_150/springback_pair_Base_TC4_sample_0105_060deg.npz,105,60.0,train,Base_TC4,3322,OK,
/data/run01/scxk573/lsz/ysy/physicsnemo/data/dataset_springback_pair_Base_TC4_150/springback_pair_Base_TC4_sample_0105_065deg.npz,105,65.0,train,Base_TC4,3322,OK,
/data/run01/scxk573/lsz/ysy/physicsnemo/data/dataset_springback_pair_Base_TC4_150/springback_pair_Base_TC4_sample_0105_070deg.npz,105,70.0,train,Base_TC4,3322,OK,
/data/run01/scxk573/lsz/ysy/physicsnemo/data/dataset_springback_pair_Base_TC4_150/springback_pair_Base_TC4_sample_0105_075deg.npz,105,75.0,train,Base_TC4,3322,OK,
/data/run01/scxk573/lsz/ysy/physicsnemo/data/dataset_springback_pair_Base_TC4_150/springback_pair_Base_TC4_sample_0105_080deg.npz,105,80.0,train,Base_TC4,3322,OK,
/data/run01/scxk573/lsz/ysy/physicsnemo/data/dataset_springback_pair_Base_TC4_150/springback_pair_Base_TC4_sample_0105_085deg.npz,105,85.0,train,Base_TC4,3322,OK,
/data/run01/scxk573/lsz/ysy/physicsnemo/data/dataset_springback_pair_Base_TC4_150/springback_pair_Base_TC4_sample_0105_090deg.npz,105,90.0,train,Base_TC4,3322,OK,
/data/run01/scxk573/lsz/ysy/physicsnemo/data/dataset_springback_pair_Base_TC4_150/springback_pair_Base_TC4_sample_0105_095deg.npz,105,95.0,train,Base_TC4,3322,OK,
/data/run01/scxk573/lsz/ysy/physicsnemo/data/dataset_springback_pair_Base_TC4_150/springback_pair_Base_TC4_sample_0105_100deg.npz,105,100.0,train,Base_TC4,3322,OK,
/data/run01/scxk573/lsz/ysy/physicsnemo/data/dataset_springback_pair_Base_TC4_150/springback_pair_Base_TC4_sample_0105_105deg.npz,105,105.0,train,Base_TC4,3322,OK,
/data/run01/scxk573/lsz/ysy/physicsnemo/data/dataset_springback_pair_Base_TC4_150/springback_pair_Base_TC4_sample_0105_110deg.npz,105,110.0,train,Base_TC4,3322,OK,
/data/run01/scxk573/lsz/ysy/physicsnemo/data/dataset_springback_pair_Base_TC4_150/springback_pair_Base_TC4_sample_0105_115deg.npz,105,115.0,train,Base_TC4,3322,OK,
/data/run01/scxk573/lsz/ysy/physicsnemo/data/dataset_springback_pair_Base_TC4_150/springback_pair_Base_TC4_sample_0105_120deg.npz,105,120.0,train,Base_TC4,3322,OK,
/data/run01/scxk573/lsz/ysy/physicsnemo/data/dataset_springback_pair_Base_TC4_150/springback_pair_Base_TC4_sample_0105_125deg.npz,105,125.0,train,Base_TC4,3322,OK,
/data/run01/scxk573/lsz/ysy/physicsnemo/data/dataset_springback_pair_Base_TC4_150/springback_pair_Base_TC4_sample_0105_130deg.npz,105,130.0,train,Base_TC4,3322,OK,
/data/run01/scxk573/lsz/ysy/physicsnemo/data/dataset_springback_pair_Base_TC4_150/springback_pair_Base_TC4_sample_0105_135deg.npz,105,135.0,train,Base_TC4,3322,OK,
/data/run01/scxk573/lsz/ysy/physicsnemo/data/dataset_springback_pair_Base_TC4_150/springback_pair_Base_TC4_sample_0105_140deg.npz,105,140.0,train,Base_TC4,3322,OK,
/data/run01/scxk573/lsz/ysy/physicsnemo/data/dataset_springback_pair_Base_TC4_150/springback_pair_Base_TC4_sample_0105_145deg.npz,105,145.0,train,Base_TC4,3322,OK,
/data/run01/scxk573/lsz/ysy/physicsnemo/data/dataset_springback_pair_Base_TC4_150/springback_pair_Base_TC4_sample_0105_150deg.npz,105,150.0,train,Base_TC4,3322,OK,
/data/run01/scxk573/lsz/ysy/physicsnemo/data/dataset_springback_pair_Base_TC4_150/springback_pair_Base_TC4_sample_0105_155deg.npz,105,155.0,train,Base_TC4,3322,OK,
/data/run01/scxk573/lsz/ysy/physicsnemo/data/dataset_springback_pair_Base_TC4_150/springback_pair_Base_TC4_sample_0105_160deg.npz,105,160.0,train,Base_TC4,3322,OK,
/data/run01/scxk573/lsz/ysy/physicsnemo/data/dataset_springback_pair_Base_TC4_150/springback_pair_Base_TC4_sample_0105_165deg.npz,105,165.0,train,Base_TC4,3322,OK,
/data/run01/scxk573/lsz/ysy/physicsnemo/data/dataset_springback_pair_Base_TC4_150/springback_pair_Base_TC4_sample_0105_170deg.npz,105,170.0,train,Base_TC4,3322,OK,
/data/run01/scxk573/lsz/ysy/physicsnemo/data/dataset_springback_pair_Base_TC4_150/springback_pair_Base_TC4_sample_0105_175deg.npz,105,175.0,train,Base_TC4,3322,OK,
/data/run01/scxk573/lsz/ysy/physicsnemo/data/dataset_springback_pair_Base_TC4_150/springback_pair_Base_TC4_sample_0105_180deg.npz,105,180.0,train,Base_TC4,3322,OK,
/data/run01/scxk573/lsz/ysy/physicsnemo/data/dataset_springback_pair_Base_TC4_150/springback_pair_Base_TC4_sample_0106_005deg.npz,106,5.0,train,Base_TC4,18096,OK,
/data/run01/scxk573/lsz/ysy/physicsnemo/data/dataset_springback_pair_Base_TC4_150/springback_pair_Base_TC4_sample_0106_010deg.npz,106,10.0,train,Base_TC4,18096,OK,
/data/run01/scxk573/lsz/ysy/physicsnemo/data/dataset_springback_pair_Base_TC4_150/springback_pair_Base_TC4_sample_0106_015deg.npz,106,15.0,train,Base_TC4,18096,OK,
/data/run01/scxk573/lsz/ysy/physicsnemo/data/dataset_springback_pair_Base_TC4_150/springback_pair_Base_TC4_sample_0106_020deg.npz,106,20.0,train,Base_TC4,18096,OK,
/data/run01/scxk573/lsz/ysy/physicsnemo/data/dataset_springback_pair_Base_TC4_150/springback_pair_Base_TC4_sample_0106_025deg.npz,106,25.0,train,Base_TC4,18096,OK,
/data/run01/scxk573/lsz/ysy/physicsnemo/data/dataset_springback_pair_Base_TC4_150/springback_pair_Base_TC4_sample_0106_030deg.npz,106,30.0,train,Base_TC4,18096,OK,
/data/run01/scxk573/lsz/ysy/physicsnemo/data/dataset_springback_pair_Base_TC4_150/springback_pair_Base_TC4_sample_0106_035deg.npz,106,35.0,train,Base_TC4,18096,OK,
/data/run01/scxk573/lsz/ysy/physicsnemo/data/dataset_springback_pair_Base_TC4_150/springback_pair_Base_TC4_sample_0106_040deg.npz,106,40.0,train,Base_TC4,18096,OK,
/data/run01/scxk573/lsz/ysy/physicsnemo/data/dataset_springback_pair_Base_TC4_150/springback_pair_Base_TC4_sample_0106_045deg.npz,106,45.0,train,Base_TC4,18096,OK,
/data/run01/scxk573/lsz/ysy/physicsnemo/data/dataset_springback_pair_Base_TC4_150/springback_pair_Base_TC4_sample_0106_050deg.npz,106,50.0,train,Base_TC4,18096,OK,
/data/run01/scxk573/lsz/ysy/physicsnemo/data/dataset_springback_pair_Base_TC4_150/springback_pair_Base_TC4_sample_0106_055deg.npz,106,55.0,train,Base_TC4,18096,OK,
/data/run01/scxk573/lsz/ysy/physicsnemo/data/dataset_springback_pair_Base_TC4_150/springback_pair_Base_TC4_sample_0106_060deg.npz,106,60.0,train,Base_TC4,18096,OK,
/data/run01/scxk573/lsz/ysy/physicsnemo/data/dataset_springback_pair_Base_TC4_150/springback_pair_Base_TC4_sample_0106_065deg.npz,106,65.0,train,Base_TC4,18096,OK,
/data/run01/scxk573/lsz/ysy/physicsnemo/data/dataset_springback_pair_Base_TC4_150/springback_pair_Base_TC4_sample_0106_070deg.npz,106,70.0,train,Base_TC4,18096,OK,
/data/run01/scxk573/lsz/ysy/physicsnemo/data/dataset_springback_pair_Base_TC4_150/springback_pair_Base_TC4_sample_0106_075deg.npz,106,75.0,train,Base_TC4,18096,OK,
/data/run01/scxk573/lsz/ysy/physicsnemo/data/dataset_springback_pair_Base_TC4_150/springback_pair_Base_TC4_sample_0106_080deg.npz,106,80.0,train,Base_TC4,18096,OK,
/data/run01/scxk573/lsz/ysy/physicsnemo/data/dataset_springback_pair_Base_TC4_150/springback_pair_Base_TC4_sample_0106_085deg.npz,106,85.0,train,Base_TC4,18096,OK,
/data/run01/scxk573/lsz/ysy/physicsnemo/data/dataset_springback_pair_Base_TC4_150/springback_pair_Base_TC4_sample_0106_090deg.npz,106,90.0,train,Base_TC4,18096,OK,
/data/run01/scxk573/lsz/ysy/physicsnemo/data/dataset_springback_pair_Base_TC4_150/springback_pair_Base_TC4_sample_0106_095deg.npz,106,95.0,train,Base_TC4,18096,OK,
/data/run01/scxk573/lsz/ysy/physicsnemo/data/dataset_springback_pair_Base_TC4_150/springback_pair_Base_TC4_sample_0106_100deg.npz,106,100.0,train,Base_TC4,18096,OK,
/data/run01/scxk573/lsz/ysy/physicsnemo/data/dataset_springback_pair_Base_TC4_150/springback_pair_Base_TC4_sample_0106_105deg.npz,106,105.0,train,Base_TC4,18096,OK,
/data/run01/scxk573/lsz/ysy/physicsnemo/data/dataset_springback_pair_Base_TC4_150/springback_pair_Base_TC4_sample_0106_110deg.npz,106,110.0,train,Base_TC4,18096,OK,
/data/run01/scxk573/lsz/ysy/physicsnemo/data/dataset_springback_pair_Base_TC4_150/springback_pair_Base_TC4_sample_0106_115deg.npz,106,115.0,train,Base_TC4,18096,OK,
/data/run01/scxk573/lsz/ysy/physicsnemo/data/dataset_springback_pair_Base_TC4_150/springback_pair_Base_TC4_sample_0106_120deg.npz,106,120.0,train,Base_TC4,18096,OK,
/data/run01/scxk573/lsz/ysy/physicsnemo/data/dataset_springback_pair_Base_TC4_150/springback_pair_Base_TC4_sample_0106_125deg.npz,106,125.0,train,Base_TC4,18096,OK,
/data/run01/scxk573/lsz/ysy/physicsnemo/data/dataset_springback_pair_Base_TC4_150/springback_pair_Base_TC4_sample_0106_130deg.npz,106,130.0,train,Base_TC4,18096,OK,
/data/run01/scxk573/lsz/ysy/physicsnemo/data/dataset_springback_pair_Base_TC4_150/springback_pair_Base_TC4_sample_0106_135deg.npz,106,135.0,train,Base_TC4,18096,OK,
/data/run01/scxk573/lsz/ysy/physicsnemo/data/dataset_springback_pair_Base_TC4_150/springback_pair_Base_TC4_sample_0106_140deg.npz,106,140.0,train,Base_TC4,18096,OK,
/data/run01/scxk573/lsz/ysy/physicsnemo/data/dataset_springback_pair_Base_TC4_150/springback_pair_Base_TC4_sample_0106_145deg.npz,106,145.0,train,Base_TC4,18096,OK,
/data/run01/scxk573/lsz/ysy/physicsnemo/data/dataset_springback_pair_Base_TC4_150/springback_pair_Base_TC4_sample_0106_150deg.npz,106,150.0,train,Base_TC4,18096,OK,
/data/run01/scxk573/lsz/ysy/physicsnemo/data/dataset_springback_pair_Base_TC4_150/springback_pair_Base_TC4_sample_0106_155deg.npz,106,155.0,train,Base_TC4,18096,OK,
/data/run01/scxk573/lsz/ysy/physicsnemo/data/dataset_springback_pair_Base_TC4_150/springback_pair_Base_TC4_sample_0106_160deg.npz,106,160.0,train,Base_TC4,18096,OK,
/data/run01/scxk573/lsz/ysy/physicsnemo/data/dataset_springback_pair_Base_TC4_150/springback_pair_Base_TC4_sample_0106_165deg.npz,106,165.0,train,Base_TC4,18096,OK,
/data/run01/scxk573/lsz/ysy/physicsnemo/data/dataset_springback_pair_Base_TC4_150/springback_pair_Base_TC4_sample_0106_170deg.npz,106,170.0,train,Base_TC4,18096,OK,
/data/run01/scxk573/lsz/ysy/physicsnemo/data/dataset_springback_pair_Base_TC4_150/springback_pair_Base_TC4_sample_0106_175deg.npz,106,175.0,train,Base_TC4,18096,OK,
/data/run01/scxk573/lsz/ysy/physicsnemo/data/dataset_springback_pair_Base_TC4_150/springback_pair_Base_TC4_sample_0106_180deg.npz,106,180.0,train,Base_TC4,18096,OK,
/data/run01/scxk573/lsz/ysy/physicsnemo/data/dataset_springback_pair_Base_TC4_150/springback_pair_Base_TC4_sample_0107_005deg.npz,107,5.0,train,Base_TC4,14208,OK,
/data/run01/scxk573/lsz/ysy/physicsnemo/data/dataset_springback_pair_Base_TC4_150/springback_pair_Base_TC4_sample_0107_010deg.npz,107,10.0,train,Base_TC4,14208,OK,
/data/run01/scxk573/lsz/ysy/physicsnemo/data/dataset_springback_pair_Base_TC4_150/springback_pair_Base_TC4_sample_0107_015deg.npz,107,15.0,train,Base_TC4,14208,OK,
/data/run01/scxk573/lsz/ysy/physicsnemo/data/dataset_springback_pair_Base_TC4_150/springback_pair_Base_TC4_sample_0107_020deg.npz,107,20.0,train,Base_TC4,14208,OK,
/data/run01/scxk573/lsz/ysy/physicsnemo/data/dataset_springback_pair_Base_TC4_150/springback_pair_Base_TC4_sample_0107_025deg.npz,107,25.0,train,Base_TC4,14208,OK,
/data/run01/scxk573/lsz/ysy/physicsnemo/data/dataset_springback_pair_Base_TC4_150/springback_pair_Base_TC4_sample_0107_030deg.npz,107,30.0,train,Base_TC4,14208,OK,
/data/run01/scxk573/lsz/ysy/physicsnemo/data/dataset_springback_pair_Base_TC4_150/springback_pair_Base_TC4_sample_0107_035deg.npz,107,35.0,train,Base_TC4,14208,OK,
/data/run01/scxk573/lsz/ysy/physicsnemo/data/dataset_springback_pair_Base_TC4_150/springback_pair_Base_TC4_sample_0107_040deg.npz,107,40.0,train,Base_TC4,14208,OK,
/data/run01/scxk573/lsz/ysy/physicsnemo/data/dataset_springback_pair_Base_TC4_150/springback_pair_Base_TC4_sample_0107_045deg.npz,107,45.0,train,Base_TC4,14208,OK,
/data/run01/scxk573/lsz/ysy/physicsnemo/data/dataset_springback_pair_Base_TC4_150/springback_pair_Base_TC4_sample_0107_050deg.npz,107,50.0,train,Base_TC4,14208,OK,
/data/run01/scxk573/lsz/ysy/physicsnemo/data/dataset_springback_pair_Base_TC4_150/springback_pair_Base_TC4_sample_0107_055deg.npz,107,55.0,train,Base_TC4,14208,OK,
/data/run01/scxk573/lsz/ysy/physicsnemo/data/dataset_springback_pair_Base_TC4_150/springback_pair_Base_TC4_sample_0107_060deg.npz,107,60.0,train,Base_TC4,14208,OK,
/data/run01/scxk573/lsz/ysy/physicsnemo/data/dataset_springback_pair_Base_TC4_150/springback_pair_Base_TC4_sample_0107_065deg.npz,107,65.0,train,Base_TC4,14208,OK,
/data/run01/scxk573/lsz/ysy/physicsnemo/data/dataset_springback_pair_Base_TC4_150/springback_pair_Base_TC4_sample_0107_070deg.npz,107,70.0,train,Base_TC4,14208,OK,
/data/run01/scxk573/lsz/ysy/physicsnemo/data/dataset_springback_pair_Base_TC4_150/springback_pair_Base_TC4_sample_0107_075deg.npz,107,75.0,train,Base_TC4,14208,OK,
/data/run01/scxk573/lsz/ysy/physicsnemo/data/dataset_springback_pair_Base_TC4_150/springback_pair_Base_TC4_sample_0107_080deg.npz,107,80.0,train,Base_TC4,14208,OK,
/data/run01/scxk573/lsz/ysy/physicsnemo/data/dataset_springback_pair_Base_TC4_150/springback_pair_Base_TC4_sample_0107_085deg.npz,107,85.0,train,Base_TC4,14208,OK,
/data/run01/scxk573/lsz/ysy/physicsnemo/data/dataset_springback_pair_Base_TC4_150/springback_pair_Base_TC4_sample_0107_090deg.npz,107,90.0,train,Base_TC4,14208,OK,
/data/run01/scxk573/lsz/ysy/physicsnemo/data/dataset_springback_pair_Base_TC4_150/springback_pair_Base_TC4_sample_0107_095deg.npz,107,95.0,train,Base_TC4,14208,OK,
/data/run01/scxk573/lsz/ysy/physicsnemo/data/dataset_springback_pair_Base_TC4_150/springback_pair_Base_TC4_sample_0107_100deg.npz,107,100.0,train,Base_TC4,14208,OK,
/data/run01/scxk573/lsz/ysy/physicsnemo/data/dataset_springback_pair_Base_TC4_150/springback_pair_Base_TC4_sample_0107_105deg.npz,107,105.0,train,Base_TC4,14208,OK,
/data/run01/scxk573/lsz/ysy/physicsnemo/data/dataset_springback_pair_Base_TC4_150/springback_pair_Base_TC4_sample_0107_110deg.npz,107,110.0,train,Base_TC4,14208,OK,
/data/run01/scxk573/lsz/ysy/physicsnemo/data/dataset_springback_pair_Base_TC4_150/springback_pair_Base_TC4_sample_0107_115deg.npz,107,115.0,train,Base_TC4,14208,OK,
/data/run01/scxk573/lsz/ysy/physicsnemo/data/dataset_springback_pair_Base_TC4_150/springback_pair_Base_TC4_sample_0107_120deg.npz,107,120.0,train,Base_TC4,14208,OK,
/data/run01/scxk573/lsz/ysy/physicsnemo/data/dataset_springback_pair_Base_TC4_150/springback_pair_Base_TC4_sample_0107_125deg.npz,107,125.0,train,Base_TC4,14208,OK,
/data/run01/scxk573/lsz/ysy/physicsnemo/data/dataset_springback_pair_Base_TC4_150/springback_pair_Base_TC4_sample_0107_130deg.npz,107,130.0,train,Base_TC4,14208,OK,
/data/run01/scxk573/lsz/ysy/physicsnemo/data/dataset_springback_pair_Base_TC4_150/springback_pair_Base_TC4_sample_0107_135deg.npz,107,135.0,train,Base_TC4,14208,OK,
/data/run01/scxk573/lsz/ysy/physicsnemo/data/dataset_springback_pair_Base_TC4_150/springback_pair_Base_TC4_sample_0107_140deg.npz,107,140.0,train,Base_TC4,14208,OK,
/data/run01/scxk573/lsz/ysy/physicsnemo/data/dataset_springback_pair_Base_TC4_150/springback_pair_Base_TC4_sample_0107_145deg.npz,107,145.0,train,Base_TC4,14208,OK,
/data/run01/scxk573/lsz/ysy/physicsnemo/data/dataset_springback_pair_Base_TC4_150/springback_pair_Base_TC4_sample_0107_150deg.npz,107,150.0,train,Base_TC4,14208,OK,
/data/run01/scxk573/lsz/ysy/physicsnemo/data/dataset_springback_pair_Base_TC4_150/springback_pair_Base_TC4_sample_0107_155deg.npz,107,155.0,train,Base_TC4,14208,OK,
/data/run01/scxk573/lsz/ysy/physicsnemo/data/dataset_springback_pair_Base_TC4_150/springback_pair_Base_TC4_sample_0107_160deg.npz,107,160.0,train,Base_TC4,14208,OK,
/data/run01/scxk573/lsz/ysy/physicsnemo/data/dataset_springback_pair_Base_TC4_150/springback_pair_Base_TC4_sample_0107_165deg.npz,107,165.0,train,Base_TC4,14208,OK,
/data/run01/scxk573/lsz/ysy/physicsnemo/data/dataset_springback_pair_Base_TC4_150/springback_pair_Base_TC4_sample_0107_170deg.npz,107,170.0,train,Base_TC4,14208,OK,
/data/run01/scxk573/lsz/ysy/physicsnemo/data/dataset_springback_pair_Base_TC4_150/springback_pair_Base_TC4_sample_0107_175deg.npz,107,175.0,train,Base_TC4,14208,OK,
/data/run01/scxk573/lsz/ysy/physicsnemo/data/dataset_springback_pair_Base_TC4_150/springback_pair_Base_TC4_sample_0107_180deg.npz,107,180.0,train,Base_TC4,14208,OK,
/data/run01/scxk573/lsz/ysy/physicsnemo/data/dataset_springback_pair_Base_TC4_150/springback_pair_Base_TC4_sample_0108_005deg.npz,108,5.0,train,Base_TC4,11352,OK,
/data/run01/scxk573/lsz/ysy/physicsnemo/data/dataset_springback_pair_Base_TC4_150/springback_pair_Base_TC4_sample_0108_010deg.npz,108,10.0,train,Base_TC4,11352,OK,
/data/run01/scxk573/lsz/ysy/physicsnemo/data/dataset_springback_pair_Base_TC4_150/springback_pair_Base_TC4_sample_0108_015deg.npz,108,15.0,train,Base_TC4,11352,OK,
/data/run01/scxk573/lsz/ysy/physicsnemo/data/dataset_springback_pair_Base_TC4_150/springback_pair_Base_TC4_sample_0108_020deg.npz,108,20.0,train,Base_TC4,11352,OK,
/data/run01/scxk573/lsz/ysy/physicsnemo/data/dataset_springback_pair_Base_TC4_150/springback_pair_Base_TC4_sample_0108_025deg.npz,108,25.0,train,Base_TC4,11352,OK,
/data/run01/scxk573/lsz/ysy/physicsnemo/data/dataset_springback_pair_Base_TC4_150/springback_pair_Base_TC4_sample_0108_030deg.npz,108,30.0,train,Base_TC4,11352,OK,
/data/run01/scxk573/lsz/ysy/physicsnemo/data/dataset_springback_pair_Base_TC4_150/springback_pair_Base_TC4_sample_0108_035deg.npz,108,35.0,train,Base_TC4,11352,OK,
/data/run01/scxk573/lsz/ysy/physicsnemo/data/dataset_springback_pair_Base_TC4_150/springback_pair_Base_TC4_sample_0108_040deg.npz,108,40.0,train,Base_TC4,11352,OK,
/data/run01/scxk573/lsz/ysy/physicsnemo/data/dataset_springback_pair_Base_TC4_150/springback_pair_Base_TC4_sample_0108_045deg.npz,108,45.0,train,Base_TC4,11352,OK,
/data/run01/scxk573/lsz/ysy/physicsnemo/data/dataset_springback_pair_Base_TC4_150/springback_pair_Base_TC4_sample_0108_050deg.npz,108,50.0,train,Base_TC4,11352,OK,
/data/run01/scxk573/lsz/ysy/physicsnemo/data/dataset_springback_pair_Base_TC4_150/springback_pair_Base_TC4_sample_0108_055deg.npz,108,55.0,train,Base_TC4,11352,OK,
/data/run01/scxk573/lsz/ysy/physicsnemo/data/dataset_springback_pair_Base_TC4_150/springback_pair_Base_TC4_sample_0108_060deg.npz,108,60.0,train,Base_TC4,11352,OK,
/data/run01/scxk573/lsz/ysy/physicsnemo/data/dataset_springback_pair_Base_TC4_150/springback_pair_Base_TC4_sample_0108_065deg.npz,108,65.0,train,Base_TC4,11352,OK,
/data/run01/scxk573/lsz/ysy/physicsnemo/data/dataset_springback_pair_Base_TC4_150/springback_pair_Base_TC4_sample_0108_070deg.npz,108,70.0,train,Base_TC4,11352,OK,
/data/run01/scxk573/lsz/ysy/physicsnemo/data/dataset_springback_pair_Base_TC4_150/springback_pair_Base_TC4_sample_0108_075deg.npz,108,75.0,train,Base_TC4,11352,OK,
/data/run01/scxk573/lsz/ysy/physicsnemo/data/dataset_springback_pair_Base_TC4_150/springback_pair_Base_TC4_sample_0108_080deg.npz,108,80.0,train,Base_TC4,11352,OK,
/data/run01/scxk573/lsz/ysy/physicsnemo/data/dataset_springback_pair_Base_TC4_150/springback_pair_Base_TC4_sample_0108_085deg.npz,108,85.0,train,Base_TC4,11352,OK,
/data/run01/scxk573/lsz/ysy/physicsnemo/data/dataset_springback_pair_Base_TC4_150/springback_pair_Base_TC4_sample_0108_090deg.npz,108,90.0,train,Base_TC4,11352,OK,
/data/run01/scxk573/lsz/ysy/physicsnemo/data/dataset_springback_pair_Base_TC4_150/springback_pair_Base_TC4_sample_0108_095deg.npz,108,95.0,train,Base_TC4,11352,OK,
/data/run01/scxk573/lsz/ysy/physicsnemo/data/dataset_springback_pair_Base_TC4_150/springback_pair_Base_TC4_sample_0108_100deg.npz,108,100.0,train,Base_TC4,11352,OK,
/data/run01/scxk573/lsz/ysy/physicsnemo/data/dataset_springback_pair_Base_TC4_150/springback_pair_Base_TC4_sample_0108_105deg.npz,108,105.0,train,Base_TC4,11352,OK,
/data/run01/scxk573/lsz/ysy/physicsnemo/data/dataset_springback_pair_Base_TC4_150/springback_pair_Base_TC4_sample_0108_110deg.npz,108,110.0,train,Base_TC4,11352,OK,
/data/run01/scxk573/lsz/ysy/physicsnemo/data/dataset_springback_pair_Base_TC4_150/springback_pair_Base_TC4_sample_0108_115deg.npz,108,115.0,train,Base_TC4,11352,OK,
/data/run01/scxk573/lsz/ysy/physicsnemo/data/dataset_springback_pair_Base_TC4_150/springback_pair_Base_TC4_sample_0108_120deg.npz,108,120.0,train,Base_TC4,11352,OK,
/data/run01/scxk573/lsz/ysy/physicsnemo/data/dataset_springback_pair_Base_TC4_150/springback_pair_Base_TC4_sample_0108_125deg.npz,108,125.0,train,Base_TC4,11352,OK,
/data/run01/scxk573/lsz/ysy/physicsnemo/data/dataset_springback_pair_Base_TC4_150/springback_pair_Base_TC4_sample_0108_130deg.npz,108,130.0,train,Base_TC4,11352,OK,
/data/run01/scxk573/lsz/ysy/physicsnemo/data/dataset_springback_pair_Base_TC4_150/springback_pair_Base_TC4_sample_0108_135deg.npz,108,135.0,train,Base_TC4,11352,OK,
/data/run01/scxk573/lsz/ysy/physicsnemo/data/dataset_springback_pair_Base_TC4_150/springback_pair_Base_TC4_sample_0108_140deg.npz,108,140.0,train,Base_TC4,11352,OK,
/data/run01/scxk573/lsz/ysy/physicsnemo/data/dataset_springback_pair_Base_TC4_150/springback_pair_Base_TC4_sample_0108_145deg.npz,108,145.0,train,Base_TC4,11352,OK,
/data/run01/scxk573/lsz/ysy/physicsnemo/data/dataset_springback_pair_Base_TC4_150/springback_pair_Base_TC4_sample_0108_150deg.npz,108,150.0,train,Base_TC4,11352,OK,
/data/run01/scxk573/lsz/ysy/physicsnemo/data/dataset_springback_pair_Base_TC4_150/springback_pair_Base_TC4_sample_0108_155deg.npz,108,155.0,train,Base_TC4,11352,OK,
/data/run01/scxk573/lsz/ysy/physicsnemo/data/dataset_springback_pair_Base_TC4_150/springback_pair_Base_TC4_sample_0108_160deg.npz,108,160.0,train,Base_TC4,11352,OK,
/data/run01/scxk573/lsz/ysy/physicsnemo/data/dataset_springback_pair_Base_TC4_150/springback_pair_Base_TC4_sample_0108_165deg.npz,108,165.0,train,Base_TC4,11352,OK,
/data/run01/scxk573/lsz/ysy/physicsnemo/data/dataset_springback_pair_Base_TC4_150/springback_pair_Base_TC4_sample_0108_170deg.npz,108,170.0,train,Base_TC4,11352,OK,
/data/run01/scxk573/lsz/ysy/physicsnemo/data/dataset_springback_pair_Base_TC4_150/springback_pair_Base_TC4_sample_0108_175deg.npz,108,175.0,train,Base_TC4,11352,OK,
/data/run01/scxk573/lsz/ysy/physicsnemo/data/dataset_springback_pair_Base_TC4_150/springback_pair_Base_TC4_sample_0108_180deg.npz,108,180.0,train,Base_TC4,11352,OK,
/data/run01/scxk573/lsz/ysy/physicsnemo/data/dataset_springback_pair_Base_TC4_150/springback_pair_Base_TC4_sample_0109_005deg.npz,109,5.0,train,Base_TC4,3969,OK,
/data/run01/scxk573/lsz/ysy/physicsnemo/data/dataset_springback_pair_Base_TC4_150/springback_pair_Base_TC4_sample_0109_010deg.npz,109,10.0,train,Base_TC4,3969,OK,
/data/run01/scxk573/lsz/ysy/physicsnemo/data/dataset_springback_pair_Base_TC4_150/springback_pair_Base_TC4_sample_0109_015deg.npz,109,15.0,train,Base_TC4,3969,OK,
/data/run01/scxk573/lsz/ysy/physicsnemo/data/dataset_springback_pair_Base_TC4_150/springback_pair_Base_TC4_sample_0109_020deg.npz,109,20.0,train,Base_TC4,3969,OK,
/data/run01/scxk573/lsz/ysy/physicsnemo/data/dataset_springback_pair_Base_TC4_150/springback_pair_Base_TC4_sample_0109_025deg.npz,109,25.0,train,Base_TC4,3969,OK,
/data/run01/scxk573/lsz/ysy/physicsnemo/data/dataset_springback_pair_Base_TC4_150/springback_pair_Base_TC4_sample_0109_030deg.npz,109,30.0,train,Base_TC4,3969,OK,
/data/run01/scxk573/lsz/ysy/physicsnemo/data/dataset_springback_pair_Base_TC4_150/springback_pair_Base_TC4_sample_0109_035deg.npz,109,35.0,train,Base_TC4,3969,OK,
/data/run01/scxk573/lsz/ysy/physicsnemo/data/dataset_springback_pair_Base_TC4_150/springback_pair_Base_TC4_sample_0109_040deg.npz,109,40.0,train,Base_TC4,3969,OK,
/data/run01/scxk573/lsz/ysy/physicsnemo/data/dataset_springback_pair_Base_TC4_150/springback_pair_Base_TC4_sample_0109_045deg.npz,109,45.0,train,Base_TC4,3969,OK,
/data/run01/scxk573/lsz/ysy/physicsnemo/data/dataset_springback_pair_Base_TC4_150/springback_pair_Base_TC4_sample_0109_050deg.npz,109,50.0,train,Base_TC4,3969,OK,
/data/run01/scxk573/lsz/ysy/physicsnemo/data/dataset_springback_pair_Base_TC4_150/springback_pair_Base_TC4_sample_0109_055deg.npz,109,55.0,train,Base_TC4,3969,OK,
/data/run01/scxk573/lsz/ysy/physicsnemo/data/dataset_springback_pair_Base_TC4_150/springback_pair_Base_TC4_sample_0109_060deg.npz,109,60.0,train,Base_TC4,3969,OK,
/data/run01/scxk573/lsz/ysy/physicsnemo/data/dataset_springback_pair_Base_TC4_150/springback_pair_Base_TC4_sample_0109_065deg.npz,109,65.0,train,Base_TC4,3969,OK,
/data/run01/scxk573/lsz/ysy/physicsnemo/data/dataset_springback_pair_Base_TC4_150/springback_pair_Base_TC4_sample_0109_070deg.npz,109,70.0,train,Base_TC4,3969,OK,
/data/run01/scxk573/lsz/ysy/physicsnemo/data/dataset_springback_pair_Base_TC4_150/springback_pair_Base_TC4_sample_0109_075deg.npz,109,75.0,train,Base_TC4,3969,OK,
/data/run01/scxk573/lsz/ysy/physicsnemo/data/dataset_springback_pair_Base_TC4_150/springback_pair_Base_TC4_sample_0109_080deg.npz,109,80.0,train,Base_TC4,3969,OK,
/data/run01/scxk573/lsz/ysy/physicsnemo/data/dataset_springback_pair_Base_TC4_150/springback_pair_Base_TC4_sample_0109_085deg.npz,109,85.0,train,Base_TC4,3969,OK,
/data/run01/scxk573/lsz/ysy/physicsnemo/data/dataset_springback_pair_Base_TC4_150/springback_pair_Base_TC4_sample_0109_090deg.npz,109,90.0,train,Base_TC4,3969,OK,
/data/run01/scxk573/lsz/ysy/physicsnemo/data/dataset_springback_pair_Base_TC4_150/springback_pair_Base_TC4_sample_0109_095deg.npz,109,95.0,train,Base_TC4,3969,OK,
/data/run01/scxk573/lsz/ysy/physicsnemo/data/dataset_springback_pair_Base_TC4_150/springback_pair_Base_TC4_sample_0109_100deg.npz,109,100.0,train,Base_TC4,3969,OK,
/data/run01/scxk573/lsz/ysy/physicsnemo/data/dataset_springback_pair_Base_TC4_150/springback_pair_Base_TC4_sample_0109_105deg.npz,109,105.0,train,Base_TC4,3969,OK,
/data/run01/scxk573/lsz/ysy/physicsnemo/data/dataset_springback_pair_Base_TC4_150/springback_pair_Base_TC4_sample_0109_110deg.npz,109,110.0,train,Base_TC4,3969,OK,
/data/run01/scxk573/lsz/ysy/physicsnemo/data/dataset_springback_pair_Base_TC4_150/springback_pair_Base_TC4_sample_0109_115deg.npz,109,115.0,train,Base_TC4,3969,OK,
/data/run01/scxk573/lsz/ysy/physicsnemo/data/dataset_springback_pair_Base_TC4_150/springback_pair_Base_TC4_sample_0109_120deg.npz,109,120.0,train,Base_TC4,3969,OK,
/data/run01/scxk573/lsz/ysy/physicsnemo/data/dataset_springback_pair_Base_TC4_150/springback_pair_Base_TC4_sample_0109_125deg.npz,109,125.0,train,Base_TC4,3969,OK,
/data/run01/scxk573/lsz/ysy/physicsnemo/data/dataset_springback_pair_Base_TC4_150/springback_pair_Base_TC4_sample_0109_130deg.npz,109,130.0,train,Base_TC4,3969,OK,
/data/run01/scxk573/lsz/ysy/physicsnemo/data/dataset_springback_pair_Base_TC4_150/springback_pair_Base_TC4_sample_0109_135deg.npz,109,135.0,train,Base_TC4,3969,OK,
/data/run01/scxk573/lsz/ysy/physicsnemo/data/dataset_springback_pair_Base_TC4_150/springback_pair_Base_TC4_sample_0109_140deg.npz,109,140.0,train,Base_TC4,3969,OK,
/data/run01/scxk573/lsz/ysy/physicsnemo/data/dataset_springback_pair_Base_TC4_150/springback_pair_Base_TC4_sample_0109_145deg.npz,109,145.0,train,Base_TC4,3969,OK,
/data/run01/scxk573/lsz/ysy/physicsnemo/data/dataset_springback_pair_Base_TC4_150/springback_pair_Base_TC4_sample_0109_150deg.npz,109,150.0,train,Base_TC4,3969,OK,
/data/run01/scxk573/lsz/ysy/physicsnemo/data/dataset_springback_pair_Base_TC4_150/springback_pair_Base_TC4_sample_0109_155deg.npz,109,155.0,train,Base_TC4,3969,OK,
/data/run01/scxk573/lsz/ysy/physicsnemo/data/dataset_springback_pair_Base_TC4_150/springback_pair_Base_TC4_sample_0109_160deg.npz,109,160.0,train,Base_TC4,3969,OK,
/data/run01/scxk573/lsz/ysy/physicsnemo/data/dataset_springback_pair_Base_TC4_150/springback_pair_Base_TC4_sample_0109_165deg.npz,109,165.0,train,Base_TC4,3969,OK,
/data/run01/scxk573/lsz/ysy/physicsnemo/data/dataset_springback_pair_Base_TC4_150/springback_pair_Base_TC4_sample_0109_170deg.npz,109,170.0,train,Base_TC4,3969,OK,
/data/run01/scxk573/lsz/ysy/physicsnemo/data/dataset_springback_pair_Base_TC4_150/springback_pair_Base_TC4_sample_0109_175deg.npz,109,175.0,train,Base_TC4,3969,OK,
/data/run01/scxk573/lsz/ysy/physicsnemo/data/dataset_springback_pair_Base_TC4_150/springback_pair_Base_TC4_sample_0109_180deg.npz,109,180.0,train,Base_TC4,3969,OK,
/data/run01/scxk573/lsz/ysy/physicsnemo/data/dataset_springback_pair_Base_TC4_150/springback_pair_Base_TC4_sample_0110_005deg.npz,110,5.0,train,Base_TC4,2782,OK,
/data/run01/scxk573/lsz/ysy/physicsnemo/data/dataset_springback_pair_Base_TC4_150/springback_pair_Base_TC4_sample_0110_010deg.npz,110,10.0,train,Base_TC4,2782,OK,
/data/run01/scxk573/lsz/ysy/physicsnemo/data/dataset_springback_pair_Base_TC4_150/springback_pair_Base_TC4_sample_0110_015deg.npz,110,15.0,train,Base_TC4,2782,OK,
/data/run01/scxk573/lsz/ysy/physicsnemo/data/dataset_springback_pair_Base_TC4_150/springback_pair_Base_TC4_sample_0110_020deg.npz,110,20.0,train,Base_TC4,2782,OK,
/data/run01/scxk573/lsz/ysy/physicsnemo/data/dataset_springback_pair_Base_TC4_150/springback_pair_Base_TC4_sample_0110_025deg.npz,110,25.0,train,Base_TC4,2782,OK,
/data/run01/scxk573/lsz/ysy/physicsnemo/data/dataset_springback_pair_Base_TC4_150/springback_pair_Base_TC4_sample_0110_030deg.npz,110,30.0,train,Base_TC4,2782,OK,
/data/run01/scxk573/lsz/ysy/physicsnemo/data/dataset_springback_pair_Base_TC4_150/springback_pair_Base_TC4_sample_0110_035deg.npz,110,35.0,train,Base_TC4,2782,OK,
/data/run01/scxk573/lsz/ysy/physicsnemo/data/dataset_springback_pair_Base_TC4_150/springback_pair_Base_TC4_sample_0110_040deg.npz,110,40.0,train,Base_TC4,2782,OK,
/data/run01/scxk573/lsz/ysy/physicsnemo/data/dataset_springback_pair_Base_TC4_150/springback_pair_Base_TC4_sample_0110_045deg.npz,110,45.0,train,Base_TC4,2782,OK,
/data/run01/scxk573/lsz/ysy/physicsnemo/data/dataset_springback_pair_Base_TC4_150/springback_pair_Base_TC4_sample_0110_050deg.npz,110,50.0,train,Base_TC4,2782,OK,
/data/run01/scxk573/lsz/ysy/physicsnemo/data/dataset_springback_pair_Base_TC4_150/springback_pair_Base_TC4_sample_0110_055deg.npz,110,55.0,train,Base_TC4,2782,OK,
/data/run01/scxk573/lsz/ysy/physicsnemo/data/dataset_springback_pair_Base_TC4_150/springback_pair_Base_TC4_sample_0110_060deg.npz,110,60.0,train,Base_TC4,2782,OK,
/data/run01/scxk573/lsz/ysy/physicsnemo/data/dataset_springback_pair_Base_TC4_150/springback_pair_Base_TC4_sample_0110_065deg.npz,110,65.0,train,Base_TC4,2782,OK,
/data/run01/scxk573/lsz/ysy/physicsnemo/data/dataset_springback_pair_Base_TC4_150/springback_pair_Base_TC4_sample_0110_070deg.npz,110,70.0,train,Base_TC4,2782,OK,
/data/run01/scxk573/lsz/ysy/physicsnemo/data/dataset_springback_pair_Base_TC4_150/springback_pair_Base_TC4_sample_0110_075deg.npz,110,75.0,train,Base_TC4,2782,OK,
/data/run01/scxk573/lsz/ysy/physicsnemo/data/dataset_springback_pair_Base_TC4_150/springback_pair_Base_TC4_sample_0110_080deg.npz,110,80.0,train,Base_TC4,2782,OK,
/data/run01/scxk573/lsz/ysy/physicsnemo/data/dataset_springback_pair_Base_TC4_150/springback_pair_Base_TC4_sample_0110_085deg.npz,110,85.0,train,Base_TC4,2782,OK,
/data/run01/scxk573/lsz/ysy/physicsnemo/data/dataset_springback_pair_Base_TC4_150/springback_pair_Base_TC4_sample_0110_090deg.npz,110,90.0,train,Base_TC4,2782,OK,
/data/run01/scxk573/lsz/ysy/physicsnemo/data/dataset_springback_pair_Base_TC4_150/springback_pair_Base_TC4_sample_0110_095deg.npz,110,95.0,train,Base_TC4,2782,OK,
/data/run01/scxk573/lsz/ysy/physicsnemo/data/dataset_springback_pair_Base_TC4_150/springback_pair_Base_TC4_sample_0110_100deg.npz,110,100.0,train,Base_TC4,2782,OK,
/data/run01/scxk573/lsz/ysy/physicsnemo/data/dataset_springback_pair_Base_TC4_150/springback_pair_Base_TC4_sample_0110_105deg.npz,110,105.0,train,Base_TC4,2782,OK,
/data/run01/scxk573/lsz/ysy/physicsnemo/data/dataset_springback_pair_Base_TC4_150/springback_pair_Base_TC4_sample_0110_110deg.npz,110,110.0,train,Base_TC4,2782,OK,
/data/run01/scxk573/lsz/ysy/physicsnemo/data/dataset_springback_pair_Base_TC4_150/springback_pair_Base_TC4_sample_0110_115deg.npz,110,115.0,train,Base_TC4,2782,OK,
/data/run01/scxk573/lsz/ysy/physicsnemo/data/dataset_springback_pair_Base_TC4_150/springback_pair_Base_TC4_sample_0110_120deg.npz,110,120.0,train,Base_TC4,2782,OK,
/data/run01/scxk573/lsz/ysy/physicsnemo/data/dataset_springback_pair_Base_TC4_150/springback_pair_Base_TC4_sample_0110_125deg.npz,110,125.0,train,Base_TC4,2782,OK,
/data/run01/scxk573/lsz/ysy/physicsnemo/data/dataset_springback_pair_Base_TC4_150/springback_pair_Base_TC4_sample_0110_130deg.npz,110,130.0,train,Base_TC4,2782,OK,
/data/run01/scxk573/lsz/ysy/physicsnemo/data/dataset_springback_pair_Base_TC4_150/springback_pair_Base_TC4_sample_0110_135deg.npz,110,135.0,train,Base_TC4,2782,OK,
/data/run01/scxk573/lsz/ysy/physicsnemo/data/dataset_springback_pair_Base_TC4_150/springback_pair_Base_TC4_sample_0110_140deg.npz,110,140.0,train,Base_TC4,2782,OK,
/data/run01/scxk573/lsz/ysy/physicsnemo/data/dataset_springback_pair_Base_TC4_150/springback_pair_Base_TC4_sample_0110_145deg.npz,110,145.0,train,Base_TC4,2782,OK,
/data/run01/scxk573/lsz/ysy/physicsnemo/data/dataset_springback_pair_Base_TC4_150/springback_pair_Base_TC4_sample_0110_150deg.npz,110,150.0,train,Base_TC4,2782,OK,
/data/run01/scxk573/lsz/ysy/physicsnemo/data/dataset_springback_pair_Base_TC4_150/springback_pair_Base_TC4_sample_0110_155deg.npz,110,155.0,train,Base_TC4,2782,OK,
/data/run01/scxk573/lsz/ysy/physicsnemo/data/dataset_springback_pair_Base_TC4_150/springback_pair_Base_TC4_sample_0110_160deg.npz,110,160.0,train,Base_TC4,2782,OK,
/data/run01/scxk573/lsz/ysy/physicsnemo/data/dataset_springback_pair_Base_TC4_150/springback_pair_Base_TC4_sample_0110_165deg.npz,110,165.0,train,Base_TC4,2782,OK,
/data/run01/scxk573/lsz/ysy/physicsnemo/data/dataset_springback_pair_Base_TC4_150/springback_pair_Base_TC4_sample_0110_170deg.npz,110,170.0,train,Base_TC4,2782,OK,
/data/run01/scxk573/lsz/ysy/physicsnemo/data/dataset_springback_pair_Base_TC4_150/springback_pair_Base_TC4_sample_0110_175deg.npz,110,175.0,train,Base_TC4,2782,OK,
/data/run01/scxk573/lsz/ysy/physicsnemo/data/dataset_springback_pair_Base_TC4_150/springback_pair_Base_TC4_sample_0110_180deg.npz,110,180.0,train,Base_TC4,2782,OK,
/data/run01/scxk573/lsz/ysy/physicsnemo/data/dataset_springback_pair_Base_TC4_150/springback_pair_Base_TC4_sample_0111_005deg.npz,111,5.0,train,Base_TC4,9633,OK,
/data/run01/scxk573/lsz/ysy/physicsnemo/data/dataset_springback_pair_Base_TC4_150/springback_pair_Base_TC4_sample_0111_010deg.npz,111,10.0,train,Base_TC4,9633,OK,
/data/run01/scxk573/lsz/ysy/physicsnemo/data/dataset_springback_pair_Base_TC4_150/springback_pair_Base_TC4_sample_0111_015deg.npz,111,15.0,train,Base_TC4,9633,OK,
/data/run01/scxk573/lsz/ysy/physicsnemo/data/dataset_springback_pair_Base_TC4_150/springback_pair_Base_TC4_sample_0111_020deg.npz,111,20.0,train,Base_TC4,9633,OK,
/data/run01/scxk573/lsz/ysy/physicsnemo/data/dataset_springback_pair_Base_TC4_150/springback_pair_Base_TC4_sample_0111_025deg.npz,111,25.0,train,Base_TC4,9633,OK,
/data/run01/scxk573/lsz/ysy/physicsnemo/data/dataset_springback_pair_Base_TC4_150/springback_pair_Base_TC4_sample_0111_030deg.npz,111,30.0,train,Base_TC4,9633,OK,
/data/run01/scxk573/lsz/ysy/physicsnemo/data/dataset_springback_pair_Base_TC4_150/springback_pair_Base_TC4_sample_0111_035deg.npz,111,35.0,train,Base_TC4,9633,OK,
/data/run01/scxk573/lsz/ysy/physicsnemo/data/dataset_springback_pair_Base_TC4_150/springback_pair_Base_TC4_sample_0111_040deg.npz,111,40.0,train,Base_TC4,9633,OK,
/data/run01/scxk573/lsz/ysy/physicsnemo/data/dataset_springback_pair_Base_TC4_150/springback_pair_Base_TC4_sample_0111_045deg.npz,111,45.0,train,Base_TC4,9633,OK,
/data/run01/scxk573/lsz/ysy/physicsnemo/data/dataset_springback_pair_Base_TC4_150/springback_pair_Base_TC4_sample_0111_050deg.npz,111,50.0,train,Base_TC4,9633,OK,
/data/run01/scxk573/lsz/ysy/physicsnemo/data/dataset_springback_pair_Base_TC4_150/springback_pair_Base_TC4_sample_0111_055deg.npz,111,55.0,train,Base_TC4,9633,OK,
/data/run01/scxk573/lsz/ysy/physicsnemo/data/dataset_springback_pair_Base_TC4_150/springback_pair_Base_TC4_sample_0111_060deg.npz,111,60.0,train,Base_TC4,9633,OK,
/data/run01/scxk573/lsz/ysy/physicsnemo/data/dataset_springback_pair_Base_TC4_150/springback_pair_Base_TC4_sample_0111_065deg.npz,111,65.0,train,Base_TC4,9633,OK,
/data/run01/scxk573/lsz/ysy/physicsnemo/data/dataset_springback_pair_Base_TC4_150/springback_pair_Base_TC4_sample_0111_070deg.npz,111,70.0,train,Base_TC4,9633,OK,
/data/run01/scxk573/lsz/ysy/physicsnemo/data/dataset_springback_pair_Base_TC4_150/springback_pair_Base_TC4_sample_0111_075deg.npz,111,75.0,train,Base_TC4,9633,OK,
/data/run01/scxk573/lsz/ysy/physicsnemo/data/dataset_springback_pair_Base_TC4_150/springback_pair_Base_TC4_sample_0111_080deg.npz,111,80.0,train,Base_TC4,9633,OK,
/data/run01/scxk573/lsz/ysy/physicsnemo/data/dataset_springback_pair_Base_TC4_150/springback_pair_Base_TC4_sample_0111_085deg.npz,111,85.0,train,Base_TC4,9633,OK,
/data/run01/scxk573/lsz/ysy/physicsnemo/data/dataset_springback_pair_Base_TC4_150/springback_pair_Base_TC4_sample_0111_090deg.npz,111,90.0,train,Base_TC4,9633,OK,
/data/run01/scxk573/lsz/ysy/physicsnemo/data/dataset_springback_pair_Base_TC4_150/springback_pair_Base_TC4_sample_0111_095deg.npz,111,95.0,train,Base_TC4,9633,OK,
/data/run01/scxk573/lsz/ysy/physicsnemo/data/dataset_springback_pair_Base_TC4_150/springback_pair_Base_TC4_sample_0111_100deg.npz,111,100.0,train,Base_TC4,9633,OK,
/data/run01/scxk573/lsz/ysy/physicsnemo/data/dataset_springback_pair_Base_TC4_150/springback_pair_Base_TC4_sample_0111_105deg.npz,111,105.0,train,Base_TC4,9633,OK,
/data/run01/scxk573/lsz/ysy/physicsnemo/data/dataset_springback_pair_Base_TC4_150/springback_pair_Base_TC4_sample_0111_110deg.npz,111,110.0,train,Base_TC4,9633,OK,
/data/run01/scxk573/lsz/ysy/physicsnemo/data/dataset_springback_pair_Base_TC4_150/springback_pair_Base_TC4_sample_0111_115deg.npz,111,115.0,train,Base_TC4,9633,OK,
/data/run01/scxk573/lsz/ysy/physicsnemo/data/dataset_springback_pair_Base_TC4_150/springback_pair_Base_TC4_sample_0111_120deg.npz,111,120.0,train,Base_TC4,9633,OK,
/data/run01/scxk573/lsz/ysy/physicsnemo/data/dataset_springback_pair_Base_TC4_150/springback_pair_Base_TC4_sample_0111_125deg.npz,111,125.0,train,Base_TC4,9633,OK,
/data/run01/scxk573/lsz/ysy/physicsnemo/data/dataset_springback_pair_Base_TC4_150/springback_pair_Base_TC4_sample_0111_130deg.npz,111,130.0,train,Base_TC4,9633,OK,
/data/run01/scxk573/lsz/ysy/physicsnemo/data/dataset_springback_pair_Base_TC4_150/springback_pair_Base_TC4_sample_0111_135deg.npz,111,135.0,train,Base_TC4,9633,OK,
/data/run01/scxk573/lsz/ysy/physicsnemo/data/dataset_springback_pair_Base_TC4_150/springback_pair_Base_TC4_sample_0111_140deg.npz,111,140.0,train,Base_TC4,9633,OK,
/data/run01/scxk573/lsz/ysy/physicsnemo/data/dataset_springback_pair_Base_TC4_150/springback_pair_Base_TC4_sample_0111_145deg.npz,111,145.0,train,Base_TC4,9633,OK,
/data/run01/scxk573/lsz/ysy/physicsnemo/data/dataset_springback_pair_Base_TC4_150/springback_pair_Base_TC4_sample_0111_150deg.npz,111,150.0,train,Base_TC4,9633,OK,
/data/run01/scxk573/lsz/ysy/physicsnemo/data/dataset_springback_pair_Base_TC4_150/springback_pair_Base_TC4_sample_0111_155deg.npz,111,155.0,train,Base_TC4,9633,OK,
/data/run01/scxk573/lsz/ysy/physicsnemo/data/dataset_springback_pair_Base_TC4_150/springback_pair_Base_TC4_sample_0111_160deg.npz,111,160.0,train,Base_TC4,9633,OK,
/data/run01/scxk573/lsz/ysy/physicsnemo/data/dataset_springback_pair_Base_TC4_150/springback_pair_Base_TC4_sample_0111_165deg.npz,111,165.0,train,Base_TC4,9633,OK,
/data/run01/scxk573/lsz/ysy/physicsnemo/data/dataset_springback_pair_Base_TC4_150/springback_pair_Base_TC4_sample_0111_170deg.npz,111,170.0,train,Base_TC4,9633,OK,
/data/run01/scxk573/lsz/ysy/physicsnemo/data/dataset_springback_pair_Base_TC4_150/springback_pair_Base_TC4_sample_0111_175deg.npz,111,175.0,train,Base_TC4,9633,OK,
/data/run01/scxk573/lsz/ysy/physicsnemo/data/dataset_springback_pair_Base_TC4_150/springback_pair_Base_TC4_sample_0111_180deg.npz,111,180.0,train,Base_TC4,9633,OK,
/data/run01/scxk573/lsz/ysy/physicsnemo/data/dataset_springback_pair_Base_TC4_150/springback_pair_Base_TC4_sample_0112_005deg.npz,112,5.0,train,Base_TC4,11792,OK,
/data/run01/scxk573/lsz/ysy/physicsnemo/data/dataset_springback_pair_Base_TC4_150/springback_pair_Base_TC4_sample_0112_010deg.npz,112,10.0,train,Base_TC4,11792,OK,
/data/run01/scxk573/lsz/ysy/physicsnemo/data/dataset_springback_pair_Base_TC4_150/springback_pair_Base_TC4_sample_0112_015deg.npz,112,15.0,train,Base_TC4,11792,OK,
/data/run01/scxk573/lsz/ysy/physicsnemo/data/dataset_springback_pair_Base_TC4_150/springback_pair_Base_TC4_sample_0112_020deg.npz,112,20.0,train,Base_TC4,11792,OK,
/data/run01/scxk573/lsz/ysy/physicsnemo/data/dataset_springback_pair_Base_TC4_150/springback_pair_Base_TC4_sample_0112_025deg.npz,112,25.0,train,Base_TC4,11792,OK,
/data/run01/scxk573/lsz/ysy/physicsnemo/data/dataset_springback_pair_Base_TC4_150/springback_pair_Base_TC4_sample_0112_030deg.npz,112,30.0,train,Base_TC4,11792,OK,
/data/run01/scxk573/lsz/ysy/physicsnemo/data/dataset_springback_pair_Base_TC4_150/springback_pair_Base_TC4_sample_0112_035deg.npz,112,35.0,train,Base_TC4,11792,OK,
/data/run01/scxk573/lsz/ysy/physicsnemo/data/dataset_springback_pair_Base_TC4_150/springback_pair_Base_TC4_sample_0112_040deg.npz,112,40.0,train,Base_TC4,11792,OK,
/data/run01/scxk573/lsz/ysy/physicsnemo/data/dataset_springback_pair_Base_TC4_150/springback_pair_Base_TC4_sample_0112_045deg.npz,112,45.0,train,Base_TC4,11792,OK,
/data/run01/scxk573/lsz/ysy/physicsnemo/data/dataset_springback_pair_Base_TC4_150/springback_pair_Base_TC4_sample_0112_050deg.npz,112,50.0,train,Base_TC4,11792,OK,
/data/run01/scxk573/lsz/ysy/physicsnemo/data/dataset_springback_pair_Base_TC4_150/springback_pair_Base_TC4_sample_0112_055deg.npz,112,55.0,train,Base_TC4,11792,OK,
/data/run01/scxk573/lsz/ysy/physicsnemo/data/dataset_springback_pair_Base_TC4_150/springback_pair_Base_TC4_sample_0112_060deg.npz,112,60.0,train,Base_TC4,11792,OK,
/data/run01/scxk573/lsz/ysy/physicsnemo/data/dataset_springback_pair_Base_TC4_150/springback_pair_Base_TC4_sample_0112_065deg.npz,112,65.0,train,Base_TC4,11792,OK,
/data/run01/scxk573/lsz/ysy/physicsnemo/data/dataset_springback_pair_Base_TC4_150/springback_pair_Base_TC4_sample_0112_070deg.npz,112,70.0,train,Base_TC4,11792,OK,
/data/run01/scxk573/lsz/ysy/physicsnemo/data/dataset_springback_pair_Base_TC4_150/springback_pair_Base_TC4_sample_0112_075deg.npz,112,75.0,train,Base_TC4,11792,OK,
/data/run01/scxk573/lsz/ysy/physicsnemo/data/dataset_springback_pair_Base_TC4_150/springback_pair_Base_TC4_sample_0112_080deg.npz,112,80.0,train,Base_TC4,11792,OK,
/data/run01/scxk573/lsz/ysy/physicsnemo/data/dataset_springback_pair_Base_TC4_150/springback_pair_Base_TC4_sample_0112_085deg.npz,112,85.0,train,Base_TC4,11792,OK,
/data/run01/scxk573/lsz/ysy/physicsnemo/data/dataset_springback_pair_Base_TC4_150/springback_pair_Base_TC4_sample_0112_090deg.npz,112,90.0,train,Base_TC4,11792,OK,
/data/run01/scxk573/lsz/ysy/physicsnemo/data/dataset_springback_pair_Base_TC4_150/springback_pair_Base_TC4_sample_0112_095deg.npz,112,95.0,train,Base_TC4,11792,OK,
/data/run01/scxk573/lsz/ysy/physicsnemo/data/dataset_springback_pair_Base_TC4_150/springback_pair_Base_TC4_sample_0112_100deg.npz,112,100.0,train,Base_TC4,11792,OK,
/data/run01/scxk573/lsz/ysy/physicsnemo/data/dataset_springback_pair_Base_TC4_150/springback_pair_Base_TC4_sample_0112_105deg.npz,112,105.0,train,Base_TC4,11792,OK,
/data/run01/scxk573/lsz/ysy/physicsnemo/data/dataset_springback_pair_Base_TC4_150/springback_pair_Base_TC4_sample_0112_110deg.npz,112,110.0,train,Base_TC4,11792,OK,
/data/run01/scxk573/lsz/ysy/physicsnemo/data/dataset_springback_pair_Base_TC4_150/springback_pair_Base_TC4_sample_0112_115deg.npz,112,115.0,train,Base_TC4,11792,OK,
/data/run01/scxk573/lsz/ysy/physicsnemo/data/dataset_springback_pair_Base_TC4_150/springback_pair_Base_TC4_sample_0112_120deg.npz,112,120.0,train,Base_TC4,11792,OK,
/data/run01/scxk573/lsz/ysy/physicsnemo/data/dataset_springback_pair_Base_TC4_150/springback_pair_Base_TC4_sample_0112_125deg.npz,112,125.0,train,Base_TC4,11792,OK,
/data/run01/scxk573/lsz/ysy/physicsnemo/data/dataset_springback_pair_Base_TC4_150/springback_pair_Base_TC4_sample_0112_130deg.npz,112,130.0,train,Base_TC4,11792,OK,
/data/run01/scxk573/lsz/ysy/physicsnemo/data/dataset_springback_pair_Base_TC4_150/springback_pair_Base_TC4_sample_0112_135deg.npz,112,135.0,train,Base_TC4,11792,OK,
/data/run01/scxk573/lsz/ysy/physicsnemo/data/dataset_springback_pair_Base_TC4_150/springback_pair_Base_TC4_sample_0112_140deg.npz,112,140.0,train,Base_TC4,11792,OK,
/data/run01/scxk573/lsz/ysy/physicsnemo/data/dataset_springback_pair_Base_TC4_150/springback_pair_Base_TC4_sample_0112_145deg.npz,112,145.0,train,Base_TC4,11792,OK,
/data/run01/scxk573/lsz/ysy/physicsnemo/data/dataset_springback_pair_Base_TC4_150/springback_pair_Base_TC4_sample_0112_150deg.npz,112,150.0,train,Base_TC4,11792,OK,
/data/run01/scxk573/lsz/ysy/physicsnemo/data/dataset_springback_pair_Base_TC4_150/springback_pair_Base_TC4_sample_0112_155deg.npz,112,155.0,train,Base_TC4,11792,OK,
/data/run01/scxk573/lsz/ysy/physicsnemo/data/dataset_springback_pair_Base_TC4_150/springback_pair_Base_TC4_sample_0112_160deg.npz,112,160.0,train,Base_TC4,11792,OK,
/data/run01/scxk573/lsz/ysy/physicsnemo/data/dataset_springback_pair_Base_TC4_150/springback_pair_Base_TC4_sample_0112_165deg.npz,112,165.0,train,Base_TC4,11792,OK,
/data/run01/scxk573/lsz/ysy/physicsnemo/data/dataset_springback_pair_Base_TC4_150/springback_pair_Base_TC4_sample_0112_170deg.npz,112,170.0,train,Base_TC4,11792,OK,
/data/run01/scxk573/lsz/ysy/physicsnemo/data/dataset_springback_pair_Base_TC4_150/springback_pair_Base_TC4_sample_0112_175deg.npz,112,175.0,train,Base_TC4,11792,OK,
/data/run01/scxk573/lsz/ysy/physicsnemo/data/dataset_springback_pair_Base_TC4_150/springback_pair_Base_TC4_sample_0112_180deg.npz,112,180.0,train,Base_TC4,11792,OK,
/data/run01/scxk573/lsz/ysy/physicsnemo/data/dataset_springback_pair_Base_TC4_150/springback_pair_Base_TC4_sample_0113_005deg.npz,113,5.0,val,Base_TC4,8610,OK,
/data/run01/scxk573/lsz/ysy/physicsnemo/data/dataset_springback_pair_Base_TC4_150/springback_pair_Base_TC4_sample_0113_010deg.npz,113,10.0,val,Base_TC4,8610,OK,
/data/run01/scxk573/lsz/ysy/physicsnemo/data/dataset_springback_pair_Base_TC4_150/springback_pair_Base_TC4_sample_0113_015deg.npz,113,15.0,val,Base_TC4,8610,OK,
/data/run01/scxk573/lsz/ysy/physicsnemo/data/dataset_springback_pair_Base_TC4_150/springback_pair_Base_TC4_sample_0113_020deg.npz,113,20.0,val,Base_TC4,8610,OK,
/data/run01/scxk573/lsz/ysy/physicsnemo/data/dataset_springback_pair_Base_TC4_150/springback_pair_Base_TC4_sample_0113_025deg.npz,113,25.0,val,Base_TC4,8610,OK,
/data/run01/scxk573/lsz/ysy/physicsnemo/data/dataset_springback_pair_Base_TC4_150/springback_pair_Base_TC4_sample_0113_030deg.npz,113,30.0,val,Base_TC4,8610,OK,
/data/run01/scxk573/lsz/ysy/physicsnemo/data/dataset_springback_pair_Base_TC4_150/springback_pair_Base_TC4_sample_0113_035deg.npz,113,35.0,val,Base_TC4,8610,OK,
/data/run01/scxk573/lsz/ysy/physicsnemo/data/dataset_springback_pair_Base_TC4_150/springback_pair_Base_TC4_sample_0113_040deg.npz,113,40.0,val,Base_TC4,8610,OK,
/data/run01/scxk573/lsz/ysy/physicsnemo/data/dataset_springback_pair_Base_TC4_150/springback_pair_Base_TC4_sample_0113_045deg.npz,113,45.0,val,Base_TC4,8610,OK,
/data/run01/scxk573/lsz/ysy/physicsnemo/data/dataset_springback_pair_Base_TC4_150/springback_pair_Base_TC4_sample_0113_050deg.npz,113,50.0,val,Base_TC4,8610,OK,
/data/run01/scxk573/lsz/ysy/physicsnemo/data/dataset_springback_pair_Base_TC4_150/springback_pair_Base_TC4_sample_0113_055deg.npz,113,55.0,val,Base_TC4,8610,OK,
/data/run01/scxk573/lsz/ysy/physicsnemo/data/dataset_springback_pair_Base_TC4_150/springback_pair_Base_TC4_sample_0113_060deg.npz,113,60.0,val,Base_TC4,8610,OK,
/data/run01/scxk573/lsz/ysy/physicsnemo/data/dataset_springback_pair_Base_TC4_150/springback_pair_Base_TC4_sample_0113_065deg.npz,113,65.0,val,Base_TC4,8610,OK,
/data/run01/scxk573/lsz/ysy/physicsnemo/data/dataset_springback_pair_Base_TC4_150/springback_pair_Base_TC4_sample_0113_070deg.npz,113,70.0,val,Base_TC4,8610,OK,
/data/run01/scxk573/lsz/ysy/physicsnemo/data/dataset_springback_pair_Base_TC4_150/springback_pair_Base_TC4_sample_0113_075deg.npz,113,75.0,val,Base_TC4,8610,OK,
/data/run01/scxk573/lsz/ysy/physicsnemo/data/dataset_springback_pair_Base_TC4_150/springback_pair_Base_TC4_sample_0113_080deg.npz,113,80.0,val,Base_TC4,8610,OK,
/data/run01/scxk573/lsz/ysy/physicsnemo/data/dataset_springback_pair_Base_TC4_150/springback_pair_Base_TC4_sample_0113_085deg.npz,113,85.0,val,Base_TC4,8610,OK,
/data/run01/scxk573/lsz/ysy/physicsnemo/data/dataset_springback_pair_Base_TC4_150/springback_pair_Base_TC4_sample_0113_090deg.npz,113,90.0,val,Base_TC4,8610,OK,
/data/run01/scxk573/lsz/ysy/physicsnemo/data/dataset_springback_pair_Base_TC4_150/springback_pair_Base_TC4_sample_0113_095deg.npz,113,95.0,val,Base_TC4,8610,OK,
/data/run01/scxk573/lsz/ysy/physicsnemo/data/dataset_springback_pair_Base_TC4_150/springback_pair_Base_TC4_sample_0113_100deg.npz,113,100.0,val,Base_TC4,8610,OK,
/data/run01/scxk573/lsz/ysy/physicsnemo/data/dataset_springback_pair_Base_TC4_150/springback_pair_Base_TC4_sample_0113_105deg.npz,113,105.0,val,Base_TC4,8610,OK,
/data/run01/scxk573/lsz/ysy/physicsnemo/data/dataset_springback_pair_Base_TC4_150/springback_pair_Base_TC4_sample_0113_110deg.npz,113,110.0,val,Base_TC4,8610,OK,
/data/run01/scxk573/lsz/ysy/physicsnemo/data/dataset_springback_pair_Base_TC4_150/springback_pair_Base_TC4_sample_0113_115deg.npz,113,115.0,val,Base_TC4,8610,OK,
/data/run01/scxk573/lsz/ysy/physicsnemo/data/dataset_springback_pair_Base_TC4_150/springback_pair_Base_TC4_sample_0113_120deg.npz,113,120.0,val,Base_TC4,8610,OK,
/data/run01/scxk573/lsz/ysy/physicsnemo/data/dataset_springback_pair_Base_TC4_150/springback_pair_Base_TC4_sample_0113_125deg.npz,113,125.0,val,Base_TC4,8610,OK,
/data/run01/scxk573/lsz/ysy/physicsnemo/data/dataset_springback_pair_Base_TC4_150/springback_pair_Base_TC4_sample_0113_130deg.npz,113,130.0,val,Base_TC4,8610,OK,
/data/run01/scxk573/lsz/ysy/physicsnemo/data/dataset_springback_pair_Base_TC4_150/springback_pair_Base_TC4_sample_0113_135deg.npz,113,135.0,val,Base_TC4,8610,OK,
/data/run01/scxk573/lsz/ysy/physicsnemo/data/dataset_springback_pair_Base_TC4_150/springback_pair_Base_TC4_sample_0113_140deg.npz,113,140.0,val,Base_TC4,8610,OK,
/data/run01/scxk573/lsz/ysy/physicsnemo/data/dataset_springback_pair_Base_TC4_150/springback_pair_Base_TC4_sample_0113_145deg.npz,113,145.0,val,Base_TC4,8610,OK,
/data/run01/scxk573/lsz/ysy/physicsnemo/data/dataset_springback_pair_Base_TC4_150/springback_pair_Base_TC4_sample_0113_150deg.npz,113,150.0,val,Base_TC4,8610,OK,
/data/run01/scxk573/lsz/ysy/physicsnemo/data/dataset_springback_pair_Base_TC4_150/springback_pair_Base_TC4_sample_0113_155deg.npz,113,155.0,val,Base_TC4,8610,OK,
/data/run01/scxk573/lsz/ysy/physicsnemo/data/dataset_springback_pair_Base_TC4_150/springback_pair_Base_TC4_sample_0113_160deg.npz,113,160.0,val,Base_TC4,8610,OK,
/data/run01/scxk573/lsz/ysy/physicsnemo/data/dataset_springback_pair_Base_TC4_150/springback_pair_Base_TC4_sample_0113_165deg.npz,113,165.0,val,Base_TC4,8610,OK,
/data/run01/scxk573/lsz/ysy/physicsnemo/data/dataset_springback_pair_Base_TC4_150/springback_pair_Base_TC4_sample_0113_170deg.npz,113,170.0,val,Base_TC4,8610,OK,
/data/run01/scxk573/lsz/ysy/physicsnemo/data/dataset_springback_pair_Base_TC4_150/springback_pair_Base_TC4_sample_0113_175deg.npz,113,175.0,val,Base_TC4,8610,OK,
/data/run01/scxk573/lsz/ysy/physicsnemo/data/dataset_springback_pair_Base_TC4_150/springback_pair_Base_TC4_sample_0113_180deg.npz,113,180.0,val,Base_TC4,8610,OK,
/data/run01/scxk573/lsz/ysy/physicsnemo/data/dataset_springback_pair_Base_TC4_150/springback_pair_Base_TC4_sample_0114_005deg.npz,114,5.0,test,Base_TC4,13754,OK,
/data/run01/scxk573/lsz/ysy/physicsnemo/data/dataset_springback_pair_Base_TC4_150/springback_pair_Base_TC4_sample_0114_010deg.npz,114,10.0,test,Base_TC4,13754,OK,
/data/run01/scxk573/lsz/ysy/physicsnemo/data/dataset_springback_pair_Base_TC4_150/springback_pair_Base_TC4_sample_0114_015deg.npz,114,15.0,test,Base_TC4,13754,OK,
/data/run01/scxk573/lsz/ysy/physicsnemo/data/dataset_springback_pair_Base_TC4_150/springback_pair_Base_TC4_sample_0114_020deg.npz,114,20.0,test,Base_TC4,13754,OK,
/data/run01/scxk573/lsz/ysy/physicsnemo/data/dataset_springback_pair_Base_TC4_150/springback_pair_Base_TC4_sample_0114_025deg.npz,114,25.0,test,Base_TC4,13754,OK,
/data/run01/scxk573/lsz/ysy/physicsnemo/data/dataset_springback_pair_Base_TC4_150/springback_pair_Base_TC4_sample_0114_030deg.npz,114,30.0,test,Base_TC4,13754,OK,
/data/run01/scxk573/lsz/ysy/physicsnemo/data/dataset_springback_pair_Base_TC4_150/springback_pair_Base_TC4_sample_0114_035deg.npz,114,35.0,test,Base_TC4,13754,OK,
/data/run01/scxk573/lsz/ysy/physicsnemo/data/dataset_springback_pair_Base_TC4_150/springback_pair_Base_TC4_sample_0114_040deg.npz,114,40.0,test,Base_TC4,13754,OK,
/data/run01/scxk573/lsz/ysy/physicsnemo/data/dataset_springback_pair_Base_TC4_150/springback_pair_Base_TC4_sample_0114_045deg.npz,114,45.0,test,Base_TC4,13754,OK,
/data/run01/scxk573/lsz/ysy/physicsnemo/data/dataset_springback_pair_Base_TC4_150/springback_pair_Base_TC4_sample_0114_050deg.npz,114,50.0,test,Base_TC4,13754,OK,
/data/run01/scxk573/lsz/ysy/physicsnemo/data/dataset_springback_pair_Base_TC4_150/springback_pair_Base_TC4_sample_0114_055deg.npz,114,55.0,test,Base_TC4,13754,OK,
/data/run01/scxk573/lsz/ysy/physicsnemo/data/dataset_springback_pair_Base_TC4_150/springback_pair_Base_TC4_sample_0114_060deg.npz,114,60.0,test,Base_TC4,13754,OK,
/data/run01/scxk573/lsz/ysy/physicsnemo/data/dataset_springback_pair_Base_TC4_150/springback_pair_Base_TC4_sample_0114_065deg.npz,114,65.0,test,Base_TC4,13754,OK,
/data/run01/scxk573/lsz/ysy/physicsnemo/data/dataset_springback_pair_Base_TC4_150/springback_pair_Base_TC4_sample_0114_070deg.npz,114,70.0,test,Base_TC4,13754,OK,
/data/run01/scxk573/lsz/ysy/physicsnemo/data/dataset_springback_pair_Base_TC4_150/springback_pair_Base_TC4_sample_0114_075deg.npz,114,75.0,test,Base_TC4,13754,OK,
/data/run01/scxk573/lsz/ysy/physicsnemo/data/dataset_springback_pair_Base_TC4_150/springback_pair_Base_TC4_sample_0114_080deg.npz,114,80.0,test,Base_TC4,13754,OK,
/data/run01/scxk573/lsz/ysy/physicsnemo/data/dataset_springback_pair_Base_TC4_150/springback_pair_Base_TC4_sample_0114_085deg.npz,114,85.0,test,Base_TC4,13754,OK,
/data/run01/scxk573/lsz/ysy/physicsnemo/data/dataset_springback_pair_Base_TC4_150/springback_pair_Base_TC4_sample_0114_090deg.npz,114,90.0,test,Base_TC4,13754,OK,
/data/run01/scxk573/lsz/ysy/physicsnemo/data/dataset_springback_pair_Base_TC4_150/springback_pair_Base_TC4_sample_0114_095deg.npz,114,95.0,test,Base_TC4,13754,OK,
/data/run01/scxk573/lsz/ysy/physicsnemo/data/dataset_springback_pair_Base_TC4_150/springback_pair_Base_TC4_sample_0114_100deg.npz,114,100.0,test,Base_TC4,13754,OK,
/data/run01/scxk573/lsz/ysy/physicsnemo/data/dataset_springback_pair_Base_TC4_150/springback_pair_Base_TC4_sample_0114_105deg.npz,114,105.0,test,Base_TC4,13754,OK,
/data/run01/scxk573/lsz/ysy/physicsnemo/data/dataset_springback_pair_Base_TC4_150/springback_pair_Base_TC4_sample_0114_110deg.npz,114,110.0,test,Base_TC4,13754,OK,
/data/run01/scxk573/lsz/ysy/physicsnemo/data/dataset_springback_pair_Base_TC4_150/springback_pair_Base_TC4_sample_0114_115deg.npz,114,115.0,test,Base_TC4,13754,OK,
/data/run01/scxk573/lsz/ysy/physicsnemo/data/dataset_springback_pair_Base_TC4_150/springback_pair_Base_TC4_sample_0114_120deg.npz,114,120.0,test,Base_TC4,13754,OK,
/data/run01/scxk573/lsz/ysy/physicsnemo/data/dataset_springback_pair_Base_TC4_150/springback_pair_Base_TC4_sample_0114_125deg.npz,114,125.0,test,Base_TC4,13754,OK,
/data/run01/scxk573/lsz/ysy/physicsnemo/data/dataset_springback_pair_Base_TC4_150/springback_pair_Base_TC4_sample_0114_130deg.npz,114,130.0,test,Base_TC4,13754,OK,
/data/run01/scxk573/lsz/ysy/physicsnemo/data/dataset_springback_pair_Base_TC4_150/springback_pair_Base_TC4_sample_0114_135deg.npz,114,135.0,test,Base_TC4,13754,OK,
/data/run01/scxk573/lsz/ysy/physicsnemo/data/dataset_springback_pair_Base_TC4_150/springback_pair_Base_TC4_sample_0114_140deg.npz,114,140.0,test,Base_TC4,13754,OK,
/data/run01/scxk573/lsz/ysy/physicsnemo/data/dataset_springback_pair_Base_TC4_150/springback_pair_Base_TC4_sample_0114_145deg.npz,114,145.0,test,Base_TC4,13754,OK,
/data/run01/scxk573/lsz/ysy/physicsnemo/data/dataset_springback_pair_Base_TC4_150/springback_pair_Base_TC4_sample_0114_150deg.npz,114,150.0,test,Base_TC4,13754,OK,
/data/run01/scxk573/lsz/ysy/physicsnemo/data/dataset_springback_pair_Base_TC4_150/springback_pair_Base_TC4_sample_0114_155deg.npz,114,155.0,test,Base_TC4,13754,OK,
/data/run01/scxk573/lsz/ysy/physicsnemo/data/dataset_springback_pair_Base_TC4_150/springback_pair_Base_TC4_sample_0114_160deg.npz,114,160.0,test,Base_TC4,13754,OK,
/data/run01/scxk573/lsz/ysy/physicsnemo/data/dataset_springback_pair_Base_TC4_150/springback_pair_Base_TC4_sample_0114_165deg.npz,114,165.0,test,Base_TC4,13754,OK,
/data/run01/scxk573/lsz/ysy/physicsnemo/data/dataset_springback_pair_Base_TC4_150/springback_pair_Base_TC4_sample_0114_170deg.npz,114,170.0,test,Base_TC4,13754,OK,
/data/run01/scxk573/lsz/ysy/physicsnemo/data/dataset_springback_pair_Base_TC4_150/springback_pair_Base_TC4_sample_0114_175deg.npz,114,175.0,test,Base_TC4,13754,OK,
/data/run01/scxk573/lsz/ysy/physicsnemo/data/dataset_springback_pair_Base_TC4_150/springback_pair_Base_TC4_sample_0114_180deg.npz,114,180.0,test,Base_TC4,13754,OK,
/data/run01/scxk573/lsz/ysy/physicsnemo/data/dataset_springback_pair_Base_TC4_150/springback_pair_Base_TC4_sample_0115_005deg.npz,115,5.0,train,Base_TC4,16300,OK,
/data/run01/scxk573/lsz/ysy/physicsnemo/data/dataset_springback_pair_Base_TC4_150/springback_pair_Base_TC4_sample_0115_010deg.npz,115,10.0,train,Base_TC4,16300,OK,
/data/run01/scxk573/lsz/ysy/physicsnemo/data/dataset_springback_pair_Base_TC4_150/springback_pair_Base_TC4_sample_0115_015deg.npz,115,15.0,train,Base_TC4,16300,OK,
/data/run01/scxk573/lsz/ysy/physicsnemo/data/dataset_springback_pair_Base_TC4_150/springback_pair_Base_TC4_sample_0115_020deg.npz,115,20.0,train,Base_TC4,16300,OK,
/data/run01/scxk573/lsz/ysy/physicsnemo/data/dataset_springback_pair_Base_TC4_150/springback_pair_Base_TC4_sample_0115_025deg.npz,115,25.0,train,Base_TC4,16300,OK,
/data/run01/scxk573/lsz/ysy/physicsnemo/data/dataset_springback_pair_Base_TC4_150/springback_pair_Base_TC4_sample_0115_030deg.npz,115,30.0,train,Base_TC4,16300,OK,
/data/run01/scxk573/lsz/ysy/physicsnemo/data/dataset_springback_pair_Base_TC4_150/springback_pair_Base_TC4_sample_0115_035deg.npz,115,35.0,train,Base_TC4,16300,OK,
/data/run01/scxk573/lsz/ysy/physicsnemo/data/dataset_springback_pair_Base_TC4_150/springback_pair_Base_TC4_sample_0115_040deg.npz,115,40.0,train,Base_TC4,16300,OK,
/data/run01/scxk573/lsz/ysy/physicsnemo/data/dataset_springback_pair_Base_TC4_150/springback_pair_Base_TC4_sample_0115_045deg.npz,115,45.0,train,Base_TC4,16300,OK,
/data/run01/scxk573/lsz/ysy/physicsnemo/data/dataset_springback_pair_Base_TC4_150/springback_pair_Base_TC4_sample_0115_050deg.npz,115,50.0,train,Base_TC4,16300,OK,
/data/run01/scxk573/lsz/ysy/physicsnemo/data/dataset_springback_pair_Base_TC4_150/springback_pair_Base_TC4_sample_0115_055deg.npz,115,55.0,train,Base_TC4,16300,OK,
/data/run01/scxk573/lsz/ysy/physicsnemo/data/dataset_springback_pair_Base_TC4_150/springback_pair_Base_TC4_sample_0115_060deg.npz,115,60.0,train,Base_TC4,16300,OK,
/data/run01/scxk573/lsz/ysy/physicsnemo/data/dataset_springback_pair_Base_TC4_150/springback_pair_Base_TC4_sample_0115_065deg.npz,115,65.0,train,Base_TC4,16300,OK,
/data/run01/scxk573/lsz/ysy/physicsnemo/data/dataset_springback_pair_Base_TC4_150/springback_pair_Base_TC4_sample_0115_070deg.npz,115,70.0,train,Base_TC4,16300,OK,
/data/run01/scxk573/lsz/ysy/physicsnemo/data/dataset_springback_pair_Base_TC4_150/springback_pair_Base_TC4_sample_0115_075deg.npz,115,75.0,train,Base_TC4,16300,OK,
/data/run01/scxk573/lsz/ysy/physicsnemo/data/dataset_springback_pair_Base_TC4_150/springback_pair_Base_TC4_sample_0115_080deg.npz,115,80.0,train,Base_TC4,16300,OK,
/data/run01/scxk573/lsz/ysy/physicsnemo/data/dataset_springback_pair_Base_TC4_150/springback_pair_Base_TC4_sample_0115_085deg.npz,115,85.0,train,Base_TC4,16300,OK,
/data/run01/scxk573/lsz/ysy/physicsnemo/data/dataset_springback_pair_Base_TC4_150/springback_pair_Base_TC4_sample_0115_090deg.npz,115,90.0,train,Base_TC4,16300,OK,
/data/run01/scxk573/lsz/ysy/physicsnemo/data/dataset_springback_pair_Base_TC4_150/springback_pair_Base_TC4_sample_0115_095deg.npz,115,95.0,train,Base_TC4,16300,OK,
/data/run01/scxk573/lsz/ysy/physicsnemo/data/dataset_springback_pair_Base_TC4_150/springback_pair_Base_TC4_sample_0115_100deg.npz,115,100.0,train,Base_TC4,16300,OK,
/data/run01/scxk573/lsz/ysy/physicsnemo/data/dataset_springback_pair_Base_TC4_150/springback_pair_Base_TC4_sample_0115_105deg.npz,115,105.0,train,Base_TC4,16300,OK,
/data/run01/scxk573/lsz/ysy/physicsnemo/data/dataset_springback_pair_Base_TC4_150/springback_pair_Base_TC4_sample_0115_110deg.npz,115,110.0,train,Base_TC4,16300,OK,
/data/run01/scxk573/lsz/ysy/physicsnemo/data/dataset_springback_pair_Base_TC4_150/springback_pair_Base_TC4_sample_0115_115deg.npz,115,115.0,train,Base_TC4,16300,OK,
/data/run01/scxk573/lsz/ysy/physicsnemo/data/dataset_springback_pair_Base_TC4_150/springback_pair_Base_TC4_sample_0115_120deg.npz,115,120.0,train,Base_TC4,16300,OK,
/data/run01/scxk573/lsz/ysy/physicsnemo/data/dataset_springback_pair_Base_TC4_150/springback_pair_Base_TC4_sample_0115_125deg.npz,115,125.0,train,Base_TC4,16300,OK,
/data/run01/scxk573/lsz/ysy/physicsnemo/data/dataset_springback_pair_Base_TC4_150/springback_pair_Base_TC4_sample_0115_130deg.npz,115,130.0,train,Base_TC4,16300,OK,
/data/run01/scxk573/lsz/ysy/physicsnemo/data/dataset_springback_pair_Base_TC4_150/springback_pair_Base_TC4_sample_0115_135deg.npz,115,135.0,train,Base_TC4,16300,OK,
/data/run01/scxk573/lsz/ysy/physicsnemo/data/dataset_springback_pair_Base_TC4_150/springback_pair_Base_TC4_sample_0115_140deg.npz,115,140.0,train,Base_TC4,16300,OK,
/data/run01/scxk573/lsz/ysy/physicsnemo/data/dataset_springback_pair_Base_TC4_150/springback_pair_Base_TC4_sample_0115_145deg.npz,115,145.0,train,Base_TC4,16300,OK,
/data/run01/scxk573/lsz/ysy/physicsnemo/data/dataset_springback_pair_Base_TC4_150/springback_pair_Base_TC4_sample_0115_150deg.npz,115,150.0,train,Base_TC4,16300,OK,
/data/run01/scxk573/lsz/ysy/physicsnemo/data/dataset_springback_pair_Base_TC4_150/springback_pair_Base_TC4_sample_0115_155deg.npz,115,155.0,train,Base_TC4,16300,OK,
/data/run01/scxk573/lsz/ysy/physicsnemo/data/dataset_springback_pair_Base_TC4_150/springback_pair_Base_TC4_sample_0115_160deg.npz,115,160.0,train,Base_TC4,16300,OK,
/data/run01/scxk573/lsz/ysy/physicsnemo/data/dataset_springback_pair_Base_TC4_150/springback_pair_Base_TC4_sample_0115_165deg.npz,115,165.0,train,Base_TC4,16300,OK,
/data/run01/scxk573/lsz/ysy/physicsnemo/data/dataset_springback_pair_Base_TC4_150/springback_pair_Base_TC4_sample_0115_170deg.npz,115,170.0,train,Base_TC4,16300,OK,
/data/run01/scxk573/lsz/ysy/physicsnemo/data/dataset_springback_pair_Base_TC4_150/springback_pair_Base_TC4_sample_0115_175deg.npz,115,175.0,train,Base_TC4,16300,OK,
/data/run01/scxk573/lsz/ysy/physicsnemo/data/dataset_springback_pair_Base_TC4_150/springback_pair_Base_TC4_sample_0115_180deg.npz,115,180.0,train,Base_TC4,16300,OK,
/data/run01/scxk573/lsz/ysy/physicsnemo/data/dataset_springback_pair_Base_TC4_150/springback_pair_Base_TC4_sample_0116_005deg.npz,116,5.0,train,Base_TC4,2020,OK,
/data/run01/scxk573/lsz/ysy/physicsnemo/data/dataset_springback_pair_Base_TC4_150/springback_pair_Base_TC4_sample_0116_010deg.npz,116,10.0,train,Base_TC4,2020,OK,
/data/run01/scxk573/lsz/ysy/physicsnemo/data/dataset_springback_pair_Base_TC4_150/springback_pair_Base_TC4_sample_0116_015deg.npz,116,15.0,train,Base_TC4,2020,OK,
/data/run01/scxk573/lsz/ysy/physicsnemo/data/dataset_springback_pair_Base_TC4_150/springback_pair_Base_TC4_sample_0116_020deg.npz,116,20.0,train,Base_TC4,2020,OK,
/data/run01/scxk573/lsz/ysy/physicsnemo/data/dataset_springback_pair_Base_TC4_150/springback_pair_Base_TC4_sample_0116_025deg.npz,116,25.0,train,Base_TC4,2020,OK,
/data/run01/scxk573/lsz/ysy/physicsnemo/data/dataset_springback_pair_Base_TC4_150/springback_pair_Base_TC4_sample_0116_030deg.npz,116,30.0,train,Base_TC4,2020,OK,
/data/run01/scxk573/lsz/ysy/physicsnemo/data/dataset_springback_pair_Base_TC4_150/springback_pair_Base_TC4_sample_0116_035deg.npz,116,35.0,train,Base_TC4,2020,OK,
/data/run01/scxk573/lsz/ysy/physicsnemo/data/dataset_springback_pair_Base_TC4_150/springback_pair_Base_TC4_sample_0116_040deg.npz,116,40.0,train,Base_TC4,2020,OK,
/data/run01/scxk573/lsz/ysy/physicsnemo/data/dataset_springback_pair_Base_TC4_150/springback_pair_Base_TC4_sample_0116_045deg.npz,116,45.0,train,Base_TC4,2020,OK,
/data/run01/scxk573/lsz/ysy/physicsnemo/data/dataset_springback_pair_Base_TC4_150/springback_pair_Base_TC4_sample_0116_050deg.npz,116,50.0,train,Base_TC4,2020,OK,
/data/run01/scxk573/lsz/ysy/physicsnemo/data/dataset_springback_pair_Base_TC4_150/springback_pair_Base_TC4_sample_0116_055deg.npz,116,55.0,train,Base_TC4,2020,OK,
/data/run01/scxk573/lsz/ysy/physicsnemo/data/dataset_springback_pair_Base_TC4_150/springback_pair_Base_TC4_sample_0116_060deg.npz,116,60.0,train,Base_TC4,2020,OK,
/data/run01/scxk573/lsz/ysy/physicsnemo/data/dataset_springback_pair_Base_TC4_150/springback_pair_Base_TC4_sample_0116_065deg.npz,116,65.0,train,Base_TC4,2020,OK,
/data/run01/scxk573/lsz/ysy/physicsnemo/data/dataset_springback_pair_Base_TC4_150/springback_pair_Base_TC4_sample_0116_070deg.npz,116,70.0,train,Base_TC4,2020,OK,
/data/run01/scxk573/lsz/ysy/physicsnemo/data/dataset_springback_pair_Base_TC4_150/springback_pair_Base_TC4_sample_0116_075deg.npz,116,75.0,train,Base_TC4,2020,OK,
/data/run01/scxk573/lsz/ysy/physicsnemo/data/dataset_springback_pair_Base_TC4_150/springback_pair_Base_TC4_sample_0116_080deg.npz,116,80.0,train,Base_TC4,2020,OK,
/data/run01/scxk573/lsz/ysy/physicsnemo/data/dataset_springback_pair_Base_TC4_150/springback_pair_Base_TC4_sample_0116_085deg.npz,116,85.0,train,Base_TC4,2020,OK,
/data/run01/scxk573/lsz/ysy/physicsnemo/data/dataset_springback_pair_Base_TC4_150/springback_pair_Base_TC4_sample_0116_090deg.npz,116,90.0,train,Base_TC4,2020,OK,
/data/run01/scxk573/lsz/ysy/physicsnemo/data/dataset_springback_pair_Base_TC4_150/springback_pair_Base_TC4_sample_0116_095deg.npz,116,95.0,train,Base_TC4,2020,OK,
/data/run01/scxk573/lsz/ysy/physicsnemo/data/dataset_springback_pair_Base_TC4_150/springback_pair_Base_TC4_sample_0116_100deg.npz,116,100.0,train,Base_TC4,2020,OK,
/data/run01/scxk573/lsz/ysy/physicsnemo/data/dataset_springback_pair_Base_TC4_150/springback_pair_Base_TC4_sample_0116_105deg.npz,116,105.0,train,Base_TC4,2020,OK,
/data/run01/scxk573/lsz/ysy/physicsnemo/data/dataset_springback_pair_Base_TC4_150/springback_pair_Base_TC4_sample_0116_110deg.npz,116,110.0,train,Base_TC4,2020,OK,
/data/run01/scxk573/lsz/ysy/physicsnemo/data/dataset_springback_pair_Base_TC4_150/springback_pair_Base_TC4_sample_0116_115deg.npz,116,115.0,train,Base_TC4,2020,OK,
/data/run01/scxk573/lsz/ysy/physicsnemo/data/dataset_springback_pair_Base_TC4_150/springback_pair_Base_TC4_sample_0116_120deg.npz,116,120.0,train,Base_TC4,2020,OK,
/data/run01/scxk573/lsz/ysy/physicsnemo/data/dataset_springback_pair_Base_TC4_150/springback_pair_Base_TC4_sample_0116_125deg.npz,116,125.0,train,Base_TC4,2020,OK,
/data/run01/scxk573/lsz/ysy/physicsnemo/data/dataset_springback_pair_Base_TC4_150/springback_pair_Base_TC4_sample_0116_130deg.npz,116,130.0,train,Base_TC4,2020,OK,
/data/run01/scxk573/lsz/ysy/physicsnemo/data/dataset_springback_pair_Base_TC4_150/springback_pair_Base_TC4_sample_0116_135deg.npz,116,135.0,train,Base_TC4,2020,OK,
/data/run01/scxk573/lsz/ysy/physicsnemo/data/dataset_springback_pair_Base_TC4_150/springback_pair_Base_TC4_sample_0116_140deg.npz,116,140.0,train,Base_TC4,2020,OK,
/data/run01/scxk573/lsz/ysy/physicsnemo/data/dataset_springback_pair_Base_TC4_150/springback_pair_Base_TC4_sample_0116_145deg.npz,116,145.0,train,Base_TC4,2020,OK,
/data/run01/scxk573/lsz/ysy/physicsnemo/data/dataset_springback_pair_Base_TC4_150/springback_pair_Base_TC4_sample_0116_150deg.npz,116,150.0,train,Base_TC4,2020,OK,
/data/run01/scxk573/lsz/ysy/physicsnemo/data/dataset_springback_pair_Base_TC4_150/springback_pair_Base_TC4_sample_0116_155deg.npz,116,155.0,train,Base_TC4,2020,OK,
/data/run01/scxk573/lsz/ysy/physicsnemo/data/dataset_springback_pair_Base_TC4_150/springback_pair_Base_TC4_sample_0116_160deg.npz,116,160.0,train,Base_TC4,2020,OK,
/data/run01/scxk573/lsz/ysy/physicsnemo/data/dataset_springback_pair_Base_TC4_150/springback_pair_Base_TC4_sample_0116_165deg.npz,116,165.0,train,Base_TC4,2020,OK,
/data/run01/scxk573/lsz/ysy/physicsnemo/data/dataset_springback_pair_Base_TC4_150/springback_pair_Base_TC4_sample_0116_170deg.npz,116,170.0,train,Base_TC4,2020,OK,
/data/run01/scxk573/lsz/ysy/physicsnemo/data/dataset_springback_pair_Base_TC4_150/springback_pair_Base_TC4_sample_0116_175deg.npz,116,175.0,train,Base_TC4,2020,OK,
/data/run01/scxk573/lsz/ysy/physicsnemo/data/dataset_springback_pair_Base_TC4_150/springback_pair_Base_TC4_sample_0116_180deg.npz,116,180.0,train,Base_TC4,2020,OK,
/data/run01/scxk573/lsz/ysy/physicsnemo/data/dataset_springback_pair_Base_TC4_150/springback_pair_Base_TC4_sample_0117_005deg.npz,117,5.0,train,Base_TC4,1729,OK,
/data/run01/scxk573/lsz/ysy/physicsnemo/data/dataset_springback_pair_Base_TC4_150/springback_pair_Base_TC4_sample_0117_010deg.npz,117,10.0,train,Base_TC4,1729,OK,
/data/run01/scxk573/lsz/ysy/physicsnemo/data/dataset_springback_pair_Base_TC4_150/springback_pair_Base_TC4_sample_0117_015deg.npz,117,15.0,train,Base_TC4,1729,OK,
/data/run01/scxk573/lsz/ysy/physicsnemo/data/dataset_springback_pair_Base_TC4_150/springback_pair_Base_TC4_sample_0117_020deg.npz,117,20.0,train,Base_TC4,1729,OK,
/data/run01/scxk573/lsz/ysy/physicsnemo/data/dataset_springback_pair_Base_TC4_150/springback_pair_Base_TC4_sample_0117_025deg.npz,117,25.0,train,Base_TC4,1729,OK,
/data/run01/scxk573/lsz/ysy/physicsnemo/data/dataset_springback_pair_Base_TC4_150/springback_pair_Base_TC4_sample_0117_030deg.npz,117,30.0,train,Base_TC4,1729,OK,
/data/run01/scxk573/lsz/ysy/physicsnemo/data/dataset_springback_pair_Base_TC4_150/springback_pair_Base_TC4_sample_0117_035deg.npz,117,35.0,train,Base_TC4,1729,OK,
/data/run01/scxk573/lsz/ysy/physicsnemo/data/dataset_springback_pair_Base_TC4_150/springback_pair_Base_TC4_sample_0117_040deg.npz,117,40.0,train,Base_TC4,1729,OK,
/data/run01/scxk573/lsz/ysy/physicsnemo/data/dataset_springback_pair_Base_TC4_150/springback_pair_Base_TC4_sample_0117_045deg.npz,117,45.0,train,Base_TC4,1729,OK,
/data/run01/scxk573/lsz/ysy/physicsnemo/data/dataset_springback_pair_Base_TC4_150/springback_pair_Base_TC4_sample_0117_050deg.npz,117,50.0,train,Base_TC4,1729,OK,
/data/run01/scxk573/lsz/ysy/physicsnemo/data/dataset_springback_pair_Base_TC4_150/springback_pair_Base_TC4_sample_0117_055deg.npz,117,55.0,train,Base_TC4,1729,OK,
/data/run01/scxk573/lsz/ysy/physicsnemo/data/dataset_springback_pair_Base_TC4_150/springback_pair_Base_TC4_sample_0117_060deg.npz,117,60.0,train,Base_TC4,1729,OK,
/data/run01/scxk573/lsz/ysy/physicsnemo/data/dataset_springback_pair_Base_TC4_150/springback_pair_Base_TC4_sample_0117_065deg.npz,117,65.0,train,Base_TC4,1729,OK,
/data/run01/scxk573/lsz/ysy/physicsnemo/data/dataset_springback_pair_Base_TC4_150/springback_pair_Base_TC4_sample_0117_070deg.npz,117,70.0,train,Base_TC4,1729,OK,
/data/run01/scxk573/lsz/ysy/physicsnemo/data/dataset_springback_pair_Base_TC4_150/springback_pair_Base_TC4_sample_0117_075deg.npz,117,75.0,train,Base_TC4,1729,OK,
/data/run01/scxk573/lsz/ysy/physicsnemo/data/dataset_springback_pair_Base_TC4_150/springback_pair_Base_TC4_sample_0117_080deg.npz,117,80.0,train,Base_TC4,1729,OK,
/data/run01/scxk573/lsz/ysy/physicsnemo/data/dataset_springback_pair_Base_TC4_150/springback_pair_Base_TC4_sample_0117_085deg.npz,117,85.0,train,Base_TC4,1729,OK,
/data/run01/scxk573/lsz/ysy/physicsnemo/data/dataset_springback_pair_Base_TC4_150/springback_pair_Base_TC4_sample_0117_090deg.npz,117,90.0,train,Base_TC4,1729,OK,
/data/run01/scxk573/lsz/ysy/physicsnemo/data/dataset_springback_pair_Base_TC4_150/springback_pair_Base_TC4_sample_0117_095deg.npz,117,95.0,train,Base_TC4,1729,OK,
/data/run01/scxk573/lsz/ysy/physicsnemo/data/dataset_springback_pair_Base_TC4_150/springback_pair_Base_TC4_sample_0117_100deg.npz,117,100.0,train,Base_TC4,1729,OK,
/data/run01/scxk573/lsz/ysy/physicsnemo/data/dataset_springback_pair_Base_TC4_150/springback_pair_Base_TC4_sample_0117_105deg.npz,117,105.0,train,Base_TC4,1729,OK,
/data/run01/scxk573/lsz/ysy/physicsnemo/data/dataset_springback_pair_Base_TC4_150/springback_pair_Base_TC4_sample_0117_110deg.npz,117,110.0,train,Base_TC4,1729,OK,
/data/run01/scxk573/lsz/ysy/physicsnemo/data/dataset_springback_pair_Base_TC4_150/springback_pair_Base_TC4_sample_0117_115deg.npz,117,115.0,train,Base_TC4,1729,OK,
/data/run01/scxk573/lsz/ysy/physicsnemo/data/dataset_springback_pair_Base_TC4_150/springback_pair_Base_TC4_sample_0117_120deg.npz,117,120.0,train,Base_TC4,1729,OK,
/data/run01/scxk573/lsz/ysy/physicsnemo/data/dataset_springback_pair_Base_TC4_150/springback_pair_Base_TC4_sample_0117_125deg.npz,117,125.0,train,Base_TC4,1729,OK,
/data/run01/scxk573/lsz/ysy/physicsnemo/data/dataset_springback_pair_Base_TC4_150/springback_pair_Base_TC4_sample_0117_130deg.npz,117,130.0,train,Base_TC4,1729,OK,
/data/run01/scxk573/lsz/ysy/physicsnemo/data/dataset_springback_pair_Base_TC4_150/springback_pair_Base_TC4_sample_0117_135deg.npz,117,135.0,train,Base_TC4,1729,OK,
/data/run01/scxk573/lsz/ysy/physicsnemo/data/dataset_springback_pair_Base_TC4_150/springback_pair_Base_TC4_sample_0117_140deg.npz,117,140.0,train,Base_TC4,1729,OK,
/data/run01/scxk573/lsz/ysy/physicsnemo/data/dataset_springback_pair_Base_TC4_150/springback_pair_Base_TC4_sample_0117_145deg.npz,117,145.0,train,Base_TC4,1729,OK,
/data/run01/scxk573/lsz/ysy/physicsnemo/data/dataset_springback_pair_Base_TC4_150/springback_pair_Base_TC4_sample_0117_150deg.npz,117,150.0,train,Base_TC4,1729,OK,
/data/run01/scxk573/lsz/ysy/physicsnemo/data/dataset_springback_pair_Base_TC4_150/springback_pair_Base_TC4_sample_0117_155deg.npz,117,155.0,train,Base_TC4,1729,OK,
/data/run01/scxk573/lsz/ysy/physicsnemo/data/dataset_springback_pair_Base_TC4_150/springback_pair_Base_TC4_sample_0117_160deg.npz,117,160.0,train,Base_TC4,1729,OK,
/data/run01/scxk573/lsz/ysy/physicsnemo/data/dataset_springback_pair_Base_TC4_150/springback_pair_Base_TC4_sample_0117_165deg.npz,117,165.0,train,Base_TC4,1729,OK,
/data/run01/scxk573/lsz/ysy/physicsnemo/data/dataset_springback_pair_Base_TC4_150/springback_pair_Base_TC4_sample_0117_170deg.npz,117,170.0,train,Base_TC4,1729,OK,
/data/run01/scxk573/lsz/ysy/physicsnemo/data/dataset_springback_pair_Base_TC4_150/springback_pair_Base_TC4_sample_0117_175deg.npz,117,175.0,train,Base_TC4,1729,OK,
/data/run01/scxk573/lsz/ysy/physicsnemo/data/dataset_springback_pair_Base_TC4_150/springback_pair_Base_TC4_sample_0117_180deg.npz,117,180.0,train,Base_TC4,1729,OK,
/data/run01/scxk573/lsz/ysy/physicsnemo/data/dataset_springback_pair_Base_TC4_150/springback_pair_Base_TC4_sample_0118_005deg.npz,118,5.0,train,Base_TC4,2486,OK,
/data/run01/scxk573/lsz/ysy/physicsnemo/data/dataset_springback_pair_Base_TC4_150/springback_pair_Base_TC4_sample_0118_010deg.npz,118,10.0,train,Base_TC4,2486,OK,
/data/run01/scxk573/lsz/ysy/physicsnemo/data/dataset_springback_pair_Base_TC4_150/springback_pair_Base_TC4_sample_0118_015deg.npz,118,15.0,train,Base_TC4,2486,OK,
/data/run01/scxk573/lsz/ysy/physicsnemo/data/dataset_springback_pair_Base_TC4_150/springback_pair_Base_TC4_sample_0118_020deg.npz,118,20.0,train,Base_TC4,2486,OK,
/data/run01/scxk573/lsz/ysy/physicsnemo/data/dataset_springback_pair_Base_TC4_150/springback_pair_Base_TC4_sample_0118_025deg.npz,118,25.0,train,Base_TC4,2486,OK,
/data/run01/scxk573/lsz/ysy/physicsnemo/data/dataset_springback_pair_Base_TC4_150/springback_pair_Base_TC4_sample_0118_030deg.npz,118,30.0,train,Base_TC4,2486,OK,
/data/run01/scxk573/lsz/ysy/physicsnemo/data/dataset_springback_pair_Base_TC4_150/springback_pair_Base_TC4_sample_0118_035deg.npz,118,35.0,train,Base_TC4,2486,OK,
/data/run01/scxk573/lsz/ysy/physicsnemo/data/dataset_springback_pair_Base_TC4_150/springback_pair_Base_TC4_sample_0118_040deg.npz,118,40.0,train,Base_TC4,2486,OK,
/data/run01/scxk573/lsz/ysy/physicsnemo/data/dataset_springback_pair_Base_TC4_150/springback_pair_Base_TC4_sample_0118_045deg.npz,118,45.0,train,Base_TC4,2486,OK,
/data/run01/scxk573/lsz/ysy/physicsnemo/data/dataset_springback_pair_Base_TC4_150/springback_pair_Base_TC4_sample_0118_050deg.npz,118,50.0,train,Base_TC4,2486,OK,
/data/run01/scxk573/lsz/ysy/physicsnemo/data/dataset_springback_pair_Base_TC4_150/springback_pair_Base_TC4_sample_0118_055deg.npz,118,55.0,train,Base_TC4,2486,OK,
/data/run01/scxk573/lsz/ysy/physicsnemo/data/dataset_springback_pair_Base_TC4_150/springback_pair_Base_TC4_sample_0118_060deg.npz,118,60.0,train,Base_TC4,2486,OK,
/data/run01/scxk573/lsz/ysy/physicsnemo/data/dataset_springback_pair_Base_TC4_150/springback_pair_Base_TC4_sample_0118_065deg.npz,118,65.0,train,Base_TC4,2486,OK,
/data/run01/scxk573/lsz/ysy/physicsnemo/data/dataset_springback_pair_Base_TC4_150/springback_pair_Base_TC4_sample_0118_070deg.npz,118,70.0,train,Base_TC4,2486,OK,
/data/run01/scxk573/lsz/ysy/physicsnemo/data/dataset_springback_pair_Base_TC4_150/springback_pair_Base_TC4_sample_0118_075deg.npz,118,75.0,train,Base_TC4,2486,OK,
/data/run01/scxk573/lsz/ysy/physicsnemo/data/dataset_springback_pair_Base_TC4_150/springback_pair_Base_TC4_sample_0118_080deg.npz,118,80.0,train,Base_TC4,2486,OK,
/data/run01/scxk573/lsz/ysy/physicsnemo/data/dataset_springback_pair_Base_TC4_150/springback_pair_Base_TC4_sample_0118_085deg.npz,118,85.0,train,Base_TC4,2486,OK,
/data/run01/scxk573/lsz/ysy/physicsnemo/data/dataset_springback_pair_Base_TC4_150/springback_pair_Base_TC4_sample_0118_090deg.npz,118,90.0,train,Base_TC4,2486,OK,
/data/run01/scxk573/lsz/ysy/physicsnemo/data/dataset_springback_pair_Base_TC4_150/springback_pair_Base_TC4_sample_0118_095deg.npz,118,95.0,train,Base_TC4,2486,OK,
/data/run01/scxk573/lsz/ysy/physicsnemo/data/dataset_springback_pair_Base_TC4_150/springback_pair_Base_TC4_sample_0118_100deg.npz,118,100.0,train,Base_TC4,2486,OK,
/data/run01/scxk573/lsz/ysy/physicsnemo/data/dataset_springback_pair_Base_TC4_150/springback_pair_Base_TC4_sample_0118_105deg.npz,118,105.0,train,Base_TC4,2486,OK,
/data/run01/scxk573/lsz/ysy/physicsnemo/data/dataset_springback_pair_Base_TC4_150/springback_pair_Base_TC4_sample_0118_110deg.npz,118,110.0,train,Base_TC4,2486,OK,
/data/run01/scxk573/lsz/ysy/physicsnemo/data/dataset_springback_pair_Base_TC4_150/springback_pair_Base_TC4_sample_0118_115deg.npz,118,115.0,train,Base_TC4,2486,OK,
/data/run01/scxk573/lsz/ysy/physicsnemo/data/dataset_springback_pair_Base_TC4_150/springback_pair_Base_TC4_sample_0118_120deg.npz,118,120.0,train,Base_TC4,2486,OK,
/data/run01/scxk573/lsz/ysy/physicsnemo/data/dataset_springback_pair_Base_TC4_150/springback_pair_Base_TC4_sample_0118_125deg.npz,118,125.0,train,Base_TC4,2486,OK,
/data/run01/scxk573/lsz/ysy/physicsnemo/data/dataset_springback_pair_Base_TC4_150/springback_pair_Base_TC4_sample_0118_130deg.npz,118,130.0,train,Base_TC4,2486,OK,
/data/run01/scxk573/lsz/ysy/physicsnemo/data/dataset_springback_pair_Base_TC4_150/springback_pair_Base_TC4_sample_0118_135deg.npz,118,135.0,train,Base_TC4,2486,OK,
/data/run01/scxk573/lsz/ysy/physicsnemo/data/dataset_springback_pair_Base_TC4_150/springback_pair_Base_TC4_sample_0118_140deg.npz,118,140.0,train,Base_TC4,2486,OK,
/data/run01/scxk573/lsz/ysy/physicsnemo/data/dataset_springback_pair_Base_TC4_150/springback_pair_Base_TC4_sample_0118_145deg.npz,118,145.0,train,Base_TC4,2486,OK,
/data/run01/scxk573/lsz/ysy/physicsnemo/data/dataset_springback_pair_Base_TC4_150/springback_pair_Base_TC4_sample_0118_150deg.npz,118,150.0,train,Base_TC4,2486,OK,
/data/run01/scxk573/lsz/ysy/physicsnemo/data/dataset_springback_pair_Base_TC4_150/springback_pair_Base_TC4_sample_0118_155deg.npz,118,155.0,train,Base_TC4,2486,OK,
/data/run01/scxk573/lsz/ysy/physicsnemo/data/dataset_springback_pair_Base_TC4_150/springback_pair_Base_TC4_sample_0118_160deg.npz,118,160.0,train,Base_TC4,2486,OK,
/data/run01/scxk573/lsz/ysy/physicsnemo/data/dataset_springback_pair_Base_TC4_150/springback_pair_Base_TC4_sample_0118_165deg.npz,118,165.0,train,Base_TC4,2486,OK,
/data/run01/scxk573/lsz/ysy/physicsnemo/data/dataset_springback_pair_Base_TC4_150/springback_pair_Base_TC4_sample_0118_170deg.npz,118,170.0,train,Base_TC4,2486,OK,
/data/run01/scxk573/lsz/ysy/physicsnemo/data/dataset_springback_pair_Base_TC4_150/springback_pair_Base_TC4_sample_0118_175deg.npz,118,175.0,train,Base_TC4,2486,OK,
/data/run01/scxk573/lsz/ysy/physicsnemo/data/dataset_springback_pair_Base_TC4_150/springback_pair_Base_TC4_sample_0118_180deg.npz,118,180.0,train,Base_TC4,2486,OK,
/data/run01/scxk573/lsz/ysy/physicsnemo/data/dataset_springback_pair_Base_TC4_150/springback_pair_Base_TC4_sample_0119_005deg.npz,119,5.0,test,Base_TC4,2300,OK,
/data/run01/scxk573/lsz/ysy/physicsnemo/data/dataset_springback_pair_Base_TC4_150/springback_pair_Base_TC4_sample_0119_010deg.npz,119,10.0,test,Base_TC4,2300,OK,
/data/run01/scxk573/lsz/ysy/physicsnemo/data/dataset_springback_pair_Base_TC4_150/springback_pair_Base_TC4_sample_0119_015deg.npz,119,15.0,test,Base_TC4,2300,OK,
/data/run01/scxk573/lsz/ysy/physicsnemo/data/dataset_springback_pair_Base_TC4_150/springback_pair_Base_TC4_sample_0119_020deg.npz,119,20.0,test,Base_TC4,2300,OK,
/data/run01/scxk573/lsz/ysy/physicsnemo/data/dataset_springback_pair_Base_TC4_150/springback_pair_Base_TC4_sample_0119_025deg.npz,119,25.0,test,Base_TC4,2300,OK,
/data/run01/scxk573/lsz/ysy/physicsnemo/data/dataset_springback_pair_Base_TC4_150/springback_pair_Base_TC4_sample_0119_030deg.npz,119,30.0,test,Base_TC4,2300,OK,
/data/run01/scxk573/lsz/ysy/physicsnemo/data/dataset_springback_pair_Base_TC4_150/springback_pair_Base_TC4_sample_0119_035deg.npz,119,35.0,test,Base_TC4,2300,OK,
/data/run01/scxk573/lsz/ysy/physicsnemo/data/dataset_springback_pair_Base_TC4_150/springback_pair_Base_TC4_sample_0119_040deg.npz,119,40.0,test,Base_TC4,2300,OK,
/data/run01/scxk573/lsz/ysy/physicsnemo/data/dataset_springback_pair_Base_TC4_150/springback_pair_Base_TC4_sample_0119_045deg.npz,119,45.0,test,Base_TC4,2300,OK,
/data/run01/scxk573/lsz/ysy/physicsnemo/data/dataset_springback_pair_Base_TC4_150/springback_pair_Base_TC4_sample_0119_050deg.npz,119,50.0,test,Base_TC4,2300,OK,
/data/run01/scxk573/lsz/ysy/physicsnemo/data/dataset_springback_pair_Base_TC4_150/springback_pair_Base_TC4_sample_0119_055deg.npz,119,55.0,test,Base_TC4,2300,OK,
/data/run01/scxk573/lsz/ysy/physicsnemo/data/dataset_springback_pair_Base_TC4_150/springback_pair_Base_TC4_sample_0119_060deg.npz,119,60.0,test,Base_TC4,2300,OK,
/data/run01/scxk573/lsz/ysy/physicsnemo/data/dataset_springback_pair_Base_TC4_150/springback_pair_Base_TC4_sample_0119_065deg.npz,119,65.0,test,Base_TC4,2300,OK,
/data/run01/scxk573/lsz/ysy/physicsnemo/data/dataset_springback_pair_Base_TC4_150/springback_pair_Base_TC4_sample_0119_070deg.npz,119,70.0,test,Base_TC4,2300,OK,
/data/run01/scxk573/lsz/ysy/physicsnemo/data/dataset_springback_pair_Base_TC4_150/springback_pair_Base_TC4_sample_0119_075deg.npz,119,75.0,test,Base_TC4,2300,OK,
/data/run01/scxk573/lsz/ysy/physicsnemo/data/dataset_springback_pair_Base_TC4_150/springback_pair_Base_TC4_sample_0119_080deg.npz,119,80.0,test,Base_TC4,2300,OK,
/data/run01/scxk573/lsz/ysy/physicsnemo/data/dataset_springback_pair_Base_TC4_150/springback_pair_Base_TC4_sample_0119_085deg.npz,119,85.0,test,Base_TC4,2300,OK,
/data/run01/scxk573/lsz/ysy/physicsnemo/data/dataset_springback_pair_Base_TC4_150/springback_pair_Base_TC4_sample_0119_090deg.npz,119,90.0,test,Base_TC4,2300,OK,
/data/run01/scxk573/lsz/ysy/physicsnemo/data/dataset_springback_pair_Base_TC4_150/springback_pair_Base_TC4_sample_0119_095deg.npz,119,95.0,test,Base_TC4,2300,OK,
/data/run01/scxk573/lsz/ysy/physicsnemo/data/dataset_springback_pair_Base_TC4_150/springback_pair_Base_TC4_sample_0119_100deg.npz,119,100.0,test,Base_TC4,2300,OK,
/data/run01/scxk573/lsz/ysy/physicsnemo/data/dataset_springback_pair_Base_TC4_150/springback_pair_Base_TC4_sample_0119_105deg.npz,119,105.0,test,Base_TC4,2300,OK,
/data/run01/scxk573/lsz/ysy/physicsnemo/data/dataset_springback_pair_Base_TC4_150/springback_pair_Base_TC4_sample_0119_110deg.npz,119,110.0,test,Base_TC4,2300,OK,
/data/run01/scxk573/lsz/ysy/physicsnemo/data/dataset_springback_pair_Base_TC4_150/springback_pair_Base_TC4_sample_0119_115deg.npz,119,115.0,test,Base_TC4,2300,OK,
/data/run01/scxk573/lsz/ysy/physicsnemo/data/dataset_springback_pair_Base_TC4_150/springback_pair_Base_TC4_sample_0119_120deg.npz,119,120.0,test,Base_TC4,2300,OK,
/data/run01/scxk573/lsz/ysy/physicsnemo/data/dataset_springback_pair_Base_TC4_150/springback_pair_Base_TC4_sample_0119_125deg.npz,119,125.0,test,Base_TC4,2300,OK,
/data/run01/scxk573/lsz/ysy/physicsnemo/data/dataset_springback_pair_Base_TC4_150/springback_pair_Base_TC4_sample_0119_130deg.npz,119,130.0,test,Base_TC4,2300,OK,
/data/run01/scxk573/lsz/ysy/physicsnemo/data/dataset_springback_pair_Base_TC4_150/springback_pair_Base_TC4_sample_0119_135deg.npz,119,135.0,test,Base_TC4,2300,OK,
/data/run01/scxk573/lsz/ysy/physicsnemo/data/dataset_springback_pair_Base_TC4_150/springback_pair_Base_TC4_sample_0119_140deg.npz,119,140.0,test,Base_TC4,2300,OK,
/data/run01/scxk573/lsz/ysy/physicsnemo/data/dataset_springback_pair_Base_TC4_150/springback_pair_Base_TC4_sample_0119_145deg.npz,119,145.0,test,Base_TC4,2300,OK,
/data/run01/scxk573/lsz/ysy/physicsnemo/data/dataset_springback_pair_Base_TC4_150/springback_pair_Base_TC4_sample_0119_150deg.npz,119,150.0,test,Base_TC4,2300,OK,
/data/run01/scxk573/lsz/ysy/physicsnemo/data/dataset_springback_pair_Base_TC4_150/springback_pair_Base_TC4_sample_0119_155deg.npz,119,155.0,test,Base_TC4,2300,OK,
/data/run01/scxk573/lsz/ysy/physicsnemo/data/dataset_springback_pair_Base_TC4_150/springback_pair_Base_TC4_sample_0119_160deg.npz,119,160.0,test,Base_TC4,2300,OK,
/data/run01/scxk573/lsz/ysy/physicsnemo/data/dataset_springback_pair_Base_TC4_150/springback_pair_Base_TC4_sample_0119_165deg.npz,119,165.0,test,Base_TC4,2300,OK,
/data/run01/scxk573/lsz/ysy/physicsnemo/data/dataset_springback_pair_Base_TC4_150/springback_pair_Base_TC4_sample_0119_170deg.npz,119,170.0,test,Base_TC4,2300,OK,
/data/run01/scxk573/lsz/ysy/physicsnemo/data/dataset_springback_pair_Base_TC4_150/springback_pair_Base_TC4_sample_0119_175deg.npz,119,175.0,test,Base_TC4,2300,OK,
/data/run01/scxk573/lsz/ysy/physicsnemo/data/dataset_springback_pair_Base_TC4_150/springback_pair_Base_TC4_sample_0119_180deg.npz,119,180.0,test,Base_TC4,2300,OK,
/data/run01/scxk573/lsz/ysy/physicsnemo/data/dataset_springback_pair_Base_TC4_150/springback_pair_Base_TC4_sample_0120_005deg.npz,120,5.0,val,Base_TC4,3250,OK,
/data/run01/scxk573/lsz/ysy/physicsnemo/data/dataset_springback_pair_Base_TC4_150/springback_pair_Base_TC4_sample_0120_010deg.npz,120,10.0,val,Base_TC4,3250,OK,
/data/run01/scxk573/lsz/ysy/physicsnemo/data/dataset_springback_pair_Base_TC4_150/springback_pair_Base_TC4_sample_0120_015deg.npz,120,15.0,val,Base_TC4,3250,OK,
/data/run01/scxk573/lsz/ysy/physicsnemo/data/dataset_springback_pair_Base_TC4_150/springback_pair_Base_TC4_sample_0120_020deg.npz,120,20.0,val,Base_TC4,3250,OK,
/data/run01/scxk573/lsz/ysy/physicsnemo/data/dataset_springback_pair_Base_TC4_150/springback_pair_Base_TC4_sample_0120_025deg.npz,120,25.0,val,Base_TC4,3250,OK,
/data/run01/scxk573/lsz/ysy/physicsnemo/data/dataset_springback_pair_Base_TC4_150/springback_pair_Base_TC4_sample_0120_030deg.npz,120,30.0,val,Base_TC4,3250,OK,
/data/run01/scxk573/lsz/ysy/physicsnemo/data/dataset_springback_pair_Base_TC4_150/springback_pair_Base_TC4_sample_0120_035deg.npz,120,35.0,val,Base_TC4,3250,OK,
/data/run01/scxk573/lsz/ysy/physicsnemo/data/dataset_springback_pair_Base_TC4_150/springback_pair_Base_TC4_sample_0120_040deg.npz,120,40.0,val,Base_TC4,3250,OK,
/data/run01/scxk573/lsz/ysy/physicsnemo/data/dataset_springback_pair_Base_TC4_150/springback_pair_Base_TC4_sample_0120_045deg.npz,120,45.0,val,Base_TC4,3250,OK,
/data/run01/scxk573/lsz/ysy/physicsnemo/data/dataset_springback_pair_Base_TC4_150/springback_pair_Base_TC4_sample_0120_050deg.npz,120,50.0,val,Base_TC4,3250,OK,
/data/run01/scxk573/lsz/ysy/physicsnemo/data/dataset_springback_pair_Base_TC4_150/springback_pair_Base_TC4_sample_0120_055deg.npz,120,55.0,val,Base_TC4,3250,OK,
/data/run01/scxk573/lsz/ysy/physicsnemo/data/dataset_springback_pair_Base_TC4_150/springback_pair_Base_TC4_sample_0120_060deg.npz,120,60.0,val,Base_TC4,3250,OK,
/data/run01/scxk573/lsz/ysy/physicsnemo/data/dataset_springback_pair_Base_TC4_150/springback_pair_Base_TC4_sample_0120_065deg.npz,120,65.0,val,Base_TC4,3250,OK,
/data/run01/scxk573/lsz/ysy/physicsnemo/data/dataset_springback_pair_Base_TC4_150/springback_pair_Base_TC4_sample_0120_070deg.npz,120,70.0,val,Base_TC4,3250,OK,
/data/run01/scxk573/lsz/ysy/physicsnemo/data/dataset_springback_pair_Base_TC4_150/springback_pair_Base_TC4_sample_0120_075deg.npz,120,75.0,val,Base_TC4,3250,OK,
/data/run01/scxk573/lsz/ysy/physicsnemo/data/dataset_springback_pair_Base_TC4_150/springback_pair_Base_TC4_sample_0120_080deg.npz,120,80.0,val,Base_TC4,3250,OK,
/data/run01/scxk573/lsz/ysy/physicsnemo/data/dataset_springback_pair_Base_TC4_150/springback_pair_Base_TC4_sample_0120_085deg.npz,120,85.0,val,Base_TC4,3250,OK,
/data/run01/scxk573/lsz/ysy/physicsnemo/data/dataset_springback_pair_Base_TC4_150/springback_pair_Base_TC4_sample_0120_090deg.npz,120,90.0,val,Base_TC4,3250,OK,
/data/run01/scxk573/lsz/ysy/physicsnemo/data/dataset_springback_pair_Base_TC4_150/springback_pair_Base_TC4_sample_0120_095deg.npz,120,95.0,val,Base_TC4,3250,OK,
/data/run01/scxk573/lsz/ysy/physicsnemo/data/dataset_springback_pair_Base_TC4_150/springback_pair_Base_TC4_sample_0120_100deg.npz,120,100.0,val,Base_TC4,3250,OK,
/data/run01/scxk573/lsz/ysy/physicsnemo/data/dataset_springback_pair_Base_TC4_150/springback_pair_Base_TC4_sample_0120_105deg.npz,120,105.0,val,Base_TC4,3250,OK,
/data/run01/scxk573/lsz/ysy/physicsnemo/data/dataset_springback_pair_Base_TC4_150/springback_pair_Base_TC4_sample_0120_110deg.npz,120,110.0,val,Base_TC4,3250,OK,
/data/run01/scxk573/lsz/ysy/physicsnemo/data/dataset_springback_pair_Base_TC4_150/springback_pair_Base_TC4_sample_0120_115deg.npz,120,115.0,val,Base_TC4,3250,OK,
/data/run01/scxk573/lsz/ysy/physicsnemo/data/dataset_springback_pair_Base_TC4_150/springback_pair_Base_TC4_sample_0120_120deg.npz,120,120.0,val,Base_TC4,3250,OK,
/data/run01/scxk573/lsz/ysy/physicsnemo/data/dataset_springback_pair_Base_TC4_150/springback_pair_Base_TC4_sample_0120_125deg.npz,120,125.0,val,Base_TC4,3250,OK,
/data/run01/scxk573/lsz/ysy/physicsnemo/data/dataset_springback_pair_Base_TC4_150/springback_pair_Base_TC4_sample_0120_130deg.npz,120,130.0,val,Base_TC4,3250,OK,
/data/run01/scxk573/lsz/ysy/physicsnemo/data/dataset_springback_pair_Base_TC4_150/springback_pair_Base_TC4_sample_0120_135deg.npz,120,135.0,val,Base_TC4,3250,OK,
/data/run01/scxk573/lsz/ysy/physicsnemo/data/dataset_springback_pair_Base_TC4_150/springback_pair_Base_TC4_sample_0120_140deg.npz,120,140.0,val,Base_TC4,3250,OK,
/data/run01/scxk573/lsz/ysy/physicsnemo/data/dataset_springback_pair_Base_TC4_150/springback_pair_Base_TC4_sample_0120_145deg.npz,120,145.0,val,Base_TC4,3250,OK,
/data/run01/scxk573/lsz/ysy/physicsnemo/data/dataset_springback_pair_Base_TC4_150/springback_pair_Base_TC4_sample_0120_150deg.npz,120,150.0,val,Base_TC4,3250,OK,
/data/run01/scxk573/lsz/ysy/physicsnemo/data/dataset_springback_pair_Base_TC4_150/springback_pair_Base_TC4_sample_0120_155deg.npz,120,155.0,val,Base_TC4,3250,OK,
/data/run01/scxk573/lsz/ysy/physicsnemo/data/dataset_springback_pair_Base_TC4_150/springback_pair_Base_TC4_sample_0120_160deg.npz,120,160.0,val,Base_TC4,3250,OK,
/data/run01/scxk573/lsz/ysy/physicsnemo/data/dataset_springback_pair_Base_TC4_150/springback_pair_Base_TC4_sample_0120_165deg.npz,120,165.0,val,Base_TC4,3250,OK,
/data/run01/scxk573/lsz/ysy/physicsnemo/data/dataset_springback_pair_Base_TC4_150/springback_pair_Base_TC4_sample_0120_170deg.npz,120,170.0,val,Base_TC4,3250,OK,
/data/run01/scxk573/lsz/ysy/physicsnemo/data/dataset_springback_pair_Base_TC4_150/springback_pair_Base_TC4_sample_0120_175deg.npz,120,175.0,val,Base_TC4,3250,OK,
/data/run01/scxk573/lsz/ysy/physicsnemo/data/dataset_springback_pair_Base_TC4_150/springback_pair_Base_TC4_sample_0120_180deg.npz,120,180.0,val,Base_TC4,3250,OK,
/data/run01/scxk573/lsz/ysy/physicsnemo/data/dataset_springback_pair_Base_TC4_150/springback_pair_Base_TC4_sample_0121_005deg.npz,121,5.0,train,Base_TC4,25792,OK,
/data/run01/scxk573/lsz/ysy/physicsnemo/data/dataset_springback_pair_Base_TC4_150/springback_pair_Base_TC4_sample_0121_010deg.npz,121,10.0,train,Base_TC4,25792,OK,
/data/run01/scxk573/lsz/ysy/physicsnemo/data/dataset_springback_pair_Base_TC4_150/springback_pair_Base_TC4_sample_0121_015deg.npz,121,15.0,train,Base_TC4,25792,OK,
/data/run01/scxk573/lsz/ysy/physicsnemo/data/dataset_springback_pair_Base_TC4_150/springback_pair_Base_TC4_sample_0121_020deg.npz,121,20.0,train,Base_TC4,25792,OK,
/data/run01/scxk573/lsz/ysy/physicsnemo/data/dataset_springback_pair_Base_TC4_150/springback_pair_Base_TC4_sample_0121_025deg.npz,121,25.0,train,Base_TC4,25792,OK,
/data/run01/scxk573/lsz/ysy/physicsnemo/data/dataset_springback_pair_Base_TC4_150/springback_pair_Base_TC4_sample_0121_030deg.npz,121,30.0,train,Base_TC4,25792,OK,
/data/run01/scxk573/lsz/ysy/physicsnemo/data/dataset_springback_pair_Base_TC4_150/springback_pair_Base_TC4_sample_0121_035deg.npz,121,35.0,train,Base_TC4,25792,OK,
/data/run01/scxk573/lsz/ysy/physicsnemo/data/dataset_springback_pair_Base_TC4_150/springback_pair_Base_TC4_sample_0121_040deg.npz,121,40.0,train,Base_TC4,25792,OK,
/data/run01/scxk573/lsz/ysy/physicsnemo/data/dataset_springback_pair_Base_TC4_150/springback_pair_Base_TC4_sample_0121_045deg.npz,121,45.0,train,Base_TC4,25792,OK,
/data/run01/scxk573/lsz/ysy/physicsnemo/data/dataset_springback_pair_Base_TC4_150/springback_pair_Base_TC4_sample_0121_050deg.npz,121,50.0,train,Base_TC4,25792,OK,
/data/run01/scxk573/lsz/ysy/physicsnemo/data/dataset_springback_pair_Base_TC4_150/springback_pair_Base_TC4_sample_0121_055deg.npz,121,55.0,train,Base_TC4,25792,OK,
/data/run01/scxk573/lsz/ysy/physicsnemo/data/dataset_springback_pair_Base_TC4_150/springback_pair_Base_TC4_sample_0121_060deg.npz,121,60.0,train,Base_TC4,25792,OK,
/data/run01/scxk573/lsz/ysy/physicsnemo/data/dataset_springback_pair_Base_TC4_150/springback_pair_Base_TC4_sample_0121_065deg.npz,121,65.0,train,Base_TC4,25792,OK,
/data/run01/scxk573/lsz/ysy/physicsnemo/data/dataset_springback_pair_Base_TC4_150/springback_pair_Base_TC4_sample_0121_070deg.npz,121,70.0,train,Base_TC4,25792,OK,
/data/run01/scxk573/lsz/ysy/physicsnemo/data/dataset_springback_pair_Base_TC4_150/springback_pair_Base_TC4_sample_0121_075deg.npz,121,75.0,train,Base_TC4,25792,OK,
/data/run01/scxk573/lsz/ysy/physicsnemo/data/dataset_springback_pair_Base_TC4_150/springback_pair_Base_TC4_sample_0121_080deg.npz,121,80.0,train,Base_TC4,25792,OK,
/data/run01/scxk573/lsz/ysy/physicsnemo/data/dataset_springback_pair_Base_TC4_150/springback_pair_Base_TC4_sample_0121_085deg.npz,121,85.0,train,Base_TC4,25792,OK,
/data/run01/scxk573/lsz/ysy/physicsnemo/data/dataset_springback_pair_Base_TC4_150/springback_pair_Base_TC4_sample_0121_090deg.npz,121,90.0,train,Base_TC4,25792,OK,
/data/run01/scxk573/lsz/ysy/physicsnemo/data/dataset_springback_pair_Base_TC4_150/springback_pair_Base_TC4_sample_0121_095deg.npz,121,95.0,train,Base_TC4,25792,OK,
/data/run01/scxk573/lsz/ysy/physicsnemo/data/dataset_springback_pair_Base_TC4_150/springback_pair_Base_TC4_sample_0121_100deg.npz,121,100.0,train,Base_TC4,25792,OK,
/data/run01/scxk573/lsz/ysy/physicsnemo/data/dataset_springback_pair_Base_TC4_150/springback_pair_Base_TC4_sample_0121_105deg.npz,121,105.0,train,Base_TC4,25792,OK,
/data/run01/scxk573/lsz/ysy/physicsnemo/data/dataset_springback_pair_Base_TC4_150/springback_pair_Base_TC4_sample_0121_110deg.npz,121,110.0,train,Base_TC4,25792,OK,
/data/run01/scxk573/lsz/ysy/physicsnemo/data/dataset_springback_pair_Base_TC4_150/springback_pair_Base_TC4_sample_0121_115deg.npz,121,115.0,train,Base_TC4,25792,OK,
/data/run01/scxk573/lsz/ysy/physicsnemo/data/dataset_springback_pair_Base_TC4_150/springback_pair_Base_TC4_sample_0121_120deg.npz,121,120.0,train,Base_TC4,25792,OK,
/data/run01/scxk573/lsz/ysy/physicsnemo/data/dataset_springback_pair_Base_TC4_150/springback_pair_Base_TC4_sample_0121_125deg.npz,121,125.0,train,Base_TC4,25792,OK,
/data/run01/scxk573/lsz/ysy/physicsnemo/data/dataset_springback_pair_Base_TC4_150/springback_pair_Base_TC4_sample_0121_130deg.npz,121,130.0,train,Base_TC4,25792,OK,
/data/run01/scxk573/lsz/ysy/physicsnemo/data/dataset_springback_pair_Base_TC4_150/springback_pair_Base_TC4_sample_0121_135deg.npz,121,135.0,train,Base_TC4,25792,OK,
/data/run01/scxk573/lsz/ysy/physicsnemo/data/dataset_springback_pair_Base_TC4_150/springback_pair_Base_TC4_sample_0121_140deg.npz,121,140.0,train,Base_TC4,25792,OK,
/data/run01/scxk573/lsz/ysy/physicsnemo/data/dataset_springback_pair_Base_TC4_150/springback_pair_Base_TC4_sample_0121_145deg.npz,121,145.0,train,Base_TC4,25792,OK,
/data/run01/scxk573/lsz/ysy/physicsnemo/data/dataset_springback_pair_Base_TC4_150/springback_pair_Base_TC4_sample_0121_150deg.npz,121,150.0,train,Base_TC4,25792,OK,
/data/run01/scxk573/lsz/ysy/physicsnemo/data/dataset_springback_pair_Base_TC4_150/springback_pair_Base_TC4_sample_0121_155deg.npz,121,155.0,train,Base_TC4,25792,OK,
/data/run01/scxk573/lsz/ysy/physicsnemo/data/dataset_springback_pair_Base_TC4_150/springback_pair_Base_TC4_sample_0121_160deg.npz,121,160.0,train,Base_TC4,25792,OK,
/data/run01/scxk573/lsz/ysy/physicsnemo/data/dataset_springback_pair_Base_TC4_150/springback_pair_Base_TC4_sample_0121_165deg.npz,121,165.0,train,Base_TC4,25792,OK,
/data/run01/scxk573/lsz/ysy/physicsnemo/data/dataset_springback_pair_Base_TC4_150/springback_pair_Base_TC4_sample_0121_170deg.npz,121,170.0,train,Base_TC4,25792,OK,
/data/run01/scxk573/lsz/ysy/physicsnemo/data/dataset_springback_pair_Base_TC4_150/springback_pair_Base_TC4_sample_0121_175deg.npz,121,175.0,train,Base_TC4,25792,OK,
/data/run01/scxk573/lsz/ysy/physicsnemo/data/dataset_springback_pair_Base_TC4_150/springback_pair_Base_TC4_sample_0121_180deg.npz,121,180.0,train,Base_TC4,25792,OK,
/data/run01/scxk573/lsz/ysy/physicsnemo/data/dataset_springback_pair_Base_TC4_150/springback_pair_Base_TC4_sample_0122_005deg.npz,122,5.0,train,Base_TC4,12816,OK,
/data/run01/scxk573/lsz/ysy/physicsnemo/data/dataset_springback_pair_Base_TC4_150/springback_pair_Base_TC4_sample_0122_010deg.npz,122,10.0,train,Base_TC4,12816,OK,
/data/run01/scxk573/lsz/ysy/physicsnemo/data/dataset_springback_pair_Base_TC4_150/springback_pair_Base_TC4_sample_0122_015deg.npz,122,15.0,train,Base_TC4,12816,OK,
/data/run01/scxk573/lsz/ysy/physicsnemo/data/dataset_springback_pair_Base_TC4_150/springback_pair_Base_TC4_sample_0122_020deg.npz,122,20.0,train,Base_TC4,12816,OK,
/data/run01/scxk573/lsz/ysy/physicsnemo/data/dataset_springback_pair_Base_TC4_150/springback_pair_Base_TC4_sample_0122_025deg.npz,122,25.0,train,Base_TC4,12816,OK,
/data/run01/scxk573/lsz/ysy/physicsnemo/data/dataset_springback_pair_Base_TC4_150/springback_pair_Base_TC4_sample_0122_030deg.npz,122,30.0,train,Base_TC4,12816,OK,
/data/run01/scxk573/lsz/ysy/physicsnemo/data/dataset_springback_pair_Base_TC4_150/springback_pair_Base_TC4_sample_0122_035deg.npz,122,35.0,train,Base_TC4,12816,OK,
/data/run01/scxk573/lsz/ysy/physicsnemo/data/dataset_springback_pair_Base_TC4_150/springback_pair_Base_TC4_sample_0122_040deg.npz,122,40.0,train,Base_TC4,12816,OK,
/data/run01/scxk573/lsz/ysy/physicsnemo/data/dataset_springback_pair_Base_TC4_150/springback_pair_Base_TC4_sample_0122_045deg.npz,122,45.0,train,Base_TC4,12816,OK,
/data/run01/scxk573/lsz/ysy/physicsnemo/data/dataset_springback_pair_Base_TC4_150/springback_pair_Base_TC4_sample_0122_050deg.npz,122,50.0,train,Base_TC4,12816,OK,
/data/run01/scxk573/lsz/ysy/physicsnemo/data/dataset_springback_pair_Base_TC4_150/springback_pair_Base_TC4_sample_0122_055deg.npz,122,55.0,train,Base_TC4,12816,OK,
/data/run01/scxk573/lsz/ysy/physicsnemo/data/dataset_springback_pair_Base_TC4_150/springback_pair_Base_TC4_sample_0122_060deg.npz,122,60.0,train,Base_TC4,12816,OK,
/data/run01/scxk573/lsz/ysy/physicsnemo/data/dataset_springback_pair_Base_TC4_150/springback_pair_Base_TC4_sample_0122_065deg.npz,122,65.0,train,Base_TC4,12816,OK,
/data/run01/scxk573/lsz/ysy/physicsnemo/data/dataset_springback_pair_Base_TC4_150/springback_pair_Base_TC4_sample_0122_070deg.npz,122,70.0,train,Base_TC4,12816,OK,
/data/run01/scxk573/lsz/ysy/physicsnemo/data/dataset_springback_pair_Base_TC4_150/springback_pair_Base_TC4_sample_0122_075deg.npz,122,75.0,train,Base_TC4,12816,OK,
/data/run01/scxk573/lsz/ysy/physicsnemo/data/dataset_springback_pair_Base_TC4_150/springback_pair_Base_TC4_sample_0122_080deg.npz,122,80.0,train,Base_TC4,12816,OK,
/data/run01/scxk573/lsz/ysy/physicsnemo/data/dataset_springback_pair_Base_TC4_150/springback_pair_Base_TC4_sample_0122_085deg.npz,122,85.0,train,Base_TC4,12816,OK,
/data/run01/scxk573/lsz/ysy/physicsnemo/data/dataset_springback_pair_Base_TC4_150/springback_pair_Base_TC4_sample_0122_090deg.npz,122,90.0,train,Base_TC4,12816,OK,
/data/run01/scxk573/lsz/ysy/physicsnemo/data/dataset_springback_pair_Base_TC4_150/springback_pair_Base_TC4_sample_0122_095deg.npz,122,95.0,train,Base_TC4,12816,OK,
/data/run01/scxk573/lsz/ysy/physicsnemo/data/dataset_springback_pair_Base_TC4_150/springback_pair_Base_TC4_sample_0122_100deg.npz,122,100.0,train,Base_TC4,12816,OK,
/data/run01/scxk573/lsz/ysy/physicsnemo/data/dataset_springback_pair_Base_TC4_150/springback_pair_Base_TC4_sample_0122_105deg.npz,122,105.0,train,Base_TC4,12816,OK,
/data/run01/scxk573/lsz/ysy/physicsnemo/data/dataset_springback_pair_Base_TC4_150/springback_pair_Base_TC4_sample_0122_110deg.npz,122,110.0,train,Base_TC4,12816,OK,
/data/run01/scxk573/lsz/ysy/physicsnemo/data/dataset_springback_pair_Base_TC4_150/springback_pair_Base_TC4_sample_0122_115deg.npz,122,115.0,train,Base_TC4,12816,OK,
/data/run01/scxk573/lsz/ysy/physicsnemo/data/dataset_springback_pair_Base_TC4_150/springback_pair_Base_TC4_sample_0122_120deg.npz,122,120.0,train,Base_TC4,12816,OK,
/data/run01/scxk573/lsz/ysy/physicsnemo/data/dataset_springback_pair_Base_TC4_150/springback_pair_Base_TC4_sample_0122_125deg.npz,122,125.0,train,Base_TC4,12816,OK,
/data/run01/scxk573/lsz/ysy/physicsnemo/data/dataset_springback_pair_Base_TC4_150/springback_pair_Base_TC4_sample_0122_130deg.npz,122,130.0,train,Base_TC4,12816,OK,
/data/run01/scxk573/lsz/ysy/physicsnemo/data/dataset_springback_pair_Base_TC4_150/springback_pair_Base_TC4_sample_0122_135deg.npz,122,135.0,train,Base_TC4,12816,OK,
/data/run01/scxk573/lsz/ysy/physicsnemo/data/dataset_springback_pair_Base_TC4_150/springback_pair_Base_TC4_sample_0122_140deg.npz,122,140.0,train,Base_TC4,12816,OK,
/data/run01/scxk573/lsz/ysy/physicsnemo/data/dataset_springback_pair_Base_TC4_150/springback_pair_Base_TC4_sample_0122_145deg.npz,122,145.0,train,Base_TC4,12816,OK,
/data/run01/scxk573/lsz/ysy/physicsnemo/data/dataset_springback_pair_Base_TC4_150/springback_pair_Base_TC4_sample_0122_150deg.npz,122,150.0,train,Base_TC4,12816,OK,
/data/run01/scxk573/lsz/ysy/physicsnemo/data/dataset_springback_pair_Base_TC4_150/springback_pair_Base_TC4_sample_0122_155deg.npz,122,155.0,train,Base_TC4,12816,OK,
/data/run01/scxk573/lsz/ysy/physicsnemo/data/dataset_springback_pair_Base_TC4_150/springback_pair_Base_TC4_sample_0122_160deg.npz,122,160.0,train,Base_TC4,12816,OK,
/data/run01/scxk573/lsz/ysy/physicsnemo/data/dataset_springback_pair_Base_TC4_150/springback_pair_Base_TC4_sample_0122_165deg.npz,122,165.0,train,Base_TC4,12816,OK,
/data/run01/scxk573/lsz/ysy/physicsnemo/data/dataset_springback_pair_Base_TC4_150/springback_pair_Base_TC4_sample_0122_170deg.npz,122,170.0,train,Base_TC4,12816,OK,
/data/run01/scxk573/lsz/ysy/physicsnemo/data/dataset_springback_pair_Base_TC4_150/springback_pair_Base_TC4_sample_0122_175deg.npz,122,175.0,train,Base_TC4,12816,OK,
/data/run01/scxk573/lsz/ysy/physicsnemo/data/dataset_springback_pair_Base_TC4_150/springback_pair_Base_TC4_sample_0122_180deg.npz,122,180.0,train,Base_TC4,12816,OK,
/data/run01/scxk573/lsz/ysy/physicsnemo/data/dataset_springback_pair_Base_TC4_150/springback_pair_Base_TC4_sample_0123_005deg.npz,123,5.0,train,Base_TC4,17658,OK,
/data/run01/scxk573/lsz/ysy/physicsnemo/data/dataset_springback_pair_Base_TC4_150/springback_pair_Base_TC4_sample_0123_010deg.npz,123,10.0,train,Base_TC4,17658,OK,
/data/run01/scxk573/lsz/ysy/physicsnemo/data/dataset_springback_pair_Base_TC4_150/springback_pair_Base_TC4_sample_0123_015deg.npz,123,15.0,train,Base_TC4,17658,OK,
/data/run01/scxk573/lsz/ysy/physicsnemo/data/dataset_springback_pair_Base_TC4_150/springback_pair_Base_TC4_sample_0123_020deg.npz,123,20.0,train,Base_TC4,17658,OK,
/data/run01/scxk573/lsz/ysy/physicsnemo/data/dataset_springback_pair_Base_TC4_150/springback_pair_Base_TC4_sample_0123_025deg.npz,123,25.0,train,Base_TC4,17658,OK,
/data/run01/scxk573/lsz/ysy/physicsnemo/data/dataset_springback_pair_Base_TC4_150/springback_pair_Base_TC4_sample_0123_030deg.npz,123,30.0,train,Base_TC4,17658,OK,
/data/run01/scxk573/lsz/ysy/physicsnemo/data/dataset_springback_pair_Base_TC4_150/springback_pair_Base_TC4_sample_0123_035deg.npz,123,35.0,train,Base_TC4,17658,OK,
/data/run01/scxk573/lsz/ysy/physicsnemo/data/dataset_springback_pair_Base_TC4_150/springback_pair_Base_TC4_sample_0123_040deg.npz,123,40.0,train,Base_TC4,17658,OK,
/data/run01/scxk573/lsz/ysy/physicsnemo/data/dataset_springback_pair_Base_TC4_150/springback_pair_Base_TC4_sample_0123_045deg.npz,123,45.0,train,Base_TC4,17658,OK,
/data/run01/scxk573/lsz/ysy/physicsnemo/data/dataset_springback_pair_Base_TC4_150/springback_pair_Base_TC4_sample_0123_050deg.npz,123,50.0,train,Base_TC4,17658,OK,
/data/run01/scxk573/lsz/ysy/physicsnemo/data/dataset_springback_pair_Base_TC4_150/springback_pair_Base_TC4_sample_0123_055deg.npz,123,55.0,train,Base_TC4,17658,OK,
/data/run01/scxk573/lsz/ysy/physicsnemo/data/dataset_springback_pair_Base_TC4_150/springback_pair_Base_TC4_sample_0123_060deg.npz,123,60.0,train,Base_TC4,17658,OK,
/data/run01/scxk573/lsz/ysy/physicsnemo/data/dataset_springback_pair_Base_TC4_150/springback_pair_Base_TC4_sample_0123_065deg.npz,123,65.0,train,Base_TC4,17658,OK,
/data/run01/scxk573/lsz/ysy/physicsnemo/data/dataset_springback_pair_Base_TC4_150/springback_pair_Base_TC4_sample_0123_070deg.npz,123,70.0,train,Base_TC4,17658,OK,
/data/run01/scxk573/lsz/ysy/physicsnemo/data/dataset_springback_pair_Base_TC4_150/springback_pair_Base_TC4_sample_0123_075deg.npz,123,75.0,train,Base_TC4,17658,OK,
/data/run01/scxk573/lsz/ysy/physicsnemo/data/dataset_springback_pair_Base_TC4_150/springback_pair_Base_TC4_sample_0123_080deg.npz,123,80.0,train,Base_TC4,17658,OK,
/data/run01/scxk573/lsz/ysy/physicsnemo/data/dataset_springback_pair_Base_TC4_150/springback_pair_Base_TC4_sample_0123_085deg.npz,123,85.0,train,Base_TC4,17658,OK,
/data/run01/scxk573/lsz/ysy/physicsnemo/data/dataset_springback_pair_Base_TC4_150/springback_pair_Base_TC4_sample_0123_090deg.npz,123,90.0,train,Base_TC4,17658,OK,
/data/run01/scxk573/lsz/ysy/physicsnemo/data/dataset_springback_pair_Base_TC4_150/springback_pair_Base_TC4_sample_0123_095deg.npz,123,95.0,train,Base_TC4,17658,OK,
/data/run01/scxk573/lsz/ysy/physicsnemo/data/dataset_springback_pair_Base_TC4_150/springback_pair_Base_TC4_sample_0123_100deg.npz,123,100.0,train,Base_TC4,17658,OK,
/data/run01/scxk573/lsz/ysy/physicsnemo/data/dataset_springback_pair_Base_TC4_150/springback_pair_Base_TC4_sample_0123_105deg.npz,123,105.0,train,Base_TC4,17658,OK,
/data/run01/scxk573/lsz/ysy/physicsnemo/data/dataset_springback_pair_Base_TC4_150/springback_pair_Base_TC4_sample_0123_110deg.npz,123,110.0,train,Base_TC4,17658,OK,
/data/run01/scxk573/lsz/ysy/physicsnemo/data/dataset_springback_pair_Base_TC4_150/springback_pair_Base_TC4_sample_0123_115deg.npz,123,115.0,train,Base_TC4,17658,OK,
/data/run01/scxk573/lsz/ysy/physicsnemo/data/dataset_springback_pair_Base_TC4_150/springback_pair_Base_TC4_sample_0123_120deg.npz,123,120.0,train,Base_TC4,17658,OK,
/data/run01/scxk573/lsz/ysy/physicsnemo/data/dataset_springback_pair_Base_TC4_150/springback_pair_Base_TC4_sample_0123_125deg.npz,123,125.0,train,Base_TC4,17658,OK,
/data/run01/scxk573/lsz/ysy/physicsnemo/data/dataset_springback_pair_Base_TC4_150/springback_pair_Base_TC4_sample_0123_130deg.npz,123,130.0,train,Base_TC4,17658,OK,
/data/run01/scxk573/lsz/ysy/physicsnemo/data/dataset_springback_pair_Base_TC4_150/springback_pair_Base_TC4_sample_0123_135deg.npz,123,135.0,train,Base_TC4,17658,OK,
/data/run01/scxk573/lsz/ysy/physicsnemo/data/dataset_springback_pair_Base_TC4_150/springback_pair_Base_TC4_sample_0123_140deg.npz,123,140.0,train,Base_TC4,17658,OK,
/data/run01/scxk573/lsz/ysy/physicsnemo/data/dataset_springback_pair_Base_TC4_150/springback_pair_Base_TC4_sample_0123_145deg.npz,123,145.0,train,Base_TC4,17658,OK,
/data/run01/scxk573/lsz/ysy/physicsnemo/data/dataset_springback_pair_Base_TC4_150/springback_pair_Base_TC4_sample_0123_150deg.npz,123,150.0,train,Base_TC4,17658,OK,
/data/run01/scxk573/lsz/ysy/physicsnemo/data/dataset_springback_pair_Base_TC4_150/springback_pair_Base_TC4_sample_0123_155deg.npz,123,155.0,train,Base_TC4,17658,OK,
/data/run01/scxk573/lsz/ysy/physicsnemo/data/dataset_springback_pair_Base_TC4_150/springback_pair_Base_TC4_sample_0123_160deg.npz,123,160.0,train,Base_TC4,17658,OK,
/data/run01/scxk573/lsz/ysy/physicsnemo/data/dataset_springback_pair_Base_TC4_150/springback_pair_Base_TC4_sample_0123_165deg.npz,123,165.0,train,Base_TC4,17658,OK,
/data/run01/scxk573/lsz/ysy/physicsnemo/data/dataset_springback_pair_Base_TC4_150/springback_pair_Base_TC4_sample_0123_170deg.npz,123,170.0,train,Base_TC4,17658,OK,
/data/run01/scxk573/lsz/ysy/physicsnemo/data/dataset_springback_pair_Base_TC4_150/springback_pair_Base_TC4_sample_0123_175deg.npz,123,175.0,train,Base_TC4,17658,OK,
/data/run01/scxk573/lsz/ysy/physicsnemo/data/dataset_springback_pair_Base_TC4_150/springback_pair_Base_TC4_sample_0123_180deg.npz,123,180.0,train,Base_TC4,17658,OK,
/data/run01/scxk573/lsz/ysy/physicsnemo/data/dataset_springback_pair_Base_TC4_150/springback_pair_Base_TC4_sample_0124_005deg.npz,124,5.0,train,Base_TC4,17874,OK,
/data/run01/scxk573/lsz/ysy/physicsnemo/data/dataset_springback_pair_Base_TC4_150/springback_pair_Base_TC4_sample_0124_010deg.npz,124,10.0,train,Base_TC4,17874,OK,
/data/run01/scxk573/lsz/ysy/physicsnemo/data/dataset_springback_pair_Base_TC4_150/springback_pair_Base_TC4_sample_0124_015deg.npz,124,15.0,train,Base_TC4,17874,OK,
/data/run01/scxk573/lsz/ysy/physicsnemo/data/dataset_springback_pair_Base_TC4_150/springback_pair_Base_TC4_sample_0124_020deg.npz,124,20.0,train,Base_TC4,17874,OK,
/data/run01/scxk573/lsz/ysy/physicsnemo/data/dataset_springback_pair_Base_TC4_150/springback_pair_Base_TC4_sample_0124_025deg.npz,124,25.0,train,Base_TC4,17874,OK,
/data/run01/scxk573/lsz/ysy/physicsnemo/data/dataset_springback_pair_Base_TC4_150/springback_pair_Base_TC4_sample_0124_030deg.npz,124,30.0,train,Base_TC4,17874,OK,
/data/run01/scxk573/lsz/ysy/physicsnemo/data/dataset_springback_pair_Base_TC4_150/springback_pair_Base_TC4_sample_0124_035deg.npz,124,35.0,train,Base_TC4,17874,OK,
/data/run01/scxk573/lsz/ysy/physicsnemo/data/dataset_springback_pair_Base_TC4_150/springback_pair_Base_TC4_sample_0124_040deg.npz,124,40.0,train,Base_TC4,17874,OK,
/data/run01/scxk573/lsz/ysy/physicsnemo/data/dataset_springback_pair_Base_TC4_150/springback_pair_Base_TC4_sample_0124_045deg.npz,124,45.0,train,Base_TC4,17874,OK,
/data/run01/scxk573/lsz/ysy/physicsnemo/data/dataset_springback_pair_Base_TC4_150/springback_pair_Base_TC4_sample_0124_050deg.npz,124,50.0,train,Base_TC4,17874,OK,
/data/run01/scxk573/lsz/ysy/physicsnemo/data/dataset_springback_pair_Base_TC4_150/springback_pair_Base_TC4_sample_0124_055deg.npz,124,55.0,train,Base_TC4,17874,OK,
/data/run01/scxk573/lsz/ysy/physicsnemo/data/dataset_springback_pair_Base_TC4_150/springback_pair_Base_TC4_sample_0124_060deg.npz,124,60.0,train,Base_TC4,17874,OK,
/data/run01/scxk573/lsz/ysy/physicsnemo/data/dataset_springback_pair_Base_TC4_150/springback_pair_Base_TC4_sample_0124_065deg.npz,124,65.0,train,Base_TC4,17874,OK,
/data/run01/scxk573/lsz/ysy/physicsnemo/data/dataset_springback_pair_Base_TC4_150/springback_pair_Base_TC4_sample_0124_070deg.npz,124,70.0,train,Base_TC4,17874,OK,
/data/run01/scxk573/lsz/ysy/physicsnemo/data/dataset_springback_pair_Base_TC4_150/springback_pair_Base_TC4_sample_0124_075deg.npz,124,75.0,train,Base_TC4,17874,OK,
/data/run01/scxk573/lsz/ysy/physicsnemo/data/dataset_springback_pair_Base_TC4_150/springback_pair_Base_TC4_sample_0124_080deg.npz,124,80.0,train,Base_TC4,17874,OK,
/data/run01/scxk573/lsz/ysy/physicsnemo/data/dataset_springback_pair_Base_TC4_150/springback_pair_Base_TC4_sample_0124_085deg.npz,124,85.0,train,Base_TC4,17874,OK,
/data/run01/scxk573/lsz/ysy/physicsnemo/data/dataset_springback_pair_Base_TC4_150/springback_pair_Base_TC4_sample_0124_090deg.npz,124,90.0,train,Base_TC4,17874,OK,
/data/run01/scxk573/lsz/ysy/physicsnemo/data/dataset_springback_pair_Base_TC4_150/springback_pair_Base_TC4_sample_0124_095deg.npz,124,95.0,train,Base_TC4,17874,OK,
/data/run01/scxk573/lsz/ysy/physicsnemo/data/dataset_springback_pair_Base_TC4_150/springback_pair_Base_TC4_sample_0124_100deg.npz,124,100.0,train,Base_TC4,17874,OK,
/data/run01/scxk573/lsz/ysy/physicsnemo/data/dataset_springback_pair_Base_TC4_150/springback_pair_Base_TC4_sample_0124_105deg.npz,124,105.0,train,Base_TC4,17874,OK,
/data/run01/scxk573/lsz/ysy/physicsnemo/data/dataset_springback_pair_Base_TC4_150/springback_pair_Base_TC4_sample_0124_110deg.npz,124,110.0,train,Base_TC4,17874,OK,
/data/run01/scxk573/lsz/ysy/physicsnemo/data/dataset_springback_pair_Base_TC4_150/springback_pair_Base_TC4_sample_0124_115deg.npz,124,115.0,train,Base_TC4,17874,OK,
/data/run01/scxk573/lsz/ysy/physicsnemo/data/dataset_springback_pair_Base_TC4_150/springback_pair_Base_TC4_sample_0124_120deg.npz,124,120.0,train,Base_TC4,17874,OK,
/data/run01/scxk573/lsz/ysy/physicsnemo/data/dataset_springback_pair_Base_TC4_150/springback_pair_Base_TC4_sample_0124_125deg.npz,124,125.0,train,Base_TC4,17874,OK,
/data/run01/scxk573/lsz/ysy/physicsnemo/data/dataset_springback_pair_Base_TC4_150/springback_pair_Base_TC4_sample_0124_130deg.npz,124,130.0,train,Base_TC4,17874,OK,
/data/run01/scxk573/lsz/ysy/physicsnemo/data/dataset_springback_pair_Base_TC4_150/springback_pair_Base_TC4_sample_0124_135deg.npz,124,135.0,train,Base_TC4,17874,OK,
/data/run01/scxk573/lsz/ysy/physicsnemo/data/dataset_springback_pair_Base_TC4_150/springback_pair_Base_TC4_sample_0124_140deg.npz,124,140.0,train,Base_TC4,17874,OK,
/data/run01/scxk573/lsz/ysy/physicsnemo/data/dataset_springback_pair_Base_TC4_150/springback_pair_Base_TC4_sample_0124_145deg.npz,124,145.0,train,Base_TC4,17874,OK,
/data/run01/scxk573/lsz/ysy/physicsnemo/data/dataset_springback_pair_Base_TC4_150/springback_pair_Base_TC4_sample_0124_150deg.npz,124,150.0,train,Base_TC4,17874,OK,
/data/run01/scxk573/lsz/ysy/physicsnemo/data/dataset_springback_pair_Base_TC4_150/springback_pair_Base_TC4_sample_0124_155deg.npz,124,155.0,train,Base_TC4,17874,OK,
/data/run01/scxk573/lsz/ysy/physicsnemo/data/dataset_springback_pair_Base_TC4_150/springback_pair_Base_TC4_sample_0124_160deg.npz,124,160.0,train,Base_TC4,17874,OK,
/data/run01/scxk573/lsz/ysy/physicsnemo/data/dataset_springback_pair_Base_TC4_150/springback_pair_Base_TC4_sample_0124_165deg.npz,124,165.0,train,Base_TC4,17874,OK,
/data/run01/scxk573/lsz/ysy/physicsnemo/data/dataset_springback_pair_Base_TC4_150/springback_pair_Base_TC4_sample_0124_170deg.npz,124,170.0,train,Base_TC4,17874,OK,
/data/run01/scxk573/lsz/ysy/physicsnemo/data/dataset_springback_pair_Base_TC4_150/springback_pair_Base_TC4_sample_0124_175deg.npz,124,175.0,train,Base_TC4,17874,OK,
/data/run01/scxk573/lsz/ysy/physicsnemo/data/dataset_springback_pair_Base_TC4_150/springback_pair_Base_TC4_sample_0124_180deg.npz,124,180.0,train,Base_TC4,17874,OK,
/data/run01/scxk573/lsz/ysy/physicsnemo/data/dataset_springback_pair_Base_TC4_150/springback_pair_Base_TC4_sample_0125_005deg.npz,125,5.0,train,Base_TC4,7665,OK,
/data/run01/scxk573/lsz/ysy/physicsnemo/data/dataset_springback_pair_Base_TC4_150/springback_pair_Base_TC4_sample_0125_010deg.npz,125,10.0,train,Base_TC4,7665,OK,
/data/run01/scxk573/lsz/ysy/physicsnemo/data/dataset_springback_pair_Base_TC4_150/springback_pair_Base_TC4_sample_0125_015deg.npz,125,15.0,train,Base_TC4,7665,OK,
/data/run01/scxk573/lsz/ysy/physicsnemo/data/dataset_springback_pair_Base_TC4_150/springback_pair_Base_TC4_sample_0125_020deg.npz,125,20.0,train,Base_TC4,7665,OK,
/data/run01/scxk573/lsz/ysy/physicsnemo/data/dataset_springback_pair_Base_TC4_150/springback_pair_Base_TC4_sample_0125_025deg.npz,125,25.0,train,Base_TC4,7665,OK,
/data/run01/scxk573/lsz/ysy/physicsnemo/data/dataset_springback_pair_Base_TC4_150/springback_pair_Base_TC4_sample_0125_030deg.npz,125,30.0,train,Base_TC4,7665,OK,
/data/run01/scxk573/lsz/ysy/physicsnemo/data/dataset_springback_pair_Base_TC4_150/springback_pair_Base_TC4_sample_0125_035deg.npz,125,35.0,train,Base_TC4,7665,OK,
/data/run01/scxk573/lsz/ysy/physicsnemo/data/dataset_springback_pair_Base_TC4_150/springback_pair_Base_TC4_sample_0125_040deg.npz,125,40.0,train,Base_TC4,7665,OK,
/data/run01/scxk573/lsz/ysy/physicsnemo/data/dataset_springback_pair_Base_TC4_150/springback_pair_Base_TC4_sample_0125_045deg.npz,125,45.0,train,Base_TC4,7665,OK,
/data/run01/scxk573/lsz/ysy/physicsnemo/data/dataset_springback_pair_Base_TC4_150/springback_pair_Base_TC4_sample_0125_050deg.npz,125,50.0,train,Base_TC4,7665,OK,
/data/run01/scxk573/lsz/ysy/physicsnemo/data/dataset_springback_pair_Base_TC4_150/springback_pair_Base_TC4_sample_0125_055deg.npz,125,55.0,train,Base_TC4,7665,OK,
/data/run01/scxk573/lsz/ysy/physicsnemo/data/dataset_springback_pair_Base_TC4_150/springback_pair_Base_TC4_sample_0125_060deg.npz,125,60.0,train,Base_TC4,7665,OK,
/data/run01/scxk573/lsz/ysy/physicsnemo/data/dataset_springback_pair_Base_TC4_150/springback_pair_Base_TC4_sample_0125_065deg.npz,125,65.0,train,Base_TC4,7665,OK,
/data/run01/scxk573/lsz/ysy/physicsnemo/data/dataset_springback_pair_Base_TC4_150/springback_pair_Base_TC4_sample_0125_070deg.npz,125,70.0,train,Base_TC4,7665,OK,
/data/run01/scxk573/lsz/ysy/physicsnemo/data/dataset_springback_pair_Base_TC4_150/springback_pair_Base_TC4_sample_0125_075deg.npz,125,75.0,train,Base_TC4,7665,OK,
/data/run01/scxk573/lsz/ysy/physicsnemo/data/dataset_springback_pair_Base_TC4_150/springback_pair_Base_TC4_sample_0125_080deg.npz,125,80.0,train,Base_TC4,7665,OK,
/data/run01/scxk573/lsz/ysy/physicsnemo/data/dataset_springback_pair_Base_TC4_150/springback_pair_Base_TC4_sample_0125_085deg.npz,125,85.0,train,Base_TC4,7665,OK,
/data/run01/scxk573/lsz/ysy/physicsnemo/data/dataset_springback_pair_Base_TC4_150/springback_pair_Base_TC4_sample_0125_090deg.npz,125,90.0,train,Base_TC4,7665,OK,
/data/run01/scxk573/lsz/ysy/physicsnemo/data/dataset_springback_pair_Base_TC4_150/springback_pair_Base_TC4_sample_0125_095deg.npz,125,95.0,train,Base_TC4,7665,OK,
/data/run01/scxk573/lsz/ysy/physicsnemo/data/dataset_springback_pair_Base_TC4_150/springback_pair_Base_TC4_sample_0125_100deg.npz,125,100.0,train,Base_TC4,7665,OK,
/data/run01/scxk573/lsz/ysy/physicsnemo/data/dataset_springback_pair_Base_TC4_150/springback_pair_Base_TC4_sample_0125_105deg.npz,125,105.0,train,Base_TC4,7665,OK,
/data/run01/scxk573/lsz/ysy/physicsnemo/data/dataset_springback_pair_Base_TC4_150/springback_pair_Base_TC4_sample_0125_110deg.npz,125,110.0,train,Base_TC4,7665,OK,
/data/run01/scxk573/lsz/ysy/physicsnemo/data/dataset_springback_pair_Base_TC4_150/springback_pair_Base_TC4_sample_0125_115deg.npz,125,115.0,train,Base_TC4,7665,OK,
/data/run01/scxk573/lsz/ysy/physicsnemo/data/dataset_springback_pair_Base_TC4_150/springback_pair_Base_TC4_sample_0125_120deg.npz,125,120.0,train,Base_TC4,7665,OK,
/data/run01/scxk573/lsz/ysy/physicsnemo/data/dataset_springback_pair_Base_TC4_150/springback_pair_Base_TC4_sample_0125_125deg.npz,125,125.0,train,Base_TC4,7665,OK,
/data/run01/scxk573/lsz/ysy/physicsnemo/data/dataset_springback_pair_Base_TC4_150/springback_pair_Base_TC4_sample_0125_130deg.npz,125,130.0,train,Base_TC4,7665,OK,
/data/run01/scxk573/lsz/ysy/physicsnemo/data/dataset_springback_pair_Base_TC4_150/springback_pair_Base_TC4_sample_0125_135deg.npz,125,135.0,train,Base_TC4,7665,OK,
/data/run01/scxk573/lsz/ysy/physicsnemo/data/dataset_springback_pair_Base_TC4_150/springback_pair_Base_TC4_sample_0125_140deg.npz,125,140.0,train,Base_TC4,7665,OK,
/data/run01/scxk573/lsz/ysy/physicsnemo/data/dataset_springback_pair_Base_TC4_150/springback_pair_Base_TC4_sample_0125_145deg.npz,125,145.0,train,Base_TC4,7665,OK,
/data/run01/scxk573/lsz/ysy/physicsnemo/data/dataset_springback_pair_Base_TC4_150/springback_pair_Base_TC4_sample_0125_150deg.npz,125,150.0,train,Base_TC4,7665,OK,
/data/run01/scxk573/lsz/ysy/physicsnemo/data/dataset_springback_pair_Base_TC4_150/springback_pair_Base_TC4_sample_0125_155deg.npz,125,155.0,train,Base_TC4,7665,OK,
/data/run01/scxk573/lsz/ysy/physicsnemo/data/dataset_springback_pair_Base_TC4_150/springback_pair_Base_TC4_sample_0125_160deg.npz,125,160.0,train,Base_TC4,7665,OK,
/data/run01/scxk573/lsz/ysy/physicsnemo/data/dataset_springback_pair_Base_TC4_150/springback_pair_Base_TC4_sample_0125_165deg.npz,125,165.0,train,Base_TC4,7665,OK,
/data/run01/scxk573/lsz/ysy/physicsnemo/data/dataset_springback_pair_Base_TC4_150/springback_pair_Base_TC4_sample_0125_170deg.npz,125,170.0,train,Base_TC4,7665,OK,
/data/run01/scxk573/lsz/ysy/physicsnemo/data/dataset_springback_pair_Base_TC4_150/springback_pair_Base_TC4_sample_0125_175deg.npz,125,175.0,train,Base_TC4,7665,OK,
/data/run01/scxk573/lsz/ysy/physicsnemo/data/dataset_springback_pair_Base_TC4_150/springback_pair_Base_TC4_sample_0125_180deg.npz,125,180.0,train,Base_TC4,7665,OK,
/data/run01/scxk573/lsz/ysy/physicsnemo/data/dataset_springback_pair_Base_TC4_150/springback_pair_Base_TC4_sample_0126_005deg.npz,126,5.0,val,Base_TC4,5301,OK,
/data/run01/scxk573/lsz/ysy/physicsnemo/data/dataset_springback_pair_Base_TC4_150/springback_pair_Base_TC4_sample_0126_010deg.npz,126,10.0,val,Base_TC4,5301,OK,
/data/run01/scxk573/lsz/ysy/physicsnemo/data/dataset_springback_pair_Base_TC4_150/springback_pair_Base_TC4_sample_0126_015deg.npz,126,15.0,val,Base_TC4,5301,OK,
/data/run01/scxk573/lsz/ysy/physicsnemo/data/dataset_springback_pair_Base_TC4_150/springback_pair_Base_TC4_sample_0126_020deg.npz,126,20.0,val,Base_TC4,5301,OK,
/data/run01/scxk573/lsz/ysy/physicsnemo/data/dataset_springback_pair_Base_TC4_150/springback_pair_Base_TC4_sample_0126_025deg.npz,126,25.0,val,Base_TC4,5301,OK,
/data/run01/scxk573/lsz/ysy/physicsnemo/data/dataset_springback_pair_Base_TC4_150/springback_pair_Base_TC4_sample_0126_030deg.npz,126,30.0,val,Base_TC4,5301,OK,
/data/run01/scxk573/lsz/ysy/physicsnemo/data/dataset_springback_pair_Base_TC4_150/springback_pair_Base_TC4_sample_0126_035deg.npz,126,35.0,val,Base_TC4,5301,OK,
/data/run01/scxk573/lsz/ysy/physicsnemo/data/dataset_springback_pair_Base_TC4_150/springback_pair_Base_TC4_sample_0126_040deg.npz,126,40.0,val,Base_TC4,5301,OK,
/data/run01/scxk573/lsz/ysy/physicsnemo/data/dataset_springback_pair_Base_TC4_150/springback_pair_Base_TC4_sample_0126_045deg.npz,126,45.0,val,Base_TC4,5301,OK,
/data/run01/scxk573/lsz/ysy/physicsnemo/data/dataset_springback_pair_Base_TC4_150/springback_pair_Base_TC4_sample_0126_050deg.npz,126,50.0,val,Base_TC4,5301,OK,
/data/run01/scxk573/lsz/ysy/physicsnemo/data/dataset_springback_pair_Base_TC4_150/springback_pair_Base_TC4_sample_0126_055deg.npz,126,55.0,val,Base_TC4,5301,OK,
/data/run01/scxk573/lsz/ysy/physicsnemo/data/dataset_springback_pair_Base_TC4_150/springback_pair_Base_TC4_sample_0126_060deg.npz,126,60.0,val,Base_TC4,5301,OK,
/data/run01/scxk573/lsz/ysy/physicsnemo/data/dataset_springback_pair_Base_TC4_150/springback_pair_Base_TC4_sample_0126_065deg.npz,126,65.0,val,Base_TC4,5301,OK,
/data/run01/scxk573/lsz/ysy/physicsnemo/data/dataset_springback_pair_Base_TC4_150/springback_pair_Base_TC4_sample_0126_070deg.npz,126,70.0,val,Base_TC4,5301,OK,
/data/run01/scxk573/lsz/ysy/physicsnemo/data/dataset_springback_pair_Base_TC4_150/springback_pair_Base_TC4_sample_0126_075deg.npz,126,75.0,val,Base_TC4,5301,OK,
/data/run01/scxk573/lsz/ysy/physicsnemo/data/dataset_springback_pair_Base_TC4_150/springback_pair_Base_TC4_sample_0126_080deg.npz,126,80.0,val,Base_TC4,5301,OK,
/data/run01/scxk573/lsz/ysy/physicsnemo/data/dataset_springback_pair_Base_TC4_150/springback_pair_Base_TC4_sample_0126_085deg.npz,126,85.0,val,Base_TC4,5301,OK,
/data/run01/scxk573/lsz/ysy/physicsnemo/data/dataset_springback_pair_Base_TC4_150/springback_pair_Base_TC4_sample_0126_090deg.npz,126,90.0,val,Base_TC4,5301,OK,
/data/run01/scxk573/lsz/ysy/physicsnemo/data/dataset_springback_pair_Base_TC4_150/springback_pair_Base_TC4_sample_0126_095deg.npz,126,95.0,val,Base_TC4,5301,OK,
/data/run01/scxk573/lsz/ysy/physicsnemo/data/dataset_springback_pair_Base_TC4_150/springback_pair_Base_TC4_sample_0126_100deg.npz,126,100.0,val,Base_TC4,5301,OK,
/data/run01/scxk573/lsz/ysy/physicsnemo/data/dataset_springback_pair_Base_TC4_150/springback_pair_Base_TC4_sample_0126_105deg.npz,126,105.0,val,Base_TC4,5301,OK,
/data/run01/scxk573/lsz/ysy/physicsnemo/data/dataset_springback_pair_Base_TC4_150/springback_pair_Base_TC4_sample_0126_110deg.npz,126,110.0,val,Base_TC4,5301,OK,
/data/run01/scxk573/lsz/ysy/physicsnemo/data/dataset_springback_pair_Base_TC4_150/springback_pair_Base_TC4_sample_0126_115deg.npz,126,115.0,val,Base_TC4,5301,OK,
/data/run01/scxk573/lsz/ysy/physicsnemo/data/dataset_springback_pair_Base_TC4_150/springback_pair_Base_TC4_sample_0126_120deg.npz,126,120.0,val,Base_TC4,5301,OK,
/data/run01/scxk573/lsz/ysy/physicsnemo/data/dataset_springback_pair_Base_TC4_150/springback_pair_Base_TC4_sample_0126_125deg.npz,126,125.0,val,Base_TC4,5301,OK,
/data/run01/scxk573/lsz/ysy/physicsnemo/data/dataset_springback_pair_Base_TC4_150/springback_pair_Base_TC4_sample_0126_130deg.npz,126,130.0,val,Base_TC4,5301,OK,
/data/run01/scxk573/lsz/ysy/physicsnemo/data/dataset_springback_pair_Base_TC4_150/springback_pair_Base_TC4_sample_0126_135deg.npz,126,135.0,val,Base_TC4,5301,OK,
/data/run01/scxk573/lsz/ysy/physicsnemo/data/dataset_springback_pair_Base_TC4_150/springback_pair_Base_TC4_sample_0126_140deg.npz,126,140.0,val,Base_TC4,5301,OK,
/data/run01/scxk573/lsz/ysy/physicsnemo/data/dataset_springback_pair_Base_TC4_150/springback_pair_Base_TC4_sample_0126_145deg.npz,126,145.0,val,Base_TC4,5301,OK,
/data/run01/scxk573/lsz/ysy/physicsnemo/data/dataset_springback_pair_Base_TC4_150/springback_pair_Base_TC4_sample_0126_150deg.npz,126,150.0,val,Base_TC4,5301,OK,
/data/run01/scxk573/lsz/ysy/physicsnemo/data/dataset_springback_pair_Base_TC4_150/springback_pair_Base_TC4_sample_0126_155deg.npz,126,155.0,val,Base_TC4,5301,OK,
/data/run01/scxk573/lsz/ysy/physicsnemo/data/dataset_springback_pair_Base_TC4_150/springback_pair_Base_TC4_sample_0126_160deg.npz,126,160.0,val,Base_TC4,5301,OK,
/data/run01/scxk573/lsz/ysy/physicsnemo/data/dataset_springback_pair_Base_TC4_150/springback_pair_Base_TC4_sample_0126_165deg.npz,126,165.0,val,Base_TC4,5301,OK,
/data/run01/scxk573/lsz/ysy/physicsnemo/data/dataset_springback_pair_Base_TC4_150/springback_pair_Base_TC4_sample_0126_170deg.npz,126,170.0,val,Base_TC4,5301,OK,
/data/run01/scxk573/lsz/ysy/physicsnemo/data/dataset_springback_pair_Base_TC4_150/springback_pair_Base_TC4_sample_0126_175deg.npz,126,175.0,val,Base_TC4,5301,OK,
/data/run01/scxk573/lsz/ysy/physicsnemo/data/dataset_springback_pair_Base_TC4_150/springback_pair_Base_TC4_sample_0126_180deg.npz,126,180.0,val,Base_TC4,5301,OK,
/data/run01/scxk573/lsz/ysy/physicsnemo/data/dataset_springback_pair_Base_TC4_150/springback_pair_Base_TC4_sample_0127_005deg.npz,127,5.0,train,Base_TC4,13590,OK,
/data/run01/scxk573/lsz/ysy/physicsnemo/data/dataset_springback_pair_Base_TC4_150/springback_pair_Base_TC4_sample_0127_010deg.npz,127,10.0,train,Base_TC4,13590,OK,
/data/run01/scxk573/lsz/ysy/physicsnemo/data/dataset_springback_pair_Base_TC4_150/springback_pair_Base_TC4_sample_0127_015deg.npz,127,15.0,train,Base_TC4,13590,OK,
/data/run01/scxk573/lsz/ysy/physicsnemo/data/dataset_springback_pair_Base_TC4_150/springback_pair_Base_TC4_sample_0127_020deg.npz,127,20.0,train,Base_TC4,13590,OK,
/data/run01/scxk573/lsz/ysy/physicsnemo/data/dataset_springback_pair_Base_TC4_150/springback_pair_Base_TC4_sample_0127_025deg.npz,127,25.0,train,Base_TC4,13590,OK,
/data/run01/scxk573/lsz/ysy/physicsnemo/data/dataset_springback_pair_Base_TC4_150/springback_pair_Base_TC4_sample_0127_030deg.npz,127,30.0,train,Base_TC4,13590,OK,
/data/run01/scxk573/lsz/ysy/physicsnemo/data/dataset_springback_pair_Base_TC4_150/springback_pair_Base_TC4_sample_0127_035deg.npz,127,35.0,train,Base_TC4,13590,OK,
/data/run01/scxk573/lsz/ysy/physicsnemo/data/dataset_springback_pair_Base_TC4_150/springback_pair_Base_TC4_sample_0127_040deg.npz,127,40.0,train,Base_TC4,13590,OK,
/data/run01/scxk573/lsz/ysy/physicsnemo/data/dataset_springback_pair_Base_TC4_150/springback_pair_Base_TC4_sample_0127_045deg.npz,127,45.0,train,Base_TC4,13590,OK,
/data/run01/scxk573/lsz/ysy/physicsnemo/data/dataset_springback_pair_Base_TC4_150/springback_pair_Base_TC4_sample_0127_050deg.npz,127,50.0,train,Base_TC4,13590,OK,
/data/run01/scxk573/lsz/ysy/physicsnemo/data/dataset_springback_pair_Base_TC4_150/springback_pair_Base_TC4_sample_0127_055deg.npz,127,55.0,train,Base_TC4,13590,OK,
/data/run01/scxk573/lsz/ysy/physicsnemo/data/dataset_springback_pair_Base_TC4_150/springback_pair_Base_TC4_sample_0127_060deg.npz,127,60.0,train,Base_TC4,13590,OK,
/data/run01/scxk573/lsz/ysy/physicsnemo/data/dataset_springback_pair_Base_TC4_150/springback_pair_Base_TC4_sample_0127_065deg.npz,127,65.0,train,Base_TC4,13590,OK,
/data/run01/scxk573/lsz/ysy/physicsnemo/data/dataset_springback_pair_Base_TC4_150/springback_pair_Base_TC4_sample_0127_070deg.npz,127,70.0,train,Base_TC4,13590,OK,
/data/run01/scxk573/lsz/ysy/physicsnemo/data/dataset_springback_pair_Base_TC4_150/springback_pair_Base_TC4_sample_0127_075deg.npz,127,75.0,train,Base_TC4,13590,OK,
/data/run01/scxk573/lsz/ysy/physicsnemo/data/dataset_springback_pair_Base_TC4_150/springback_pair_Base_TC4_sample_0127_080deg.npz,127,80.0,train,Base_TC4,13590,OK,
/data/run01/scxk573/lsz/ysy/physicsnemo/data/dataset_springback_pair_Base_TC4_150/springback_pair_Base_TC4_sample_0127_085deg.npz,127,85.0,train,Base_TC4,13590,OK,
/data/run01/scxk573/lsz/ysy/physicsnemo/data/dataset_springback_pair_Base_TC4_150/springback_pair_Base_TC4_sample_0127_090deg.npz,127,90.0,train,Base_TC4,13590,OK,
/data/run01/scxk573/lsz/ysy/physicsnemo/data/dataset_springback_pair_Base_TC4_150/springback_pair_Base_TC4_sample_0127_095deg.npz,127,95.0,train,Base_TC4,13590,OK,
/data/run01/scxk573/lsz/ysy/physicsnemo/data/dataset_springback_pair_Base_TC4_150/springback_pair_Base_TC4_sample_0127_100deg.npz,127,100.0,train,Base_TC4,13590,OK,
/data/run01/scxk573/lsz/ysy/physicsnemo/data/dataset_springback_pair_Base_TC4_150/springback_pair_Base_TC4_sample_0127_105deg.npz,127,105.0,train,Base_TC4,13590,OK,
/data/run01/scxk573/lsz/ysy/physicsnemo/data/dataset_springback_pair_Base_TC4_150/springback_pair_Base_TC4_sample_0127_110deg.npz,127,110.0,train,Base_TC4,13590,OK,
/data/run01/scxk573/lsz/ysy/physicsnemo/data/dataset_springback_pair_Base_TC4_150/springback_pair_Base_TC4_sample_0127_115deg.npz,127,115.0,train,Base_TC4,13590,OK,
/data/run01/scxk573/lsz/ysy/physicsnemo/data/dataset_springback_pair_Base_TC4_150/springback_pair_Base_TC4_sample_0127_120deg.npz,127,120.0,train,Base_TC4,13590,OK,
/data/run01/scxk573/lsz/ysy/physicsnemo/data/dataset_springback_pair_Base_TC4_150/springback_pair_Base_TC4_sample_0127_125deg.npz,127,125.0,train,Base_TC4,13590,OK,
/data/run01/scxk573/lsz/ysy/physicsnemo/data/dataset_springback_pair_Base_TC4_150/springback_pair_Base_TC4_sample_0127_130deg.npz,127,130.0,train,Base_TC4,13590,OK,
/data/run01/scxk573/lsz/ysy/physicsnemo/data/dataset_springback_pair_Base_TC4_150/springback_pair_Base_TC4_sample_0127_135deg.npz,127,135.0,train,Base_TC4,13590,OK,
/data/run01/scxk573/lsz/ysy/physicsnemo/data/dataset_springback_pair_Base_TC4_150/springback_pair_Base_TC4_sample_0127_140deg.npz,127,140.0,train,Base_TC4,13590,OK,
/data/run01/scxk573/lsz/ysy/physicsnemo/data/dataset_springback_pair_Base_TC4_150/springback_pair_Base_TC4_sample_0127_145deg.npz,127,145.0,train,Base_TC4,13590,OK,
/data/run01/scxk573/lsz/ysy/physicsnemo/data/dataset_springback_pair_Base_TC4_150/springback_pair_Base_TC4_sample_0127_150deg.npz,127,150.0,train,Base_TC4,13590,OK,
/data/run01/scxk573/lsz/ysy/physicsnemo/data/dataset_springback_pair_Base_TC4_150/springback_pair_Base_TC4_sample_0127_155deg.npz,127,155.0,train,Base_TC4,13590,OK,
/data/run01/scxk573/lsz/ysy/physicsnemo/data/dataset_springback_pair_Base_TC4_150/springback_pair_Base_TC4_sample_0127_160deg.npz,127,160.0,train,Base_TC4,13590,OK,
/data/run01/scxk573/lsz/ysy/physicsnemo/data/dataset_springback_pair_Base_TC4_150/springback_pair_Base_TC4_sample_0127_165deg.npz,127,165.0,train,Base_TC4,13590,OK,
/data/run01/scxk573/lsz/ysy/physicsnemo/data/dataset_springback_pair_Base_TC4_150/springback_pair_Base_TC4_sample_0127_170deg.npz,127,170.0,train,Base_TC4,13590,OK,
/data/run01/scxk573/lsz/ysy/physicsnemo/data/dataset_springback_pair_Base_TC4_150/springback_pair_Base_TC4_sample_0127_175deg.npz,127,175.0,train,Base_TC4,13590,OK,
/data/run01/scxk573/lsz/ysy/physicsnemo/data/dataset_springback_pair_Base_TC4_150/springback_pair_Base_TC4_sample_0127_180deg.npz,127,180.0,train,Base_TC4,13590,OK,
/data/run01/scxk573/lsz/ysy/physicsnemo/data/dataset_springback_pair_Base_TC4_150/springback_pair_Base_TC4_sample_0128_005deg.npz,128,5.0,train,Base_TC4,26082,OK,
/data/run01/scxk573/lsz/ysy/physicsnemo/data/dataset_springback_pair_Base_TC4_150/springback_pair_Base_TC4_sample_0128_010deg.npz,128,10.0,train,Base_TC4,26082,OK,
/data/run01/scxk573/lsz/ysy/physicsnemo/data/dataset_springback_pair_Base_TC4_150/springback_pair_Base_TC4_sample_0128_015deg.npz,128,15.0,train,Base_TC4,26082,OK,
/data/run01/scxk573/lsz/ysy/physicsnemo/data/dataset_springback_pair_Base_TC4_150/springback_pair_Base_TC4_sample_0128_020deg.npz,128,20.0,train,Base_TC4,26082,OK,
/data/run01/scxk573/lsz/ysy/physicsnemo/data/dataset_springback_pair_Base_TC4_150/springback_pair_Base_TC4_sample_0128_025deg.npz,128,25.0,train,Base_TC4,26082,OK,
/data/run01/scxk573/lsz/ysy/physicsnemo/data/dataset_springback_pair_Base_TC4_150/springback_pair_Base_TC4_sample_0128_030deg.npz,128,30.0,train,Base_TC4,26082,OK,
/data/run01/scxk573/lsz/ysy/physicsnemo/data/dataset_springback_pair_Base_TC4_150/springback_pair_Base_TC4_sample_0128_035deg.npz,128,35.0,train,Base_TC4,26082,OK,
/data/run01/scxk573/lsz/ysy/physicsnemo/data/dataset_springback_pair_Base_TC4_150/springback_pair_Base_TC4_sample_0128_040deg.npz,128,40.0,train,Base_TC4,26082,OK,
/data/run01/scxk573/lsz/ysy/physicsnemo/data/dataset_springback_pair_Base_TC4_150/springback_pair_Base_TC4_sample_0128_045deg.npz,128,45.0,train,Base_TC4,26082,OK,
/data/run01/scxk573/lsz/ysy/physicsnemo/data/dataset_springback_pair_Base_TC4_150/springback_pair_Base_TC4_sample_0128_050deg.npz,128,50.0,train,Base_TC4,26082,OK,
/data/run01/scxk573/lsz/ysy/physicsnemo/data/dataset_springback_pair_Base_TC4_150/springback_pair_Base_TC4_sample_0128_055deg.npz,128,55.0,train,Base_TC4,26082,OK,
/data/run01/scxk573/lsz/ysy/physicsnemo/data/dataset_springback_pair_Base_TC4_150/springback_pair_Base_TC4_sample_0128_060deg.npz,128,60.0,train,Base_TC4,26082,OK,
/data/run01/scxk573/lsz/ysy/physicsnemo/data/dataset_springback_pair_Base_TC4_150/springback_pair_Base_TC4_sample_0128_065deg.npz,128,65.0,train,Base_TC4,26082,OK,
/data/run01/scxk573/lsz/ysy/physicsnemo/data/dataset_springback_pair_Base_TC4_150/springback_pair_Base_TC4_sample_0128_070deg.npz,128,70.0,train,Base_TC4,26082,OK,
/data/run01/scxk573/lsz/ysy/physicsnemo/data/dataset_springback_pair_Base_TC4_150/springback_pair_Base_TC4_sample_0128_075deg.npz,128,75.0,train,Base_TC4,26082,OK,
/data/run01/scxk573/lsz/ysy/physicsnemo/data/dataset_springback_pair_Base_TC4_150/springback_pair_Base_TC4_sample_0128_080deg.npz,128,80.0,train,Base_TC4,26082,OK,
/data/run01/scxk573/lsz/ysy/physicsnemo/data/dataset_springback_pair_Base_TC4_150/springback_pair_Base_TC4_sample_0128_085deg.npz,128,85.0,train,Base_TC4,26082,OK,
/data/run01/scxk573/lsz/ysy/physicsnemo/data/dataset_springback_pair_Base_TC4_150/springback_pair_Base_TC4_sample_0128_090deg.npz,128,90.0,train,Base_TC4,26082,OK,
/data/run01/scxk573/lsz/ysy/physicsnemo/data/dataset_springback_pair_Base_TC4_150/springback_pair_Base_TC4_sample_0128_095deg.npz,128,95.0,train,Base_TC4,26082,OK,
/data/run01/scxk573/lsz/ysy/physicsnemo/data/dataset_springback_pair_Base_TC4_150/springback_pair_Base_TC4_sample_0128_100deg.npz,128,100.0,train,Base_TC4,26082,OK,
/data/run01/scxk573/lsz/ysy/physicsnemo/data/dataset_springback_pair_Base_TC4_150/springback_pair_Base_TC4_sample_0128_105deg.npz,128,105.0,train,Base_TC4,26082,OK,
/data/run01/scxk573/lsz/ysy/physicsnemo/data/dataset_springback_pair_Base_TC4_150/springback_pair_Base_TC4_sample_0128_110deg.npz,128,110.0,train,Base_TC4,26082,OK,
/data/run01/scxk573/lsz/ysy/physicsnemo/data/dataset_springback_pair_Base_TC4_150/springback_pair_Base_TC4_sample_0128_115deg.npz,128,115.0,train,Base_TC4,26082,OK,
/data/run01/scxk573/lsz/ysy/physicsnemo/data/dataset_springback_pair_Base_TC4_150/springback_pair_Base_TC4_sample_0128_120deg.npz,128,120.0,train,Base_TC4,26082,OK,
/data/run01/scxk573/lsz/ysy/physicsnemo/data/dataset_springback_pair_Base_TC4_150/springback_pair_Base_TC4_sample_0128_125deg.npz,128,125.0,train,Base_TC4,26082,OK,
/data/run01/scxk573/lsz/ysy/physicsnemo/data/dataset_springback_pair_Base_TC4_150/springback_pair_Base_TC4_sample_0128_130deg.npz,128,130.0,train,Base_TC4,26082,OK,
/data/run01/scxk573/lsz/ysy/physicsnemo/data/dataset_springback_pair_Base_TC4_150/springback_pair_Base_TC4_sample_0128_135deg.npz,128,135.0,train,Base_TC4,26082,OK,
/data/run01/scxk573/lsz/ysy/physicsnemo/data/dataset_springback_pair_Base_TC4_150/springback_pair_Base_TC4_sample_0128_140deg.npz,128,140.0,train,Base_TC4,26082,OK,
/data/run01/scxk573/lsz/ysy/physicsnemo/data/dataset_springback_pair_Base_TC4_150/springback_pair_Base_TC4_sample_0128_145deg.npz,128,145.0,train,Base_TC4,26082,OK,
/data/run01/scxk573/lsz/ysy/physicsnemo/data/dataset_springback_pair_Base_TC4_150/springback_pair_Base_TC4_sample_0128_150deg.npz,128,150.0,train,Base_TC4,26082,OK,
/data/run01/scxk573/lsz/ysy/physicsnemo/data/dataset_springback_pair_Base_TC4_150/springback_pair_Base_TC4_sample_0128_155deg.npz,128,155.0,train,Base_TC4,26082,OK,
/data/run01/scxk573/lsz/ysy/physicsnemo/data/dataset_springback_pair_Base_TC4_150/springback_pair_Base_TC4_sample_0128_160deg.npz,128,160.0,train,Base_TC4,26082,OK,
/data/run01/scxk573/lsz/ysy/physicsnemo/data/dataset_springback_pair_Base_TC4_150/springback_pair_Base_TC4_sample_0128_165deg.npz,128,165.0,train,Base_TC4,26082,OK,
/data/run01/scxk573/lsz/ysy/physicsnemo/data/dataset_springback_pair_Base_TC4_150/springback_pair_Base_TC4_sample_0128_170deg.npz,128,170.0,train,Base_TC4,26082,OK,
/data/run01/scxk573/lsz/ysy/physicsnemo/data/dataset_springback_pair_Base_TC4_150/springback_pair_Base_TC4_sample_0128_175deg.npz,128,175.0,train,Base_TC4,26082,OK,
/data/run01/scxk573/lsz/ysy/physicsnemo/data/dataset_springback_pair_Base_TC4_150/springback_pair_Base_TC4_sample_0128_180deg.npz,128,180.0,train,Base_TC4,26082,OK,
/data/run01/scxk573/lsz/ysy/physicsnemo/data/dataset_springback_pair_Base_TC4_150/springback_pair_Base_TC4_sample_0129_005deg.npz,129,5.0,train,Base_TC4,20384,OK,
/data/run01/scxk573/lsz/ysy/physicsnemo/data/dataset_springback_pair_Base_TC4_150/springback_pair_Base_TC4_sample_0129_010deg.npz,129,10.0,train,Base_TC4,20384,OK,
/data/run01/scxk573/lsz/ysy/physicsnemo/data/dataset_springback_pair_Base_TC4_150/springback_pair_Base_TC4_sample_0129_015deg.npz,129,15.0,train,Base_TC4,20384,OK,
/data/run01/scxk573/lsz/ysy/physicsnemo/data/dataset_springback_pair_Base_TC4_150/springback_pair_Base_TC4_sample_0129_020deg.npz,129,20.0,train,Base_TC4,20384,OK,
/data/run01/scxk573/lsz/ysy/physicsnemo/data/dataset_springback_pair_Base_TC4_150/springback_pair_Base_TC4_sample_0129_025deg.npz,129,25.0,train,Base_TC4,20384,OK,
/data/run01/scxk573/lsz/ysy/physicsnemo/data/dataset_springback_pair_Base_TC4_150/springback_pair_Base_TC4_sample_0129_030deg.npz,129,30.0,train,Base_TC4,20384,OK,
/data/run01/scxk573/lsz/ysy/physicsnemo/data/dataset_springback_pair_Base_TC4_150/springback_pair_Base_TC4_sample_0129_035deg.npz,129,35.0,train,Base_TC4,20384,OK,
/data/run01/scxk573/lsz/ysy/physicsnemo/data/dataset_springback_pair_Base_TC4_150/springback_pair_Base_TC4_sample_0129_040deg.npz,129,40.0,train,Base_TC4,20384,OK,
/data/run01/scxk573/lsz/ysy/physicsnemo/data/dataset_springback_pair_Base_TC4_150/springback_pair_Base_TC4_sample_0129_045deg.npz,129,45.0,train,Base_TC4,20384,OK,
/data/run01/scxk573/lsz/ysy/physicsnemo/data/dataset_springback_pair_Base_TC4_150/springback_pair_Base_TC4_sample_0129_050deg.npz,129,50.0,train,Base_TC4,20384,OK,
/data/run01/scxk573/lsz/ysy/physicsnemo/data/dataset_springback_pair_Base_TC4_150/springback_pair_Base_TC4_sample_0129_055deg.npz,129,55.0,train,Base_TC4,20384,OK,
/data/run01/scxk573/lsz/ysy/physicsnemo/data/dataset_springback_pair_Base_TC4_150/springback_pair_Base_TC4_sample_0129_060deg.npz,129,60.0,train,Base_TC4,20384,OK,
/data/run01/scxk573/lsz/ysy/physicsnemo/data/dataset_springback_pair_Base_TC4_150/springback_pair_Base_TC4_sample_0129_065deg.npz,129,65.0,train,Base_TC4,20384,OK,
/data/run01/scxk573/lsz/ysy/physicsnemo/data/dataset_springback_pair_Base_TC4_150/springback_pair_Base_TC4_sample_0129_070deg.npz,129,70.0,train,Base_TC4,20384,OK,
/data/run01/scxk573/lsz/ysy/physicsnemo/data/dataset_springback_pair_Base_TC4_150/springback_pair_Base_TC4_sample_0129_075deg.npz,129,75.0,train,Base_TC4,20384,OK,
/data/run01/scxk573/lsz/ysy/physicsnemo/data/dataset_springback_pair_Base_TC4_150/springback_pair_Base_TC4_sample_0129_080deg.npz,129,80.0,train,Base_TC4,20384,OK,
/data/run01/scxk573/lsz/ysy/physicsnemo/data/dataset_springback_pair_Base_TC4_150/springback_pair_Base_TC4_sample_0129_085deg.npz,129,85.0,train,Base_TC4,20384,OK,
/data/run01/scxk573/lsz/ysy/physicsnemo/data/dataset_springback_pair_Base_TC4_150/springback_pair_Base_TC4_sample_0129_090deg.npz,129,90.0,train,Base_TC4,20384,OK,
/data/run01/scxk573/lsz/ysy/physicsnemo/data/dataset_springback_pair_Base_TC4_150/springback_pair_Base_TC4_sample_0129_095deg.npz,129,95.0,train,Base_TC4,20384,OK,
/data/run01/scxk573/lsz/ysy/physicsnemo/data/dataset_springback_pair_Base_TC4_150/springback_pair_Base_TC4_sample_0129_100deg.npz,129,100.0,train,Base_TC4,20384,OK,
/data/run01/scxk573/lsz/ysy/physicsnemo/data/dataset_springback_pair_Base_TC4_150/springback_pair_Base_TC4_sample_0129_105deg.npz,129,105.0,train,Base_TC4,20384,OK,
/data/run01/scxk573/lsz/ysy/physicsnemo/data/dataset_springback_pair_Base_TC4_150/springback_pair_Base_TC4_sample_0129_110deg.npz,129,110.0,train,Base_TC4,20384,OK,
/data/run01/scxk573/lsz/ysy/physicsnemo/data/dataset_springback_pair_Base_TC4_150/springback_pair_Base_TC4_sample_0129_115deg.npz,129,115.0,train,Base_TC4,20384,OK,
/data/run01/scxk573/lsz/ysy/physicsnemo/data/dataset_springback_pair_Base_TC4_150/springback_pair_Base_TC4_sample_0129_120deg.npz,129,120.0,train,Base_TC4,20384,OK,
/data/run01/scxk573/lsz/ysy/physicsnemo/data/dataset_springback_pair_Base_TC4_150/springback_pair_Base_TC4_sample_0129_125deg.npz,129,125.0,train,Base_TC4,20384,OK,
/data/run01/scxk573/lsz/ysy/physicsnemo/data/dataset_springback_pair_Base_TC4_150/springback_pair_Base_TC4_sample_0129_130deg.npz,129,130.0,train,Base_TC4,20384,OK,
/data/run01/scxk573/lsz/ysy/physicsnemo/data/dataset_springback_pair_Base_TC4_150/springback_pair_Base_TC4_sample_0129_135deg.npz,129,135.0,train,Base_TC4,20384,OK,
/data/run01/scxk573/lsz/ysy/physicsnemo/data/dataset_springback_pair_Base_TC4_150/springback_pair_Base_TC4_sample_0129_140deg.npz,129,140.0,train,Base_TC4,20384,OK,
/data/run01/scxk573/lsz/ysy/physicsnemo/data/dataset_springback_pair_Base_TC4_150/springback_pair_Base_TC4_sample_0129_145deg.npz,129,145.0,train,Base_TC4,20384,OK,
/data/run01/scxk573/lsz/ysy/physicsnemo/data/dataset_springback_pair_Base_TC4_150/springback_pair_Base_TC4_sample_0129_150deg.npz,129,150.0,train,Base_TC4,20384,OK,
/data/run01/scxk573/lsz/ysy/physicsnemo/data/dataset_springback_pair_Base_TC4_150/springback_pair_Base_TC4_sample_0129_155deg.npz,129,155.0,train,Base_TC4,20384,OK,
/data/run01/scxk573/lsz/ysy/physicsnemo/data/dataset_springback_pair_Base_TC4_150/springback_pair_Base_TC4_sample_0129_160deg.npz,129,160.0,train,Base_TC4,20384,OK,
/data/run01/scxk573/lsz/ysy/physicsnemo/data/dataset_springback_pair_Base_TC4_150/springback_pair_Base_TC4_sample_0129_165deg.npz,129,165.0,train,Base_TC4,20384,OK,
/data/run01/scxk573/lsz/ysy/physicsnemo/data/dataset_springback_pair_Base_TC4_150/springback_pair_Base_TC4_sample_0129_170deg.npz,129,170.0,train,Base_TC4,20384,OK,
/data/run01/scxk573/lsz/ysy/physicsnemo/data/dataset_springback_pair_Base_TC4_150/springback_pair_Base_TC4_sample_0129_175deg.npz,129,175.0,train,Base_TC4,20384,OK,
/data/run01/scxk573/lsz/ysy/physicsnemo/data/dataset_springback_pair_Base_TC4_150/springback_pair_Base_TC4_sample_0129_180deg.npz,129,180.0,train,Base_TC4,20384,OK,
/data/run01/scxk573/lsz/ysy/physicsnemo/data/dataset_springback_pair_Base_TC4_150/springback_pair_Base_TC4_sample_0130_005deg.npz,130,5.0,train,Base_TC4,10584,OK,
/data/run01/scxk573/lsz/ysy/physicsnemo/data/dataset_springback_pair_Base_TC4_150/springback_pair_Base_TC4_sample_0130_010deg.npz,130,10.0,train,Base_TC4,10584,OK,
/data/run01/scxk573/lsz/ysy/physicsnemo/data/dataset_springback_pair_Base_TC4_150/springback_pair_Base_TC4_sample_0130_015deg.npz,130,15.0,train,Base_TC4,10584,OK,
/data/run01/scxk573/lsz/ysy/physicsnemo/data/dataset_springback_pair_Base_TC4_150/springback_pair_Base_TC4_sample_0130_020deg.npz,130,20.0,train,Base_TC4,10584,OK,
/data/run01/scxk573/lsz/ysy/physicsnemo/data/dataset_springback_pair_Base_TC4_150/springback_pair_Base_TC4_sample_0130_025deg.npz,130,25.0,train,Base_TC4,10584,OK,
/data/run01/scxk573/lsz/ysy/physicsnemo/data/dataset_springback_pair_Base_TC4_150/springback_pair_Base_TC4_sample_0130_030deg.npz,130,30.0,train,Base_TC4,10584,OK,
/data/run01/scxk573/lsz/ysy/physicsnemo/data/dataset_springback_pair_Base_TC4_150/springback_pair_Base_TC4_sample_0130_035deg.npz,130,35.0,train,Base_TC4,10584,OK,
/data/run01/scxk573/lsz/ysy/physicsnemo/data/dataset_springback_pair_Base_TC4_150/springback_pair_Base_TC4_sample_0130_040deg.npz,130,40.0,train,Base_TC4,10584,OK,
/data/run01/scxk573/lsz/ysy/physicsnemo/data/dataset_springback_pair_Base_TC4_150/springback_pair_Base_TC4_sample_0130_045deg.npz,130,45.0,train,Base_TC4,10584,OK,
/data/run01/scxk573/lsz/ysy/physicsnemo/data/dataset_springback_pair_Base_TC4_150/springback_pair_Base_TC4_sample_0130_050deg.npz,130,50.0,train,Base_TC4,10584,OK,
/data/run01/scxk573/lsz/ysy/physicsnemo/data/dataset_springback_pair_Base_TC4_150/springback_pair_Base_TC4_sample_0130_055deg.npz,130,55.0,train,Base_TC4,10584,OK,
/data/run01/scxk573/lsz/ysy/physicsnemo/data/dataset_springback_pair_Base_TC4_150/springback_pair_Base_TC4_sample_0130_060deg.npz,130,60.0,train,Base_TC4,10584,OK,
/data/run01/scxk573/lsz/ysy/physicsnemo/data/dataset_springback_pair_Base_TC4_150/springback_pair_Base_TC4_sample_0130_065deg.npz,130,65.0,train,Base_TC4,10584,OK,
/data/run01/scxk573/lsz/ysy/physicsnemo/data/dataset_springback_pair_Base_TC4_150/springback_pair_Base_TC4_sample_0130_070deg.npz,130,70.0,train,Base_TC4,10584,OK,
/data/run01/scxk573/lsz/ysy/physicsnemo/data/dataset_springback_pair_Base_TC4_150/springback_pair_Base_TC4_sample_0130_075deg.npz,130,75.0,train,Base_TC4,10584,OK,
/data/run01/scxk573/lsz/ysy/physicsnemo/data/dataset_springback_pair_Base_TC4_150/springback_pair_Base_TC4_sample_0130_080deg.npz,130,80.0,train,Base_TC4,10584,OK,
/data/run01/scxk573/lsz/ysy/physicsnemo/data/dataset_springback_pair_Base_TC4_150/springback_pair_Base_TC4_sample_0130_085deg.npz,130,85.0,train,Base_TC4,10584,OK,
/data/run01/scxk573/lsz/ysy/physicsnemo/data/dataset_springback_pair_Base_TC4_150/springback_pair_Base_TC4_sample_0130_090deg.npz,130,90.0,train,Base_TC4,10584,OK,
/data/run01/scxk573/lsz/ysy/physicsnemo/data/dataset_springback_pair_Base_TC4_150/springback_pair_Base_TC4_sample_0130_095deg.npz,130,95.0,train,Base_TC4,10584,OK,
/data/run01/scxk573/lsz/ysy/physicsnemo/data/dataset_springback_pair_Base_TC4_150/springback_pair_Base_TC4_sample_0130_100deg.npz,130,100.0,train,Base_TC4,10584,OK,
/data/run01/scxk573/lsz/ysy/physicsnemo/data/dataset_springback_pair_Base_TC4_150/springback_pair_Base_TC4_sample_0130_105deg.npz,130,105.0,train,Base_TC4,10584,OK,
/data/run01/scxk573/lsz/ysy/physicsnemo/data/dataset_springback_pair_Base_TC4_150/springback_pair_Base_TC4_sample_0130_110deg.npz,130,110.0,train,Base_TC4,10584,OK,
/data/run01/scxk573/lsz/ysy/physicsnemo/data/dataset_springback_pair_Base_TC4_150/springback_pair_Base_TC4_sample_0130_115deg.npz,130,115.0,train,Base_TC4,10584,OK,
/data/run01/scxk573/lsz/ysy/physicsnemo/data/dataset_springback_pair_Base_TC4_150/springback_pair_Base_TC4_sample_0130_120deg.npz,130,120.0,train,Base_TC4,10584,OK,
/data/run01/scxk573/lsz/ysy/physicsnemo/data/dataset_springback_pair_Base_TC4_150/springback_pair_Base_TC4_sample_0130_125deg.npz,130,125.0,train,Base_TC4,10584,OK,
/data/run01/scxk573/lsz/ysy/physicsnemo/data/dataset_springback_pair_Base_TC4_150/springback_pair_Base_TC4_sample_0130_130deg.npz,130,130.0,train,Base_TC4,10584,OK,
/data/run01/scxk573/lsz/ysy/physicsnemo/data/dataset_springback_pair_Base_TC4_150/springback_pair_Base_TC4_sample_0130_135deg.npz,130,135.0,train,Base_TC4,10584,OK,
/data/run01/scxk573/lsz/ysy/physicsnemo/data/dataset_springback_pair_Base_TC4_150/springback_pair_Base_TC4_sample_0130_140deg.npz,130,140.0,train,Base_TC4,10584,OK,
/data/run01/scxk573/lsz/ysy/physicsnemo/data/dataset_springback_pair_Base_TC4_150/springback_pair_Base_TC4_sample_0130_145deg.npz,130,145.0,train,Base_TC4,10584,OK,
/data/run01/scxk573/lsz/ysy/physicsnemo/data/dataset_springback_pair_Base_TC4_150/springback_pair_Base_TC4_sample_0130_150deg.npz,130,150.0,train,Base_TC4,10584,OK,
/data/run01/scxk573/lsz/ysy/physicsnemo/data/dataset_springback_pair_Base_TC4_150/springback_pair_Base_TC4_sample_0130_155deg.npz,130,155.0,train,Base_TC4,10584,OK,
/data/run01/scxk573/lsz/ysy/physicsnemo/data/dataset_springback_pair_Base_TC4_150/springback_pair_Base_TC4_sample_0130_160deg.npz,130,160.0,train,Base_TC4,10584,OK,
/data/run01/scxk573/lsz/ysy/physicsnemo/data/dataset_springback_pair_Base_TC4_150/springback_pair_Base_TC4_sample_0130_165deg.npz,130,165.0,train,Base_TC4,10584,OK,
/data/run01/scxk573/lsz/ysy/physicsnemo/data/dataset_springback_pair_Base_TC4_150/springback_pair_Base_TC4_sample_0130_170deg.npz,130,170.0,train,Base_TC4,10584,OK,
/data/run01/scxk573/lsz/ysy/physicsnemo/data/dataset_springback_pair_Base_TC4_150/springback_pair_Base_TC4_sample_0130_175deg.npz,130,175.0,train,Base_TC4,10584,OK,
/data/run01/scxk573/lsz/ysy/physicsnemo/data/dataset_springback_pair_Base_TC4_150/springback_pair_Base_TC4_sample_0130_180deg.npz,130,180.0,train,Base_TC4,10584,OK,
/data/run01/scxk573/lsz/ysy/physicsnemo/data/dataset_springback_pair_Base_TC4_150/springback_pair_Base_TC4_sample_0131_005deg.npz,131,5.0,train,Base_TC4,3410,OK,
/data/run01/scxk573/lsz/ysy/physicsnemo/data/dataset_springback_pair_Base_TC4_150/springback_pair_Base_TC4_sample_0131_010deg.npz,131,10.0,train,Base_TC4,3410,OK,
/data/run01/scxk573/lsz/ysy/physicsnemo/data/dataset_springback_pair_Base_TC4_150/springback_pair_Base_TC4_sample_0131_015deg.npz,131,15.0,train,Base_TC4,3410,OK,
/data/run01/scxk573/lsz/ysy/physicsnemo/data/dataset_springback_pair_Base_TC4_150/springback_pair_Base_TC4_sample_0131_020deg.npz,131,20.0,train,Base_TC4,3410,OK,
/data/run01/scxk573/lsz/ysy/physicsnemo/data/dataset_springback_pair_Base_TC4_150/springback_pair_Base_TC4_sample_0131_025deg.npz,131,25.0,train,Base_TC4,3410,OK,
/data/run01/scxk573/lsz/ysy/physicsnemo/data/dataset_springback_pair_Base_TC4_150/springback_pair_Base_TC4_sample_0131_030deg.npz,131,30.0,train,Base_TC4,3410,OK,
/data/run01/scxk573/lsz/ysy/physicsnemo/data/dataset_springback_pair_Base_TC4_150/springback_pair_Base_TC4_sample_0131_035deg.npz,131,35.0,train,Base_TC4,3410,OK,
/data/run01/scxk573/lsz/ysy/physicsnemo/data/dataset_springback_pair_Base_TC4_150/springback_pair_Base_TC4_sample_0131_040deg.npz,131,40.0,train,Base_TC4,3410,OK,
/data/run01/scxk573/lsz/ysy/physicsnemo/data/dataset_springback_pair_Base_TC4_150/springback_pair_Base_TC4_sample_0131_045deg.npz,131,45.0,train,Base_TC4,3410,OK,
/data/run01/scxk573/lsz/ysy/physicsnemo/data/dataset_springback_pair_Base_TC4_150/springback_pair_Base_TC4_sample_0131_050deg.npz,131,50.0,train,Base_TC4,3410,OK,
/data/run01/scxk573/lsz/ysy/physicsnemo/data/dataset_springback_pair_Base_TC4_150/springback_pair_Base_TC4_sample_0131_055deg.npz,131,55.0,train,Base_TC4,3410,OK,
/data/run01/scxk573/lsz/ysy/physicsnemo/data/dataset_springback_pair_Base_TC4_150/springback_pair_Base_TC4_sample_0131_060deg.npz,131,60.0,train,Base_TC4,3410,OK,
/data/run01/scxk573/lsz/ysy/physicsnemo/data/dataset_springback_pair_Base_TC4_150/springback_pair_Base_TC4_sample_0131_065deg.npz,131,65.0,train,Base_TC4,3410,OK,
/data/run01/scxk573/lsz/ysy/physicsnemo/data/dataset_springback_pair_Base_TC4_150/springback_pair_Base_TC4_sample_0131_070deg.npz,131,70.0,train,Base_TC4,3410,OK,
/data/run01/scxk573/lsz/ysy/physicsnemo/data/dataset_springback_pair_Base_TC4_150/springback_pair_Base_TC4_sample_0131_075deg.npz,131,75.0,train,Base_TC4,3410,OK,
/data/run01/scxk573/lsz/ysy/physicsnemo/data/dataset_springback_pair_Base_TC4_150/springback_pair_Base_TC4_sample_0131_080deg.npz,131,80.0,train,Base_TC4,3410,OK,
/data/run01/scxk573/lsz/ysy/physicsnemo/data/dataset_springback_pair_Base_TC4_150/springback_pair_Base_TC4_sample_0131_085deg.npz,131,85.0,train,Base_TC4,3410,OK,
/data/run01/scxk573/lsz/ysy/physicsnemo/data/dataset_springback_pair_Base_TC4_150/springback_pair_Base_TC4_sample_0131_090deg.npz,131,90.0,train,Base_TC4,3410,OK,
/data/run01/scxk573/lsz/ysy/physicsnemo/data/dataset_springback_pair_Base_TC4_150/springback_pair_Base_TC4_sample_0131_095deg.npz,131,95.0,train,Base_TC4,3410,OK,
/data/run01/scxk573/lsz/ysy/physicsnemo/data/dataset_springback_pair_Base_TC4_150/springback_pair_Base_TC4_sample_0131_100deg.npz,131,100.0,train,Base_TC4,3410,OK,
/data/run01/scxk573/lsz/ysy/physicsnemo/data/dataset_springback_pair_Base_TC4_150/springback_pair_Base_TC4_sample_0131_105deg.npz,131,105.0,train,Base_TC4,3410,OK,
/data/run01/scxk573/lsz/ysy/physicsnemo/data/dataset_springback_pair_Base_TC4_150/springback_pair_Base_TC4_sample_0131_110deg.npz,131,110.0,train,Base_TC4,3410,OK,
/data/run01/scxk573/lsz/ysy/physicsnemo/data/dataset_springback_pair_Base_TC4_150/springback_pair_Base_TC4_sample_0131_115deg.npz,131,115.0,train,Base_TC4,3410,OK,
/data/run01/scxk573/lsz/ysy/physicsnemo/data/dataset_springback_pair_Base_TC4_150/springback_pair_Base_TC4_sample_0131_120deg.npz,131,120.0,train,Base_TC4,3410,OK,
/data/run01/scxk573/lsz/ysy/physicsnemo/data/dataset_springback_pair_Base_TC4_150/springback_pair_Base_TC4_sample_0131_125deg.npz,131,125.0,train,Base_TC4,3410,OK,
/data/run01/scxk573/lsz/ysy/physicsnemo/data/dataset_springback_pair_Base_TC4_150/springback_pair_Base_TC4_sample_0131_130deg.npz,131,130.0,train,Base_TC4,3410,OK,
/data/run01/scxk573/lsz/ysy/physicsnemo/data/dataset_springback_pair_Base_TC4_150/springback_pair_Base_TC4_sample_0131_135deg.npz,131,135.0,train,Base_TC4,3410,OK,
/data/run01/scxk573/lsz/ysy/physicsnemo/data/dataset_springback_pair_Base_TC4_150/springback_pair_Base_TC4_sample_0131_140deg.npz,131,140.0,train,Base_TC4,3410,OK,
/data/run01/scxk573/lsz/ysy/physicsnemo/data/dataset_springback_pair_Base_TC4_150/springback_pair_Base_TC4_sample_0131_145deg.npz,131,145.0,train,Base_TC4,3410,OK,
/data/run01/scxk573/lsz/ysy/physicsnemo/data/dataset_springback_pair_Base_TC4_150/springback_pair_Base_TC4_sample_0131_150deg.npz,131,150.0,train,Base_TC4,3410,OK,
/data/run01/scxk573/lsz/ysy/physicsnemo/data/dataset_springback_pair_Base_TC4_150/springback_pair_Base_TC4_sample_0131_155deg.npz,131,155.0,train,Base_TC4,3410,OK,
/data/run01/scxk573/lsz/ysy/physicsnemo/data/dataset_springback_pair_Base_TC4_150/springback_pair_Base_TC4_sample_0131_160deg.npz,131,160.0,train,Base_TC4,3410,OK,
/data/run01/scxk573/lsz/ysy/physicsnemo/data/dataset_springback_pair_Base_TC4_150/springback_pair_Base_TC4_sample_0131_165deg.npz,131,165.0,train,Base_TC4,3410,OK,
/data/run01/scxk573/lsz/ysy/physicsnemo/data/dataset_springback_pair_Base_TC4_150/springback_pair_Base_TC4_sample_0131_170deg.npz,131,170.0,train,Base_TC4,3410,OK,
/data/run01/scxk573/lsz/ysy/physicsnemo/data/dataset_springback_pair_Base_TC4_150/springback_pair_Base_TC4_sample_0131_175deg.npz,131,175.0,train,Base_TC4,3410,OK,
/data/run01/scxk573/lsz/ysy/physicsnemo/data/dataset_springback_pair_Base_TC4_150/springback_pair_Base_TC4_sample_0131_180deg.npz,131,180.0,train,Base_TC4,3410,OK,
/data/run01/scxk573/lsz/ysy/physicsnemo/data/dataset_springback_pair_Base_TC4_150/springback_pair_Base_TC4_sample_0132_005deg.npz,132,5.0,train,Base_TC4,16250,OK,
/data/run01/scxk573/lsz/ysy/physicsnemo/data/dataset_springback_pair_Base_TC4_150/springback_pair_Base_TC4_sample_0132_010deg.npz,132,10.0,train,Base_TC4,16250,OK,
/data/run01/scxk573/lsz/ysy/physicsnemo/data/dataset_springback_pair_Base_TC4_150/springback_pair_Base_TC4_sample_0132_015deg.npz,132,15.0,train,Base_TC4,16250,OK,
/data/run01/scxk573/lsz/ysy/physicsnemo/data/dataset_springback_pair_Base_TC4_150/springback_pair_Base_TC4_sample_0132_020deg.npz,132,20.0,train,Base_TC4,16250,OK,
/data/run01/scxk573/lsz/ysy/physicsnemo/data/dataset_springback_pair_Base_TC4_150/springback_pair_Base_TC4_sample_0132_025deg.npz,132,25.0,train,Base_TC4,16250,OK,
/data/run01/scxk573/lsz/ysy/physicsnemo/data/dataset_springback_pair_Base_TC4_150/springback_pair_Base_TC4_sample_0132_030deg.npz,132,30.0,train,Base_TC4,16250,OK,
/data/run01/scxk573/lsz/ysy/physicsnemo/data/dataset_springback_pair_Base_TC4_150/springback_pair_Base_TC4_sample_0132_035deg.npz,132,35.0,train,Base_TC4,16250,OK,
/data/run01/scxk573/lsz/ysy/physicsnemo/data/dataset_springback_pair_Base_TC4_150/springback_pair_Base_TC4_sample_0132_040deg.npz,132,40.0,train,Base_TC4,16250,OK,
/data/run01/scxk573/lsz/ysy/physicsnemo/data/dataset_springback_pair_Base_TC4_150/springback_pair_Base_TC4_sample_0132_045deg.npz,132,45.0,train,Base_TC4,16250,OK,
/data/run01/scxk573/lsz/ysy/physicsnemo/data/dataset_springback_pair_Base_TC4_150/springback_pair_Base_TC4_sample_0132_050deg.npz,132,50.0,train,Base_TC4,16250,OK,
/data/run01/scxk573/lsz/ysy/physicsnemo/data/dataset_springback_pair_Base_TC4_150/springback_pair_Base_TC4_sample_0132_055deg.npz,132,55.0,train,Base_TC4,16250,OK,
/data/run01/scxk573/lsz/ysy/physicsnemo/data/dataset_springback_pair_Base_TC4_150/springback_pair_Base_TC4_sample_0132_060deg.npz,132,60.0,train,Base_TC4,16250,OK,
/data/run01/scxk573/lsz/ysy/physicsnemo/data/dataset_springback_pair_Base_TC4_150/springback_pair_Base_TC4_sample_0132_065deg.npz,132,65.0,train,Base_TC4,16250,OK,
/data/run01/scxk573/lsz/ysy/physicsnemo/data/dataset_springback_pair_Base_TC4_150/springback_pair_Base_TC4_sample_0132_070deg.npz,132,70.0,train,Base_TC4,16250,OK,
/data/run01/scxk573/lsz/ysy/physicsnemo/data/dataset_springback_pair_Base_TC4_150/springback_pair_Base_TC4_sample_0132_075deg.npz,132,75.0,train,Base_TC4,16250,OK,
/data/run01/scxk573/lsz/ysy/physicsnemo/data/dataset_springback_pair_Base_TC4_150/springback_pair_Base_TC4_sample_0132_080deg.npz,132,80.0,train,Base_TC4,16250,OK,
/data/run01/scxk573/lsz/ysy/physicsnemo/data/dataset_springback_pair_Base_TC4_150/springback_pair_Base_TC4_sample_0132_085deg.npz,132,85.0,train,Base_TC4,16250,OK,
/data/run01/scxk573/lsz/ysy/physicsnemo/data/dataset_springback_pair_Base_TC4_150/springback_pair_Base_TC4_sample_0132_090deg.npz,132,90.0,train,Base_TC4,16250,OK,
/data/run01/scxk573/lsz/ysy/physicsnemo/data/dataset_springback_pair_Base_TC4_150/springback_pair_Base_TC4_sample_0132_095deg.npz,132,95.0,train,Base_TC4,16250,OK,
/data/run01/scxk573/lsz/ysy/physicsnemo/data/dataset_springback_pair_Base_TC4_150/springback_pair_Base_TC4_sample_0132_100deg.npz,132,100.0,train,Base_TC4,16250,OK,
/data/run01/scxk573/lsz/ysy/physicsnemo/data/dataset_springback_pair_Base_TC4_150/springback_pair_Base_TC4_sample_0132_105deg.npz,132,105.0,train,Base_TC4,16250,OK,
/data/run01/scxk573/lsz/ysy/physicsnemo/data/dataset_springback_pair_Base_TC4_150/springback_pair_Base_TC4_sample_0132_110deg.npz,132,110.0,train,Base_TC4,16250,OK,
/data/run01/scxk573/lsz/ysy/physicsnemo/data/dataset_springback_pair_Base_TC4_150/springback_pair_Base_TC4_sample_0132_115deg.npz,132,115.0,train,Base_TC4,16250,OK,
/data/run01/scxk573/lsz/ysy/physicsnemo/data/dataset_springback_pair_Base_TC4_150/springback_pair_Base_TC4_sample_0132_120deg.npz,132,120.0,train,Base_TC4,16250,OK,
/data/run01/scxk573/lsz/ysy/physicsnemo/data/dataset_springback_pair_Base_TC4_150/springback_pair_Base_TC4_sample_0132_125deg.npz,132,125.0,train,Base_TC4,16250,OK,
/data/run01/scxk573/lsz/ysy/physicsnemo/data/dataset_springback_pair_Base_TC4_150/springback_pair_Base_TC4_sample_0132_130deg.npz,132,130.0,train,Base_TC4,16250,OK,
/data/run01/scxk573/lsz/ysy/physicsnemo/data/dataset_springback_pair_Base_TC4_150/springback_pair_Base_TC4_sample_0132_135deg.npz,132,135.0,train,Base_TC4,16250,OK,
/data/run01/scxk573/lsz/ysy/physicsnemo/data/dataset_springback_pair_Base_TC4_150/springback_pair_Base_TC4_sample_0132_140deg.npz,132,140.0,train,Base_TC4,16250,OK,
/data/run01/scxk573/lsz/ysy/physicsnemo/data/dataset_springback_pair_Base_TC4_150/springback_pair_Base_TC4_sample_0132_145deg.npz,132,145.0,train,Base_TC4,16250,OK,
/data/run01/scxk573/lsz/ysy/physicsnemo/data/dataset_springback_pair_Base_TC4_150/springback_pair_Base_TC4_sample_0132_150deg.npz,132,150.0,train,Base_TC4,16250,OK,
/data/run01/scxk573/lsz/ysy/physicsnemo/data/dataset_springback_pair_Base_TC4_150/springback_pair_Base_TC4_sample_0132_155deg.npz,132,155.0,train,Base_TC4,16250,OK,
/data/run01/scxk573/lsz/ysy/physicsnemo/data/dataset_springback_pair_Base_TC4_150/springback_pair_Base_TC4_sample_0132_160deg.npz,132,160.0,train,Base_TC4,16250,OK,
/data/run01/scxk573/lsz/ysy/physicsnemo/data/dataset_springback_pair_Base_TC4_150/springback_pair_Base_TC4_sample_0132_165deg.npz,132,165.0,train,Base_TC4,16250,OK,
/data/run01/scxk573/lsz/ysy/physicsnemo/data/dataset_springback_pair_Base_TC4_150/springback_pair_Base_TC4_sample_0132_170deg.npz,132,170.0,train,Base_TC4,16250,OK,
/data/run01/scxk573/lsz/ysy/physicsnemo/data/dataset_springback_pair_Base_TC4_150/springback_pair_Base_TC4_sample_0132_175deg.npz,132,175.0,train,Base_TC4,16250,OK,
/data/run01/scxk573/lsz/ysy/physicsnemo/data/dataset_springback_pair_Base_TC4_150/springback_pair_Base_TC4_sample_0132_180deg.npz,132,180.0,train,Base_TC4,16250,OK,
/data/run01/scxk573/lsz/ysy/physicsnemo/data/dataset_springback_pair_Base_TC4_150/springback_pair_Base_TC4_sample_0133_005deg.npz,133,5.0,train,Base_TC4,3575,OK,
/data/run01/scxk573/lsz/ysy/physicsnemo/data/dataset_springback_pair_Base_TC4_150/springback_pair_Base_TC4_sample_0133_010deg.npz,133,10.0,train,Base_TC4,3575,OK,
/data/run01/scxk573/lsz/ysy/physicsnemo/data/dataset_springback_pair_Base_TC4_150/springback_pair_Base_TC4_sample_0133_015deg.npz,133,15.0,train,Base_TC4,3575,OK,
/data/run01/scxk573/lsz/ysy/physicsnemo/data/dataset_springback_pair_Base_TC4_150/springback_pair_Base_TC4_sample_0133_020deg.npz,133,20.0,train,Base_TC4,3575,OK,
/data/run01/scxk573/lsz/ysy/physicsnemo/data/dataset_springback_pair_Base_TC4_150/springback_pair_Base_TC4_sample_0133_025deg.npz,133,25.0,train,Base_TC4,3575,OK,
/data/run01/scxk573/lsz/ysy/physicsnemo/data/dataset_springback_pair_Base_TC4_150/springback_pair_Base_TC4_sample_0133_030deg.npz,133,30.0,train,Base_TC4,3575,OK,
/data/run01/scxk573/lsz/ysy/physicsnemo/data/dataset_springback_pair_Base_TC4_150/springback_pair_Base_TC4_sample_0133_035deg.npz,133,35.0,train,Base_TC4,3575,OK,
/data/run01/scxk573/lsz/ysy/physicsnemo/data/dataset_springback_pair_Base_TC4_150/springback_pair_Base_TC4_sample_0133_040deg.npz,133,40.0,train,Base_TC4,3575,OK,
/data/run01/scxk573/lsz/ysy/physicsnemo/data/dataset_springback_pair_Base_TC4_150/springback_pair_Base_TC4_sample_0133_045deg.npz,133,45.0,train,Base_TC4,3575,OK,
/data/run01/scxk573/lsz/ysy/physicsnemo/data/dataset_springback_pair_Base_TC4_150/springback_pair_Base_TC4_sample_0133_050deg.npz,133,50.0,train,Base_TC4,3575,OK,
/data/run01/scxk573/lsz/ysy/physicsnemo/data/dataset_springback_pair_Base_TC4_150/springback_pair_Base_TC4_sample_0133_055deg.npz,133,55.0,train,Base_TC4,3575,OK,
/data/run01/scxk573/lsz/ysy/physicsnemo/data/dataset_springback_pair_Base_TC4_150/springback_pair_Base_TC4_sample_0133_060deg.npz,133,60.0,train,Base_TC4,3575,OK,
/data/run01/scxk573/lsz/ysy/physicsnemo/data/dataset_springback_pair_Base_TC4_150/springback_pair_Base_TC4_sample_0133_065deg.npz,133,65.0,train,Base_TC4,3575,OK,
/data/run01/scxk573/lsz/ysy/physicsnemo/data/dataset_springback_pair_Base_TC4_150/springback_pair_Base_TC4_sample_0133_070deg.npz,133,70.0,train,Base_TC4,3575,OK,
/data/run01/scxk573/lsz/ysy/physicsnemo/data/dataset_springback_pair_Base_TC4_150/springback_pair_Base_TC4_sample_0133_075deg.npz,133,75.0,train,Base_TC4,3575,OK,
/data/run01/scxk573/lsz/ysy/physicsnemo/data/dataset_springback_pair_Base_TC4_150/springback_pair_Base_TC4_sample_0133_080deg.npz,133,80.0,train,Base_TC4,3575,OK,
/data/run01/scxk573/lsz/ysy/physicsnemo/data/dataset_springback_pair_Base_TC4_150/springback_pair_Base_TC4_sample_0133_085deg.npz,133,85.0,train,Base_TC4,3575,OK,
/data/run01/scxk573/lsz/ysy/physicsnemo/data/dataset_springback_pair_Base_TC4_150/springback_pair_Base_TC4_sample_0133_090deg.npz,133,90.0,train,Base_TC4,3575,OK,
/data/run01/scxk573/lsz/ysy/physicsnemo/data/dataset_springback_pair_Base_TC4_150/springback_pair_Base_TC4_sample_0133_095deg.npz,133,95.0,train,Base_TC4,3575,OK,
/data/run01/scxk573/lsz/ysy/physicsnemo/data/dataset_springback_pair_Base_TC4_150/springback_pair_Base_TC4_sample_0133_100deg.npz,133,100.0,train,Base_TC4,3575,OK,
/data/run01/scxk573/lsz/ysy/physicsnemo/data/dataset_springback_pair_Base_TC4_150/springback_pair_Base_TC4_sample_0133_105deg.npz,133,105.0,train,Base_TC4,3575,OK,
/data/run01/scxk573/lsz/ysy/physicsnemo/data/dataset_springback_pair_Base_TC4_150/springback_pair_Base_TC4_sample_0133_110deg.npz,133,110.0,train,Base_TC4,3575,OK,
/data/run01/scxk573/lsz/ysy/physicsnemo/data/dataset_springback_pair_Base_TC4_150/springback_pair_Base_TC4_sample_0133_115deg.npz,133,115.0,train,Base_TC4,3575,OK,
/data/run01/scxk573/lsz/ysy/physicsnemo/data/dataset_springback_pair_Base_TC4_150/springback_pair_Base_TC4_sample_0133_120deg.npz,133,120.0,train,Base_TC4,3575,OK,
/data/run01/scxk573/lsz/ysy/physicsnemo/data/dataset_springback_pair_Base_TC4_150/springback_pair_Base_TC4_sample_0133_125deg.npz,133,125.0,train,Base_TC4,3575,OK,
/data/run01/scxk573/lsz/ysy/physicsnemo/data/dataset_springback_pair_Base_TC4_150/springback_pair_Base_TC4_sample_0133_130deg.npz,133,130.0,train,Base_TC4,3575,OK,
/data/run01/scxk573/lsz/ysy/physicsnemo/data/dataset_springback_pair_Base_TC4_150/springback_pair_Base_TC4_sample_0133_135deg.npz,133,135.0,train,Base_TC4,3575,OK,
/data/run01/scxk573/lsz/ysy/physicsnemo/data/dataset_springback_pair_Base_TC4_150/springback_pair_Base_TC4_sample_0133_140deg.npz,133,140.0,train,Base_TC4,3575,OK,
/data/run01/scxk573/lsz/ysy/physicsnemo/data/dataset_springback_pair_Base_TC4_150/springback_pair_Base_TC4_sample_0133_145deg.npz,133,145.0,train,Base_TC4,3575,OK,
/data/run01/scxk573/lsz/ysy/physicsnemo/data/dataset_springback_pair_Base_TC4_150/springback_pair_Base_TC4_sample_0133_150deg.npz,133,150.0,train,Base_TC4,3575,OK,
/data/run01/scxk573/lsz/ysy/physicsnemo/data/dataset_springback_pair_Base_TC4_150/springback_pair_Base_TC4_sample_0133_155deg.npz,133,155.0,train,Base_TC4,3575,OK,
/data/run01/scxk573/lsz/ysy/physicsnemo/data/dataset_springback_pair_Base_TC4_150/springback_pair_Base_TC4_sample_0133_160deg.npz,133,160.0,train,Base_TC4,3575,OK,
/data/run01/scxk573/lsz/ysy/physicsnemo/data/dataset_springback_pair_Base_TC4_150/springback_pair_Base_TC4_sample_0133_165deg.npz,133,165.0,train,Base_TC4,3575,OK,
/data/run01/scxk573/lsz/ysy/physicsnemo/data/dataset_springback_pair_Base_TC4_150/springback_pair_Base_TC4_sample_0133_170deg.npz,133,170.0,train,Base_TC4,3575,OK,
/data/run01/scxk573/lsz/ysy/physicsnemo/data/dataset_springback_pair_Base_TC4_150/springback_pair_Base_TC4_sample_0133_175deg.npz,133,175.0,train,Base_TC4,3575,OK,
/data/run01/scxk573/lsz/ysy/physicsnemo/data/dataset_springback_pair_Base_TC4_150/springback_pair_Base_TC4_sample_0133_180deg.npz,133,180.0,train,Base_TC4,3575,OK,
/data/run01/scxk573/lsz/ysy/physicsnemo/data/dataset_springback_pair_Base_TC4_150/springback_pair_Base_TC4_sample_0134_005deg.npz,134,5.0,train,Base_TC4,8676,OK,
/data/run01/scxk573/lsz/ysy/physicsnemo/data/dataset_springback_pair_Base_TC4_150/springback_pair_Base_TC4_sample_0134_010deg.npz,134,10.0,train,Base_TC4,8676,OK,
/data/run01/scxk573/lsz/ysy/physicsnemo/data/dataset_springback_pair_Base_TC4_150/springback_pair_Base_TC4_sample_0134_015deg.npz,134,15.0,train,Base_TC4,8676,OK,
/data/run01/scxk573/lsz/ysy/physicsnemo/data/dataset_springback_pair_Base_TC4_150/springback_pair_Base_TC4_sample_0134_020deg.npz,134,20.0,train,Base_TC4,8676,OK,
/data/run01/scxk573/lsz/ysy/physicsnemo/data/dataset_springback_pair_Base_TC4_150/springback_pair_Base_TC4_sample_0134_025deg.npz,134,25.0,train,Base_TC4,8676,OK,
/data/run01/scxk573/lsz/ysy/physicsnemo/data/dataset_springback_pair_Base_TC4_150/springback_pair_Base_TC4_sample_0134_030deg.npz,134,30.0,train,Base_TC4,8676,OK,
/data/run01/scxk573/lsz/ysy/physicsnemo/data/dataset_springback_pair_Base_TC4_150/springback_pair_Base_TC4_sample_0134_035deg.npz,134,35.0,train,Base_TC4,8676,OK,
/data/run01/scxk573/lsz/ysy/physicsnemo/data/dataset_springback_pair_Base_TC4_150/springback_pair_Base_TC4_sample_0134_040deg.npz,134,40.0,train,Base_TC4,8676,OK,
/data/run01/scxk573/lsz/ysy/physicsnemo/data/dataset_springback_pair_Base_TC4_150/springback_pair_Base_TC4_sample_0134_045deg.npz,134,45.0,train,Base_TC4,8676,OK,
/data/run01/scxk573/lsz/ysy/physicsnemo/data/dataset_springback_pair_Base_TC4_150/springback_pair_Base_TC4_sample_0134_050deg.npz,134,50.0,train,Base_TC4,8676,OK,
/data/run01/scxk573/lsz/ysy/physicsnemo/data/dataset_springback_pair_Base_TC4_150/springback_pair_Base_TC4_sample_0134_055deg.npz,134,55.0,train,Base_TC4,8676,OK,
/data/run01/scxk573/lsz/ysy/physicsnemo/data/dataset_springback_pair_Base_TC4_150/springback_pair_Base_TC4_sample_0134_060deg.npz,134,60.0,train,Base_TC4,8676,OK,
/data/run01/scxk573/lsz/ysy/physicsnemo/data/dataset_springback_pair_Base_TC4_150/springback_pair_Base_TC4_sample_0134_065deg.npz,134,65.0,train,Base_TC4,8676,OK,
/data/run01/scxk573/lsz/ysy/physicsnemo/data/dataset_springback_pair_Base_TC4_150/springback_pair_Base_TC4_sample_0134_070deg.npz,134,70.0,train,Base_TC4,8676,OK,
/data/run01/scxk573/lsz/ysy/physicsnemo/data/dataset_springback_pair_Base_TC4_150/springback_pair_Base_TC4_sample_0134_075deg.npz,134,75.0,train,Base_TC4,8676,OK,
/data/run01/scxk573/lsz/ysy/physicsnemo/data/dataset_springback_pair_Base_TC4_150/springback_pair_Base_TC4_sample_0134_080deg.npz,134,80.0,train,Base_TC4,8676,OK,
/data/run01/scxk573/lsz/ysy/physicsnemo/data/dataset_springback_pair_Base_TC4_150/springback_pair_Base_TC4_sample_0134_085deg.npz,134,85.0,train,Base_TC4,8676,OK,
/data/run01/scxk573/lsz/ysy/physicsnemo/data/dataset_springback_pair_Base_TC4_150/springback_pair_Base_TC4_sample_0134_090deg.npz,134,90.0,train,Base_TC4,8676,OK,
/data/run01/scxk573/lsz/ysy/physicsnemo/data/dataset_springback_pair_Base_TC4_150/springback_pair_Base_TC4_sample_0134_095deg.npz,134,95.0,train,Base_TC4,8676,OK,
/data/run01/scxk573/lsz/ysy/physicsnemo/data/dataset_springback_pair_Base_TC4_150/springback_pair_Base_TC4_sample_0134_100deg.npz,134,100.0,train,Base_TC4,8676,OK,
/data/run01/scxk573/lsz/ysy/physicsnemo/data/dataset_springback_pair_Base_TC4_150/springback_pair_Base_TC4_sample_0134_105deg.npz,134,105.0,train,Base_TC4,8676,OK,
/data/run01/scxk573/lsz/ysy/physicsnemo/data/dataset_springback_pair_Base_TC4_150/springback_pair_Base_TC4_sample_0134_110deg.npz,134,110.0,train,Base_TC4,8676,OK,
/data/run01/scxk573/lsz/ysy/physicsnemo/data/dataset_springback_pair_Base_TC4_150/springback_pair_Base_TC4_sample_0134_115deg.npz,134,115.0,train,Base_TC4,8676,OK,
/data/run01/scxk573/lsz/ysy/physicsnemo/data/dataset_springback_pair_Base_TC4_150/springback_pair_Base_TC4_sample_0134_120deg.npz,134,120.0,train,Base_TC4,8676,OK,
/data/run01/scxk573/lsz/ysy/physicsnemo/data/dataset_springback_pair_Base_TC4_150/springback_pair_Base_TC4_sample_0134_125deg.npz,134,125.0,train,Base_TC4,8676,OK,
/data/run01/scxk573/lsz/ysy/physicsnemo/data/dataset_springback_pair_Base_TC4_150/springback_pair_Base_TC4_sample_0134_130deg.npz,134,130.0,train,Base_TC4,8676,OK,
/data/run01/scxk573/lsz/ysy/physicsnemo/data/dataset_springback_pair_Base_TC4_150/springback_pair_Base_TC4_sample_0134_135deg.npz,134,135.0,train,Base_TC4,8676,OK,
/data/run01/scxk573/lsz/ysy/physicsnemo/data/dataset_springback_pair_Base_TC4_150/springback_pair_Base_TC4_sample_0134_140deg.npz,134,140.0,train,Base_TC4,8676,OK,
/data/run01/scxk573/lsz/ysy/physicsnemo/data/dataset_springback_pair_Base_TC4_150/springback_pair_Base_TC4_sample_0134_145deg.npz,134,145.0,train,Base_TC4,8676,OK,
/data/run01/scxk573/lsz/ysy/physicsnemo/data/dataset_springback_pair_Base_TC4_150/springback_pair_Base_TC4_sample_0134_150deg.npz,134,150.0,train,Base_TC4,8676,OK,
/data/run01/scxk573/lsz/ysy/physicsnemo/data/dataset_springback_pair_Base_TC4_150/springback_pair_Base_TC4_sample_0134_155deg.npz,134,155.0,train,Base_TC4,8676,OK,
/data/run01/scxk573/lsz/ysy/physicsnemo/data/dataset_springback_pair_Base_TC4_150/springback_pair_Base_TC4_sample_0134_160deg.npz,134,160.0,train,Base_TC4,8676,OK,
/data/run01/scxk573/lsz/ysy/physicsnemo/data/dataset_springback_pair_Base_TC4_150/springback_pair_Base_TC4_sample_0134_165deg.npz,134,165.0,train,Base_TC4,8676,OK,
/data/run01/scxk573/lsz/ysy/physicsnemo/data/dataset_springback_pair_Base_TC4_150/springback_pair_Base_TC4_sample_0134_170deg.npz,134,170.0,train,Base_TC4,8676,OK,
/data/run01/scxk573/lsz/ysy/physicsnemo/data/dataset_springback_pair_Base_TC4_150/springback_pair_Base_TC4_sample_0134_175deg.npz,134,175.0,train,Base_TC4,8676,OK,
/data/run01/scxk573/lsz/ysy/physicsnemo/data/dataset_springback_pair_Base_TC4_150/springback_pair_Base_TC4_sample_0134_180deg.npz,134,180.0,train,Base_TC4,8676,OK,
/data/run01/scxk573/lsz/ysy/physicsnemo/data/dataset_springback_pair_Base_TC4_150/springback_pair_Base_TC4_sample_0135_005deg.npz,135,5.0,train,Base_TC4,6324,OK,
/data/run01/scxk573/lsz/ysy/physicsnemo/data/dataset_springback_pair_Base_TC4_150/springback_pair_Base_TC4_sample_0135_010deg.npz,135,10.0,train,Base_TC4,6324,OK,
/data/run01/scxk573/lsz/ysy/physicsnemo/data/dataset_springback_pair_Base_TC4_150/springback_pair_Base_TC4_sample_0135_015deg.npz,135,15.0,train,Base_TC4,6324,OK,
/data/run01/scxk573/lsz/ysy/physicsnemo/data/dataset_springback_pair_Base_TC4_150/springback_pair_Base_TC4_sample_0135_020deg.npz,135,20.0,train,Base_TC4,6324,OK,
/data/run01/scxk573/lsz/ysy/physicsnemo/data/dataset_springback_pair_Base_TC4_150/springback_pair_Base_TC4_sample_0135_025deg.npz,135,25.0,train,Base_TC4,6324,OK,
/data/run01/scxk573/lsz/ysy/physicsnemo/data/dataset_springback_pair_Base_TC4_150/springback_pair_Base_TC4_sample_0135_030deg.npz,135,30.0,train,Base_TC4,6324,OK,
/data/run01/scxk573/lsz/ysy/physicsnemo/data/dataset_springback_pair_Base_TC4_150/springback_pair_Base_TC4_sample_0135_035deg.npz,135,35.0,train,Base_TC4,6324,OK,
/data/run01/scxk573/lsz/ysy/physicsnemo/data/dataset_springback_pair_Base_TC4_150/springback_pair_Base_TC4_sample_0135_040deg.npz,135,40.0,train,Base_TC4,6324,OK,
/data/run01/scxk573/lsz/ysy/physicsnemo/data/dataset_springback_pair_Base_TC4_150/springback_pair_Base_TC4_sample_0135_045deg.npz,135,45.0,train,Base_TC4,6324,OK,
/data/run01/scxk573/lsz/ysy/physicsnemo/data/dataset_springback_pair_Base_TC4_150/springback_pair_Base_TC4_sample_0135_050deg.npz,135,50.0,train,Base_TC4,6324,OK,
/data/run01/scxk573/lsz/ysy/physicsnemo/data/dataset_springback_pair_Base_TC4_150/springback_pair_Base_TC4_sample_0135_055deg.npz,135,55.0,train,Base_TC4,6324,OK,
/data/run01/scxk573/lsz/ysy/physicsnemo/data/dataset_springback_pair_Base_TC4_150/springback_pair_Base_TC4_sample_0135_060deg.npz,135,60.0,train,Base_TC4,6324,OK,
/data/run01/scxk573/lsz/ysy/physicsnemo/data/dataset_springback_pair_Base_TC4_150/springback_pair_Base_TC4_sample_0135_065deg.npz,135,65.0,train,Base_TC4,6324,OK,
/data/run01/scxk573/lsz/ysy/physicsnemo/data/dataset_springback_pair_Base_TC4_150/springback_pair_Base_TC4_sample_0135_070deg.npz,135,70.0,train,Base_TC4,6324,OK,
/data/run01/scxk573/lsz/ysy/physicsnemo/data/dataset_springback_pair_Base_TC4_150/springback_pair_Base_TC4_sample_0135_075deg.npz,135,75.0,train,Base_TC4,6324,OK,
/data/run01/scxk573/lsz/ysy/physicsnemo/data/dataset_springback_pair_Base_TC4_150/springback_pair_Base_TC4_sample_0135_080deg.npz,135,80.0,train,Base_TC4,6324,OK,
/data/run01/scxk573/lsz/ysy/physicsnemo/data/dataset_springback_pair_Base_TC4_150/springback_pair_Base_TC4_sample_0135_085deg.npz,135,85.0,train,Base_TC4,6324,OK,
/data/run01/scxk573/lsz/ysy/physicsnemo/data/dataset_springback_pair_Base_TC4_150/springback_pair_Base_TC4_sample_0135_090deg.npz,135,90.0,train,Base_TC4,6324,OK,
/data/run01/scxk573/lsz/ysy/physicsnemo/data/dataset_springback_pair_Base_TC4_150/springback_pair_Base_TC4_sample_0135_095deg.npz,135,95.0,train,Base_TC4,6324,OK,
/data/run01/scxk573/lsz/ysy/physicsnemo/data/dataset_springback_pair_Base_TC4_150/springback_pair_Base_TC4_sample_0135_100deg.npz,135,100.0,train,Base_TC4,6324,OK,
/data/run01/scxk573/lsz/ysy/physicsnemo/data/dataset_springback_pair_Base_TC4_150/springback_pair_Base_TC4_sample_0135_105deg.npz,135,105.0,train,Base_TC4,6324,OK,
/data/run01/scxk573/lsz/ysy/physicsnemo/data/dataset_springback_pair_Base_TC4_150/springback_pair_Base_TC4_sample_0135_110deg.npz,135,110.0,train,Base_TC4,6324,OK,
/data/run01/scxk573/lsz/ysy/physicsnemo/data/dataset_springback_pair_Base_TC4_150/springback_pair_Base_TC4_sample_0135_115deg.npz,135,115.0,train,Base_TC4,6324,OK,
/data/run01/scxk573/lsz/ysy/physicsnemo/data/dataset_springback_pair_Base_TC4_150/springback_pair_Base_TC4_sample_0135_120deg.npz,135,120.0,train,Base_TC4,6324,OK,
/data/run01/scxk573/lsz/ysy/physicsnemo/data/dataset_springback_pair_Base_TC4_150/springback_pair_Base_TC4_sample_0135_125deg.npz,135,125.0,train,Base_TC4,6324,OK,
/data/run01/scxk573/lsz/ysy/physicsnemo/data/dataset_springback_pair_Base_TC4_150/springback_pair_Base_TC4_sample_0135_130deg.npz,135,130.0,train,Base_TC4,6324,OK,
/data/run01/scxk573/lsz/ysy/physicsnemo/data/dataset_springback_pair_Base_TC4_150/springback_pair_Base_TC4_sample_0135_135deg.npz,135,135.0,train,Base_TC4,6324,OK,
/data/run01/scxk573/lsz/ysy/physicsnemo/data/dataset_springback_pair_Base_TC4_150/springback_pair_Base_TC4_sample_0135_140deg.npz,135,140.0,train,Base_TC4,6324,OK,
/data/run01/scxk573/lsz/ysy/physicsnemo/data/dataset_springback_pair_Base_TC4_150/springback_pair_Base_TC4_sample_0135_145deg.npz,135,145.0,train,Base_TC4,6324,OK,
/data/run01/scxk573/lsz/ysy/physicsnemo/data/dataset_springback_pair_Base_TC4_150/springback_pair_Base_TC4_sample_0135_150deg.npz,135,150.0,train,Base_TC4,6324,OK,
/data/run01/scxk573/lsz/ysy/physicsnemo/data/dataset_springback_pair_Base_TC4_150/springback_pair_Base_TC4_sample_0135_155deg.npz,135,155.0,train,Base_TC4,6324,OK,
/data/run01/scxk573/lsz/ysy/physicsnemo/data/dataset_springback_pair_Base_TC4_150/springback_pair_Base_TC4_sample_0135_160deg.npz,135,160.0,train,Base_TC4,6324,OK,
/data/run01/scxk573/lsz/ysy/physicsnemo/data/dataset_springback_pair_Base_TC4_150/springback_pair_Base_TC4_sample_0135_165deg.npz,135,165.0,train,Base_TC4,6324,OK,
/data/run01/scxk573/lsz/ysy/physicsnemo/data/dataset_springback_pair_Base_TC4_150/springback_pair_Base_TC4_sample_0135_170deg.npz,135,170.0,train,Base_TC4,6324,OK,
/data/run01/scxk573/lsz/ysy/physicsnemo/data/dataset_springback_pair_Base_TC4_150/springback_pair_Base_TC4_sample_0135_175deg.npz,135,175.0,train,Base_TC4,6324,OK,
/data/run01/scxk573/lsz/ysy/physicsnemo/data/dataset_springback_pair_Base_TC4_150/springback_pair_Base_TC4_sample_0135_180deg.npz,135,180.0,train,Base_TC4,6324,OK,
/data/run01/scxk573/lsz/ysy/physicsnemo/data/dataset_springback_pair_Base_TC4_150/springback_pair_Base_TC4_sample_0136_005deg.npz,136,5.0,train,Base_TC4,25578,OK,
/data/run01/scxk573/lsz/ysy/physicsnemo/data/dataset_springback_pair_Base_TC4_150/springback_pair_Base_TC4_sample_0136_010deg.npz,136,10.0,train,Base_TC4,25578,OK,
/data/run01/scxk573/lsz/ysy/physicsnemo/data/dataset_springback_pair_Base_TC4_150/springback_pair_Base_TC4_sample_0136_015deg.npz,136,15.0,train,Base_TC4,25578,OK,
/data/run01/scxk573/lsz/ysy/physicsnemo/data/dataset_springback_pair_Base_TC4_150/springback_pair_Base_TC4_sample_0136_020deg.npz,136,20.0,train,Base_TC4,25578,OK,
/data/run01/scxk573/lsz/ysy/physicsnemo/data/dataset_springback_pair_Base_TC4_150/springback_pair_Base_TC4_sample_0136_025deg.npz,136,25.0,train,Base_TC4,25578,OK,
/data/run01/scxk573/lsz/ysy/physicsnemo/data/dataset_springback_pair_Base_TC4_150/springback_pair_Base_TC4_sample_0136_030deg.npz,136,30.0,train,Base_TC4,25578,OK,
/data/run01/scxk573/lsz/ysy/physicsnemo/data/dataset_springback_pair_Base_TC4_150/springback_pair_Base_TC4_sample_0136_035deg.npz,136,35.0,train,Base_TC4,25578,OK,
/data/run01/scxk573/lsz/ysy/physicsnemo/data/dataset_springback_pair_Base_TC4_150/springback_pair_Base_TC4_sample_0136_040deg.npz,136,40.0,train,Base_TC4,25578,OK,
/data/run01/scxk573/lsz/ysy/physicsnemo/data/dataset_springback_pair_Base_TC4_150/springback_pair_Base_TC4_sample_0136_045deg.npz,136,45.0,train,Base_TC4,25578,OK,
/data/run01/scxk573/lsz/ysy/physicsnemo/data/dataset_springback_pair_Base_TC4_150/springback_pair_Base_TC4_sample_0136_050deg.npz,136,50.0,train,Base_TC4,25578,OK,
/data/run01/scxk573/lsz/ysy/physicsnemo/data/dataset_springback_pair_Base_TC4_150/springback_pair_Base_TC4_sample_0136_055deg.npz,136,55.0,train,Base_TC4,25578,OK,
/data/run01/scxk573/lsz/ysy/physicsnemo/data/dataset_springback_pair_Base_TC4_150/springback_pair_Base_TC4_sample_0136_060deg.npz,136,60.0,train,Base_TC4,25578,OK,
/data/run01/scxk573/lsz/ysy/physicsnemo/data/dataset_springback_pair_Base_TC4_150/springback_pair_Base_TC4_sample_0136_065deg.npz,136,65.0,train,Base_TC4,25578,OK,
/data/run01/scxk573/lsz/ysy/physicsnemo/data/dataset_springback_pair_Base_TC4_150/springback_pair_Base_TC4_sample_0136_070deg.npz,136,70.0,train,Base_TC4,25578,OK,
/data/run01/scxk573/lsz/ysy/physicsnemo/data/dataset_springback_pair_Base_TC4_150/springback_pair_Base_TC4_sample_0136_075deg.npz,136,75.0,train,Base_TC4,25578,OK,
/data/run01/scxk573/lsz/ysy/physicsnemo/data/dataset_springback_pair_Base_TC4_150/springback_pair_Base_TC4_sample_0136_080deg.npz,136,80.0,train,Base_TC4,25578,OK,
/data/run01/scxk573/lsz/ysy/physicsnemo/data/dataset_springback_pair_Base_TC4_150/springback_pair_Base_TC4_sample_0136_085deg.npz,136,85.0,train,Base_TC4,25578,OK,
/data/run01/scxk573/lsz/ysy/physicsnemo/data/dataset_springback_pair_Base_TC4_150/springback_pair_Base_TC4_sample_0136_090deg.npz,136,90.0,train,Base_TC4,25578,OK,
/data/run01/scxk573/lsz/ysy/physicsnemo/data/dataset_springback_pair_Base_TC4_150/springback_pair_Base_TC4_sample_0136_095deg.npz,136,95.0,train,Base_TC4,25578,OK,
/data/run01/scxk573/lsz/ysy/physicsnemo/data/dataset_springback_pair_Base_TC4_150/springback_pair_Base_TC4_sample_0136_100deg.npz,136,100.0,train,Base_TC4,25578,OK,
/data/run01/scxk573/lsz/ysy/physicsnemo/data/dataset_springback_pair_Base_TC4_150/springback_pair_Base_TC4_sample_0136_105deg.npz,136,105.0,train,Base_TC4,25578,OK,
/data/run01/scxk573/lsz/ysy/physicsnemo/data/dataset_springback_pair_Base_TC4_150/springback_pair_Base_TC4_sample_0136_110deg.npz,136,110.0,train,Base_TC4,25578,OK,
/data/run01/scxk573/lsz/ysy/physicsnemo/data/dataset_springback_pair_Base_TC4_150/springback_pair_Base_TC4_sample_0136_115deg.npz,136,115.0,train,Base_TC4,25578,OK,
/data/run01/scxk573/lsz/ysy/physicsnemo/data/dataset_springback_pair_Base_TC4_150/springback_pair_Base_TC4_sample_0136_120deg.npz,136,120.0,train,Base_TC4,25578,OK,
/data/run01/scxk573/lsz/ysy/physicsnemo/data/dataset_springback_pair_Base_TC4_150/springback_pair_Base_TC4_sample_0136_125deg.npz,136,125.0,train,Base_TC4,25578,OK,
/data/run01/scxk573/lsz/ysy/physicsnemo/data/dataset_springback_pair_Base_TC4_150/springback_pair_Base_TC4_sample_0136_130deg.npz,136,130.0,train,Base_TC4,25578,OK,
/data/run01/scxk573/lsz/ysy/physicsnemo/data/dataset_springback_pair_Base_TC4_150/springback_pair_Base_TC4_sample_0136_135deg.npz,136,135.0,train,Base_TC4,25578,OK,
/data/run01/scxk573/lsz/ysy/physicsnemo/data/dataset_springback_pair_Base_TC4_150/springback_pair_Base_TC4_sample_0136_140deg.npz,136,140.0,train,Base_TC4,25578,OK,
/data/run01/scxk573/lsz/ysy/physicsnemo/data/dataset_springback_pair_Base_TC4_150/springback_pair_Base_TC4_sample_0136_145deg.npz,136,145.0,train,Base_TC4,25578,OK,
/data/run01/scxk573/lsz/ysy/physicsnemo/data/dataset_springback_pair_Base_TC4_150/springback_pair_Base_TC4_sample_0136_150deg.npz,136,150.0,train,Base_TC4,25578,OK,
/data/run01/scxk573/lsz/ysy/physicsnemo/data/dataset_springback_pair_Base_TC4_150/springback_pair_Base_TC4_sample_0136_155deg.npz,136,155.0,train,Base_TC4,25578,OK,
/data/run01/scxk573/lsz/ysy/physicsnemo/data/dataset_springback_pair_Base_TC4_150/springback_pair_Base_TC4_sample_0136_160deg.npz,136,160.0,train,Base_TC4,25578,OK,
/data/run01/scxk573/lsz/ysy/physicsnemo/data/dataset_springback_pair_Base_TC4_150/springback_pair_Base_TC4_sample_0136_165deg.npz,136,165.0,train,Base_TC4,25578,OK,
/data/run01/scxk573/lsz/ysy/physicsnemo/data/dataset_springback_pair_Base_TC4_150/springback_pair_Base_TC4_sample_0136_170deg.npz,136,170.0,train,Base_TC4,25578,OK,
/data/run01/scxk573/lsz/ysy/physicsnemo/data/dataset_springback_pair_Base_TC4_150/springback_pair_Base_TC4_sample_0136_175deg.npz,136,175.0,train,Base_TC4,25578,OK,
/data/run01/scxk573/lsz/ysy/physicsnemo/data/dataset_springback_pair_Base_TC4_150/springback_pair_Base_TC4_sample_0136_180deg.npz,136,180.0,train,Base_TC4,25578,OK,
/data/run01/scxk573/lsz/ysy/physicsnemo/data/dataset_springback_pair_Base_TC4_150/springback_pair_Base_TC4_sample_0137_005deg.npz,137,5.0,train,Base_TC4,2071,OK,
/data/run01/scxk573/lsz/ysy/physicsnemo/data/dataset_springback_pair_Base_TC4_150/springback_pair_Base_TC4_sample_0137_010deg.npz,137,10.0,train,Base_TC4,2071,OK,
/data/run01/scxk573/lsz/ysy/physicsnemo/data/dataset_springback_pair_Base_TC4_150/springback_pair_Base_TC4_sample_0137_015deg.npz,137,15.0,train,Base_TC4,2071,OK,
/data/run01/scxk573/lsz/ysy/physicsnemo/data/dataset_springback_pair_Base_TC4_150/springback_pair_Base_TC4_sample_0137_020deg.npz,137,20.0,train,Base_TC4,2071,OK,
/data/run01/scxk573/lsz/ysy/physicsnemo/data/dataset_springback_pair_Base_TC4_150/springback_pair_Base_TC4_sample_0137_025deg.npz,137,25.0,train,Base_TC4,2071,OK,
/data/run01/scxk573/lsz/ysy/physicsnemo/data/dataset_springback_pair_Base_TC4_150/springback_pair_Base_TC4_sample_0137_030deg.npz,137,30.0,train,Base_TC4,2071,OK,
/data/run01/scxk573/lsz/ysy/physicsnemo/data/dataset_springback_pair_Base_TC4_150/springback_pair_Base_TC4_sample_0137_035deg.npz,137,35.0,train,Base_TC4,2071,OK,
/data/run01/scxk573/lsz/ysy/physicsnemo/data/dataset_springback_pair_Base_TC4_150/springback_pair_Base_TC4_sample_0137_040deg.npz,137,40.0,train,Base_TC4,2071,OK,
/data/run01/scxk573/lsz/ysy/physicsnemo/data/dataset_springback_pair_Base_TC4_150/springback_pair_Base_TC4_sample_0137_045deg.npz,137,45.0,train,Base_TC4,2071,OK,
/data/run01/scxk573/lsz/ysy/physicsnemo/data/dataset_springback_pair_Base_TC4_150/springback_pair_Base_TC4_sample_0137_050deg.npz,137,50.0,train,Base_TC4,2071,OK,
/data/run01/scxk573/lsz/ysy/physicsnemo/data/dataset_springback_pair_Base_TC4_150/springback_pair_Base_TC4_sample_0137_055deg.npz,137,55.0,train,Base_TC4,2071,OK,
/data/run01/scxk573/lsz/ysy/physicsnemo/data/dataset_springback_pair_Base_TC4_150/springback_pair_Base_TC4_sample_0137_060deg.npz,137,60.0,train,Base_TC4,2071,OK,
/data/run01/scxk573/lsz/ysy/physicsnemo/data/dataset_springback_pair_Base_TC4_150/springback_pair_Base_TC4_sample_0137_065deg.npz,137,65.0,train,Base_TC4,2071,OK,
/data/run01/scxk573/lsz/ysy/physicsnemo/data/dataset_springback_pair_Base_TC4_150/springback_pair_Base_TC4_sample_0137_070deg.npz,137,70.0,train,Base_TC4,2071,OK,
/data/run01/scxk573/lsz/ysy/physicsnemo/data/dataset_springback_pair_Base_TC4_150/springback_pair_Base_TC4_sample_0137_075deg.npz,137,75.0,train,Base_TC4,2071,OK,
/data/run01/scxk573/lsz/ysy/physicsnemo/data/dataset_springback_pair_Base_TC4_150/springback_pair_Base_TC4_sample_0137_080deg.npz,137,80.0,train,Base_TC4,2071,OK,
/data/run01/scxk573/lsz/ysy/physicsnemo/data/dataset_springback_pair_Base_TC4_150/springback_pair_Base_TC4_sample_0137_085deg.npz,137,85.0,train,Base_TC4,2071,OK,
/data/run01/scxk573/lsz/ysy/physicsnemo/data/dataset_springback_pair_Base_TC4_150/springback_pair_Base_TC4_sample_0137_090deg.npz,137,90.0,train,Base_TC4,2071,OK,
/data/run01/scxk573/lsz/ysy/physicsnemo/data/dataset_springback_pair_Base_TC4_150/springback_pair_Base_TC4_sample_0137_095deg.npz,137,95.0,train,Base_TC4,2071,OK,
/data/run01/scxk573/lsz/ysy/physicsnemo/data/dataset_springback_pair_Base_TC4_150/springback_pair_Base_TC4_sample_0137_100deg.npz,137,100.0,train,Base_TC4,2071,OK,
/data/run01/scxk573/lsz/ysy/physicsnemo/data/dataset_springback_pair_Base_TC4_150/springback_pair_Base_TC4_sample_0137_105deg.npz,137,105.0,train,Base_TC4,2071,OK,
/data/run01/scxk573/lsz/ysy/physicsnemo/data/dataset_springback_pair_Base_TC4_150/springback_pair_Base_TC4_sample_0137_110deg.npz,137,110.0,train,Base_TC4,2071,OK,
/data/run01/scxk573/lsz/ysy/physicsnemo/data/dataset_springback_pair_Base_TC4_150/springback_pair_Base_TC4_sample_0137_115deg.npz,137,115.0,train,Base_TC4,2071,OK,
/data/run01/scxk573/lsz/ysy/physicsnemo/data/dataset_springback_pair_Base_TC4_150/springback_pair_Base_TC4_sample_0137_120deg.npz,137,120.0,train,Base_TC4,2071,OK,
/data/run01/scxk573/lsz/ysy/physicsnemo/data/dataset_springback_pair_Base_TC4_150/springback_pair_Base_TC4_sample_0137_125deg.npz,137,125.0,train,Base_TC4,2071,OK,
/data/run01/scxk573/lsz/ysy/physicsnemo/data/dataset_springback_pair_Base_TC4_150/springback_pair_Base_TC4_sample_0137_130deg.npz,137,130.0,train,Base_TC4,2071,OK,
/data/run01/scxk573/lsz/ysy/physicsnemo/data/dataset_springback_pair_Base_TC4_150/springback_pair_Base_TC4_sample_0137_135deg.npz,137,135.0,train,Base_TC4,2071,OK,
/data/run01/scxk573/lsz/ysy/physicsnemo/data/dataset_springback_pair_Base_TC4_150/springback_pair_Base_TC4_sample_0137_140deg.npz,137,140.0,train,Base_TC4,2071,OK,
/data/run01/scxk573/lsz/ysy/physicsnemo/data/dataset_springback_pair_Base_TC4_150/springback_pair_Base_TC4_sample_0137_145deg.npz,137,145.0,train,Base_TC4,2071,OK,
/data/run01/scxk573/lsz/ysy/physicsnemo/data/dataset_springback_pair_Base_TC4_150/springback_pair_Base_TC4_sample_0137_150deg.npz,137,150.0,train,Base_TC4,2071,OK,
/data/run01/scxk573/lsz/ysy/physicsnemo/data/dataset_springback_pair_Base_TC4_150/springback_pair_Base_TC4_sample_0137_155deg.npz,137,155.0,train,Base_TC4,2071,OK,
/data/run01/scxk573/lsz/ysy/physicsnemo/data/dataset_springback_pair_Base_TC4_150/springback_pair_Base_TC4_sample_0137_160deg.npz,137,160.0,train,Base_TC4,2071,OK,
/data/run01/scxk573/lsz/ysy/physicsnemo/data/dataset_springback_pair_Base_TC4_150/springback_pair_Base_TC4_sample_0137_165deg.npz,137,165.0,train,Base_TC4,2071,OK,
/data/run01/scxk573/lsz/ysy/physicsnemo/data/dataset_springback_pair_Base_TC4_150/springback_pair_Base_TC4_sample_0137_170deg.npz,137,170.0,train,Base_TC4,2071,OK,
/data/run01/scxk573/lsz/ysy/physicsnemo/data/dataset_springback_pair_Base_TC4_150/springback_pair_Base_TC4_sample_0137_175deg.npz,137,175.0,train,Base_TC4,2071,OK,
/data/run01/scxk573/lsz/ysy/physicsnemo/data/dataset_springback_pair_Base_TC4_150/springback_pair_Base_TC4_sample_0137_180deg.npz,137,180.0,train,Base_TC4,2071,OK,
/data/run01/scxk573/lsz/ysy/physicsnemo/data/dataset_springback_pair_Base_TC4_150/springback_pair_Base_TC4_sample_0138_005deg.npz,138,5.0,train,Base_TC4,22631,OK,
/data/run01/scxk573/lsz/ysy/physicsnemo/data/dataset_springback_pair_Base_TC4_150/springback_pair_Base_TC4_sample_0138_010deg.npz,138,10.0,train,Base_TC4,22631,OK,
/data/run01/scxk573/lsz/ysy/physicsnemo/data/dataset_springback_pair_Base_TC4_150/springback_pair_Base_TC4_sample_0138_015deg.npz,138,15.0,train,Base_TC4,22631,OK,
/data/run01/scxk573/lsz/ysy/physicsnemo/data/dataset_springback_pair_Base_TC4_150/springback_pair_Base_TC4_sample_0138_020deg.npz,138,20.0,train,Base_TC4,22631,OK,
/data/run01/scxk573/lsz/ysy/physicsnemo/data/dataset_springback_pair_Base_TC4_150/springback_pair_Base_TC4_sample_0138_025deg.npz,138,25.0,train,Base_TC4,22631,OK,
/data/run01/scxk573/lsz/ysy/physicsnemo/data/dataset_springback_pair_Base_TC4_150/springback_pair_Base_TC4_sample_0138_030deg.npz,138,30.0,train,Base_TC4,22631,OK,
/data/run01/scxk573/lsz/ysy/physicsnemo/data/dataset_springback_pair_Base_TC4_150/springback_pair_Base_TC4_sample_0138_035deg.npz,138,35.0,train,Base_TC4,22631,OK,
/data/run01/scxk573/lsz/ysy/physicsnemo/data/dataset_springback_pair_Base_TC4_150/springback_pair_Base_TC4_sample_0138_040deg.npz,138,40.0,train,Base_TC4,22631,OK,
/data/run01/scxk573/lsz/ysy/physicsnemo/data/dataset_springback_pair_Base_TC4_150/springback_pair_Base_TC4_sample_0138_045deg.npz,138,45.0,train,Base_TC4,22631,OK,
/data/run01/scxk573/lsz/ysy/physicsnemo/data/dataset_springback_pair_Base_TC4_150/springback_pair_Base_TC4_sample_0138_050deg.npz,138,50.0,train,Base_TC4,22631,OK,
/data/run01/scxk573/lsz/ysy/physicsnemo/data/dataset_springback_pair_Base_TC4_150/springback_pair_Base_TC4_sample_0138_055deg.npz,138,55.0,train,Base_TC4,22631,OK,
/data/run01/scxk573/lsz/ysy/physicsnemo/data/dataset_springback_pair_Base_TC4_150/springback_pair_Base_TC4_sample_0138_060deg.npz,138,60.0,train,Base_TC4,22631,OK,
/data/run01/scxk573/lsz/ysy/physicsnemo/data/dataset_springback_pair_Base_TC4_150/springback_pair_Base_TC4_sample_0138_065deg.npz,138,65.0,train,Base_TC4,22631,OK,
/data/run01/scxk573/lsz/ysy/physicsnemo/data/dataset_springback_pair_Base_TC4_150/springback_pair_Base_TC4_sample_0138_070deg.npz,138,70.0,train,Base_TC4,22631,OK,
/data/run01/scxk573/lsz/ysy/physicsnemo/data/dataset_springback_pair_Base_TC4_150/springback_pair_Base_TC4_sample_0138_075deg.npz,138,75.0,train,Base_TC4,22631,OK,
/data/run01/scxk573/lsz/ysy/physicsnemo/data/dataset_springback_pair_Base_TC4_150/springback_pair_Base_TC4_sample_0138_080deg.npz,138,80.0,train,Base_TC4,22631,OK,
/data/run01/scxk573/lsz/ysy/physicsnemo/data/dataset_springback_pair_Base_TC4_150/springback_pair_Base_TC4_sample_0138_085deg.npz,138,85.0,train,Base_TC4,22631,OK,
/data/run01/scxk573/lsz/ysy/physicsnemo/data/dataset_springback_pair_Base_TC4_150/springback_pair_Base_TC4_sample_0138_090deg.npz,138,90.0,train,Base_TC4,22631,OK,
/data/run01/scxk573/lsz/ysy/physicsnemo/data/dataset_springback_pair_Base_TC4_150/springback_pair_Base_TC4_sample_0138_095deg.npz,138,95.0,train,Base_TC4,22631,OK,
/data/run01/scxk573/lsz/ysy/physicsnemo/data/dataset_springback_pair_Base_TC4_150/springback_pair_Base_TC4_sample_0138_100deg.npz,138,100.0,train,Base_TC4,22631,OK,
/data/run01/scxk573/lsz/ysy/physicsnemo/data/dataset_springback_pair_Base_TC4_150/springback_pair_Base_TC4_sample_0138_105deg.npz,138,105.0,train,Base_TC4,22631,OK,
/data/run01/scxk573/lsz/ysy/physicsnemo/data/dataset_springback_pair_Base_TC4_150/springback_pair_Base_TC4_sample_0138_110deg.npz,138,110.0,train,Base_TC4,22631,OK,
/data/run01/scxk573/lsz/ysy/physicsnemo/data/dataset_springback_pair_Base_TC4_150/springback_pair_Base_TC4_sample_0138_115deg.npz,138,115.0,train,Base_TC4,22631,OK,
/data/run01/scxk573/lsz/ysy/physicsnemo/data/dataset_springback_pair_Base_TC4_150/springback_pair_Base_TC4_sample_0138_120deg.npz,138,120.0,train,Base_TC4,22631,OK,
/data/run01/scxk573/lsz/ysy/physicsnemo/data/dataset_springback_pair_Base_TC4_150/springback_pair_Base_TC4_sample_0138_125deg.npz,138,125.0,train,Base_TC4,22631,OK,
/data/run01/scxk573/lsz/ysy/physicsnemo/data/dataset_springback_pair_Base_TC4_150/springback_pair_Base_TC4_sample_0138_130deg.npz,138,130.0,train,Base_TC4,22631,OK,
/data/run01/scxk573/lsz/ysy/physicsnemo/data/dataset_springback_pair_Base_TC4_150/springback_pair_Base_TC4_sample_0138_135deg.npz,138,135.0,train,Base_TC4,22631,OK,
/data/run01/scxk573/lsz/ysy/physicsnemo/data/dataset_springback_pair_Base_TC4_150/springback_pair_Base_TC4_sample_0138_140deg.npz,138,140.0,train,Base_TC4,22631,OK,
/data/run01/scxk573/lsz/ysy/physicsnemo/data/dataset_springback_pair_Base_TC4_150/springback_pair_Base_TC4_sample_0138_145deg.npz,138,145.0,train,Base_TC4,22631,OK,
/data/run01/scxk573/lsz/ysy/physicsnemo/data/dataset_springback_pair_Base_TC4_150/springback_pair_Base_TC4_sample_0138_150deg.npz,138,150.0,train,Base_TC4,22631,OK,
/data/run01/scxk573/lsz/ysy/physicsnemo/data/dataset_springback_pair_Base_TC4_150/springback_pair_Base_TC4_sample_0138_155deg.npz,138,155.0,train,Base_TC4,22631,OK,
/data/run01/scxk573/lsz/ysy/physicsnemo/data/dataset_springback_pair_Base_TC4_150/springback_pair_Base_TC4_sample_0138_160deg.npz,138,160.0,train,Base_TC4,22631,OK,
/data/run01/scxk573/lsz/ysy/physicsnemo/data/dataset_springback_pair_Base_TC4_150/springback_pair_Base_TC4_sample_0138_165deg.npz,138,165.0,train,Base_TC4,22631,OK,
/data/run01/scxk573/lsz/ysy/physicsnemo/data/dataset_springback_pair_Base_TC4_150/springback_pair_Base_TC4_sample_0138_170deg.npz,138,170.0,train,Base_TC4,22631,OK,
/data/run01/scxk573/lsz/ysy/physicsnemo/data/dataset_springback_pair_Base_TC4_150/springback_pair_Base_TC4_sample_0138_175deg.npz,138,175.0,train,Base_TC4,22631,OK,
/data/run01/scxk573/lsz/ysy/physicsnemo/data/dataset_springback_pair_Base_TC4_150/springback_pair_Base_TC4_sample_0138_180deg.npz,138,180.0,train,Base_TC4,22631,OK,
/data/run01/scxk573/lsz/ysy/physicsnemo/data/dataset_springback_pair_Base_TC4_150/springback_pair_Base_TC4_sample_0139_005deg.npz,139,5.0,train,Base_TC4,9553,OK,
/data/run01/scxk573/lsz/ysy/physicsnemo/data/dataset_springback_pair_Base_TC4_150/springback_pair_Base_TC4_sample_0139_010deg.npz,139,10.0,train,Base_TC4,9553,OK,
/data/run01/scxk573/lsz/ysy/physicsnemo/data/dataset_springback_pair_Base_TC4_150/springback_pair_Base_TC4_sample_0139_015deg.npz,139,15.0,train,Base_TC4,9553,OK,
/data/run01/scxk573/lsz/ysy/physicsnemo/data/dataset_springback_pair_Base_TC4_150/springback_pair_Base_TC4_sample_0139_020deg.npz,139,20.0,train,Base_TC4,9553,OK,
/data/run01/scxk573/lsz/ysy/physicsnemo/data/dataset_springback_pair_Base_TC4_150/springback_pair_Base_TC4_sample_0139_025deg.npz,139,25.0,train,Base_TC4,9553,OK,
/data/run01/scxk573/lsz/ysy/physicsnemo/data/dataset_springback_pair_Base_TC4_150/springback_pair_Base_TC4_sample_0139_030deg.npz,139,30.0,train,Base_TC4,9553,OK,
/data/run01/scxk573/lsz/ysy/physicsnemo/data/dataset_springback_pair_Base_TC4_150/springback_pair_Base_TC4_sample_0139_035deg.npz,139,35.0,train,Base_TC4,9553,OK,
/data/run01/scxk573/lsz/ysy/physicsnemo/data/dataset_springback_pair_Base_TC4_150/springback_pair_Base_TC4_sample_0139_040deg.npz,139,40.0,train,Base_TC4,9553,OK,
/data/run01/scxk573/lsz/ysy/physicsnemo/data/dataset_springback_pair_Base_TC4_150/springback_pair_Base_TC4_sample_0139_045deg.npz,139,45.0,train,Base_TC4,9553,OK,
/data/run01/scxk573/lsz/ysy/physicsnemo/data/dataset_springback_pair_Base_TC4_150/springback_pair_Base_TC4_sample_0139_050deg.npz,139,50.0,train,Base_TC4,9553,OK,
/data/run01/scxk573/lsz/ysy/physicsnemo/data/dataset_springback_pair_Base_TC4_150/springback_pair_Base_TC4_sample_0139_055deg.npz,139,55.0,train,Base_TC4,9553,OK,
/data/run01/scxk573/lsz/ysy/physicsnemo/data/dataset_springback_pair_Base_TC4_150/springback_pair_Base_TC4_sample_0139_060deg.npz,139,60.0,train,Base_TC4,9553,OK,
/data/run01/scxk573/lsz/ysy/physicsnemo/data/dataset_springback_pair_Base_TC4_150/springback_pair_Base_TC4_sample_0139_065deg.npz,139,65.0,train,Base_TC4,9553,OK,
/data/run01/scxk573/lsz/ysy/physicsnemo/data/dataset_springback_pair_Base_TC4_150/springback_pair_Base_TC4_sample_0139_070deg.npz,139,70.0,train,Base_TC4,9553,OK,
/data/run01/scxk573/lsz/ysy/physicsnemo/data/dataset_springback_pair_Base_TC4_150/springback_pair_Base_TC4_sample_0139_075deg.npz,139,75.0,train,Base_TC4,9553,OK,
/data/run01/scxk573/lsz/ysy/physicsnemo/data/dataset_springback_pair_Base_TC4_150/springback_pair_Base_TC4_sample_0139_080deg.npz,139,80.0,train,Base_TC4,9553,OK,
/data/run01/scxk573/lsz/ysy/physicsnemo/data/dataset_springback_pair_Base_TC4_150/springback_pair_Base_TC4_sample_0139_085deg.npz,139,85.0,train,Base_TC4,9553,OK,
/data/run01/scxk573/lsz/ysy/physicsnemo/data/dataset_springback_pair_Base_TC4_150/springback_pair_Base_TC4_sample_0139_090deg.npz,139,90.0,train,Base_TC4,9553,OK,
/data/run01/scxk573/lsz/ysy/physicsnemo/data/dataset_springback_pair_Base_TC4_150/springback_pair_Base_TC4_sample_0139_095deg.npz,139,95.0,train,Base_TC4,9553,OK,
/data/run01/scxk573/lsz/ysy/physicsnemo/data/dataset_springback_pair_Base_TC4_150/springback_pair_Base_TC4_sample_0139_100deg.npz,139,100.0,train,Base_TC4,9553,OK,
/data/run01/scxk573/lsz/ysy/physicsnemo/data/dataset_springback_pair_Base_TC4_150/springback_pair_Base_TC4_sample_0139_105deg.npz,139,105.0,train,Base_TC4,9553,OK,
/data/run01/scxk573/lsz/ysy/physicsnemo/data/dataset_springback_pair_Base_TC4_150/springback_pair_Base_TC4_sample_0139_110deg.npz,139,110.0,train,Base_TC4,9553,OK,
/data/run01/scxk573/lsz/ysy/physicsnemo/data/dataset_springback_pair_Base_TC4_150/springback_pair_Base_TC4_sample_0139_115deg.npz,139,115.0,train,Base_TC4,9553,OK,
/data/run01/scxk573/lsz/ysy/physicsnemo/data/dataset_springback_pair_Base_TC4_150/springback_pair_Base_TC4_sample_0139_120deg.npz,139,120.0,train,Base_TC4,9553,OK,
/data/run01/scxk573/lsz/ysy/physicsnemo/data/dataset_springback_pair_Base_TC4_150/springback_pair_Base_TC4_sample_0139_125deg.npz,139,125.0,train,Base_TC4,9553,OK,
/data/run01/scxk573/lsz/ysy/physicsnemo/data/dataset_springback_pair_Base_TC4_150/springback_pair_Base_TC4_sample_0139_130deg.npz,139,130.0,train,Base_TC4,9553,OK,
/data/run01/scxk573/lsz/ysy/physicsnemo/data/dataset_springback_pair_Base_TC4_150/springback_pair_Base_TC4_sample_0139_135deg.npz,139,135.0,train,Base_TC4,9553,OK,
/data/run01/scxk573/lsz/ysy/physicsnemo/data/dataset_springback_pair_Base_TC4_150/springback_pair_Base_TC4_sample_0139_140deg.npz,139,140.0,train,Base_TC4,9553,OK,
/data/run01/scxk573/lsz/ysy/physicsnemo/data/dataset_springback_pair_Base_TC4_150/springback_pair_Base_TC4_sample_0139_145deg.npz,139,145.0,train,Base_TC4,9553,OK,
/data/run01/scxk573/lsz/ysy/physicsnemo/data/dataset_springback_pair_Base_TC4_150/springback_pair_Base_TC4_sample_0139_150deg.npz,139,150.0,train,Base_TC4,9553,OK,
/data/run01/scxk573/lsz/ysy/physicsnemo/data/dataset_springback_pair_Base_TC4_150/springback_pair_Base_TC4_sample_0139_155deg.npz,139,155.0,train,Base_TC4,9553,OK,
/data/run01/scxk573/lsz/ysy/physicsnemo/data/dataset_springback_pair_Base_TC4_150/springback_pair_Base_TC4_sample_0139_160deg.npz,139,160.0,train,Base_TC4,9553,OK,
/data/run01/scxk573/lsz/ysy/physicsnemo/data/dataset_springback_pair_Base_TC4_150/springback_pair_Base_TC4_sample_0139_165deg.npz,139,165.0,train,Base_TC4,9553,OK,
/data/run01/scxk573/lsz/ysy/physicsnemo/data/dataset_springback_pair_Base_TC4_150/springback_pair_Base_TC4_sample_0139_170deg.npz,139,170.0,train,Base_TC4,9553,OK,
/data/run01/scxk573/lsz/ysy/physicsnemo/data/dataset_springback_pair_Base_TC4_150/springback_pair_Base_TC4_sample_0139_175deg.npz,139,175.0,train,Base_TC4,9553,OK,
/data/run01/scxk573/lsz/ysy/physicsnemo/data/dataset_springback_pair_Base_TC4_150/springback_pair_Base_TC4_sample_0139_180deg.npz,139,180.0,train,Base_TC4,9553,OK,
/data/run01/scxk573/lsz/ysy/physicsnemo/data/dataset_springback_pair_Base_TC4_150/springback_pair_Base_TC4_sample_0140_005deg.npz,140,5.0,train,Base_TC4,6048,OK,
/data/run01/scxk573/lsz/ysy/physicsnemo/data/dataset_springback_pair_Base_TC4_150/springback_pair_Base_TC4_sample_0140_010deg.npz,140,10.0,train,Base_TC4,6048,OK,
/data/run01/scxk573/lsz/ysy/physicsnemo/data/dataset_springback_pair_Base_TC4_150/springback_pair_Base_TC4_sample_0140_015deg.npz,140,15.0,train,Base_TC4,6048,OK,
/data/run01/scxk573/lsz/ysy/physicsnemo/data/dataset_springback_pair_Base_TC4_150/springback_pair_Base_TC4_sample_0140_020deg.npz,140,20.0,train,Base_TC4,6048,OK,
/data/run01/scxk573/lsz/ysy/physicsnemo/data/dataset_springback_pair_Base_TC4_150/springback_pair_Base_TC4_sample_0140_025deg.npz,140,25.0,train,Base_TC4,6048,OK,
/data/run01/scxk573/lsz/ysy/physicsnemo/data/dataset_springback_pair_Base_TC4_150/springback_pair_Base_TC4_sample_0140_030deg.npz,140,30.0,train,Base_TC4,6048,OK,
/data/run01/scxk573/lsz/ysy/physicsnemo/data/dataset_springback_pair_Base_TC4_150/springback_pair_Base_TC4_sample_0140_035deg.npz,140,35.0,train,Base_TC4,6048,OK,
/data/run01/scxk573/lsz/ysy/physicsnemo/data/dataset_springback_pair_Base_TC4_150/springback_pair_Base_TC4_sample_0140_040deg.npz,140,40.0,train,Base_TC4,6048,OK,
/data/run01/scxk573/lsz/ysy/physicsnemo/data/dataset_springback_pair_Base_TC4_150/springback_pair_Base_TC4_sample_0140_045deg.npz,140,45.0,train,Base_TC4,6048,OK,
/data/run01/scxk573/lsz/ysy/physicsnemo/data/dataset_springback_pair_Base_TC4_150/springback_pair_Base_TC4_sample_0140_050deg.npz,140,50.0,train,Base_TC4,6048,OK,
/data/run01/scxk573/lsz/ysy/physicsnemo/data/dataset_springback_pair_Base_TC4_150/springback_pair_Base_TC4_sample_0140_055deg.npz,140,55.0,train,Base_TC4,6048,OK,
/data/run01/scxk573/lsz/ysy/physicsnemo/data/dataset_springback_pair_Base_TC4_150/springback_pair_Base_TC4_sample_0140_060deg.npz,140,60.0,train,Base_TC4,6048,OK,
/data/run01/scxk573/lsz/ysy/physicsnemo/data/dataset_springback_pair_Base_TC4_150/springback_pair_Base_TC4_sample_0140_065deg.npz,140,65.0,train,Base_TC4,6048,OK,
/data/run01/scxk573/lsz/ysy/physicsnemo/data/dataset_springback_pair_Base_TC4_150/springback_pair_Base_TC4_sample_0140_070deg.npz,140,70.0,train,Base_TC4,6048,OK,
/data/run01/scxk573/lsz/ysy/physicsnemo/data/dataset_springback_pair_Base_TC4_150/springback_pair_Base_TC4_sample_0140_075deg.npz,140,75.0,train,Base_TC4,6048,OK,
/data/run01/scxk573/lsz/ysy/physicsnemo/data/dataset_springback_pair_Base_TC4_150/springback_pair_Base_TC4_sample_0140_080deg.npz,140,80.0,train,Base_TC4,6048,OK,
/data/run01/scxk573/lsz/ysy/physicsnemo/data/dataset_springback_pair_Base_TC4_150/springback_pair_Base_TC4_sample_0140_085deg.npz,140,85.0,train,Base_TC4,6048,OK,
/data/run01/scxk573/lsz/ysy/physicsnemo/data/dataset_springback_pair_Base_TC4_150/springback_pair_Base_TC4_sample_0140_090deg.npz,140,90.0,train,Base_TC4,6048,OK,
/data/run01/scxk573/lsz/ysy/physicsnemo/data/dataset_springback_pair_Base_TC4_150/springback_pair_Base_TC4_sample_0140_095deg.npz,140,95.0,train,Base_TC4,6048,OK,
/data/run01/scxk573/lsz/ysy/physicsnemo/data/dataset_springback_pair_Base_TC4_150/springback_pair_Base_TC4_sample_0140_100deg.npz,140,100.0,train,Base_TC4,6048,OK,
/data/run01/scxk573/lsz/ysy/physicsnemo/data/dataset_springback_pair_Base_TC4_150/springback_pair_Base_TC4_sample_0140_105deg.npz,140,105.0,train,Base_TC4,6048,OK,
/data/run01/scxk573/lsz/ysy/physicsnemo/data/dataset_springback_pair_Base_TC4_150/springback_pair_Base_TC4_sample_0140_110deg.npz,140,110.0,train,Base_TC4,6048,OK,
/data/run01/scxk573/lsz/ysy/physicsnemo/data/dataset_springback_pair_Base_TC4_150/springback_pair_Base_TC4_sample_0140_115deg.npz,140,115.0,train,Base_TC4,6048,OK,
/data/run01/scxk573/lsz/ysy/physicsnemo/data/dataset_springback_pair_Base_TC4_150/springback_pair_Base_TC4_sample_0140_120deg.npz,140,120.0,train,Base_TC4,6048,OK,
/data/run01/scxk573/lsz/ysy/physicsnemo/data/dataset_springback_pair_Base_TC4_150/springback_pair_Base_TC4_sample_0140_125deg.npz,140,125.0,train,Base_TC4,6048,OK,
/data/run01/scxk573/lsz/ysy/physicsnemo/data/dataset_springback_pair_Base_TC4_150/springback_pair_Base_TC4_sample_0140_130deg.npz,140,130.0,train,Base_TC4,6048,OK,
/data/run01/scxk573/lsz/ysy/physicsnemo/data/dataset_springback_pair_Base_TC4_150/springback_pair_Base_TC4_sample_0140_135deg.npz,140,135.0,train,Base_TC4,6048,OK,
/data/run01/scxk573/lsz/ysy/physicsnemo/data/dataset_springback_pair_Base_TC4_150/springback_pair_Base_TC4_sample_0140_140deg.npz,140,140.0,train,Base_TC4,6048,OK,
/data/run01/scxk573/lsz/ysy/physicsnemo/data/dataset_springback_pair_Base_TC4_150/springback_pair_Base_TC4_sample_0140_145deg.npz,140,145.0,train,Base_TC4,6048,OK,
/data/run01/scxk573/lsz/ysy/physicsnemo/data/dataset_springback_pair_Base_TC4_150/springback_pair_Base_TC4_sample_0140_150deg.npz,140,150.0,train,Base_TC4,6048,OK,
/data/run01/scxk573/lsz/ysy/physicsnemo/data/dataset_springback_pair_Base_TC4_150/springback_pair_Base_TC4_sample_0140_155deg.npz,140,155.0,train,Base_TC4,6048,OK,
/data/run01/scxk573/lsz/ysy/physicsnemo/data/dataset_springback_pair_Base_TC4_150/springback_pair_Base_TC4_sample_0140_160deg.npz,140,160.0,train,Base_TC4,6048,OK,
/data/run01/scxk573/lsz/ysy/physicsnemo/data/dataset_springback_pair_Base_TC4_150/springback_pair_Base_TC4_sample_0140_165deg.npz,140,165.0,train,Base_TC4,6048,OK,
/data/run01/scxk573/lsz/ysy/physicsnemo/data/dataset_springback_pair_Base_TC4_150/springback_pair_Base_TC4_sample_0140_170deg.npz,140,170.0,train,Base_TC4,6048,OK,
/data/run01/scxk573/lsz/ysy/physicsnemo/data/dataset_springback_pair_Base_TC4_150/springback_pair_Base_TC4_sample_0140_175deg.npz,140,175.0,train,Base_TC4,6048,OK,
/data/run01/scxk573/lsz/ysy/physicsnemo/data/dataset_springback_pair_Base_TC4_150/springback_pair_Base_TC4_sample_0140_180deg.npz,140,180.0,train,Base_TC4,6048,OK,
/data/run01/scxk573/lsz/ysy/physicsnemo/data/dataset_springback_pair_Base_TC4_150/springback_pair_Base_TC4_sample_0141_005deg.npz,141,5.0,train,Base_TC4,19965,OK,
/data/run01/scxk573/lsz/ysy/physicsnemo/data/dataset_springback_pair_Base_TC4_150/springback_pair_Base_TC4_sample_0141_010deg.npz,141,10.0,train,Base_TC4,19965,OK,
/data/run01/scxk573/lsz/ysy/physicsnemo/data/dataset_springback_pair_Base_TC4_150/springback_pair_Base_TC4_sample_0141_015deg.npz,141,15.0,train,Base_TC4,19965,OK,
/data/run01/scxk573/lsz/ysy/physicsnemo/data/dataset_springback_pair_Base_TC4_150/springback_pair_Base_TC4_sample_0141_020deg.npz,141,20.0,train,Base_TC4,19965,OK,
/data/run01/scxk573/lsz/ysy/physicsnemo/data/dataset_springback_pair_Base_TC4_150/springback_pair_Base_TC4_sample_0141_025deg.npz,141,25.0,train,Base_TC4,19965,OK,
/data/run01/scxk573/lsz/ysy/physicsnemo/data/dataset_springback_pair_Base_TC4_150/springback_pair_Base_TC4_sample_0141_030deg.npz,141,30.0,train,Base_TC4,19965,OK,
/data/run01/scxk573/lsz/ysy/physicsnemo/data/dataset_springback_pair_Base_TC4_150/springback_pair_Base_TC4_sample_0141_035deg.npz,141,35.0,train,Base_TC4,19965,OK,
/data/run01/scxk573/lsz/ysy/physicsnemo/data/dataset_springback_pair_Base_TC4_150/springback_pair_Base_TC4_sample_0141_040deg.npz,141,40.0,train,Base_TC4,19965,OK,
/data/run01/scxk573/lsz/ysy/physicsnemo/data/dataset_springback_pair_Base_TC4_150/springback_pair_Base_TC4_sample_0141_045deg.npz,141,45.0,train,Base_TC4,19965,OK,
/data/run01/scxk573/lsz/ysy/physicsnemo/data/dataset_springback_pair_Base_TC4_150/springback_pair_Base_TC4_sample_0141_050deg.npz,141,50.0,train,Base_TC4,19965,OK,
/data/run01/scxk573/lsz/ysy/physicsnemo/data/dataset_springback_pair_Base_TC4_150/springback_pair_Base_TC4_sample_0141_055deg.npz,141,55.0,train,Base_TC4,19965,OK,
/data/run01/scxk573/lsz/ysy/physicsnemo/data/dataset_springback_pair_Base_TC4_150/springback_pair_Base_TC4_sample_0141_060deg.npz,141,60.0,train,Base_TC4,19965,OK,
/data/run01/scxk573/lsz/ysy/physicsnemo/data/dataset_springback_pair_Base_TC4_150/springback_pair_Base_TC4_sample_0141_065deg.npz,141,65.0,train,Base_TC4,19965,OK,
/data/run01/scxk573/lsz/ysy/physicsnemo/data/dataset_springback_pair_Base_TC4_150/springback_pair_Base_TC4_sample_0141_070deg.npz,141,70.0,train,Base_TC4,19965,OK,
/data/run01/scxk573/lsz/ysy/physicsnemo/data/dataset_springback_pair_Base_TC4_150/springback_pair_Base_TC4_sample_0141_075deg.npz,141,75.0,train,Base_TC4,19965,OK,
/data/run01/scxk573/lsz/ysy/physicsnemo/data/dataset_springback_pair_Base_TC4_150/springback_pair_Base_TC4_sample_0141_080deg.npz,141,80.0,train,Base_TC4,19965,OK,
/data/run01/scxk573/lsz/ysy/physicsnemo/data/dataset_springback_pair_Base_TC4_150/springback_pair_Base_TC4_sample_0141_085deg.npz,141,85.0,train,Base_TC4,19965,OK,
/data/run01/scxk573/lsz/ysy/physicsnemo/data/dataset_springback_pair_Base_TC4_150/springback_pair_Base_TC4_sample_0141_090deg.npz,141,90.0,train,Base_TC4,19965,OK,
/data/run01/scxk573/lsz/ysy/physicsnemo/data/dataset_springback_pair_Base_TC4_150/springback_pair_Base_TC4_sample_0141_095deg.npz,141,95.0,train,Base_TC4,19965,OK,
/data/run01/scxk573/lsz/ysy/physicsnemo/data/dataset_springback_pair_Base_TC4_150/springback_pair_Base_TC4_sample_0141_100deg.npz,141,100.0,train,Base_TC4,19965,OK,
/data/run01/scxk573/lsz/ysy/physicsnemo/data/dataset_springback_pair_Base_TC4_150/springback_pair_Base_TC4_sample_0141_105deg.npz,141,105.0,train,Base_TC4,19965,OK,
/data/run01/scxk573/lsz/ysy/physicsnemo/data/dataset_springback_pair_Base_TC4_150/springback_pair_Base_TC4_sample_0141_110deg.npz,141,110.0,train,Base_TC4,19965,OK,
/data/run01/scxk573/lsz/ysy/physicsnemo/data/dataset_springback_pair_Base_TC4_150/springback_pair_Base_TC4_sample_0141_115deg.npz,141,115.0,train,Base_TC4,19965,OK,
/data/run01/scxk573/lsz/ysy/physicsnemo/data/dataset_springback_pair_Base_TC4_150/springback_pair_Base_TC4_sample_0141_120deg.npz,141,120.0,train,Base_TC4,19965,OK,
/data/run01/scxk573/lsz/ysy/physicsnemo/data/dataset_springback_pair_Base_TC4_150/springback_pair_Base_TC4_sample_0141_125deg.npz,141,125.0,train,Base_TC4,19965,OK,
/data/run01/scxk573/lsz/ysy/physicsnemo/data/dataset_springback_pair_Base_TC4_150/springback_pair_Base_TC4_sample_0141_130deg.npz,141,130.0,train,Base_TC4,19965,OK,
/data/run01/scxk573/lsz/ysy/physicsnemo/data/dataset_springback_pair_Base_TC4_150/springback_pair_Base_TC4_sample_0141_135deg.npz,141,135.0,train,Base_TC4,19965,OK,
/data/run01/scxk573/lsz/ysy/physicsnemo/data/dataset_springback_pair_Base_TC4_150/springback_pair_Base_TC4_sample_0141_140deg.npz,141,140.0,train,Base_TC4,19965,OK,
/data/run01/scxk573/lsz/ysy/physicsnemo/data/dataset_springback_pair_Base_TC4_150/springback_pair_Base_TC4_sample_0141_145deg.npz,141,145.0,train,Base_TC4,19965,OK,
/data/run01/scxk573/lsz/ysy/physicsnemo/data/dataset_springback_pair_Base_TC4_150/springback_pair_Base_TC4_sample_0141_150deg.npz,141,150.0,train,Base_TC4,19965,OK,
/data/run01/scxk573/lsz/ysy/physicsnemo/data/dataset_springback_pair_Base_TC4_150/springback_pair_Base_TC4_sample_0141_155deg.npz,141,155.0,train,Base_TC4,19965,OK,
/data/run01/scxk573/lsz/ysy/physicsnemo/data/dataset_springback_pair_Base_TC4_150/springback_pair_Base_TC4_sample_0141_160deg.npz,141,160.0,train,Base_TC4,19965,OK,
/data/run01/scxk573/lsz/ysy/physicsnemo/data/dataset_springback_pair_Base_TC4_150/springback_pair_Base_TC4_sample_0141_165deg.npz,141,165.0,train,Base_TC4,19965,OK,
/data/run01/scxk573/lsz/ysy/physicsnemo/data/dataset_springback_pair_Base_TC4_150/springback_pair_Base_TC4_sample_0141_170deg.npz,141,170.0,train,Base_TC4,19965,OK,
/data/run01/scxk573/lsz/ysy/physicsnemo/data/dataset_springback_pair_Base_TC4_150/springback_pair_Base_TC4_sample_0141_175deg.npz,141,175.0,train,Base_TC4,19965,OK,
/data/run01/scxk573/lsz/ysy/physicsnemo/data/dataset_springback_pair_Base_TC4_150/springback_pair_Base_TC4_sample_0141_180deg.npz,141,180.0,train,Base_TC4,19965,OK,
/data/run01/scxk573/lsz/ysy/physicsnemo/data/dataset_springback_pair_Base_TC4_150/springback_pair_Base_TC4_sample_0142_005deg.npz,142,5.0,train,Base_TC4,7622,OK,
/data/run01/scxk573/lsz/ysy/physicsnemo/data/dataset_springback_pair_Base_TC4_150/springback_pair_Base_TC4_sample_0142_010deg.npz,142,10.0,train,Base_TC4,7622,OK,
/data/run01/scxk573/lsz/ysy/physicsnemo/data/dataset_springback_pair_Base_TC4_150/springback_pair_Base_TC4_sample_0142_015deg.npz,142,15.0,train,Base_TC4,7622,OK,
/data/run01/scxk573/lsz/ysy/physicsnemo/data/dataset_springback_pair_Base_TC4_150/springback_pair_Base_TC4_sample_0142_020deg.npz,142,20.0,train,Base_TC4,7622,OK,
/data/run01/scxk573/lsz/ysy/physicsnemo/data/dataset_springback_pair_Base_TC4_150/springback_pair_Base_TC4_sample_0142_025deg.npz,142,25.0,train,Base_TC4,7622,OK,
/data/run01/scxk573/lsz/ysy/physicsnemo/data/dataset_springback_pair_Base_TC4_150/springback_pair_Base_TC4_sample_0142_030deg.npz,142,30.0,train,Base_TC4,7622,OK,
/data/run01/scxk573/lsz/ysy/physicsnemo/data/dataset_springback_pair_Base_TC4_150/springback_pair_Base_TC4_sample_0142_035deg.npz,142,35.0,train,Base_TC4,7622,OK,
/data/run01/scxk573/lsz/ysy/physicsnemo/data/dataset_springback_pair_Base_TC4_150/springback_pair_Base_TC4_sample_0142_040deg.npz,142,40.0,train,Base_TC4,7622,OK,
/data/run01/scxk573/lsz/ysy/physicsnemo/data/dataset_springback_pair_Base_TC4_150/springback_pair_Base_TC4_sample_0142_045deg.npz,142,45.0,train,Base_TC4,7622,OK,
/data/run01/scxk573/lsz/ysy/physicsnemo/data/dataset_springback_pair_Base_TC4_150/springback_pair_Base_TC4_sample_0142_050deg.npz,142,50.0,train,Base_TC4,7622,OK,
/data/run01/scxk573/lsz/ysy/physicsnemo/data/dataset_springback_pair_Base_TC4_150/springback_pair_Base_TC4_sample_0142_055deg.npz,142,55.0,train,Base_TC4,7622,OK,
/data/run01/scxk573/lsz/ysy/physicsnemo/data/dataset_springback_pair_Base_TC4_150/springback_pair_Base_TC4_sample_0142_060deg.npz,142,60.0,train,Base_TC4,7622,OK,
/data/run01/scxk573/lsz/ysy/physicsnemo/data/dataset_springback_pair_Base_TC4_150/springback_pair_Base_TC4_sample_0142_065deg.npz,142,65.0,train,Base_TC4,7622,OK,
/data/run01/scxk573/lsz/ysy/physicsnemo/data/dataset_springback_pair_Base_TC4_150/springback_pair_Base_TC4_sample_0142_070deg.npz,142,70.0,train,Base_TC4,7622,OK,
/data/run01/scxk573/lsz/ysy/physicsnemo/data/dataset_springback_pair_Base_TC4_150/springback_pair_Base_TC4_sample_0142_075deg.npz,142,75.0,train,Base_TC4,7622,OK,
/data/run01/scxk573/lsz/ysy/physicsnemo/data/dataset_springback_pair_Base_TC4_150/springback_pair_Base_TC4_sample_0142_080deg.npz,142,80.0,train,Base_TC4,7622,OK,
/data/run01/scxk573/lsz/ysy/physicsnemo/data/dataset_springback_pair_Base_TC4_150/springback_pair_Base_TC4_sample_0142_085deg.npz,142,85.0,train,Base_TC4,7622,OK,
/data/run01/scxk573/lsz/ysy/physicsnemo/data/dataset_springback_pair_Base_TC4_150/springback_pair_Base_TC4_sample_0142_090deg.npz,142,90.0,train,Base_TC4,7622,OK,
/data/run01/scxk573/lsz/ysy/physicsnemo/data/dataset_springback_pair_Base_TC4_150/springback_pair_Base_TC4_sample_0142_095deg.npz,142,95.0,train,Base_TC4,7622,OK,
/data/run01/scxk573/lsz/ysy/physicsnemo/data/dataset_springback_pair_Base_TC4_150/springback_pair_Base_TC4_sample_0142_100deg.npz,142,100.0,train,Base_TC4,7622,OK,
/data/run01/scxk573/lsz/ysy/physicsnemo/data/dataset_springback_pair_Base_TC4_150/springback_pair_Base_TC4_sample_0142_105deg.npz,142,105.0,train,Base_TC4,7622,OK,
/data/run01/scxk573/lsz/ysy/physicsnemo/data/dataset_springback_pair_Base_TC4_150/springback_pair_Base_TC4_sample_0142_110deg.npz,142,110.0,train,Base_TC4,7622,OK,
/data/run01/scxk573/lsz/ysy/physicsnemo/data/dataset_springback_pair_Base_TC4_150/springback_pair_Base_TC4_sample_0142_115deg.npz,142,115.0,train,Base_TC4,7622,OK,
/data/run01/scxk573/lsz/ysy/physicsnemo/data/dataset_springback_pair_Base_TC4_150/springback_pair_Base_TC4_sample_0142_120deg.npz,142,120.0,train,Base_TC4,7622,OK,
/data/run01/scxk573/lsz/ysy/physicsnemo/data/dataset_springback_pair_Base_TC4_150/springback_pair_Base_TC4_sample_0142_125deg.npz,142,125.0,train,Base_TC4,7622,OK,
/data/run01/scxk573/lsz/ysy/physicsnemo/data/dataset_springback_pair_Base_TC4_150/springback_pair_Base_TC4_sample_0142_130deg.npz,142,130.0,train,Base_TC4,7622,OK,
/data/run01/scxk573/lsz/ysy/physicsnemo/data/dataset_springback_pair_Base_TC4_150/springback_pair_Base_TC4_sample_0142_135deg.npz,142,135.0,train,Base_TC4,7622,OK,
/data/run01/scxk573/lsz/ysy/physicsnemo/data/dataset_springback_pair_Base_TC4_150/springback_pair_Base_TC4_sample_0142_140deg.npz,142,140.0,train,Base_TC4,7622,OK,
/data/run01/scxk573/lsz/ysy/physicsnemo/data/dataset_springback_pair_Base_TC4_150/springback_pair_Base_TC4_sample_0142_145deg.npz,142,145.0,train,Base_TC4,7622,OK,
/data/run01/scxk573/lsz/ysy/physicsnemo/data/dataset_springback_pair_Base_TC4_150/springback_pair_Base_TC4_sample_0142_150deg.npz,142,150.0,train,Base_TC4,7622,OK,
/data/run01/scxk573/lsz/ysy/physicsnemo/data/dataset_springback_pair_Base_TC4_150/springback_pair_Base_TC4_sample_0142_155deg.npz,142,155.0,train,Base_TC4,7622,OK,
/data/run01/scxk573/lsz/ysy/physicsnemo/data/dataset_springback_pair_Base_TC4_150/springback_pair_Base_TC4_sample_0142_160deg.npz,142,160.0,train,Base_TC4,7622,OK,
/data/run01/scxk573/lsz/ysy/physicsnemo/data/dataset_springback_pair_Base_TC4_150/springback_pair_Base_TC4_sample_0142_165deg.npz,142,165.0,train,Base_TC4,7622,OK,
/data/run01/scxk573/lsz/ysy/physicsnemo/data/dataset_springback_pair_Base_TC4_150/springback_pair_Base_TC4_sample_0142_170deg.npz,142,170.0,train,Base_TC4,7622,OK,
/data/run01/scxk573/lsz/ysy/physicsnemo/data/dataset_springback_pair_Base_TC4_150/springback_pair_Base_TC4_sample_0142_175deg.npz,142,175.0,train,Base_TC4,7622,OK,
/data/run01/scxk573/lsz/ysy/physicsnemo/data/dataset_springback_pair_Base_TC4_150/springback_pair_Base_TC4_sample_0142_180deg.npz,142,180.0,train,Base_TC4,7622,OK,
/data/run01/scxk573/lsz/ysy/physicsnemo/data/dataset_springback_pair_Base_TC4_150/springback_pair_Base_TC4_sample_0143_005deg.npz,143,5.0,val,Base_TC4,11220,OK,
/data/run01/scxk573/lsz/ysy/physicsnemo/data/dataset_springback_pair_Base_TC4_150/springback_pair_Base_TC4_sample_0143_010deg.npz,143,10.0,val,Base_TC4,11220,OK,
/data/run01/scxk573/lsz/ysy/physicsnemo/data/dataset_springback_pair_Base_TC4_150/springback_pair_Base_TC4_sample_0143_015deg.npz,143,15.0,val,Base_TC4,11220,OK,
/data/run01/scxk573/lsz/ysy/physicsnemo/data/dataset_springback_pair_Base_TC4_150/springback_pair_Base_TC4_sample_0143_020deg.npz,143,20.0,val,Base_TC4,11220,OK,
/data/run01/scxk573/lsz/ysy/physicsnemo/data/dataset_springback_pair_Base_TC4_150/springback_pair_Base_TC4_sample_0143_025deg.npz,143,25.0,val,Base_TC4,11220,OK,
/data/run01/scxk573/lsz/ysy/physicsnemo/data/dataset_springback_pair_Base_TC4_150/springback_pair_Base_TC4_sample_0143_030deg.npz,143,30.0,val,Base_TC4,11220,OK,
/data/run01/scxk573/lsz/ysy/physicsnemo/data/dataset_springback_pair_Base_TC4_150/springback_pair_Base_TC4_sample_0143_035deg.npz,143,35.0,val,Base_TC4,11220,OK,
/data/run01/scxk573/lsz/ysy/physicsnemo/data/dataset_springback_pair_Base_TC4_150/springback_pair_Base_TC4_sample_0143_040deg.npz,143,40.0,val,Base_TC4,11220,OK,
/data/run01/scxk573/lsz/ysy/physicsnemo/data/dataset_springback_pair_Base_TC4_150/springback_pair_Base_TC4_sample_0143_045deg.npz,143,45.0,val,Base_TC4,11220,OK,
/data/run01/scxk573/lsz/ysy/physicsnemo/data/dataset_springback_pair_Base_TC4_150/springback_pair_Base_TC4_sample_0143_050deg.npz,143,50.0,val,Base_TC4,11220,OK,
/data/run01/scxk573/lsz/ysy/physicsnemo/data/dataset_springback_pair_Base_TC4_150/springback_pair_Base_TC4_sample_0143_055deg.npz,143,55.0,val,Base_TC4,11220,OK,
/data/run01/scxk573/lsz/ysy/physicsnemo/data/dataset_springback_pair_Base_TC4_150/springback_pair_Base_TC4_sample_0143_060deg.npz,143,60.0,val,Base_TC4,11220,OK,
/data/run01/scxk573/lsz/ysy/physicsnemo/data/dataset_springback_pair_Base_TC4_150/springback_pair_Base_TC4_sample_0143_065deg.npz,143,65.0,val,Base_TC4,11220,OK,
/data/run01/scxk573/lsz/ysy/physicsnemo/data/dataset_springback_pair_Base_TC4_150/springback_pair_Base_TC4_sample_0143_070deg.npz,143,70.0,val,Base_TC4,11220,OK,
/data/run01/scxk573/lsz/ysy/physicsnemo/data/dataset_springback_pair_Base_TC4_150/springback_pair_Base_TC4_sample_0143_075deg.npz,143,75.0,val,Base_TC4,11220,OK,
/data/run01/scxk573/lsz/ysy/physicsnemo/data/dataset_springback_pair_Base_TC4_150/springback_pair_Base_TC4_sample_0143_080deg.npz,143,80.0,val,Base_TC4,11220,OK,
/data/run01/scxk573/lsz/ysy/physicsnemo/data/dataset_springback_pair_Base_TC4_150/springback_pair_Base_TC4_sample_0143_085deg.npz,143,85.0,val,Base_TC4,11220,OK,
/data/run01/scxk573/lsz/ysy/physicsnemo/data/dataset_springback_pair_Base_TC4_150/springback_pair_Base_TC4_sample_0143_090deg.npz,143,90.0,val,Base_TC4,11220,OK,
/data/run01/scxk573/lsz/ysy/physicsnemo/data/dataset_springback_pair_Base_TC4_150/springback_pair_Base_TC4_sample_0143_095deg.npz,143,95.0,val,Base_TC4,11220,OK,
/data/run01/scxk573/lsz/ysy/physicsnemo/data/dataset_springback_pair_Base_TC4_150/springback_pair_Base_TC4_sample_0143_100deg.npz,143,100.0,val,Base_TC4,11220,OK,
/data/run01/scxk573/lsz/ysy/physicsnemo/data/dataset_springback_pair_Base_TC4_150/springback_pair_Base_TC4_sample_0143_105deg.npz,143,105.0,val,Base_TC4,11220,OK,
/data/run01/scxk573/lsz/ysy/physicsnemo/data/dataset_springback_pair_Base_TC4_150/springback_pair_Base_TC4_sample_0143_110deg.npz,143,110.0,val,Base_TC4,11220,OK,
/data/run01/scxk573/lsz/ysy/physicsnemo/data/dataset_springback_pair_Base_TC4_150/springback_pair_Base_TC4_sample_0143_115deg.npz,143,115.0,val,Base_TC4,11220,OK,
/data/run01/scxk573/lsz/ysy/physicsnemo/data/dataset_springback_pair_Base_TC4_150/springback_pair_Base_TC4_sample_0143_120deg.npz,143,120.0,val,Base_TC4,11220,OK,
/data/run01/scxk573/lsz/ysy/physicsnemo/data/dataset_springback_pair_Base_TC4_150/springback_pair_Base_TC4_sample_0143_125deg.npz,143,125.0,val,Base_TC4,11220,OK,
/data/run01/scxk573/lsz/ysy/physicsnemo/data/dataset_springback_pair_Base_TC4_150/springback_pair_Base_TC4_sample_0143_130deg.npz,143,130.0,val,Base_TC4,11220,OK,
/data/run01/scxk573/lsz/ysy/physicsnemo/data/dataset_springback_pair_Base_TC4_150/springback_pair_Base_TC4_sample_0143_135deg.npz,143,135.0,val,Base_TC4,11220,OK,
/data/run01/scxk573/lsz/ysy/physicsnemo/data/dataset_springback_pair_Base_TC4_150/springback_pair_Base_TC4_sample_0143_140deg.npz,143,140.0,val,Base_TC4,11220,OK,
/data/run01/scxk573/lsz/ysy/physicsnemo/data/dataset_springback_pair_Base_TC4_150/springback_pair_Base_TC4_sample_0143_145deg.npz,143,145.0,val,Base_TC4,11220,OK,
/data/run01/scxk573/lsz/ysy/physicsnemo/data/dataset_springback_pair_Base_TC4_150/springback_pair_Base_TC4_sample_0143_150deg.npz,143,150.0,val,Base_TC4,11220,OK,
/data/run01/scxk573/lsz/ysy/physicsnemo/data/dataset_springback_pair_Base_TC4_150/springback_pair_Base_TC4_sample_0143_155deg.npz,143,155.0,val,Base_TC4,11220,OK,
/data/run01/scxk573/lsz/ysy/physicsnemo/data/dataset_springback_pair_Base_TC4_150/springback_pair_Base_TC4_sample_0143_160deg.npz,143,160.0,val,Base_TC4,11220,OK,
/data/run01/scxk573/lsz/ysy/physicsnemo/data/dataset_springback_pair_Base_TC4_150/springback_pair_Base_TC4_sample_0143_165deg.npz,143,165.0,val,Base_TC4,11220,OK,
/data/run01/scxk573/lsz/ysy/physicsnemo/data/dataset_springback_pair_Base_TC4_150/springback_pair_Base_TC4_sample_0143_170deg.npz,143,170.0,val,Base_TC4,11220,OK,
/data/run01/scxk573/lsz/ysy/physicsnemo/data/dataset_springback_pair_Base_TC4_150/springback_pair_Base_TC4_sample_0143_175deg.npz,143,175.0,val,Base_TC4,11220,OK,
/data/run01/scxk573/lsz/ysy/physicsnemo/data/dataset_springback_pair_Base_TC4_150/springback_pair_Base_TC4_sample_0143_180deg.npz,143,180.0,val,Base_TC4,11220,OK,
/data/run01/scxk573/lsz/ysy/physicsnemo/data/dataset_springback_pair_Base_TC4_150/springback_pair_Base_TC4_sample_0144_005deg.npz,144,5.0,train,Base_TC4,21344,OK,
/data/run01/scxk573/lsz/ysy/physicsnemo/data/dataset_springback_pair_Base_TC4_150/springback_pair_Base_TC4_sample_0144_010deg.npz,144,10.0,train,Base_TC4,21344,OK,
/data/run01/scxk573/lsz/ysy/physicsnemo/data/dataset_springback_pair_Base_TC4_150/springback_pair_Base_TC4_sample_0144_015deg.npz,144,15.0,train,Base_TC4,21344,OK,
/data/run01/scxk573/lsz/ysy/physicsnemo/data/dataset_springback_pair_Base_TC4_150/springback_pair_Base_TC4_sample_0144_020deg.npz,144,20.0,train,Base_TC4,21344,OK,
/data/run01/scxk573/lsz/ysy/physicsnemo/data/dataset_springback_pair_Base_TC4_150/springback_pair_Base_TC4_sample_0144_025deg.npz,144,25.0,train,Base_TC4,21344,OK,
/data/run01/scxk573/lsz/ysy/physicsnemo/data/dataset_springback_pair_Base_TC4_150/springback_pair_Base_TC4_sample_0144_030deg.npz,144,30.0,train,Base_TC4,21344,OK,
/data/run01/scxk573/lsz/ysy/physicsnemo/data/dataset_springback_pair_Base_TC4_150/springback_pair_Base_TC4_sample_0144_035deg.npz,144,35.0,train,Base_TC4,21344,OK,
/data/run01/scxk573/lsz/ysy/physicsnemo/data/dataset_springback_pair_Base_TC4_150/springback_pair_Base_TC4_sample_0144_040deg.npz,144,40.0,train,Base_TC4,21344,OK,
/data/run01/scxk573/lsz/ysy/physicsnemo/data/dataset_springback_pair_Base_TC4_150/springback_pair_Base_TC4_sample_0144_045deg.npz,144,45.0,train,Base_TC4,21344,OK,
/data/run01/scxk573/lsz/ysy/physicsnemo/data/dataset_springback_pair_Base_TC4_150/springback_pair_Base_TC4_sample_0144_050deg.npz,144,50.0,train,Base_TC4,21344,OK,
/data/run01/scxk573/lsz/ysy/physicsnemo/data/dataset_springback_pair_Base_TC4_150/springback_pair_Base_TC4_sample_0144_055deg.npz,144,55.0,train,Base_TC4,21344,OK,
/data/run01/scxk573/lsz/ysy/physicsnemo/data/dataset_springback_pair_Base_TC4_150/springback_pair_Base_TC4_sample_0144_060deg.npz,144,60.0,train,Base_TC4,21344,OK,
/data/run01/scxk573/lsz/ysy/physicsnemo/data/dataset_springback_pair_Base_TC4_150/springback_pair_Base_TC4_sample_0144_065deg.npz,144,65.0,train,Base_TC4,21344,OK,
/data/run01/scxk573/lsz/ysy/physicsnemo/data/dataset_springback_pair_Base_TC4_150/springback_pair_Base_TC4_sample_0144_070deg.npz,144,70.0,train,Base_TC4,21344,OK,
/data/run01/scxk573/lsz/ysy/physicsnemo/data/dataset_springback_pair_Base_TC4_150/springback_pair_Base_TC4_sample_0144_075deg.npz,144,75.0,train,Base_TC4,21344,OK,
/data/run01/scxk573/lsz/ysy/physicsnemo/data/dataset_springback_pair_Base_TC4_150/springback_pair_Base_TC4_sample_0144_080deg.npz,144,80.0,train,Base_TC4,21344,OK,
/data/run01/scxk573/lsz/ysy/physicsnemo/data/dataset_springback_pair_Base_TC4_150/springback_pair_Base_TC4_sample_0144_085deg.npz,144,85.0,train,Base_TC4,21344,OK,
/data/run01/scxk573/lsz/ysy/physicsnemo/data/dataset_springback_pair_Base_TC4_150/springback_pair_Base_TC4_sample_0144_090deg.npz,144,90.0,train,Base_TC4,21344,OK,
/data/run01/scxk573/lsz/ysy/physicsnemo/data/dataset_springback_pair_Base_TC4_150/springback_pair_Base_TC4_sample_0144_095deg.npz,144,95.0,train,Base_TC4,21344,OK,
/data/run01/scxk573/lsz/ysy/physicsnemo/data/dataset_springback_pair_Base_TC4_150/springback_pair_Base_TC4_sample_0144_100deg.npz,144,100.0,train,Base_TC4,21344,OK,
/data/run01/scxk573/lsz/ysy/physicsnemo/data/dataset_springback_pair_Base_TC4_150/springback_pair_Base_TC4_sample_0144_105deg.npz,144,105.0,train,Base_TC4,21344,OK,
/data/run01/scxk573/lsz/ysy/physicsnemo/data/dataset_springback_pair_Base_TC4_150/springback_pair_Base_TC4_sample_0144_110deg.npz,144,110.0,train,Base_TC4,21344,OK,
/data/run01/scxk573/lsz/ysy/physicsnemo/data/dataset_springback_pair_Base_TC4_150/springback_pair_Base_TC4_sample_0144_115deg.npz,144,115.0,train,Base_TC4,21344,OK,
/data/run01/scxk573/lsz/ysy/physicsnemo/data/dataset_springback_pair_Base_TC4_150/springback_pair_Base_TC4_sample_0144_120deg.npz,144,120.0,train,Base_TC4,21344,OK,
/data/run01/scxk573/lsz/ysy/physicsnemo/data/dataset_springback_pair_Base_TC4_150/springback_pair_Base_TC4_sample_0144_125deg.npz,144,125.0,train,Base_TC4,21344,OK,
/data/run01/scxk573/lsz/ysy/physicsnemo/data/dataset_springback_pair_Base_TC4_150/springback_pair_Base_TC4_sample_0144_130deg.npz,144,130.0,train,Base_TC4,21344,OK,
/data/run01/scxk573/lsz/ysy/physicsnemo/data/dataset_springback_pair_Base_TC4_150/springback_pair_Base_TC4_sample_0144_135deg.npz,144,135.0,train,Base_TC4,21344,OK,
/data/run01/scxk573/lsz/ysy/physicsnemo/data/dataset_springback_pair_Base_TC4_150/springback_pair_Base_TC4_sample_0144_140deg.npz,144,140.0,train,Base_TC4,21344,OK,
/data/run01/scxk573/lsz/ysy/physicsnemo/data/dataset_springback_pair_Base_TC4_150/springback_pair_Base_TC4_sample_0144_145deg.npz,144,145.0,train,Base_TC4,21344,OK,
/data/run01/scxk573/lsz/ysy/physicsnemo/data/dataset_springback_pair_Base_TC4_150/springback_pair_Base_TC4_sample_0144_150deg.npz,144,150.0,train,Base_TC4,21344,OK,
/data/run01/scxk573/lsz/ysy/physicsnemo/data/dataset_springback_pair_Base_TC4_150/springback_pair_Base_TC4_sample_0144_155deg.npz,144,155.0,train,Base_TC4,21344,OK,
/data/run01/scxk573/lsz/ysy/physicsnemo/data/dataset_springback_pair_Base_TC4_150/springback_pair_Base_TC4_sample_0144_160deg.npz,144,160.0,train,Base_TC4,21344,OK,
/data/run01/scxk573/lsz/ysy/physicsnemo/data/dataset_springback_pair_Base_TC4_150/springback_pair_Base_TC4_sample_0144_165deg.npz,144,165.0,train,Base_TC4,21344,OK,
/data/run01/scxk573/lsz/ysy/physicsnemo/data/dataset_springback_pair_Base_TC4_150/springback_pair_Base_TC4_sample_0144_170deg.npz,144,170.0,train,Base_TC4,21344,OK,
/data/run01/scxk573/lsz/ysy/physicsnemo/data/dataset_springback_pair_Base_TC4_150/springback_pair_Base_TC4_sample_0144_175deg.npz,144,175.0,train,Base_TC4,21344,OK,
/data/run01/scxk573/lsz/ysy/physicsnemo/data/dataset_springback_pair_Base_TC4_150/springback_pair_Base_TC4_sample_0144_180deg.npz,144,180.0,train,Base_TC4,21344,OK,
/data/run01/scxk573/lsz/ysy/physicsnemo/data/dataset_springback_pair_Base_TC4_150/springback_pair_Base_TC4_sample_0145_005deg.npz,145,5.0,train,Base_TC4,16218,OK,
/data/run01/scxk573/lsz/ysy/physicsnemo/data/dataset_springback_pair_Base_TC4_150/springback_pair_Base_TC4_sample_0145_010deg.npz,145,10.0,train,Base_TC4,16218,OK,
/data/run01/scxk573/lsz/ysy/physicsnemo/data/dataset_springback_pair_Base_TC4_150/springback_pair_Base_TC4_sample_0145_015deg.npz,145,15.0,train,Base_TC4,16218,OK,
/data/run01/scxk573/lsz/ysy/physicsnemo/data/dataset_springback_pair_Base_TC4_150/springback_pair_Base_TC4_sample_0145_020deg.npz,145,20.0,train,Base_TC4,16218,OK,
/data/run01/scxk573/lsz/ysy/physicsnemo/data/dataset_springback_pair_Base_TC4_150/springback_pair_Base_TC4_sample_0145_025deg.npz,145,25.0,train,Base_TC4,16218,OK,
/data/run01/scxk573/lsz/ysy/physicsnemo/data/dataset_springback_pair_Base_TC4_150/springback_pair_Base_TC4_sample_0145_030deg.npz,145,30.0,train,Base_TC4,16218,OK,
/data/run01/scxk573/lsz/ysy/physicsnemo/data/dataset_springback_pair_Base_TC4_150/springback_pair_Base_TC4_sample_0145_035deg.npz,145,35.0,train,Base_TC4,16218,OK,
/data/run01/scxk573/lsz/ysy/physicsnemo/data/dataset_springback_pair_Base_TC4_150/springback_pair_Base_TC4_sample_0145_040deg.npz,145,40.0,train,Base_TC4,16218,OK,
/data/run01/scxk573/lsz/ysy/physicsnemo/data/dataset_springback_pair_Base_TC4_150/springback_pair_Base_TC4_sample_0145_045deg.npz,145,45.0,train,Base_TC4,16218,OK,
/data/run01/scxk573/lsz/ysy/physicsnemo/data/dataset_springback_pair_Base_TC4_150/springback_pair_Base_TC4_sample_0145_050deg.npz,145,50.0,train,Base_TC4,16218,OK,
/data/run01/scxk573/lsz/ysy/physicsnemo/data/dataset_springback_pair_Base_TC4_150/springback_pair_Base_TC4_sample_0145_055deg.npz,145,55.0,train,Base_TC4,16218,OK,
/data/run01/scxk573/lsz/ysy/physicsnemo/data/dataset_springback_pair_Base_TC4_150/springback_pair_Base_TC4_sample_0145_060deg.npz,145,60.0,train,Base_TC4,16218,OK,
/data/run01/scxk573/lsz/ysy/physicsnemo/data/dataset_springback_pair_Base_TC4_150/springback_pair_Base_TC4_sample_0145_065deg.npz,145,65.0,train,Base_TC4,16218,OK,
/data/run01/scxk573/lsz/ysy/physicsnemo/data/dataset_springback_pair_Base_TC4_150/springback_pair_Base_TC4_sample_0145_070deg.npz,145,70.0,train,Base_TC4,16218,OK,
/data/run01/scxk573/lsz/ysy/physicsnemo/data/dataset_springback_pair_Base_TC4_150/springback_pair_Base_TC4_sample_0145_075deg.npz,145,75.0,train,Base_TC4,16218,OK,
/data/run01/scxk573/lsz/ysy/physicsnemo/data/dataset_springback_pair_Base_TC4_150/springback_pair_Base_TC4_sample_0145_080deg.npz,145,80.0,train,Base_TC4,16218,OK,
/data/run01/scxk573/lsz/ysy/physicsnemo/data/dataset_springback_pair_Base_TC4_150/springback_pair_Base_TC4_sample_0145_085deg.npz,145,85.0,train,Base_TC4,16218,OK,
/data/run01/scxk573/lsz/ysy/physicsnemo/data/dataset_springback_pair_Base_TC4_150/springback_pair_Base_TC4_sample_0145_090deg.npz,145,90.0,train,Base_TC4,16218,OK,
/data/run01/scxk573/lsz/ysy/physicsnemo/data/dataset_springback_pair_Base_TC4_150/springback_pair_Base_TC4_sample_0145_095deg.npz,145,95.0,train,Base_TC4,16218,OK,
/data/run01/scxk573/lsz/ysy/physicsnemo/data/dataset_springback_pair_Base_TC4_150/springback_pair_Base_TC4_sample_0145_100deg.npz,145,100.0,train,Base_TC4,16218,OK,
/data/run01/scxk573/lsz/ysy/physicsnemo/data/dataset_springback_pair_Base_TC4_150/springback_pair_Base_TC4_sample_0145_105deg.npz,145,105.0,train,Base_TC4,16218,OK,
/data/run01/scxk573/lsz/ysy/physicsnemo/data/dataset_springback_pair_Base_TC4_150/springback_pair_Base_TC4_sample_0145_110deg.npz,145,110.0,train,Base_TC4,16218,OK,
/data/run01/scxk573/lsz/ysy/physicsnemo/data/dataset_springback_pair_Base_TC4_150/springback_pair_Base_TC4_sample_0145_115deg.npz,145,115.0,train,Base_TC4,16218,OK,
/data/run01/scxk573/lsz/ysy/physicsnemo/data/dataset_springback_pair_Base_TC4_150/springback_pair_Base_TC4_sample_0145_120deg.npz,145,120.0,train,Base_TC4,16218,OK,
/data/run01/scxk573/lsz/ysy/physicsnemo/data/dataset_springback_pair_Base_TC4_150/springback_pair_Base_TC4_sample_0145_125deg.npz,145,125.0,train,Base_TC4,16218,OK,
/data/run01/scxk573/lsz/ysy/physicsnemo/data/dataset_springback_pair_Base_TC4_150/springback_pair_Base_TC4_sample_0145_130deg.npz,145,130.0,train,Base_TC4,16218,OK,
/data/run01/scxk573/lsz/ysy/physicsnemo/data/dataset_springback_pair_Base_TC4_150/springback_pair_Base_TC4_sample_0145_135deg.npz,145,135.0,train,Base_TC4,16218,OK,
/data/run01/scxk573/lsz/ysy/physicsnemo/data/dataset_springback_pair_Base_TC4_150/springback_pair_Base_TC4_sample_0145_140deg.npz,145,140.0,train,Base_TC4,16218,OK,
/data/run01/scxk573/lsz/ysy/physicsnemo/data/dataset_springback_pair_Base_TC4_150/springback_pair_Base_TC4_sample_0145_145deg.npz,145,145.0,train,Base_TC4,16218,OK,
/data/run01/scxk573/lsz/ysy/physicsnemo/data/dataset_springback_pair_Base_TC4_150/springback_pair_Base_TC4_sample_0145_150deg.npz,145,150.0,train,Base_TC4,16218,OK,
/data/run01/scxk573/lsz/ysy/physicsnemo/data/dataset_springback_pair_Base_TC4_150/springback_pair_Base_TC4_sample_0145_155deg.npz,145,155.0,train,Base_TC4,16218,OK,
/data/run01/scxk573/lsz/ysy/physicsnemo/data/dataset_springback_pair_Base_TC4_150/springback_pair_Base_TC4_sample_0145_160deg.npz,145,160.0,train,Base_TC4,16218,OK,
/data/run01/scxk573/lsz/ysy/physicsnemo/data/dataset_springback_pair_Base_TC4_150/springback_pair_Base_TC4_sample_0145_165deg.npz,145,165.0,train,Base_TC4,16218,OK,
/data/run01/scxk573/lsz/ysy/physicsnemo/data/dataset_springback_pair_Base_TC4_150/springback_pair_Base_TC4_sample_0145_170deg.npz,145,170.0,train,Base_TC4,16218,OK,
/data/run01/scxk573/lsz/ysy/physicsnemo/data/dataset_springback_pair_Base_TC4_150/springback_pair_Base_TC4_sample_0145_175deg.npz,145,175.0,train,Base_TC4,16218,OK,
/data/run01/scxk573/lsz/ysy/physicsnemo/data/dataset_springback_pair_Base_TC4_150/springback_pair_Base_TC4_sample_0145_180deg.npz,145,180.0,train,Base_TC4,16218,OK,
/data/run01/scxk573/lsz/ysy/physicsnemo/data/dataset_springback_pair_Base_TC4_150/springback_pair_Base_TC4_sample_0146_005deg.npz,146,5.0,train,Base_TC4,16371,OK,
/data/run01/scxk573/lsz/ysy/physicsnemo/data/dataset_springback_pair_Base_TC4_150/springback_pair_Base_TC4_sample_0146_010deg.npz,146,10.0,train,Base_TC4,16371,OK,
/data/run01/scxk573/lsz/ysy/physicsnemo/data/dataset_springback_pair_Base_TC4_150/springback_pair_Base_TC4_sample_0146_015deg.npz,146,15.0,train,Base_TC4,16371,OK,
/data/run01/scxk573/lsz/ysy/physicsnemo/data/dataset_springback_pair_Base_TC4_150/springback_pair_Base_TC4_sample_0146_020deg.npz,146,20.0,train,Base_TC4,16371,OK,
/data/run01/scxk573/lsz/ysy/physicsnemo/data/dataset_springback_pair_Base_TC4_150/springback_pair_Base_TC4_sample_0146_025deg.npz,146,25.0,train,Base_TC4,16371,OK,
/data/run01/scxk573/lsz/ysy/physicsnemo/data/dataset_springback_pair_Base_TC4_150/springback_pair_Base_TC4_sample_0146_030deg.npz,146,30.0,train,Base_TC4,16371,OK,
/data/run01/scxk573/lsz/ysy/physicsnemo/data/dataset_springback_pair_Base_TC4_150/springback_pair_Base_TC4_sample_0146_035deg.npz,146,35.0,train,Base_TC4,16371,OK,
/data/run01/scxk573/lsz/ysy/physicsnemo/data/dataset_springback_pair_Base_TC4_150/springback_pair_Base_TC4_sample_0146_040deg.npz,146,40.0,train,Base_TC4,16371,OK,
/data/run01/scxk573/lsz/ysy/physicsnemo/data/dataset_springback_pair_Base_TC4_150/springback_pair_Base_TC4_sample_0146_045deg.npz,146,45.0,train,Base_TC4,16371,OK,
/data/run01/scxk573/lsz/ysy/physicsnemo/data/dataset_springback_pair_Base_TC4_150/springback_pair_Base_TC4_sample_0146_050deg.npz,146,50.0,train,Base_TC4,16371,OK,
/data/run01/scxk573/lsz/ysy/physicsnemo/data/dataset_springback_pair_Base_TC4_150/springback_pair_Base_TC4_sample_0146_055deg.npz,146,55.0,train,Base_TC4,16371,OK,
/data/run01/scxk573/lsz/ysy/physicsnemo/data/dataset_springback_pair_Base_TC4_150/springback_pair_Base_TC4_sample_0146_060deg.npz,146,60.0,train,Base_TC4,16371,OK,
/data/run01/scxk573/lsz/ysy/physicsnemo/data/dataset_springback_pair_Base_TC4_150/springback_pair_Base_TC4_sample_0146_065deg.npz,146,65.0,train,Base_TC4,16371,OK,
/data/run01/scxk573/lsz/ysy/physicsnemo/data/dataset_springback_pair_Base_TC4_150/springback_pair_Base_TC4_sample_0146_070deg.npz,146,70.0,train,Base_TC4,16371,OK,
/data/run01/scxk573/lsz/ysy/physicsnemo/data/dataset_springback_pair_Base_TC4_150/springback_pair_Base_TC4_sample_0146_075deg.npz,146,75.0,train,Base_TC4,16371,OK,
/data/run01/scxk573/lsz/ysy/physicsnemo/data/dataset_springback_pair_Base_TC4_150/springback_pair_Base_TC4_sample_0146_080deg.npz,146,80.0,train,Base_TC4,16371,OK,
/data/run01/scxk573/lsz/ysy/physicsnemo/data/dataset_springback_pair_Base_TC4_150/springback_pair_Base_TC4_sample_0146_085deg.npz,146,85.0,train,Base_TC4,16371,OK,
/data/run01/scxk573/lsz/ysy/physicsnemo/data/dataset_springback_pair_Base_TC4_150/springback_pair_Base_TC4_sample_0146_090deg.npz,146,90.0,train,Base_TC4,16371,OK,
/data/run01/scxk573/lsz/ysy/physicsnemo/data/dataset_springback_pair_Base_TC4_150/springback_pair_Base_TC4_sample_0146_095deg.npz,146,95.0,train,Base_TC4,16371,OK,
/data/run01/scxk573/lsz/ysy/physicsnemo/data/dataset_springback_pair_Base_TC4_150/springback_pair_Base_TC4_sample_0146_100deg.npz,146,100.0,train,Base_TC4,16371,OK,
/data/run01/scxk573/lsz/ysy/physicsnemo/data/dataset_springback_pair_Base_TC4_150/springback_pair_Base_TC4_sample_0146_105deg.npz,146,105.0,train,Base_TC4,16371,OK,
/data/run01/scxk573/lsz/ysy/physicsnemo/data/dataset_springback_pair_Base_TC4_150/springback_pair_Base_TC4_sample_0146_110deg.npz,146,110.0,train,Base_TC4,16371,OK,
/data/run01/scxk573/lsz/ysy/physicsnemo/data/dataset_springback_pair_Base_TC4_150/springback_pair_Base_TC4_sample_0146_115deg.npz,146,115.0,train,Base_TC4,16371,OK,
/data/run01/scxk573/lsz/ysy/physicsnemo/data/dataset_springback_pair_Base_TC4_150/springback_pair_Base_TC4_sample_0146_120deg.npz,146,120.0,train,Base_TC4,16371,OK,
/data/run01/scxk573/lsz/ysy/physicsnemo/data/dataset_springback_pair_Base_TC4_150/springback_pair_Base_TC4_sample_0146_125deg.npz,146,125.0,train,Base_TC4,16371,OK,
/data/run01/scxk573/lsz/ysy/physicsnemo/data/dataset_springback_pair_Base_TC4_150/springback_pair_Base_TC4_sample_0146_130deg.npz,146,130.0,train,Base_TC4,16371,OK,
/data/run01/scxk573/lsz/ysy/physicsnemo/data/dataset_springback_pair_Base_TC4_150/springback_pair_Base_TC4_sample_0146_135deg.npz,146,135.0,train,Base_TC4,16371,OK,
/data/run01/scxk573/lsz/ysy/physicsnemo/data/dataset_springback_pair_Base_TC4_150/springback_pair_Base_TC4_sample_0146_140deg.npz,146,140.0,train,Base_TC4,16371,OK,
/data/run01/scxk573/lsz/ysy/physicsnemo/data/dataset_springback_pair_Base_TC4_150/springback_pair_Base_TC4_sample_0146_145deg.npz,146,145.0,train,Base_TC4,16371,OK,
/data/run01/scxk573/lsz/ysy/physicsnemo/data/dataset_springback_pair_Base_TC4_150/springback_pair_Base_TC4_sample_0146_150deg.npz,146,150.0,train,Base_TC4,16371,OK,
/data/run01/scxk573/lsz/ysy/physicsnemo/data/dataset_springback_pair_Base_TC4_150/springback_pair_Base_TC4_sample_0146_155deg.npz,146,155.0,train,Base_TC4,16371,OK,
/data/run01/scxk573/lsz/ysy/physicsnemo/data/dataset_springback_pair_Base_TC4_150/springback_pair_Base_TC4_sample_0146_160deg.npz,146,160.0,train,Base_TC4,16371,OK,
/data/run01/scxk573/lsz/ysy/physicsnemo/data/dataset_springback_pair_Base_TC4_150/springback_pair_Base_TC4_sample_0146_165deg.npz,146,165.0,train,Base_TC4,16371,OK,
/data/run01/scxk573/lsz/ysy/physicsnemo/data/dataset_springback_pair_Base_TC4_150/springback_pair_Base_TC4_sample_0146_170deg.npz,146,170.0,train,Base_TC4,16371,OK,
/data/run01/scxk573/lsz/ysy/physicsnemo/data/dataset_springback_pair_Base_TC4_150/springback_pair_Base_TC4_sample_0146_175deg.npz,146,175.0,train,Base_TC4,16371,OK,
/data/run01/scxk573/lsz/ysy/physicsnemo/data/dataset_springback_pair_Base_TC4_150/springback_pair_Base_TC4_sample_0146_180deg.npz,146,180.0,train,Base_TC4,16371,OK,
/data/run01/scxk573/lsz/ysy/physicsnemo/data/dataset_springback_pair_Base_TC4_150/springback_pair_Base_TC4_sample_0147_005deg.npz,147,5.0,train,Base_TC4,9250,OK,
/data/run01/scxk573/lsz/ysy/physicsnemo/data/dataset_springback_pair_Base_TC4_150/springback_pair_Base_TC4_sample_0147_010deg.npz,147,10.0,train,Base_TC4,9250,OK,
/data/run01/scxk573/lsz/ysy/physicsnemo/data/dataset_springback_pair_Base_TC4_150/springback_pair_Base_TC4_sample_0147_015deg.npz,147,15.0,train,Base_TC4,9250,OK,
/data/run01/scxk573/lsz/ysy/physicsnemo/data/dataset_springback_pair_Base_TC4_150/springback_pair_Base_TC4_sample_0147_020deg.npz,147,20.0,train,Base_TC4,9250,OK,
/data/run01/scxk573/lsz/ysy/physicsnemo/data/dataset_springback_pair_Base_TC4_150/springback_pair_Base_TC4_sample_0147_025deg.npz,147,25.0,train,Base_TC4,9250,OK,
/data/run01/scxk573/lsz/ysy/physicsnemo/data/dataset_springback_pair_Base_TC4_150/springback_pair_Base_TC4_sample_0147_030deg.npz,147,30.0,train,Base_TC4,9250,OK,
/data/run01/scxk573/lsz/ysy/physicsnemo/data/dataset_springback_pair_Base_TC4_150/springback_pair_Base_TC4_sample_0147_035deg.npz,147,35.0,train,Base_TC4,9250,OK,
/data/run01/scxk573/lsz/ysy/physicsnemo/data/dataset_springback_pair_Base_TC4_150/springback_pair_Base_TC4_sample_0147_040deg.npz,147,40.0,train,Base_TC4,9250,OK,
/data/run01/scxk573/lsz/ysy/physicsnemo/data/dataset_springback_pair_Base_TC4_150/springback_pair_Base_TC4_sample_0147_045deg.npz,147,45.0,train,Base_TC4,9250,OK,
/data/run01/scxk573/lsz/ysy/physicsnemo/data/dataset_springback_pair_Base_TC4_150/springback_pair_Base_TC4_sample_0147_050deg.npz,147,50.0,train,Base_TC4,9250,OK,
/data/run01/scxk573/lsz/ysy/physicsnemo/data/dataset_springback_pair_Base_TC4_150/springback_pair_Base_TC4_sample_0147_055deg.npz,147,55.0,train,Base_TC4,9250,OK,
/data/run01/scxk573/lsz/ysy/physicsnemo/data/dataset_springback_pair_Base_TC4_150/springback_pair_Base_TC4_sample_0147_060deg.npz,147,60.0,train,Base_TC4,9250,OK,
/data/run01/scxk573/lsz/ysy/physicsnemo/data/dataset_springback_pair_Base_TC4_150/springback_pair_Base_TC4_sample_0147_065deg.npz,147,65.0,train,Base_TC4,9250,OK,
/data/run01/scxk573/lsz/ysy/physicsnemo/data/dataset_springback_pair_Base_TC4_150/springback_pair_Base_TC4_sample_0147_070deg.npz,147,70.0,train,Base_TC4,9250,OK,
/data/run01/scxk573/lsz/ysy/physicsnemo/data/dataset_springback_pair_Base_TC4_150/springback_pair_Base_TC4_sample_0147_075deg.npz,147,75.0,train,Base_TC4,9250,OK,
/data/run01/scxk573/lsz/ysy/physicsnemo/data/dataset_springback_pair_Base_TC4_150/springback_pair_Base_TC4_sample_0147_080deg.npz,147,80.0,train,Base_TC4,9250,OK,
/data/run01/scxk573/lsz/ysy/physicsnemo/data/dataset_springback_pair_Base_TC4_150/springback_pair_Base_TC4_sample_0147_085deg.npz,147,85.0,train,Base_TC4,9250,OK,
/data/run01/scxk573/lsz/ysy/physicsnemo/data/dataset_springback_pair_Base_TC4_150/springback_pair_Base_TC4_sample_0147_090deg.npz,147,90.0,train,Base_TC4,9250,OK,
/data/run01/scxk573/lsz/ysy/physicsnemo/data/dataset_springback_pair_Base_TC4_150/springback_pair_Base_TC4_sample_0147_095deg.npz,147,95.0,train,Base_TC4,9250,OK,
/data/run01/scxk573/lsz/ysy/physicsnemo/data/dataset_springback_pair_Base_TC4_150/springback_pair_Base_TC4_sample_0147_100deg.npz,147,100.0,train,Base_TC4,9250,OK,
/data/run01/scxk573/lsz/ysy/physicsnemo/data/dataset_springback_pair_Base_TC4_150/springback_pair_Base_TC4_sample_0147_105deg.npz,147,105.0,train,Base_TC4,9250,OK,
/data/run01/scxk573/lsz/ysy/physicsnemo/data/dataset_springback_pair_Base_TC4_150/springback_pair_Base_TC4_sample_0147_110deg.npz,147,110.0,train,Base_TC4,9250,OK,
/data/run01/scxk573/lsz/ysy/physicsnemo/data/dataset_springback_pair_Base_TC4_150/springback_pair_Base_TC4_sample_0147_115deg.npz,147,115.0,train,Base_TC4,9250,OK,
/data/run01/scxk573/lsz/ysy/physicsnemo/data/dataset_springback_pair_Base_TC4_150/springback_pair_Base_TC4_sample_0147_120deg.npz,147,120.0,train,Base_TC4,9250,OK,
/data/run01/scxk573/lsz/ysy/physicsnemo/data/dataset_springback_pair_Base_TC4_150/springback_pair_Base_TC4_sample_0147_125deg.npz,147,125.0,train,Base_TC4,9250,OK,
/data/run01/scxk573/lsz/ysy/physicsnemo/data/dataset_springback_pair_Base_TC4_150/springback_pair_Base_TC4_sample_0147_130deg.npz,147,130.0,train,Base_TC4,9250,OK,
/data/run01/scxk573/lsz/ysy/physicsnemo/data/dataset_springback_pair_Base_TC4_150/springback_pair_Base_TC4_sample_0147_135deg.npz,147,135.0,train,Base_TC4,9250,OK,
/data/run01/scxk573/lsz/ysy/physicsnemo/data/dataset_springback_pair_Base_TC4_150/springback_pair_Base_TC4_sample_0147_140deg.npz,147,140.0,train,Base_TC4,9250,OK,
/data/run01/scxk573/lsz/ysy/physicsnemo/data/dataset_springback_pair_Base_TC4_150/springback_pair_Base_TC4_sample_0147_145deg.npz,147,145.0,train,Base_TC4,9250,OK,
/data/run01/scxk573/lsz/ysy/physicsnemo/data/dataset_springback_pair_Base_TC4_150/springback_pair_Base_TC4_sample_0147_150deg.npz,147,150.0,train,Base_TC4,9250,OK,
/data/run01/scxk573/lsz/ysy/physicsnemo/data/dataset_springback_pair_Base_TC4_150/springback_pair_Base_TC4_sample_0147_155deg.npz,147,155.0,train,Base_TC4,9250,OK,
/data/run01/scxk573/lsz/ysy/physicsnemo/data/dataset_springback_pair_Base_TC4_150/springback_pair_Base_TC4_sample_0147_160deg.npz,147,160.0,train,Base_TC4,9250,OK,
/data/run01/scxk573/lsz/ysy/physicsnemo/data/dataset_springback_pair_Base_TC4_150/springback_pair_Base_TC4_sample_0147_165deg.npz,147,165.0,train,Base_TC4,9250,OK,
/data/run01/scxk573/lsz/ysy/physicsnemo/data/dataset_springback_pair_Base_TC4_150/springback_pair_Base_TC4_sample_0147_170deg.npz,147,170.0,train,Base_TC4,9250,OK,
/data/run01/scxk573/lsz/ysy/physicsnemo/data/dataset_springback_pair_Base_TC4_150/springback_pair_Base_TC4_sample_0147_175deg.npz,147,175.0,train,Base_TC4,9250,OK,
/data/run01/scxk573/lsz/ysy/physicsnemo/data/dataset_springback_pair_Base_TC4_150/springback_pair_Base_TC4_sample_0147_180deg.npz,147,180.0,train,Base_TC4,9250,OK,
/data/run01/scxk573/lsz/ysy/physicsnemo/data/dataset_springback_pair_Base_TC4_150/springback_pair_Base_TC4_sample_0148_005deg.npz,148,5.0,train,Base_TC4,2033,OK,
/data/run01/scxk573/lsz/ysy/physicsnemo/data/dataset_springback_pair_Base_TC4_150/springback_pair_Base_TC4_sample_0148_010deg.npz,148,10.0,train,Base_TC4,2033,OK,
/data/run01/scxk573/lsz/ysy/physicsnemo/data/dataset_springback_pair_Base_TC4_150/springback_pair_Base_TC4_sample_0148_015deg.npz,148,15.0,train,Base_TC4,2033,OK,
/data/run01/scxk573/lsz/ysy/physicsnemo/data/dataset_springback_pair_Base_TC4_150/springback_pair_Base_TC4_sample_0148_020deg.npz,148,20.0,train,Base_TC4,2033,OK,
/data/run01/scxk573/lsz/ysy/physicsnemo/data/dataset_springback_pair_Base_TC4_150/springback_pair_Base_TC4_sample_0148_025deg.npz,148,25.0,train,Base_TC4,2033,OK,
/data/run01/scxk573/lsz/ysy/physicsnemo/data/dataset_springback_pair_Base_TC4_150/springback_pair_Base_TC4_sample_0148_030deg.npz,148,30.0,train,Base_TC4,2033,OK,
/data/run01/scxk573/lsz/ysy/physicsnemo/data/dataset_springback_pair_Base_TC4_150/springback_pair_Base_TC4_sample_0148_035deg.npz,148,35.0,train,Base_TC4,2033,OK,
/data/run01/scxk573/lsz/ysy/physicsnemo/data/dataset_springback_pair_Base_TC4_150/springback_pair_Base_TC4_sample_0148_040deg.npz,148,40.0,train,Base_TC4,2033,OK,
/data/run01/scxk573/lsz/ysy/physicsnemo/data/dataset_springback_pair_Base_TC4_150/springback_pair_Base_TC4_sample_0148_045deg.npz,148,45.0,train,Base_TC4,2033,OK,
/data/run01/scxk573/lsz/ysy/physicsnemo/data/dataset_springback_pair_Base_TC4_150/springback_pair_Base_TC4_sample_0148_050deg.npz,148,50.0,train,Base_TC4,2033,OK,
/data/run01/scxk573/lsz/ysy/physicsnemo/data/dataset_springback_pair_Base_TC4_150/springback_pair_Base_TC4_sample_0148_055deg.npz,148,55.0,train,Base_TC4,2033,OK,
/data/run01/scxk573/lsz/ysy/physicsnemo/data/dataset_springback_pair_Base_TC4_150/springback_pair_Base_TC4_sample_0148_060deg.npz,148,60.0,train,Base_TC4,2033,OK,
/data/run01/scxk573/lsz/ysy/physicsnemo/data/dataset_springback_pair_Base_TC4_150/springback_pair_Base_TC4_sample_0148_065deg.npz,148,65.0,train,Base_TC4,2033,OK,
/data/run01/scxk573/lsz/ysy/physicsnemo/data/dataset_springback_pair_Base_TC4_150/springback_pair_Base_TC4_sample_0148_070deg.npz,148,70.0,train,Base_TC4,2033,OK,
/data/run01/scxk573/lsz/ysy/physicsnemo/data/dataset_springback_pair_Base_TC4_150/springback_pair_Base_TC4_sample_0148_075deg.npz,148,75.0,train,Base_TC4,2033,OK,
/data/run01/scxk573/lsz/ysy/physicsnemo/data/dataset_springback_pair_Base_TC4_150/springback_pair_Base_TC4_sample_0148_080deg.npz,148,80.0,train,Base_TC4,2033,OK,
/data/run01/scxk573/lsz/ysy/physicsnemo/data/dataset_springback_pair_Base_TC4_150/springback_pair_Base_TC4_sample_0148_085deg.npz,148,85.0,train,Base_TC4,2033,OK,
/data/run01/scxk573/lsz/ysy/physicsnemo/data/dataset_springback_pair_Base_TC4_150/springback_pair_Base_TC4_sample_0148_090deg.npz,148,90.0,train,Base_TC4,2033,OK,
/data/run01/scxk573/lsz/ysy/physicsnemo/data/dataset_springback_pair_Base_TC4_150/springback_pair_Base_TC4_sample_0148_095deg.npz,148,95.0,train,Base_TC4,2033,OK,
/data/run01/scxk573/lsz/ysy/physicsnemo/data/dataset_springback_pair_Base_TC4_150/springback_pair_Base_TC4_sample_0148_100deg.npz,148,100.0,train,Base_TC4,2033,OK,
/data/run01/scxk573/lsz/ysy/physicsnemo/data/dataset_springback_pair_Base_TC4_150/springback_pair_Base_TC4_sample_0148_105deg.npz,148,105.0,train,Base_TC4,2033,OK,
/data/run01/scxk573/lsz/ysy/physicsnemo/data/dataset_springback_pair_Base_TC4_150/springback_pair_Base_TC4_sample_0148_110deg.npz,148,110.0,train,Base_TC4,2033,OK,
/data/run01/scxk573/lsz/ysy/physicsnemo/data/dataset_springback_pair_Base_TC4_150/springback_pair_Base_TC4_sample_0148_115deg.npz,148,115.0,train,Base_TC4,2033,OK,
/data/run01/scxk573/lsz/ysy/physicsnemo/data/dataset_springback_pair_Base_TC4_150/springback_pair_Base_TC4_sample_0148_120deg.npz,148,120.0,train,Base_TC4,2033,OK,
/data/run01/scxk573/lsz/ysy/physicsnemo/data/dataset_springback_pair_Base_TC4_150/springback_pair_Base_TC4_sample_0148_125deg.npz,148,125.0,train,Base_TC4,2033,OK,
/data/run01/scxk573/lsz/ysy/physicsnemo/data/dataset_springback_pair_Base_TC4_150/springback_pair_Base_TC4_sample_0148_130deg.npz,148,130.0,train,Base_TC4,2033,OK,
/data/run01/scxk573/lsz/ysy/physicsnemo/data/dataset_springback_pair_Base_TC4_150/springback_pair_Base_TC4_sample_0148_135deg.npz,148,135.0,train,Base_TC4,2033,OK,
/data/run01/scxk573/lsz/ysy/physicsnemo/data/dataset_springback_pair_Base_TC4_150/springback_pair_Base_TC4_sample_0148_140deg.npz,148,140.0,train,Base_TC4,2033,OK,
/data/run01/scxk573/lsz/ysy/physicsnemo/data/dataset_springback_pair_Base_TC4_150/springback_pair_Base_TC4_sample_0148_145deg.npz,148,145.0,train,Base_TC4,2033,OK,
/data/run01/scxk573/lsz/ysy/physicsnemo/data/dataset_springback_pair_Base_TC4_150/springback_pair_Base_TC4_sample_0148_150deg.npz,148,150.0,train,Base_TC4,2033,OK,
/data/run01/scxk573/lsz/ysy/physicsnemo/data/dataset_springback_pair_Base_TC4_150/springback_pair_Base_TC4_sample_0148_155deg.npz,148,155.0,train,Base_TC4,2033,OK,
/data/run01/scxk573/lsz/ysy/physicsnemo/data/dataset_springback_pair_Base_TC4_150/springback_pair_Base_TC4_sample_0148_160deg.npz,148,160.0,train,Base_TC4,2033,OK,
/data/run01/scxk573/lsz/ysy/physicsnemo/data/dataset_springback_pair_Base_TC4_150/springback_pair_Base_TC4_sample_0148_165deg.npz,148,165.0,train,Base_TC4,2033,OK,
/data/run01/scxk573/lsz/ysy/physicsnemo/data/dataset_springback_pair_Base_TC4_150/springback_pair_Base_TC4_sample_0148_170deg.npz,148,170.0,train,Base_TC4,2033,OK,
/data/run01/scxk573/lsz/ysy/physicsnemo/data/dataset_springback_pair_Base_TC4_150/springback_pair_Base_TC4_sample_0148_175deg.npz,148,175.0,train,Base_TC4,2033,OK,
/data/run01/scxk573/lsz/ysy/physicsnemo/data/dataset_springback_pair_Base_TC4_150/springback_pair_Base_TC4_sample_0148_180deg.npz,148,180.0,train,Base_TC4,2033,OK,
/data/run01/scxk573/lsz/ysy/physicsnemo/data/dataset_springback_pair_Base_TC4_150/springback_pair_Base_TC4_sample_0149_005deg.npz,149,5.0,val,Base_TC4,17340,OK,
/data/run01/scxk573/lsz/ysy/physicsnemo/data/dataset_springback_pair_Base_TC4_150/springback_pair_Base_TC4_sample_0149_010deg.npz,149,10.0,val,Base_TC4,17340,OK,
/data/run01/scxk573/lsz/ysy/physicsnemo/data/dataset_springback_pair_Base_TC4_150/springback_pair_Base_TC4_sample_0149_015deg.npz,149,15.0,val,Base_TC4,17340,OK,
/data/run01/scxk573/lsz/ysy/physicsnemo/data/dataset_springback_pair_Base_TC4_150/springback_pair_Base_TC4_sample_0149_020deg.npz,149,20.0,val,Base_TC4,17340,OK,
/data/run01/scxk573/lsz/ysy/physicsnemo/data/dataset_springback_pair_Base_TC4_150/springback_pair_Base_TC4_sample_0149_025deg.npz,149,25.0,val,Base_TC4,17340,OK,
/data/run01/scxk573/lsz/ysy/physicsnemo/data/dataset_springback_pair_Base_TC4_150/springback_pair_Base_TC4_sample_0149_030deg.npz,149,30.0,val,Base_TC4,17340,OK,
/data/run01/scxk573/lsz/ysy/physicsnemo/data/dataset_springback_pair_Base_TC4_150/springback_pair_Base_TC4_sample_0149_035deg.npz,149,35.0,val,Base_TC4,17340,OK,
/data/run01/scxk573/lsz/ysy/physicsnemo/data/dataset_springback_pair_Base_TC4_150/springback_pair_Base_TC4_sample_0149_040deg.npz,149,40.0,val,Base_TC4,17340,OK,
/data/run01/scxk573/lsz/ysy/physicsnemo/data/dataset_springback_pair_Base_TC4_150/springback_pair_Base_TC4_sample_0149_045deg.npz,149,45.0,val,Base_TC4,17340,OK,
/data/run01/scxk573/lsz/ysy/physicsnemo/data/dataset_springback_pair_Base_TC4_150/springback_pair_Base_TC4_sample_0149_050deg.npz,149,50.0,val,Base_TC4,17340,OK,
/data/run01/scxk573/lsz/ysy/physicsnemo/data/dataset_springback_pair_Base_TC4_150/springback_pair_Base_TC4_sample_0149_055deg.npz,149,55.0,val,Base_TC4,17340,OK,
/data/run01/scxk573/lsz/ysy/physicsnemo/data/dataset_springback_pair_Base_TC4_150/springback_pair_Base_TC4_sample_0149_060deg.npz,149,60.0,val,Base_TC4,17340,OK,
/data/run01/scxk573/lsz/ysy/physicsnemo/data/dataset_springback_pair_Base_TC4_150/springback_pair_Base_TC4_sample_0149_065deg.npz,149,65.0,val,Base_TC4,17340,OK,
/data/run01/scxk573/lsz/ysy/physicsnemo/data/dataset_springback_pair_Base_TC4_150/springback_pair_Base_TC4_sample_0149_070deg.npz,149,70.0,val,Base_TC4,17340,OK,
/data/run01/scxk573/lsz/ysy/physicsnemo/data/dataset_springback_pair_Base_TC4_150/springback_pair_Base_TC4_sample_0149_075deg.npz,149,75.0,val,Base_TC4,17340,OK,
/data/run01/scxk573/lsz/ysy/physicsnemo/data/dataset_springback_pair_Base_TC4_150/springback_pair_Base_TC4_sample_0149_080deg.npz,149,80.0,val,Base_TC4,17340,OK,
/data/run01/scxk573/lsz/ysy/physicsnemo/data/dataset_springback_pair_Base_TC4_150/springback_pair_Base_TC4_sample_0149_085deg.npz,149,85.0,val,Base_TC4,17340,OK,
/data/run01/scxk573/lsz/ysy/physicsnemo/data/dataset_springback_pair_Base_TC4_150/springback_pair_Base_TC4_sample_0149_090deg.npz,149,90.0,val,Base_TC4,17340,OK,
/data/run01/scxk573/lsz/ysy/physicsnemo/data/dataset_springback_pair_Base_TC4_150/springback_pair_Base_TC4_sample_0149_095deg.npz,149,95.0,val,Base_TC4,17340,OK,
/data/run01/scxk573/lsz/ysy/physicsnemo/data/dataset_springback_pair_Base_TC4_150/springback_pair_Base_TC4_sample_0149_100deg.npz,149,100.0,val,Base_TC4,17340,OK,
/data/run01/scxk573/lsz/ysy/physicsnemo/data/dataset_springback_pair_Base_TC4_150/springback_pair_Base_TC4_sample_0149_105deg.npz,149,105.0,val,Base_TC4,17340,OK,
/data/run01/scxk573/lsz/ysy/physicsnemo/data/dataset_springback_pair_Base_TC4_150/springback_pair_Base_TC4_sample_0149_110deg.npz,149,110.0,val,Base_TC4,17340,OK,
/data/run01/scxk573/lsz/ysy/physicsnemo/data/dataset_springback_pair_Base_TC4_150/springback_pair_Base_TC4_sample_0149_115deg.npz,149,115.0,val,Base_TC4,17340,OK,
/data/run01/scxk573/lsz/ysy/physicsnemo/data/dataset_springback_pair_Base_TC4_150/springback_pair_Base_TC4_sample_0149_120deg.npz,149,120.0,val,Base_TC4,17340,OK,
/data/run01/scxk573/lsz/ysy/physicsnemo/data/dataset_springback_pair_Base_TC4_150/springback_pair_Base_TC4_sample_0149_125deg.npz,149,125.0,val,Base_TC4,17340,OK,
/data/run01/scxk573/lsz/ysy/physicsnemo/data/dataset_springback_pair_Base_TC4_150/springback_pair_Base_TC4_sample_0149_130deg.npz,149,130.0,val,Base_TC4,17340,OK,
/data/run01/scxk573/lsz/ysy/physicsnemo/data/dataset_springback_pair_Base_TC4_150/springback_pair_Base_TC4_sample_0149_135deg.npz,149,135.0,val,Base_TC4,17340,OK,
/data/run01/scxk573/lsz/ysy/physicsnemo/data/dataset_springback_pair_Base_TC4_150/springback_pair_Base_TC4_sample_0149_140deg.npz,149,140.0,val,Base_TC4,17340,OK,
/data/run01/scxk573/lsz/ysy/physicsnemo/data/dataset_springback_pair_Base_TC4_150/springback_pair_Base_TC4_sample_0149_145deg.npz,149,145.0,val,Base_TC4,17340,OK,
/data/run01/scxk573/lsz/ysy/physicsnemo/data/dataset_springback_pair_Base_TC4_150/springback_pair_Base_TC4_sample_0149_150deg.npz,149,150.0,val,Base_TC4,17340,OK,
/data/run01/scxk573/lsz/ysy/physicsnemo/data/dataset_springback_pair_Base_TC4_150/springback_pair_Base_TC4_sample_0149_155deg.npz,149,155.0,val,Base_TC4,17340,OK,
/data/run01/scxk573/lsz/ysy/physicsnemo/data/dataset_springback_pair_Base_TC4_150/springback_pair_Base_TC4_sample_0149_160deg.npz,149,160.0,val,Base_TC4,17340,OK,
/data/run01/scxk573/lsz/ysy/physicsnemo/data/dataset_springback_pair_Base_TC4_150/springback_pair_Base_TC4_sample_0149_165deg.npz,149,165.0,val,Base_TC4,17340,OK,
/data/run01/scxk573/lsz/ysy/physicsnemo/data/dataset_springback_pair_Base_TC4_150/springback_pair_Base_TC4_sample_0149_170deg.npz,149,170.0,val,Base_TC4,17340,OK,
/data/run01/scxk573/lsz/ysy/physicsnemo/data/dataset_springback_pair_Base_TC4_150/springback_pair_Base_TC4_sample_0149_175deg.npz,149,175.0,val,Base_TC4,17340,OK,
/data/run01/scxk573/lsz/ysy/physicsnemo/data/dataset_springback_pair_Base_TC4_150/springback_pair_Base_TC4_sample_0149_180deg.npz,149,180.0,val,Base_TC4,17340,OK,
